version 3
run StaticRouting_Bursty-0-20260513-14:29:37-13189
attr configname StaticRouting_Bursty
attr datetime 20260513-14:29:37
attr datetimef 20260513-142937
attr experiment StaticRouting_Bursty
attr inifile omnetpp.ini
attr iterationvars ""
attr iterationvarsd ""
attr iterationvarsf ""
attr measurement ""
attr network CampusNetwork
attr processid 13189
attr repetition 0
attr replication #0
attr resultdir results
attr runnumber 0
attr seedset 0
config image-path ../inet4.5/images
config description "Custom Static Routing — Bursty Traffic (CBR base, bursty override)"
config extends StaticRouting
config **.trafficProfile "\"Bursty\""
config **.burstSize 10
config **.burstInterval 0.001
config **.silenceTime 1.0
config description "Custom Static Routing (UZAIR-MAJEED)"
config **.isInet false
config *.coreRouter_S.ipAddress "\"10.0.0.1\""
config *.seRouter_S.ipAddress "\"10.0.1.2\""
config *.eeRouter_S.ipAddress "\"10.0.2.2\""
config *.bbaRouter_S.ipAddress "\"10.0.3.2\""
config *.adminRouter_S.ipAddress "\"10.0.4.2\""
config *.dnsServer_S.ipAddress "\"10.0.5.2\""
config *.appServer_S.ipAddress "\"10.0.6.2\""
config *.seHost1_S.ipAddress "\"192.168.1.2\""
config *.seHost2_S.ipAddress "\"192.168.1.3\""
config *.seHost3_S.ipAddress "\"192.168.1.4\""
config *.eeHost1_S.ipAddress "\"192.168.2.2\""
config *.eeHost2_S.ipAddress "\"192.168.2.3\""
config *.eeHost3_S.ipAddress "\"192.168.2.4\""
config *.bbaHost1_S.ipAddress "\"192.168.3.2\""
config *.bbaHost2_S.ipAddress "\"192.168.3.3\""
config *.bbaHost3_S.ipAddress "\"192.168.3.4\""
config *.adminHost1_S.ipAddress "\"192.168.4.2\""
config *.adminHost2_S.ipAddress "\"192.168.4.3\""
config *.adminHost3_S.ipAddress "\"192.168.4.4\""
config *.coreRouter_S.totalPorts 6
config *.coreRouter_S.routeTable "\"192.168.1.0/24:0;192.168.2.0/24:1;192.168.3.0/24:2;192.168.4.0/24:3;10.0.5.0/30:4;10.0.6.0/30:5\""
config *.seRouter_S.totalPorts 4
config *.seRouter_S.routeTable "\"0.0.0.0/0:0;192.168.1.2/32:1;192.168.1.3/32:2;192.168.1.4/32:3\""
config *.eeRouter_S.totalPorts 4
config *.eeRouter_S.routeTable "\"0.0.0.0/0:0;192.168.2.2/32:1;192.168.2.3/32:2;192.168.2.4/32:3\""
config *.bbaRouter_S.totalPorts 4
config *.bbaRouter_S.routeTable "\"0.0.0.0/0:0;192.168.3.2/32:1;192.168.3.3/32:2;192.168.3.4/32:3\""
config *.adminRouter_S.totalPorts 4
config *.adminRouter_S.routeTable "\"0.0.0.0/0:0;192.168.4.2/32:1;192.168.4.3/32:2;192.168.4.4/32:3\""
config *.seHost1_S.srcAddress "\"192.168.1.2\""
config *.seHost2_S.srcAddress "\"192.168.1.3\""
config *.seHost3_S.srcAddress "\"192.168.1.4\""
config *.eeHost1_S.srcAddress "\"192.168.2.2\""
config *.eeHost2_S.srcAddress "\"192.168.2.3\""
config *.eeHost3_S.srcAddress "\"192.168.2.4\""
config *.bbaHost1_S.srcAddress "\"192.168.3.2\""
config *.bbaHost2_S.srcAddress "\"192.168.3.3\""
config *.bbaHost3_S.srcAddress "\"192.168.3.4\""
config *.adminHost1_S.srcAddress "\"192.168.4.2\""
config *.adminHost2_S.srcAddress "\"192.168.4.3\""
config *.adminHost3_S.srcAddress "\"192.168.4.4\""
config *.dnsServer_S.isDnsServer true
config *.dnsServer_S.isAppServer false
config *.dnsServer_S.srcAddress "\"10.0.5.2\""
config *.dnsServer_S.startTime 99999.0
config *.appServer_S.isAppServer true
config *.appServer_S.isDnsServer false
config *.appServer_S.srcAddress "\"10.0.6.2\""
config *.appServer_S.startTime 99999.0
config **.dnsAddress "\"10.0.5.2\""
config **.destAddress "\"appserver.nuces\""
config **.trafficProfile "\"CBR\""
config **.packetSize 512
config **.sendInterval 0.1
config **.stopTime 175.0
config **.packetsForwarded.result-recording-modes count
config **.packetsDropped.result-recording-modes count
config **.perLinkUtilization.result-recording-modes vector
config **.endToEndDelay.result-recording-modes stats
config **.packetsSent.result-recording-modes count
config **.packetsReceived.result-recording-modes count
config **.dnsQuerySent.result-recording-modes count
config **.dnsReplyRcvd.result-recording-modes count
config network CampusNetwork
config sim-time-limit 180s
config record-eventlog true
config result-dir results
config output-scalar-file results/StaticRouting_Bursty-0.sca
config output-vector-file results/StaticRouting_Bursty-0.vec

vector 0 CampusNetwork.coreRouter_S perLinkUtilization:vector ETV
attr recordingmode vector
attr source perLinkUtilization
attr title "Link Utilization"
vector 1 CampusNetwork.seRouter_S perLinkUtilization:vector ETV
attr recordingmode vector
attr source perLinkUtilization
attr title "Link Utilization"
vector 2 CampusNetwork.eeRouter_S perLinkUtilization:vector ETV
attr recordingmode vector
attr source perLinkUtilization
attr title "Link Utilization"
vector 3 CampusNetwork.bbaRouter_S perLinkUtilization:vector ETV
attr recordingmode vector
attr source perLinkUtilization
attr title "Link Utilization"
vector 4 CampusNetwork.adminRouter_S perLinkUtilization:vector ETV
attr recordingmode vector
attr source perLinkUtilization
attr title "Link Utilization"
0	37	1.00305632	1
0	41	1.00306144	1
0	46	1.00306656	1
0	51	1.00307168	1
0	52	1.0030768	1
0	53	1.00308192	1
0	54	1.00308704	1
0	55	1.00309216	1
0	56	1.00309728	1
0	57	1.0031024	1
0	58	1.00310752	1
0	59	1.00311264	1
0	73	1.00506656	1
0	74	1.00507168	1
0	76	1.0050768	1
0	78	1.00508192	1
0	80	1.00508704	1
0	82	1.00509216	1
0	84	1.00509728	1
0	86	1.0051024	1
0	88	1.00510752	1
0	90	1.00511264	1
0	92	1.00511776	1
0	94	1.00512288	1
0	237	1.02157344	1
0	249	1.0216144	1
0	258	1.02165536	1
0	267	1.02169632	1
0	268	1.02173728	1
0	269	1.02177824	1
0	270	1.0218192	1
0	271	1.02186016	1
0	272	1.02190112	1
0	273	1.02194208	1
0	274	1.02198304	1
0	275	1.022024	1
0	297	1.02257344	1
0	309	1.0226144	1
0	319	1.02265536	1
0	330	1.02269632	1
0	332	1.02273728	1
0	334	1.02277824	1
0	336	1.0228192	1
0	338	1.02286016	1
0	340	1.02290112	1
0	342	1.02294208	1
0	344	1.02298304	1
0	346	1.023024	1
0	369	1.02357344	1
0	381	1.0236144	1
0	391	1.02365536	1
0	402	1.02369632	1
0	404	1.02373728	1
0	406	1.02377824	1
0	408	1.0238192	1
0	410	1.02386016	1
0	412	1.02390112	1
0	414	1.02394208	1
0	416	1.02398304	1
0	418	1.024024	1
0	441	1.02457344	1
0	453	1.0246144	1
0	463	1.02465536	1
0	474	1.02469632	1
0	476	1.02473728	1
0	478	1.02477824	1
0	480	1.0248192	1
0	482	1.02486016	1
0	484	1.02490112	1
0	486	1.02494208	1
0	488	1.02498304	1
0	490	1.025024	1
0	513	1.02557344	1
0	525	1.0256144	1
0	535	1.02565536	1
0	546	1.02569632	1
0	548	1.02573728	1
0	550	1.02577824	1
0	552	1.0258192	1
0	554	1.02586016	1
0	556	1.02590112	1
0	558	1.02594208	1
0	560	1.02598304	1
0	562	1.026024	1
0	585	1.02657344	1
0	597	1.0266144	1
0	607	1.02665536	1
0	618	1.02669632	1
0	620	1.02673728	1
0	622	1.02677824	1
0	624	1.0268192	1
0	626	1.02686016	1
0	628	1.02690112	1
0	630	1.02694208	1
0	632	1.02698304	1
0	634	1.027024	1
0	657	1.02757344	1
0	669	1.0276144	1
0	679	1.02765536	1
0	690	1.02769632	1
0	692	1.02773728	1
0	694	1.02777824	1
0	696	1.0278192	1
0	698	1.02786016	1
0	700	1.02790112	1
0	702	1.02794208	1
0	704	1.02798304	1
0	706	1.028024	1
0	717	1.02857344	1
0	729	1.0286144	1
0	739	1.02865536	1
0	750	1.02869632	1
0	752	1.02873728	1
0	754	1.02877824	1
0	756	1.0288192	1
0	758	1.02886016	1
0	760	1.02890112	1
0	762	1.02894208	1
0	764	1.02898304	1
0	766	1.029024	1
0	769	1.02957344	1
0	773	1.0296144	1
0	779	1.02965536	1
0	786	1.02969632	1
0	788	1.02973728	1
0	790	1.02977824	1
0	792	1.0298192	1
0	794	1.02986016	1
0	796	1.02990112	1
0	798	1.02994208	1
0	800	1.02998304	1
0	802	1.030024	1
0	805	1.03057344	1
0	809	1.0306144	1
0	815	1.03065536	1
0	822	1.03069632	1
0	824	1.03073728	1
0	826	1.03077824	1
0	828	1.0308192	1
0	830	1.03086016	1
0	832	1.03090112	1
0	834	1.03094208	1
0	836	1.03098304	1
0	838	1.031024	1
0	957	2.03057344	1
0	969	2.0306144	1
0	978	2.03065536	1
0	987	2.03069632	1
0	988	2.03073728	1
0	989	2.03077824	1
0	990	2.0308192	1
0	991	2.03086016	1
0	992	2.03090112	1
0	993	2.03094208	1
0	994	2.03098304	1
0	995	2.031024	1
0	1017	2.03157344	1
0	1029	2.0316144	1
0	1039	2.03165536	1
0	1050	2.03169632	1
0	1052	2.03173728	1
0	1054	2.03177824	1
0	1056	2.0318192	1
0	1058	2.03186016	1
0	1060	2.03190112	1
0	1062	2.03194208	1
0	1064	2.03198304	1
0	1066	2.032024	1
0	1089	2.03257344	1
0	1101	2.0326144	1
0	1111	2.03265536	1
0	1122	2.03269632	1
0	1124	2.03273728	1
0	1126	2.03277824	1
0	1128	2.0328192	1
0	1130	2.03286016	1
0	1132	2.03290112	1
0	1134	2.03294208	1
0	1136	2.03298304	1
0	1138	2.033024	1
0	1161	2.03357344	1
0	1173	2.0336144	1
0	1183	2.03365536	1
0	1194	2.03369632	1
0	1196	2.03373728	1
0	1198	2.03377824	1
0	1200	2.0338192	1
0	1202	2.03386016	1
0	1204	2.03390112	1
0	1206	2.03394208	1
0	1208	2.03398304	1
0	1210	2.034024	1
0	1233	2.03457344	1
0	1245	2.0346144	1
0	1255	2.03465536	1
0	1266	2.03469632	1
0	1268	2.03473728	1
0	1270	2.03477824	1
0	1272	2.0348192	1
0	1274	2.03486016	1
0	1276	2.03490112	1
0	1278	2.03494208	1
0	1280	2.03498304	1
0	1282	2.035024	1
0	1305	2.03557344	1
0	1317	2.0356144	1
0	1327	2.03565536	1
0	1338	2.03569632	1
0	1340	2.03573728	1
0	1342	2.03577824	1
0	1344	2.0358192	1
0	1346	2.03586016	1
0	1348	2.03590112	1
0	1350	2.03594208	1
0	1352	2.03598304	1
0	1354	2.036024	1
0	1377	2.03657344	1
0	1389	2.0366144	1
0	1399	2.03665536	1
0	1410	2.03669632	1
0	1412	2.03673728	1
0	1414	2.03677824	1
0	1416	2.0368192	1
0	1418	2.03686016	1
0	1420	2.03690112	1
0	1422	2.03694208	1
0	1424	2.03698304	1
0	1426	2.037024	1
0	1437	2.03757344	1
0	1449	2.0376144	1
0	1459	2.03765536	1
0	1470	2.03769632	1
0	1472	2.03773728	1
0	1474	2.03777824	1
0	1476	2.0378192	1
0	1478	2.03786016	1
0	1480	2.03790112	1
0	1482	2.03794208	1
0	1484	2.03798304	1
0	1486	2.038024	1
0	1489	2.03857344	1
0	1493	2.0386144	1
0	1499	2.03865536	1
0	1506	2.03869632	1
0	1508	2.03873728	1
0	1510	2.03877824	1
0	1512	2.0388192	1
0	1514	2.03886016	1
0	1516	2.03890112	1
0	1518	2.03894208	1
0	1520	2.03898304	1
0	1522	2.039024	1
0	1525	2.03957344	1
0	1529	2.0396144	1
0	1535	2.03965536	1
0	1542	2.03969632	1
0	1544	2.03973728	1
0	1546	2.03977824	1
0	1548	2.0398192	1
0	1550	2.03986016	1
0	1552	2.03990112	1
0	1554	2.03994208	1
0	1556	2.03998304	1
0	1558	2.040024	1
0	1677	3.03957344	1
0	1689	3.0396144	1
0	1698	3.03965536	1
0	1707	3.03969632	1
0	1708	3.03973728	1
0	1709	3.03977824	1
0	1710	3.0398192	1
0	1711	3.03986016	1
0	1712	3.03990112	1
0	1713	3.03994208	1
0	1714	3.03998304	1
0	1715	3.040024	1
0	1737	3.04057344	1
0	1749	3.0406144	1
0	1759	3.04065536	1
0	1770	3.04069632	1
0	1772	3.04073728	1
0	1774	3.04077824	1
0	1776	3.0408192	1
0	1778	3.04086016	1
0	1780	3.04090112	1
0	1782	3.04094208	1
0	1784	3.04098304	1
0	1786	3.041024	1
0	1809	3.04157344	1
0	1821	3.0416144	1
0	1831	3.04165536	1
0	1842	3.04169632	1
0	1844	3.04173728	1
0	1846	3.04177824	1
0	1848	3.0418192	1
0	1850	3.04186016	1
0	1852	3.04190112	1
0	1854	3.04194208	1
0	1856	3.04198304	1
0	1858	3.042024	1
0	1881	3.04257344	1
0	1893	3.0426144	1
0	1903	3.04265536	1
0	1914	3.04269632	1
0	1916	3.04273728	1
0	1918	3.04277824	1
0	1920	3.0428192	1
0	1922	3.04286016	1
0	1924	3.04290112	1
0	1926	3.04294208	1
0	1928	3.04298304	1
0	1930	3.043024	1
0	1953	3.04357344	1
0	1965	3.0436144	1
0	1975	3.04365536	1
0	1986	3.04369632	1
0	1988	3.04373728	1
0	1990	3.04377824	1
0	1992	3.0438192	1
0	1994	3.04386016	1
0	1996	3.04390112	1
0	1998	3.04394208	1
0	2000	3.04398304	1
0	2002	3.044024	1
0	2025	3.04457344	1
0	2037	3.0446144	1
0	2047	3.04465536	1
0	2058	3.04469632	1
0	2060	3.04473728	1
0	2062	3.04477824	1
0	2064	3.0448192	1
0	2066	3.04486016	1
0	2068	3.04490112	1
0	2070	3.04494208	1
0	2072	3.04498304	1
0	2074	3.045024	1
0	2097	3.04557344	1
0	2109	3.0456144	1
0	2119	3.04565536	1
0	2130	3.04569632	1
0	2132	3.04573728	1
0	2134	3.04577824	1
0	2136	3.0458192	1
0	2138	3.04586016	1
0	2140	3.04590112	1
0	2142	3.04594208	1
0	2144	3.04598304	1
0	2146	3.046024	1
0	2157	3.04657344	1
0	2169	3.0466144	1
0	2179	3.04665536	1
0	2190	3.04669632	1
0	2192	3.04673728	1
0	2194	3.04677824	1
0	2196	3.0468192	1
0	2198	3.04686016	1
0	2200	3.04690112	1
0	2202	3.04694208	1
0	2204	3.04698304	1
0	2206	3.047024	1
0	2209	3.04757344	1
0	2213	3.0476144	1
0	2219	3.04765536	1
0	2226	3.04769632	1
0	2228	3.04773728	1
0	2230	3.04777824	1
0	2232	3.0478192	1
0	2234	3.04786016	1
0	2236	3.04790112	1
0	2238	3.04794208	1
0	2240	3.04798304	1
0	2242	3.048024	1
0	2245	3.04857344	1
0	2249	3.0486144	1
0	2255	3.04865536	1
0	2262	3.04869632	1
0	2264	3.04873728	1
0	2266	3.04877824	1
0	2268	3.0488192	1
0	2270	3.04886016	1
0	2272	3.04890112	1
0	2274	3.04894208	1
0	2276	3.04898304	1
0	2278	3.049024	1
0	2397	4.04857344	1
0	2409	4.0486144	1
0	2418	4.04865536	1
0	2427	4.04869632	1
0	2428	4.04873728	1
0	2429	4.04877824	1
0	2430	4.0488192	1
0	2431	4.04886016	1
0	2432	4.04890112	1
0	2433	4.04894208	1
0	2434	4.04898304	1
0	2435	4.049024	1
0	2457	4.04957344	1
0	2469	4.0496144	1
0	2479	4.04965536	1
0	2490	4.04969632	1
0	2492	4.04973728	1
0	2494	4.04977824	1
0	2496	4.0498192	1
0	2498	4.04986016	1
0	2500	4.04990112	1
0	2502	4.04994208	1
0	2504	4.04998304	1
0	2506	4.050024	1
0	2529	4.05057344	1
0	2541	4.0506144	1
0	2551	4.05065536	1
0	2562	4.05069632	1
0	2564	4.05073728	1
0	2566	4.05077824	1
0	2568	4.0508192	1
0	2570	4.05086016	1
0	2572	4.05090112	1
0	2574	4.05094208	1
0	2576	4.05098304	1
0	2578	4.051024	1
0	2601	4.05157344	1
0	2613	4.0516144	1
0	2623	4.05165536	1
0	2634	4.05169632	1
0	2636	4.05173728	1
0	2638	4.05177824	1
0	2640	4.0518192	1
0	2642	4.05186016	1
0	2644	4.05190112	1
0	2646	4.05194208	1
0	2648	4.05198304	1
0	2650	4.052024	1
0	2673	4.05257344	1
0	2685	4.0526144	1
0	2695	4.05265536	1
0	2706	4.05269632	1
0	2708	4.05273728	1
0	2710	4.05277824	1
0	2712	4.0528192	1
0	2714	4.05286016	1
0	2716	4.05290112	1
0	2718	4.05294208	1
0	2720	4.05298304	1
0	2722	4.053024	1
0	2745	4.05357344	1
0	2757	4.0536144	1
0	2767	4.05365536	1
0	2778	4.05369632	1
0	2780	4.05373728	1
0	2782	4.05377824	1
0	2784	4.0538192	1
0	2786	4.05386016	1
0	2788	4.05390112	1
0	2790	4.05394208	1
0	2792	4.05398304	1
0	2794	4.054024	1
0	2817	4.05457344	1
0	2829	4.0546144	1
0	2839	4.05465536	1
0	2850	4.05469632	1
0	2852	4.05473728	1
0	2854	4.05477824	1
0	2856	4.0548192	1
0	2858	4.05486016	1
0	2860	4.05490112	1
0	2862	4.05494208	1
0	2864	4.05498304	1
0	2866	4.055024	1
0	2877	4.05557344	1
0	2889	4.0556144	1
0	2899	4.05565536	1
0	2910	4.05569632	1
0	2912	4.05573728	1
0	2914	4.05577824	1
0	2916	4.0558192	1
0	2918	4.05586016	1
0	2920	4.05590112	1
0	2922	4.05594208	1
0	2924	4.05598304	1
0	2926	4.056024	1
0	2929	4.05657344	1
0	2933	4.0566144	1
0	2939	4.05665536	1
0	2946	4.05669632	1
0	2948	4.05673728	1
0	2950	4.05677824	1
0	2952	4.0568192	1
0	2954	4.05686016	1
0	2956	4.05690112	1
0	2958	4.05694208	1
0	2960	4.05698304	1
0	2962	4.057024	1
0	2965	4.05757344	1
0	2969	4.0576144	1
0	2975	4.05765536	1
0	2982	4.05769632	1
0	2984	4.05773728	1
0	2986	4.05777824	1
0	2988	4.0578192	1
0	2990	4.05786016	1
0	2992	4.05790112	1
0	2994	4.05794208	1
0	2996	4.05798304	1
0	2998	4.058024	1
0	3117	5.05757344	1
0	3129	5.0576144	1
0	3138	5.05765536	1
0	3147	5.05769632	1
0	3148	5.05773728	1
0	3149	5.05777824	1
0	3150	5.0578192	1
0	3151	5.05786016	1
0	3152	5.05790112	1
0	3153	5.05794208	1
0	3154	5.05798304	1
0	3155	5.058024	1
0	3177	5.05857344	1
0	3189	5.0586144	1
0	3199	5.05865536	1
0	3210	5.05869632	1
0	3212	5.05873728	1
0	3214	5.05877824	1
0	3216	5.0588192	1
0	3218	5.05886016	1
0	3220	5.05890112	1
0	3222	5.05894208	1
0	3224	5.05898304	1
0	3226	5.059024	1
0	3249	5.05957344	1
0	3261	5.0596144	1
0	3271	5.05965536	1
0	3282	5.05969632	1
0	3284	5.05973728	1
0	3286	5.05977824	1
0	3288	5.0598192	1
0	3290	5.05986016	1
0	3292	5.05990112	1
0	3294	5.05994208	1
0	3296	5.05998304	1
0	3298	5.060024	1
0	3321	5.06057344	1
0	3333	5.0606144	1
0	3343	5.06065536	1
0	3354	5.06069632	1
0	3356	5.06073728	1
0	3358	5.06077824	1
0	3360	5.0608192	1
0	3362	5.06086016	1
0	3364	5.06090112	1
0	3366	5.06094208	1
0	3368	5.06098304	1
0	3370	5.061024	1
0	3393	5.06157344	1
0	3405	5.0616144	1
0	3415	5.06165536	1
0	3426	5.06169632	1
0	3428	5.06173728	1
0	3430	5.06177824	1
0	3432	5.0618192	1
0	3434	5.06186016	1
0	3436	5.06190112	1
0	3438	5.06194208	1
0	3440	5.06198304	1
0	3442	5.062024	1
0	3465	5.06257344	1
0	3477	5.0626144	1
0	3487	5.06265536	1
0	3498	5.06269632	1
0	3500	5.06273728	1
0	3502	5.06277824	1
0	3504	5.0628192	1
0	3506	5.06286016	1
0	3508	5.06290112	1
0	3510	5.06294208	1
0	3512	5.06298304	1
0	3514	5.063024	1
0	3537	5.06357344	1
0	3549	5.0636144	1
0	3559	5.06365536	1
0	3570	5.06369632	1
0	3572	5.06373728	1
0	3574	5.06377824	1
0	3576	5.0638192	1
0	3578	5.06386016	1
0	3580	5.06390112	1
0	3582	5.06394208	1
0	3584	5.06398304	1
0	3586	5.064024	1
0	3597	5.06457344	1
0	3609	5.0646144	1
0	3619	5.06465536	1
0	3630	5.06469632	1
0	3632	5.06473728	1
0	3634	5.06477824	1
0	3636	5.0648192	1
0	3638	5.06486016	1
0	3640	5.06490112	1
0	3642	5.06494208	1
0	3644	5.06498304	1
0	3646	5.065024	1
0	3649	5.06557344	1
0	3653	5.0656144	1
0	3659	5.06565536	1
0	3666	5.06569632	1
0	3668	5.06573728	1
0	3670	5.06577824	1
0	3672	5.0658192	1
0	3674	5.06586016	1
0	3676	5.06590112	1
0	3678	5.06594208	1
0	3680	5.06598304	1
0	3682	5.066024	1
0	3685	5.06657344	1
0	3689	5.0666144	1
0	3695	5.06665536	1
0	3702	5.06669632	1
0	3704	5.06673728	1
0	3706	5.06677824	1
0	3708	5.0668192	1
0	3710	5.06686016	1
0	3712	5.06690112	1
0	3714	5.06694208	1
0	3716	5.06698304	1
0	3718	5.067024	1
0	3837	6.06657344	1
0	3849	6.0666144	1
0	3858	6.06665536	1
0	3867	6.06669632	1
0	3868	6.06673728	1
0	3869	6.06677824	1
0	3870	6.0668192	1
0	3871	6.06686016	1
0	3872	6.06690112	1
0	3873	6.06694208	1
0	3874	6.06698304	1
0	3875	6.067024	1
0	3897	6.06757344	1
0	3909	6.0676144	1
0	3919	6.06765536	1
0	3930	6.06769632	1
0	3932	6.06773728	1
0	3934	6.06777824	1
0	3936	6.0678192	1
0	3938	6.06786016	1
0	3940	6.06790112	1
0	3942	6.06794208	1
0	3944	6.06798304	1
0	3946	6.068024	1
0	3969	6.06857344	1
0	3981	6.0686144	1
0	3991	6.06865536	1
0	4002	6.06869632	1
0	4004	6.06873728	1
0	4006	6.06877824	1
0	4008	6.0688192	1
0	4010	6.06886016	1
0	4012	6.06890112	1
0	4014	6.06894208	1
0	4016	6.06898304	1
0	4018	6.069024	1
0	4041	6.06957344	1
0	4053	6.0696144	1
0	4063	6.06965536	1
0	4074	6.06969632	1
0	4076	6.06973728	1
0	4078	6.06977824	1
0	4080	6.0698192	1
0	4082	6.06986016	1
0	4084	6.06990112	1
0	4086	6.06994208	1
0	4088	6.06998304	1
0	4090	6.070024	1
0	4113	6.07057344	1
0	4125	6.0706144	1
0	4135	6.07065536	1
0	4146	6.07069632	1
0	4148	6.07073728	1
0	4150	6.07077824	1
0	4152	6.0708192	1
0	4154	6.07086016	1
0	4156	6.07090112	1
0	4158	6.07094208	1
0	4160	6.07098304	1
0	4162	6.071024	1
0	4185	6.07157344	1
0	4197	6.0716144	1
0	4207	6.07165536	1
0	4218	6.07169632	1
0	4220	6.07173728	1
0	4222	6.07177824	1
0	4224	6.0718192	1
0	4226	6.07186016	1
0	4228	6.07190112	1
0	4230	6.07194208	1
0	4232	6.07198304	1
0	4234	6.072024	1
0	4257	6.07257344	1
0	4269	6.0726144	1
0	4279	6.07265536	1
0	4290	6.07269632	1
0	4292	6.07273728	1
0	4294	6.07277824	1
0	4296	6.0728192	1
0	4298	6.07286016	1
0	4300	6.07290112	1
0	4302	6.07294208	1
0	4304	6.07298304	1
0	4306	6.073024	1
0	4317	6.07357344	1
0	4329	6.0736144	1
0	4339	6.07365536	1
0	4350	6.07369632	1
0	4352	6.07373728	1
0	4354	6.07377824	1
0	4356	6.0738192	1
0	4358	6.07386016	1
0	4360	6.07390112	1
0	4362	6.07394208	1
0	4364	6.07398304	1
0	4366	6.074024	1
0	4369	6.07457344	1
0	4373	6.0746144	1
0	4379	6.07465536	1
0	4386	6.07469632	1
0	4388	6.07473728	1
0	4390	6.07477824	1
0	4392	6.0748192	1
0	4394	6.07486016	1
0	4396	6.07490112	1
0	4398	6.07494208	1
0	4400	6.07498304	1
0	4402	6.075024	1
0	4405	6.07557344	1
0	4409	6.0756144	1
0	4415	6.07565536	1
0	4422	6.07569632	1
0	4424	6.07573728	1
0	4426	6.07577824	1
0	4428	6.0758192	1
0	4430	6.07586016	1
0	4432	6.07590112	1
0	4434	6.07594208	1
0	4436	6.07598304	1
0	4438	6.076024	1
0	4557	7.07557344	1
0	4569	7.0756144	1
0	4578	7.07565536	1
0	4587	7.07569632	1
0	4588	7.07573728	1
0	4589	7.07577824	1
0	4590	7.0758192	1
0	4591	7.07586016	1
0	4592	7.07590112	1
0	4593	7.07594208	1
0	4594	7.07598304	1
0	4595	7.076024	1
0	4617	7.07657344	1
0	4629	7.0766144	1
0	4639	7.07665536	1
0	4650	7.07669632	1
0	4652	7.07673728	1
0	4654	7.07677824	1
0	4656	7.0768192	1
0	4658	7.07686016	1
0	4660	7.07690112	1
0	4662	7.07694208	1
0	4664	7.07698304	1
0	4666	7.077024	1
0	4689	7.07757344	1
0	4701	7.0776144	1
0	4711	7.07765536	1
0	4722	7.07769632	1
0	4724	7.07773728	1
0	4726	7.07777824	1
0	4728	7.0778192	1
0	4730	7.07786016	1
0	4732	7.07790112	1
0	4734	7.07794208	1
0	4736	7.07798304	1
0	4738	7.078024	1
0	4761	7.07857344	1
0	4773	7.0786144	1
0	4783	7.07865536	1
0	4794	7.07869632	1
0	4796	7.07873728	1
0	4798	7.07877824	1
0	4800	7.0788192	1
0	4802	7.07886016	1
0	4804	7.07890112	1
0	4806	7.07894208	1
0	4808	7.07898304	1
0	4810	7.079024	1
0	4833	7.07957344	1
0	4845	7.0796144	1
0	4855	7.07965536	1
0	4866	7.07969632	1
0	4868	7.07973728	1
0	4870	7.07977824	1
0	4872	7.0798192	1
0	4874	7.07986016	1
0	4876	7.07990112	1
0	4878	7.07994208	1
0	4880	7.07998304	1
0	4882	7.080024	1
0	4905	7.08057344	1
0	4917	7.0806144	1
0	4927	7.08065536	1
0	4938	7.08069632	1
0	4940	7.08073728	1
0	4942	7.08077824	1
0	4944	7.0808192	1
0	4946	7.08086016	1
0	4948	7.08090112	1
0	4950	7.08094208	1
0	4952	7.08098304	1
0	4954	7.081024	1
0	4977	7.08157344	1
0	4989	7.0816144	1
0	4999	7.08165536	1
0	5010	7.08169632	1
0	5012	7.08173728	1
0	5014	7.08177824	1
0	5016	7.0818192	1
0	5018	7.08186016	1
0	5020	7.08190112	1
0	5022	7.08194208	1
0	5024	7.08198304	1
0	5026	7.082024	1
0	5037	7.08257344	1
0	5049	7.0826144	1
0	5059	7.08265536	1
0	5070	7.08269632	1
0	5072	7.08273728	1
0	5074	7.08277824	1
0	5076	7.0828192	1
0	5078	7.08286016	1
0	5080	7.08290112	1
0	5082	7.08294208	1
0	5084	7.08298304	1
0	5086	7.083024	1
0	5089	7.08357344	1
0	5093	7.0836144	1
0	5099	7.08365536	1
0	5106	7.08369632	1
0	5108	7.08373728	1
0	5110	7.08377824	1
0	5112	7.0838192	1
0	5114	7.08386016	1
0	5116	7.08390112	1
0	5118	7.08394208	1
0	5120	7.08398304	1
0	5122	7.084024	1
0	5125	7.08457344	1
0	5129	7.0846144	1
0	5135	7.08465536	1
0	5142	7.08469632	1
0	5144	7.08473728	1
0	5146	7.08477824	1
0	5148	7.0848192	1
0	5150	7.08486016	1
0	5152	7.08490112	1
0	5154	7.08494208	1
0	5156	7.08498304	1
0	5158	7.085024	1
0	5277	8.08457344	1
0	5289	8.0846144	1
0	5298	8.08465536	1
0	5307	8.08469632	1
0	5308	8.08473728	1
0	5309	8.08477824	1
0	5310	8.0848192	1
0	5311	8.08486016	1
0	5312	8.08490112	1
0	5313	8.08494208	1
0	5314	8.08498304	1
0	5315	8.085024	1
0	5337	8.08557344	1
0	5349	8.0856144	1
0	5359	8.08565536	1
0	5370	8.08569632	1
0	5372	8.08573728	1
0	5374	8.08577824	1
0	5376	8.0858192	1
0	5378	8.08586016	1
0	5380	8.08590112	1
0	5382	8.08594208	1
0	5384	8.08598304	1
0	5386	8.086024	1
0	5409	8.08657344	1
0	5421	8.0866144	1
0	5431	8.08665536	1
0	5442	8.08669632	1
0	5444	8.08673728	1
0	5446	8.08677824	1
0	5448	8.0868192	1
0	5450	8.08686016	1
0	5452	8.08690112	1
0	5454	8.08694208	1
0	5456	8.08698304	1
0	5458	8.087024	1
0	5481	8.08757344	1
0	5493	8.0876144	1
0	5503	8.08765536	1
0	5514	8.08769632	1
0	5516	8.08773728	1
0	5518	8.08777824	1
0	5520	8.0878192	1
0	5522	8.08786016	1
0	5524	8.08790112	1
0	5526	8.08794208	1
0	5528	8.08798304	1
0	5530	8.088024	1
0	5553	8.08857344	1
0	5565	8.0886144	1
0	5575	8.08865536	1
0	5586	8.08869632	1
0	5588	8.08873728	1
0	5590	8.08877824	1
0	5592	8.0888192	1
0	5594	8.08886016	1
0	5596	8.08890112	1
0	5598	8.08894208	1
0	5600	8.08898304	1
0	5602	8.089024	1
0	5625	8.08957344	1
0	5637	8.0896144	1
0	5647	8.08965536	1
0	5658	8.08969632	1
0	5660	8.08973728	1
0	5662	8.08977824	1
0	5664	8.0898192	1
0	5666	8.08986016	1
0	5668	8.08990112	1
0	5670	8.08994208	1
0	5672	8.08998304	1
0	5674	8.090024	1
0	5697	8.09057344	1
0	5709	8.0906144	1
0	5719	8.09065536	1
0	5730	8.09069632	1
0	5732	8.09073728	1
0	5734	8.09077824	1
0	5736	8.0908192	1
0	5738	8.09086016	1
0	5740	8.09090112	1
0	5742	8.09094208	1
0	5744	8.09098304	1
0	5746	8.091024	1
0	5757	8.09157344	1
0	5769	8.0916144	1
0	5779	8.09165536	1
0	5790	8.09169632	1
0	5792	8.09173728	1
0	5794	8.09177824	1
0	5796	8.0918192	1
0	5798	8.09186016	1
0	5800	8.09190112	1
0	5802	8.09194208	1
0	5804	8.09198304	1
0	5806	8.092024	1
0	5809	8.09257344	1
0	5813	8.0926144	1
0	5819	8.09265536	1
0	5826	8.09269632	1
0	5828	8.09273728	1
0	5830	8.09277824	1
0	5832	8.0928192	1
0	5834	8.09286016	1
0	5836	8.09290112	1
0	5838	8.09294208	1
0	5840	8.09298304	1
0	5842	8.093024	1
0	5845	8.09357344	1
0	5849	8.0936144	1
0	5855	8.09365536	1
0	5862	8.09369632	1
0	5864	8.09373728	1
0	5866	8.09377824	1
0	5868	8.0938192	1
0	5870	8.09386016	1
0	5872	8.09390112	1
0	5874	8.09394208	1
0	5876	8.09398304	1
0	5878	8.094024	1
0	5997	9.09357344	1
0	6009	9.0936144	1
0	6018	9.09365536	1
0	6027	9.09369632	1
0	6028	9.09373728	1
0	6029	9.09377824	1
0	6030	9.0938192	1
0	6031	9.09386016	1
0	6032	9.09390112	1
0	6033	9.09394208	1
0	6034	9.09398304	1
0	6035	9.094024	1
0	6057	9.09457344	1
0	6069	9.0946144	1
0	6079	9.09465536	1
0	6090	9.09469632	1
0	6092	9.09473728	1
0	6094	9.09477824	1
0	6096	9.0948192	1
0	6098	9.09486016	1
0	6100	9.09490112	1
0	6102	9.09494208	1
0	6104	9.09498304	1
0	6106	9.095024	1
0	6129	9.09557344	1
0	6141	9.0956144	1
0	6151	9.09565536	1
0	6162	9.09569632	1
0	6164	9.09573728	1
0	6166	9.09577824	1
0	6168	9.0958192	1
0	6170	9.09586016	1
0	6172	9.09590112	1
0	6174	9.09594208	1
0	6176	9.09598304	1
0	6178	9.096024	1
0	6201	9.09657344	1
0	6213	9.0966144	1
0	6223	9.09665536	1
0	6234	9.09669632	1
0	6236	9.09673728	1
0	6238	9.09677824	1
0	6240	9.0968192	1
0	6242	9.09686016	1
0	6244	9.09690112	1
0	6246	9.09694208	1
0	6248	9.09698304	1
0	6250	9.097024	1
0	6273	9.09757344	1
0	6285	9.0976144	1
0	6295	9.09765536	1
0	6306	9.09769632	1
0	6308	9.09773728	1
0	6310	9.09777824	1
0	6312	9.0978192	1
0	6314	9.09786016	1
0	6316	9.09790112	1
0	6318	9.09794208	1
0	6320	9.09798304	1
0	6322	9.098024	1
0	6345	9.09857344	1
0	6357	9.0986144	1
0	6367	9.09865536	1
0	6378	9.09869632	1
0	6380	9.09873728	1
0	6382	9.09877824	1
0	6384	9.0988192	1
0	6386	9.09886016	1
0	6388	9.09890112	1
0	6390	9.09894208	1
0	6392	9.09898304	1
0	6394	9.099024	1
0	6417	9.09957344	1
0	6429	9.0996144	1
0	6439	9.09965536	1
0	6450	9.09969632	1
0	6452	9.09973728	1
0	6454	9.09977824	1
0	6456	9.0998192	1
0	6458	9.09986016	1
0	6460	9.09990112	1
0	6462	9.09994208	1
0	6464	9.09998304	1
0	6466	9.100024	1
0	6477	9.10057344	1
0	6489	9.1006144	1
0	6499	9.10065536	1
0	6510	9.10069632	1
0	6512	9.10073728	1
0	6514	9.10077824	1
0	6516	9.1008192	1
0	6518	9.10086016	1
0	6520	9.10090112	1
0	6522	9.10094208	1
0	6524	9.10098304	1
0	6526	9.101024	1
0	6529	9.10157344	1
0	6533	9.1016144	1
0	6539	9.10165536	1
0	6546	9.10169632	1
0	6548	9.10173728	1
0	6550	9.10177824	1
0	6552	9.1018192	1
0	6554	9.10186016	1
0	6556	9.10190112	1
0	6558	9.10194208	1
0	6560	9.10198304	1
0	6562	9.102024	1
0	6565	9.10257344	1
0	6569	9.1026144	1
0	6575	9.10265536	1
0	6582	9.10269632	1
0	6584	9.10273728	1
0	6586	9.10277824	1
0	6588	9.1028192	1
0	6590	9.10286016	1
0	6592	9.10290112	1
0	6594	9.10294208	1
0	6596	9.10298304	1
0	6598	9.103024	1
0	6717	10.10257344	1
0	6729	10.1026144	1
0	6738	10.10265536	1
0	6747	10.10269632	1
0	6748	10.10273728	1
0	6749	10.10277824	1
0	6750	10.1028192	1
0	6751	10.10286016	1
0	6752	10.10290112	1
0	6753	10.10294208	1
0	6754	10.10298304	1
0	6755	10.103024	1
0	6777	10.10357344	1
0	6789	10.1036144	1
0	6799	10.10365536	1
0	6810	10.10369632	1
0	6812	10.10373728	1
0	6814	10.10377824	1
0	6816	10.1038192	1
0	6818	10.10386016	1
0	6820	10.10390112	1
0	6822	10.10394208	1
0	6824	10.10398304	1
0	6826	10.104024	1
0	6849	10.10457344	1
0	6861	10.1046144	1
0	6871	10.10465536	1
0	6882	10.10469632	1
0	6884	10.10473728	1
0	6886	10.10477824	1
0	6888	10.1048192	1
0	6890	10.10486016	1
0	6892	10.10490112	1
0	6894	10.10494208	1
0	6896	10.10498304	1
0	6898	10.105024	1
0	6921	10.10557344	1
0	6933	10.1056144	1
0	6943	10.10565536	1
0	6954	10.10569632	1
0	6956	10.10573728	1
0	6958	10.10577824	1
0	6960	10.1058192	1
0	6962	10.10586016	1
0	6964	10.10590112	1
0	6966	10.10594208	1
0	6968	10.10598304	1
0	6970	10.106024	1
0	6993	10.10657344	1
0	7005	10.1066144	1
0	7015	10.10665536	1
0	7026	10.10669632	1
0	7028	10.10673728	1
0	7030	10.10677824	1
0	7032	10.1068192	1
0	7034	10.10686016	1
0	7036	10.10690112	1
0	7038	10.10694208	1
0	7040	10.10698304	1
0	7042	10.107024	1
0	7065	10.10757344	1
0	7077	10.1076144	1
0	7087	10.10765536	1
0	7098	10.10769632	1
0	7100	10.10773728	1
0	7102	10.10777824	1
0	7104	10.1078192	1
0	7106	10.10786016	1
0	7108	10.10790112	1
0	7110	10.10794208	1
0	7112	10.10798304	1
0	7114	10.108024	1
0	7137	10.10857344	1
0	7149	10.1086144	1
0	7159	10.10865536	1
0	7170	10.10869632	1
0	7172	10.10873728	1
0	7174	10.10877824	1
0	7176	10.1088192	1
0	7178	10.10886016	1
0	7180	10.10890112	1
0	7182	10.10894208	1
0	7184	10.10898304	1
0	7186	10.109024	1
0	7197	10.10957344	1
0	7209	10.1096144	1
0	7219	10.10965536	1
0	7230	10.10969632	1
0	7232	10.10973728	1
0	7234	10.10977824	1
0	7236	10.1098192	1
0	7238	10.10986016	1
0	7240	10.10990112	1
0	7242	10.10994208	1
0	7244	10.10998304	1
0	7246	10.110024	1
0	7249	10.11057344	1
0	7253	10.1106144	1
0	7259	10.11065536	1
0	7266	10.11069632	1
0	7268	10.11073728	1
0	7270	10.11077824	1
0	7272	10.1108192	1
0	7274	10.11086016	1
0	7276	10.11090112	1
0	7278	10.11094208	1
0	7280	10.11098304	1
0	7282	10.111024	1
0	7285	10.11157344	1
0	7289	10.1116144	1
0	7295	10.11165536	1
0	7302	10.11169632	1
0	7304	10.11173728	1
0	7306	10.11177824	1
0	7308	10.1118192	1
0	7310	10.11186016	1
0	7312	10.11190112	1
0	7314	10.11194208	1
0	7316	10.11198304	1
0	7318	10.112024	1
0	7437	11.11157344	1
0	7449	11.1116144	1
0	7458	11.11165536	1
0	7467	11.11169632	1
0	7468	11.11173728	1
0	7469	11.11177824	1
0	7470	11.1118192	1
0	7471	11.11186016	1
0	7472	11.11190112	1
0	7473	11.11194208	1
0	7474	11.11198304	1
0	7475	11.112024	1
0	7497	11.11257344	1
0	7509	11.1126144	1
0	7519	11.11265536	1
0	7530	11.11269632	1
0	7532	11.11273728	1
0	7534	11.11277824	1
0	7536	11.1128192	1
0	7538	11.11286016	1
0	7540	11.11290112	1
0	7542	11.11294208	1
0	7544	11.11298304	1
0	7546	11.113024	1
0	7569	11.11357344	1
0	7581	11.1136144	1
0	7591	11.11365536	1
0	7602	11.11369632	1
0	7604	11.11373728	1
0	7606	11.11377824	1
0	7608	11.1138192	1
0	7610	11.11386016	1
0	7612	11.11390112	1
0	7614	11.11394208	1
0	7616	11.11398304	1
0	7618	11.114024	1
0	7641	11.11457344	1
0	7653	11.1146144	1
0	7663	11.11465536	1
0	7674	11.11469632	1
0	7676	11.11473728	1
0	7678	11.11477824	1
0	7680	11.1148192	1
0	7682	11.11486016	1
0	7684	11.11490112	1
0	7686	11.11494208	1
0	7688	11.11498304	1
0	7690	11.115024	1
0	7713	11.11557344	1
0	7725	11.1156144	1
0	7735	11.11565536	1
0	7746	11.11569632	1
0	7748	11.11573728	1
0	7750	11.11577824	1
0	7752	11.1158192	1
0	7754	11.11586016	1
0	7756	11.11590112	1
0	7758	11.11594208	1
0	7760	11.11598304	1
0	7762	11.116024	1
0	7785	11.11657344	1
0	7797	11.1166144	1
0	7807	11.11665536	1
0	7818	11.11669632	1
0	7820	11.11673728	1
0	7822	11.11677824	1
0	7824	11.1168192	1
0	7826	11.11686016	1
0	7828	11.11690112	1
0	7830	11.11694208	1
0	7832	11.11698304	1
0	7834	11.117024	1
0	7857	11.11757344	1
0	7869	11.1176144	1
0	7879	11.11765536	1
0	7890	11.11769632	1
0	7892	11.11773728	1
0	7894	11.11777824	1
0	7896	11.1178192	1
0	7898	11.11786016	1
0	7900	11.11790112	1
0	7902	11.11794208	1
0	7904	11.11798304	1
0	7906	11.118024	1
0	7917	11.11857344	1
0	7929	11.1186144	1
0	7939	11.11865536	1
0	7950	11.11869632	1
0	7952	11.11873728	1
0	7954	11.11877824	1
0	7956	11.1188192	1
0	7958	11.11886016	1
0	7960	11.11890112	1
0	7962	11.11894208	1
0	7964	11.11898304	1
0	7966	11.119024	1
0	7969	11.11957344	1
0	7973	11.1196144	1
0	7979	11.11965536	1
0	7986	11.11969632	1
0	7988	11.11973728	1
0	7990	11.11977824	1
0	7992	11.1198192	1
0	7994	11.11986016	1
0	7996	11.11990112	1
0	7998	11.11994208	1
0	8000	11.11998304	1
0	8002	11.120024	1
0	8005	11.12057344	1
0	8009	11.1206144	1
0	8015	11.12065536	1
0	8022	11.12069632	1
0	8024	11.12073728	1
0	8026	11.12077824	1
0	8028	11.1208192	1
0	8030	11.12086016	1
0	8032	11.12090112	1
0	8034	11.12094208	1
0	8036	11.12098304	1
0	8038	11.121024	1
0	8157	12.12057344	1
0	8169	12.1206144	1
0	8178	12.12065536	1
0	8187	12.12069632	1
0	8188	12.12073728	1
0	8189	12.12077824	1
0	8190	12.1208192	1
0	8191	12.12086016	1
0	8192	12.12090112	1
0	8193	12.12094208	1
0	8194	12.12098304	1
0	8195	12.121024	1
0	8217	12.12157344	1
0	8229	12.1216144	1
0	8239	12.12165536	1
0	8250	12.12169632	1
0	8252	12.12173728	1
0	8254	12.12177824	1
0	8256	12.1218192	1
0	8258	12.12186016	1
0	8260	12.12190112	1
0	8262	12.12194208	1
0	8264	12.12198304	1
0	8266	12.122024	1
0	8289	12.12257344	1
0	8301	12.1226144	1
0	8311	12.12265536	1
0	8322	12.12269632	1
0	8324	12.12273728	1
0	8326	12.12277824	1
0	8328	12.1228192	1
0	8330	12.12286016	1
0	8332	12.12290112	1
0	8334	12.12294208	1
0	8336	12.12298304	1
0	8338	12.123024	1
0	8361	12.12357344	1
0	8373	12.1236144	1
0	8383	12.12365536	1
0	8394	12.12369632	1
0	8396	12.12373728	1
0	8398	12.12377824	1
0	8400	12.1238192	1
0	8402	12.12386016	1
0	8404	12.12390112	1
0	8406	12.12394208	1
0	8408	12.12398304	1
0	8410	12.124024	1
0	8433	12.12457344	1
0	8445	12.1246144	1
0	8455	12.12465536	1
0	8466	12.12469632	1
0	8468	12.12473728	1
0	8470	12.12477824	1
0	8472	12.1248192	1
0	8474	12.12486016	1
0	8476	12.12490112	1
0	8478	12.12494208	1
0	8480	12.12498304	1
0	8482	12.125024	1
0	8505	12.12557344	1
0	8517	12.1256144	1
0	8527	12.12565536	1
0	8538	12.12569632	1
0	8540	12.12573728	1
0	8542	12.12577824	1
0	8544	12.1258192	1
0	8546	12.12586016	1
0	8548	12.12590112	1
0	8550	12.12594208	1
0	8552	12.12598304	1
0	8554	12.126024	1
0	8577	12.12657344	1
0	8589	12.1266144	1
0	8599	12.12665536	1
0	8610	12.12669632	1
0	8612	12.12673728	1
0	8614	12.12677824	1
0	8616	12.1268192	1
0	8618	12.12686016	1
0	8620	12.12690112	1
0	8622	12.12694208	1
0	8624	12.12698304	1
0	8626	12.127024	1
0	8637	12.12757344	1
0	8649	12.1276144	1
0	8659	12.12765536	1
0	8670	12.12769632	1
0	8672	12.12773728	1
0	8674	12.12777824	1
0	8676	12.1278192	1
0	8678	12.12786016	1
0	8680	12.12790112	1
0	8682	12.12794208	1
0	8684	12.12798304	1
0	8686	12.128024	1
0	8689	12.12857344	1
0	8693	12.1286144	1
0	8699	12.12865536	1
0	8706	12.12869632	1
0	8708	12.12873728	1
0	8710	12.12877824	1
0	8712	12.1288192	1
0	8714	12.12886016	1
0	8716	12.12890112	1
0	8718	12.12894208	1
0	8720	12.12898304	1
0	8722	12.129024	1
0	8725	12.12957344	1
0	8729	12.1296144	1
0	8735	12.12965536	1
0	8742	12.12969632	1
0	8744	12.12973728	1
0	8746	12.12977824	1
0	8748	12.1298192	1
0	8750	12.12986016	1
0	8752	12.12990112	1
0	8754	12.12994208	1
0	8756	12.12998304	1
0	8758	12.130024	1
0	8877	13.12957344	1
0	8889	13.1296144	1
0	8898	13.12965536	1
0	8907	13.12969632	1
0	8908	13.12973728	1
0	8909	13.12977824	1
0	8910	13.1298192	1
0	8911	13.12986016	1
0	8912	13.12990112	1
0	8913	13.12994208	1
0	8914	13.12998304	1
0	8915	13.130024	1
0	8937	13.13057344	1
0	8949	13.1306144	1
0	8959	13.13065536	1
0	8970	13.13069632	1
0	8972	13.13073728	1
0	8974	13.13077824	1
0	8976	13.1308192	1
0	8978	13.13086016	1
0	8980	13.13090112	1
0	8982	13.13094208	1
0	8984	13.13098304	1
0	8986	13.131024	1
0	9009	13.13157344	1
0	9021	13.1316144	1
0	9031	13.13165536	1
0	9042	13.13169632	1
0	9044	13.13173728	1
0	9046	13.13177824	1
0	9048	13.1318192	1
0	9050	13.13186016	1
0	9052	13.13190112	1
0	9054	13.13194208	1
0	9056	13.13198304	1
0	9058	13.132024	1
0	9081	13.13257344	1
0	9093	13.1326144	1
0	9103	13.13265536	1
0	9114	13.13269632	1
0	9116	13.13273728	1
0	9118	13.13277824	1
0	9120	13.1328192	1
0	9122	13.13286016	1
0	9124	13.13290112	1
0	9126	13.13294208	1
0	9128	13.13298304	1
0	9130	13.133024	1
0	9153	13.13357344	1
0	9165	13.1336144	1
0	9175	13.13365536	1
0	9186	13.13369632	1
0	9188	13.13373728	1
0	9190	13.13377824	1
0	9192	13.1338192	1
0	9194	13.13386016	1
0	9196	13.13390112	1
0	9198	13.13394208	1
0	9200	13.13398304	1
0	9202	13.134024	1
0	9225	13.13457344	1
0	9237	13.1346144	1
0	9247	13.13465536	1
0	9258	13.13469632	1
0	9260	13.13473728	1
0	9262	13.13477824	1
0	9264	13.1348192	1
0	9266	13.13486016	1
0	9268	13.13490112	1
0	9270	13.13494208	1
0	9272	13.13498304	1
0	9274	13.135024	1
0	9297	13.13557344	1
0	9309	13.1356144	1
0	9319	13.13565536	1
0	9330	13.13569632	1
0	9332	13.13573728	1
0	9334	13.13577824	1
0	9336	13.1358192	1
0	9338	13.13586016	1
0	9340	13.13590112	1
0	9342	13.13594208	1
0	9344	13.13598304	1
0	9346	13.136024	1
0	9357	13.13657344	1
0	9369	13.1366144	1
0	9379	13.13665536	1
0	9390	13.13669632	1
0	9392	13.13673728	1
0	9394	13.13677824	1
0	9396	13.1368192	1
0	9398	13.13686016	1
0	9400	13.13690112	1
0	9402	13.13694208	1
0	9404	13.13698304	1
0	9406	13.137024	1
0	9409	13.13757344	1
0	9413	13.1376144	1
0	9419	13.13765536	1
0	9426	13.13769632	1
0	9428	13.13773728	1
0	9430	13.13777824	1
0	9432	13.1378192	1
0	9434	13.13786016	1
0	9436	13.13790112	1
0	9438	13.13794208	1
0	9440	13.13798304	1
0	9442	13.138024	1
0	9445	13.13857344	1
0	9449	13.1386144	1
0	9455	13.13865536	1
0	9462	13.13869632	1
0	9464	13.13873728	1
0	9466	13.13877824	1
0	9468	13.1388192	1
0	9470	13.13886016	1
0	9472	13.13890112	1
0	9474	13.13894208	1
0	9476	13.13898304	1
0	9478	13.139024	1
0	9597	14.13857344	1
0	9609	14.1386144	1
0	9618	14.13865536	1
0	9627	14.13869632	1
0	9628	14.13873728	1
0	9629	14.13877824	1
0	9630	14.1388192	1
0	9631	14.13886016	1
0	9632	14.13890112	1
0	9633	14.13894208	1
0	9634	14.13898304	1
0	9635	14.139024	1
0	9657	14.13957344	1
0	9669	14.1396144	1
0	9679	14.13965536	1
0	9690	14.13969632	1
0	9692	14.13973728	1
0	9694	14.13977824	1
0	9696	14.1398192	1
0	9698	14.13986016	1
0	9700	14.13990112	1
0	9702	14.13994208	1
0	9704	14.13998304	1
0	9706	14.140024	1
0	9729	14.14057344	1
0	9741	14.1406144	1
0	9751	14.14065536	1
0	9762	14.14069632	1
0	9764	14.14073728	1
0	9766	14.14077824	1
0	9768	14.1408192	1
0	9770	14.14086016	1
0	9772	14.14090112	1
0	9774	14.14094208	1
0	9776	14.14098304	1
0	9778	14.141024	1
0	9801	14.14157344	1
0	9813	14.1416144	1
0	9823	14.14165536	1
0	9834	14.14169632	1
0	9836	14.14173728	1
0	9838	14.14177824	1
0	9840	14.1418192	1
0	9842	14.14186016	1
0	9844	14.14190112	1
0	9846	14.14194208	1
0	9848	14.14198304	1
0	9850	14.142024	1
0	9873	14.14257344	1
0	9885	14.1426144	1
0	9895	14.14265536	1
0	9906	14.14269632	1
0	9908	14.14273728	1
0	9910	14.14277824	1
0	9912	14.1428192	1
0	9914	14.14286016	1
0	9916	14.14290112	1
0	9918	14.14294208	1
0	9920	14.14298304	1
0	9922	14.143024	1
0	9945	14.14357344	1
0	9957	14.1436144	1
0	9967	14.14365536	1
0	9978	14.14369632	1
0	9980	14.14373728	1
0	9982	14.14377824	1
0	9984	14.1438192	1
0	9986	14.14386016	1
0	9988	14.14390112	1
0	9990	14.14394208	1
0	9992	14.14398304	1
0	9994	14.144024	1
0	10017	14.14457344	1
0	10029	14.1446144	1
0	10039	14.14465536	1
0	10050	14.14469632	1
0	10052	14.14473728	1
0	10054	14.14477824	1
0	10056	14.1448192	1
0	10058	14.14486016	1
0	10060	14.14490112	1
0	10062	14.14494208	1
0	10064	14.14498304	1
0	10066	14.145024	1
0	10077	14.14557344	1
0	10089	14.1456144	1
0	10099	14.14565536	1
0	10110	14.14569632	1
0	10112	14.14573728	1
0	10114	14.14577824	1
0	10116	14.1458192	1
0	10118	14.14586016	1
0	10120	14.14590112	1
0	10122	14.14594208	1
0	10124	14.14598304	1
0	10126	14.146024	1
0	10129	14.14657344	1
0	10133	14.1466144	1
0	10139	14.14665536	1
0	10146	14.14669632	1
0	10148	14.14673728	1
0	10150	14.14677824	1
0	10152	14.1468192	1
0	10154	14.14686016	1
0	10156	14.14690112	1
0	10158	14.14694208	1
0	10160	14.14698304	1
0	10162	14.147024	1
0	10165	14.14757344	1
0	10169	14.1476144	1
0	10175	14.14765536	1
0	10182	14.14769632	1
0	10184	14.14773728	1
0	10186	14.14777824	1
0	10188	14.1478192	1
0	10190	14.14786016	1
0	10192	14.14790112	1
0	10194	14.14794208	1
0	10196	14.14798304	1
0	10198	14.148024	1
0	10317	15.14757344	1
0	10329	15.1476144	1
0	10338	15.14765536	1
0	10347	15.14769632	1
0	10348	15.14773728	1
0	10349	15.14777824	1
0	10350	15.1478192	1
0	10351	15.14786016	1
0	10352	15.14790112	1
0	10353	15.14794208	1
0	10354	15.14798304	1
0	10355	15.148024	1
0	10377	15.14857344	1
0	10389	15.1486144	1
0	10399	15.14865536	1
0	10410	15.14869632	1
0	10412	15.14873728	1
0	10414	15.14877824	1
0	10416	15.1488192	1
0	10418	15.14886016	1
0	10420	15.14890112	1
0	10422	15.14894208	1
0	10424	15.14898304	1
0	10426	15.149024	1
0	10449	15.14957344	1
0	10461	15.1496144	1
0	10471	15.14965536	1
0	10482	15.14969632	1
0	10484	15.14973728	1
0	10486	15.14977824	1
0	10488	15.1498192	1
0	10490	15.14986016	1
0	10492	15.14990112	1
0	10494	15.14994208	1
0	10496	15.14998304	1
0	10498	15.150024	1
0	10521	15.15057344	1
0	10533	15.1506144	1
0	10543	15.15065536	1
0	10554	15.15069632	1
0	10556	15.15073728	1
0	10558	15.15077824	1
0	10560	15.1508192	1
0	10562	15.15086016	1
0	10564	15.15090112	1
0	10566	15.15094208	1
0	10568	15.15098304	1
0	10570	15.151024	1
0	10593	15.15157344	1
0	10605	15.1516144	1
0	10615	15.15165536	1
0	10626	15.15169632	1
0	10628	15.15173728	1
0	10630	15.15177824	1
0	10632	15.1518192	1
0	10634	15.15186016	1
0	10636	15.15190112	1
0	10638	15.15194208	1
0	10640	15.15198304	1
0	10642	15.152024	1
0	10665	15.15257344	1
0	10677	15.1526144	1
0	10687	15.15265536	1
0	10698	15.15269632	1
0	10700	15.15273728	1
0	10702	15.15277824	1
0	10704	15.1528192	1
0	10706	15.15286016	1
0	10708	15.15290112	1
0	10710	15.15294208	1
0	10712	15.15298304	1
0	10714	15.153024	1
0	10737	15.15357344	1
0	10749	15.1536144	1
0	10759	15.15365536	1
0	10770	15.15369632	1
0	10772	15.15373728	1
0	10774	15.15377824	1
0	10776	15.1538192	1
0	10778	15.15386016	1
0	10780	15.15390112	1
0	10782	15.15394208	1
0	10784	15.15398304	1
0	10786	15.154024	1
0	10797	15.15457344	1
0	10809	15.1546144	1
0	10819	15.15465536	1
0	10830	15.15469632	1
0	10832	15.15473728	1
0	10834	15.15477824	1
0	10836	15.1548192	1
0	10838	15.15486016	1
0	10840	15.15490112	1
0	10842	15.15494208	1
0	10844	15.15498304	1
0	10846	15.155024	1
0	10849	15.15557344	1
0	10853	15.1556144	1
0	10859	15.15565536	1
0	10866	15.15569632	1
0	10868	15.15573728	1
0	10870	15.15577824	1
0	10872	15.1558192	1
0	10874	15.15586016	1
0	10876	15.15590112	1
0	10878	15.15594208	1
0	10880	15.15598304	1
0	10882	15.156024	1
0	10885	15.15657344	1
0	10889	15.1566144	1
0	10895	15.15665536	1
0	10902	15.15669632	1
0	10904	15.15673728	1
0	10906	15.15677824	1
0	10908	15.1568192	1
0	10910	15.15686016	1
0	10912	15.15690112	1
0	10914	15.15694208	1
0	10916	15.15698304	1
0	10918	15.157024	1
0	11037	16.15657344	1
0	11049	16.1566144	1
0	11058	16.15665536	1
0	11067	16.15669632	1
0	11068	16.15673728	1
0	11069	16.15677824	1
0	11070	16.1568192	1
0	11071	16.15686016	1
0	11072	16.15690112	1
0	11073	16.15694208	1
0	11074	16.15698304	1
0	11075	16.157024	1
0	11097	16.15757344	1
0	11109	16.1576144	1
0	11119	16.15765536	1
0	11130	16.15769632	1
0	11132	16.15773728	1
0	11134	16.15777824	1
0	11136	16.1578192	1
0	11138	16.15786016	1
0	11140	16.15790112	1
0	11142	16.15794208	1
0	11144	16.15798304	1
0	11146	16.158024	1
0	11169	16.15857344	1
0	11181	16.1586144	1
0	11191	16.15865536	1
0	11202	16.15869632	1
0	11204	16.15873728	1
0	11206	16.15877824	1
0	11208	16.1588192	1
0	11210	16.15886016	1
0	11212	16.15890112	1
0	11214	16.15894208	1
0	11216	16.15898304	1
0	11218	16.159024	1
0	11241	16.15957344	1
0	11253	16.1596144	1
0	11263	16.15965536	1
0	11274	16.15969632	1
0	11276	16.15973728	1
0	11278	16.15977824	1
0	11280	16.1598192	1
0	11282	16.15986016	1
0	11284	16.15990112	1
0	11286	16.15994208	1
0	11288	16.15998304	1
0	11290	16.160024	1
0	11313	16.16057344	1
0	11325	16.1606144	1
0	11335	16.16065536	1
0	11346	16.16069632	1
0	11348	16.16073728	1
0	11350	16.16077824	1
0	11352	16.1608192	1
0	11354	16.16086016	1
0	11356	16.16090112	1
0	11358	16.16094208	1
0	11360	16.16098304	1
0	11362	16.161024	1
0	11385	16.16157344	1
0	11397	16.1616144	1
0	11407	16.16165536	1
0	11418	16.16169632	1
0	11420	16.16173728	1
0	11422	16.16177824	1
0	11424	16.1618192	1
0	11426	16.16186016	1
0	11428	16.16190112	1
0	11430	16.16194208	1
0	11432	16.16198304	1
0	11434	16.162024	1
0	11457	16.16257344	1
0	11469	16.1626144	1
0	11479	16.16265536	1
0	11490	16.16269632	1
0	11492	16.16273728	1
0	11494	16.16277824	1
0	11496	16.1628192	1
0	11498	16.16286016	1
0	11500	16.16290112	1
0	11502	16.16294208	1
0	11504	16.16298304	1
0	11506	16.163024	1
0	11517	16.16357344	1
0	11529	16.1636144	1
0	11539	16.16365536	1
0	11550	16.16369632	1
0	11552	16.16373728	1
0	11554	16.16377824	1
0	11556	16.1638192	1
0	11558	16.16386016	1
0	11560	16.16390112	1
0	11562	16.16394208	1
0	11564	16.16398304	1
0	11566	16.164024	1
0	11569	16.16457344	1
0	11573	16.1646144	1
0	11579	16.16465536	1
0	11586	16.16469632	1
0	11588	16.16473728	1
0	11590	16.16477824	1
0	11592	16.1648192	1
0	11594	16.16486016	1
0	11596	16.16490112	1
0	11598	16.16494208	1
0	11600	16.16498304	1
0	11602	16.165024	1
0	11605	16.16557344	1
0	11609	16.1656144	1
0	11615	16.16565536	1
0	11622	16.16569632	1
0	11624	16.16573728	1
0	11626	16.16577824	1
0	11628	16.1658192	1
0	11630	16.16586016	1
0	11632	16.16590112	1
0	11634	16.16594208	1
0	11636	16.16598304	1
0	11638	16.166024	1
0	11757	17.16557344	1
0	11769	17.1656144	1
0	11778	17.16565536	1
0	11787	17.16569632	1
0	11788	17.16573728	1
0	11789	17.16577824	1
0	11790	17.1658192	1
0	11791	17.16586016	1
0	11792	17.16590112	1
0	11793	17.16594208	1
0	11794	17.16598304	1
0	11795	17.166024	1
0	11817	17.16657344	1
0	11829	17.1666144	1
0	11839	17.16665536	1
0	11850	17.16669632	1
0	11852	17.16673728	1
0	11854	17.16677824	1
0	11856	17.1668192	1
0	11858	17.16686016	1
0	11860	17.16690112	1
0	11862	17.16694208	1
0	11864	17.16698304	1
0	11866	17.167024	1
0	11889	17.16757344	1
0	11901	17.1676144	1
0	11911	17.16765536	1
0	11922	17.16769632	1
0	11924	17.16773728	1
0	11926	17.16777824	1
0	11928	17.1678192	1
0	11930	17.16786016	1
0	11932	17.16790112	1
0	11934	17.16794208	1
0	11936	17.16798304	1
0	11938	17.168024	1
0	11961	17.16857344	1
0	11973	17.1686144	1
0	11983	17.16865536	1
0	11994	17.16869632	1
0	11996	17.16873728	1
0	11998	17.16877824	1
0	12000	17.1688192	1
0	12002	17.16886016	1
0	12004	17.16890112	1
0	12006	17.16894208	1
0	12008	17.16898304	1
0	12010	17.169024	1
0	12033	17.16957344	1
0	12045	17.1696144	1
0	12055	17.16965536	1
0	12066	17.16969632	1
0	12068	17.16973728	1
0	12070	17.16977824	1
0	12072	17.1698192	1
0	12074	17.16986016	1
0	12076	17.16990112	1
0	12078	17.16994208	1
0	12080	17.16998304	1
0	12082	17.170024	1
0	12105	17.17057344	1
0	12117	17.1706144	1
0	12127	17.17065536	1
0	12138	17.17069632	1
0	12140	17.17073728	1
0	12142	17.17077824	1
0	12144	17.1708192	1
0	12146	17.17086016	1
0	12148	17.17090112	1
0	12150	17.17094208	1
0	12152	17.17098304	1
0	12154	17.171024	1
0	12177	17.17157344	1
0	12189	17.1716144	1
0	12199	17.17165536	1
0	12210	17.17169632	1
0	12212	17.17173728	1
0	12214	17.17177824	1
0	12216	17.1718192	1
0	12218	17.17186016	1
0	12220	17.17190112	1
0	12222	17.17194208	1
0	12224	17.17198304	1
0	12226	17.172024	1
0	12237	17.17257344	1
0	12249	17.1726144	1
0	12259	17.17265536	1
0	12270	17.17269632	1
0	12272	17.17273728	1
0	12274	17.17277824	1
0	12276	17.1728192	1
0	12278	17.17286016	1
0	12280	17.17290112	1
0	12282	17.17294208	1
0	12284	17.17298304	1
0	12286	17.173024	1
0	12289	17.17357344	1
0	12293	17.1736144	1
0	12299	17.17365536	1
0	12306	17.17369632	1
0	12308	17.17373728	1
0	12310	17.17377824	1
0	12312	17.1738192	1
0	12314	17.17386016	1
0	12316	17.17390112	1
0	12318	17.17394208	1
0	12320	17.17398304	1
0	12322	17.174024	1
0	12325	17.17457344	1
0	12329	17.1746144	1
0	12335	17.17465536	1
0	12342	17.17469632	1
0	12344	17.17473728	1
0	12346	17.17477824	1
0	12348	17.1748192	1
0	12350	17.17486016	1
0	12352	17.17490112	1
0	12354	17.17494208	1
0	12356	17.17498304	1
0	12358	17.175024	1
0	12477	18.17457344	1
0	12489	18.1746144	1
0	12498	18.17465536	1
0	12507	18.17469632	1
0	12508	18.17473728	1
0	12509	18.17477824	1
0	12510	18.1748192	1
0	12511	18.17486016	1
0	12512	18.17490112	1
0	12513	18.17494208	1
0	12514	18.17498304	1
0	12515	18.175024	1
0	12537	18.17557344	1
0	12549	18.1756144	1
0	12559	18.17565536	1
0	12570	18.17569632	1
0	12572	18.17573728	1
0	12574	18.17577824	1
0	12576	18.1758192	1
0	12578	18.17586016	1
0	12580	18.17590112	1
0	12582	18.17594208	1
0	12584	18.17598304	1
0	12586	18.176024	1
0	12609	18.17657344	1
0	12621	18.1766144	1
0	12631	18.17665536	1
0	12642	18.17669632	1
0	12644	18.17673728	1
0	12646	18.17677824	1
0	12648	18.1768192	1
0	12650	18.17686016	1
0	12652	18.17690112	1
0	12654	18.17694208	1
0	12656	18.17698304	1
0	12658	18.177024	1
0	12681	18.17757344	1
0	12693	18.1776144	1
0	12703	18.17765536	1
0	12714	18.17769632	1
0	12716	18.17773728	1
0	12718	18.17777824	1
0	12720	18.1778192	1
0	12722	18.17786016	1
0	12724	18.17790112	1
0	12726	18.17794208	1
0	12728	18.17798304	1
0	12730	18.178024	1
0	12753	18.17857344	1
0	12765	18.1786144	1
0	12775	18.17865536	1
0	12786	18.17869632	1
0	12788	18.17873728	1
0	12790	18.17877824	1
0	12792	18.1788192	1
0	12794	18.17886016	1
0	12796	18.17890112	1
0	12798	18.17894208	1
0	12800	18.17898304	1
0	12802	18.179024	1
0	12825	18.17957344	1
0	12837	18.1796144	1
0	12847	18.17965536	1
0	12858	18.17969632	1
0	12860	18.17973728	1
0	12862	18.17977824	1
0	12864	18.1798192	1
0	12866	18.17986016	1
0	12868	18.17990112	1
0	12870	18.17994208	1
0	12872	18.17998304	1
0	12874	18.180024	1
0	12897	18.18057344	1
0	12909	18.1806144	1
0	12919	18.18065536	1
0	12930	18.18069632	1
0	12932	18.18073728	1
0	12934	18.18077824	1
0	12936	18.1808192	1
0	12938	18.18086016	1
0	12940	18.18090112	1
0	12942	18.18094208	1
0	12944	18.18098304	1
0	12946	18.181024	1
0	12957	18.18157344	1
0	12969	18.1816144	1
0	12979	18.18165536	1
0	12990	18.18169632	1
0	12992	18.18173728	1
0	12994	18.18177824	1
0	12996	18.1818192	1
0	12998	18.18186016	1
0	13000	18.18190112	1
0	13002	18.18194208	1
0	13004	18.18198304	1
0	13006	18.182024	1
0	13009	18.18257344	1
0	13013	18.1826144	1
0	13019	18.18265536	1
0	13026	18.18269632	1
0	13028	18.18273728	1
0	13030	18.18277824	1
0	13032	18.1828192	1
0	13034	18.18286016	1
0	13036	18.18290112	1
0	13038	18.18294208	1
0	13040	18.18298304	1
0	13042	18.183024	1
0	13045	18.18357344	1
0	13049	18.1836144	1
0	13055	18.18365536	1
0	13062	18.18369632	1
0	13064	18.18373728	1
0	13066	18.18377824	1
0	13068	18.1838192	1
0	13070	18.18386016	1
0	13072	18.18390112	1
0	13074	18.18394208	1
0	13076	18.18398304	1
0	13078	18.184024	1
0	13197	19.18357344	1
0	13209	19.1836144	1
0	13218	19.18365536	1
0	13227	19.18369632	1
0	13228	19.18373728	1
0	13229	19.18377824	1
0	13230	19.1838192	1
0	13231	19.18386016	1
0	13232	19.18390112	1
0	13233	19.18394208	1
0	13234	19.18398304	1
0	13235	19.184024	1
0	13257	19.18457344	1
0	13269	19.1846144	1
0	13279	19.18465536	1
0	13290	19.18469632	1
0	13292	19.18473728	1
0	13294	19.18477824	1
0	13296	19.1848192	1
0	13298	19.18486016	1
0	13300	19.18490112	1
0	13302	19.18494208	1
0	13304	19.18498304	1
0	13306	19.185024	1
0	13329	19.18557344	1
0	13341	19.1856144	1
0	13351	19.18565536	1
0	13362	19.18569632	1
0	13364	19.18573728	1
0	13366	19.18577824	1
0	13368	19.1858192	1
0	13370	19.18586016	1
0	13372	19.18590112	1
0	13374	19.18594208	1
0	13376	19.18598304	1
0	13378	19.186024	1
0	13401	19.18657344	1
0	13413	19.1866144	1
0	13423	19.18665536	1
0	13434	19.18669632	1
0	13436	19.18673728	1
0	13438	19.18677824	1
0	13440	19.1868192	1
0	13442	19.18686016	1
0	13444	19.18690112	1
0	13446	19.18694208	1
0	13448	19.18698304	1
0	13450	19.187024	1
0	13473	19.18757344	1
0	13485	19.1876144	1
0	13495	19.18765536	1
0	13506	19.18769632	1
0	13508	19.18773728	1
0	13510	19.18777824	1
0	13512	19.1878192	1
0	13514	19.18786016	1
0	13516	19.18790112	1
0	13518	19.18794208	1
0	13520	19.18798304	1
0	13522	19.188024	1
0	13545	19.18857344	1
0	13557	19.1886144	1
0	13567	19.18865536	1
0	13578	19.18869632	1
0	13580	19.18873728	1
0	13582	19.18877824	1
0	13584	19.1888192	1
0	13586	19.18886016	1
0	13588	19.18890112	1
0	13590	19.18894208	1
0	13592	19.18898304	1
0	13594	19.189024	1
0	13617	19.18957344	1
0	13629	19.1896144	1
0	13639	19.18965536	1
0	13650	19.18969632	1
0	13652	19.18973728	1
0	13654	19.18977824	1
0	13656	19.1898192	1
0	13658	19.18986016	1
0	13660	19.18990112	1
0	13662	19.18994208	1
0	13664	19.18998304	1
0	13666	19.190024	1
0	13677	19.19057344	1
0	13689	19.1906144	1
0	13699	19.19065536	1
0	13710	19.19069632	1
0	13712	19.19073728	1
0	13714	19.19077824	1
0	13716	19.1908192	1
0	13718	19.19086016	1
0	13720	19.19090112	1
0	13722	19.19094208	1
0	13724	19.19098304	1
0	13726	19.191024	1
0	13729	19.19157344	1
0	13733	19.1916144	1
0	13739	19.19165536	1
0	13746	19.19169632	1
0	13748	19.19173728	1
0	13750	19.19177824	1
0	13752	19.1918192	1
0	13754	19.19186016	1
0	13756	19.19190112	1
0	13758	19.19194208	1
0	13760	19.19198304	1
0	13762	19.192024	1
0	13765	19.19257344	1
0	13769	19.1926144	1
0	13775	19.19265536	1
0	13782	19.19269632	1
0	13784	19.19273728	1
0	13786	19.19277824	1
0	13788	19.1928192	1
0	13790	19.19286016	1
0	13792	19.19290112	1
0	13794	19.19294208	1
0	13796	19.19298304	1
0	13798	19.193024	1
0	13917	20.19257344	1
0	13929	20.1926144	1
0	13938	20.19265536	1
0	13947	20.19269632	1
0	13948	20.19273728	1
0	13949	20.19277824	1
0	13950	20.1928192	1
0	13951	20.19286016	1
0	13952	20.19290112	1
0	13953	20.19294208	1
0	13954	20.19298304	1
0	13955	20.193024	1
0	13977	20.19357344	1
0	13989	20.1936144	1
0	13999	20.19365536	1
0	14010	20.19369632	1
0	14012	20.19373728	1
0	14014	20.19377824	1
0	14016	20.1938192	1
0	14018	20.19386016	1
0	14020	20.19390112	1
0	14022	20.19394208	1
0	14024	20.19398304	1
0	14026	20.194024	1
0	14049	20.19457344	1
0	14061	20.1946144	1
0	14071	20.19465536	1
0	14082	20.19469632	1
0	14084	20.19473728	1
0	14086	20.19477824	1
0	14088	20.1948192	1
0	14090	20.19486016	1
0	14092	20.19490112	1
0	14094	20.19494208	1
0	14096	20.19498304	1
0	14098	20.195024	1
0	14121	20.19557344	1
0	14133	20.1956144	1
0	14143	20.19565536	1
0	14154	20.19569632	1
0	14156	20.19573728	1
0	14158	20.19577824	1
0	14160	20.1958192	1
0	14162	20.19586016	1
0	14164	20.19590112	1
0	14166	20.19594208	1
0	14168	20.19598304	1
0	14170	20.196024	1
0	14193	20.19657344	1
0	14205	20.1966144	1
0	14215	20.19665536	1
0	14226	20.19669632	1
0	14228	20.19673728	1
0	14230	20.19677824	1
0	14232	20.1968192	1
0	14234	20.19686016	1
0	14236	20.19690112	1
0	14238	20.19694208	1
0	14240	20.19698304	1
0	14242	20.197024	1
0	14265	20.19757344	1
0	14277	20.1976144	1
0	14287	20.19765536	1
0	14298	20.19769632	1
0	14300	20.19773728	1
0	14302	20.19777824	1
0	14304	20.1978192	1
0	14306	20.19786016	1
0	14308	20.19790112	1
0	14310	20.19794208	1
0	14312	20.19798304	1
0	14314	20.198024	1
0	14337	20.19857344	1
0	14349	20.1986144	1
0	14359	20.19865536	1
0	14370	20.19869632	1
0	14372	20.19873728	1
0	14374	20.19877824	1
0	14376	20.1988192	1
0	14378	20.19886016	1
0	14380	20.19890112	1
0	14382	20.19894208	1
0	14384	20.19898304	1
0	14386	20.199024	1
0	14397	20.19957344	1
0	14409	20.1996144	1
0	14419	20.19965536	1
0	14430	20.19969632	1
0	14432	20.19973728	1
0	14434	20.19977824	1
0	14436	20.1998192	1
0	14438	20.19986016	1
0	14440	20.19990112	1
0	14442	20.19994208	1
0	14444	20.19998304	1
0	14446	20.200024	1
0	14449	20.20057344	1
0	14453	20.2006144	1
0	14459	20.20065536	1
0	14466	20.20069632	1
0	14468	20.20073728	1
0	14470	20.20077824	1
0	14472	20.2008192	1
0	14474	20.20086016	1
0	14476	20.20090112	1
0	14478	20.20094208	1
0	14480	20.20098304	1
0	14482	20.201024	1
0	14485	20.20157344	1
0	14489	20.2016144	1
0	14495	20.20165536	1
0	14502	20.20169632	1
0	14504	20.20173728	1
0	14506	20.20177824	1
0	14508	20.2018192	1
0	14510	20.20186016	1
0	14512	20.20190112	1
0	14514	20.20194208	1
0	14516	20.20198304	1
0	14518	20.202024	1
0	14637	21.20157344	1
0	14649	21.2016144	1
0	14658	21.20165536	1
0	14667	21.20169632	1
0	14668	21.20173728	1
0	14669	21.20177824	1
0	14670	21.2018192	1
0	14671	21.20186016	1
0	14672	21.20190112	1
0	14673	21.20194208	1
0	14674	21.20198304	1
0	14675	21.202024	1
0	14697	21.20257344	1
0	14709	21.2026144	1
0	14719	21.20265536	1
0	14730	21.20269632	1
0	14732	21.20273728	1
0	14734	21.20277824	1
0	14736	21.2028192	1
0	14738	21.20286016	1
0	14740	21.20290112	1
0	14742	21.20294208	1
0	14744	21.20298304	1
0	14746	21.203024	1
0	14769	21.20357344	1
0	14781	21.2036144	1
0	14791	21.20365536	1
0	14802	21.20369632	1
0	14804	21.20373728	1
0	14806	21.20377824	1
0	14808	21.2038192	1
0	14810	21.20386016	1
0	14812	21.20390112	1
0	14814	21.20394208	1
0	14816	21.20398304	1
0	14818	21.204024	1
0	14841	21.20457344	1
0	14853	21.2046144	1
0	14863	21.20465536	1
0	14874	21.20469632	1
0	14876	21.20473728	1
0	14878	21.20477824	1
0	14880	21.2048192	1
0	14882	21.20486016	1
0	14884	21.20490112	1
0	14886	21.20494208	1
0	14888	21.20498304	1
0	14890	21.205024	1
0	14913	21.20557344	1
0	14925	21.2056144	1
0	14935	21.20565536	1
0	14946	21.20569632	1
0	14948	21.20573728	1
0	14950	21.20577824	1
0	14952	21.2058192	1
0	14954	21.20586016	1
0	14956	21.20590112	1
0	14958	21.20594208	1
0	14960	21.20598304	1
0	14962	21.206024	1
0	14985	21.20657344	1
0	14997	21.2066144	1
0	15007	21.20665536	1
0	15018	21.20669632	1
0	15020	21.20673728	1
0	15022	21.20677824	1
0	15024	21.2068192	1
0	15026	21.20686016	1
0	15028	21.20690112	1
0	15030	21.20694208	1
0	15032	21.20698304	1
0	15034	21.207024	1
0	15057	21.20757344	1
0	15069	21.2076144	1
0	15079	21.20765536	1
0	15090	21.20769632	1
0	15092	21.20773728	1
0	15094	21.20777824	1
0	15096	21.2078192	1
0	15098	21.20786016	1
0	15100	21.20790112	1
0	15102	21.20794208	1
0	15104	21.20798304	1
0	15106	21.208024	1
0	15117	21.20857344	1
0	15129	21.2086144	1
0	15139	21.20865536	1
0	15150	21.20869632	1
0	15152	21.20873728	1
0	15154	21.20877824	1
0	15156	21.2088192	1
0	15158	21.20886016	1
0	15160	21.20890112	1
0	15162	21.20894208	1
0	15164	21.20898304	1
0	15166	21.209024	1
0	15169	21.20957344	1
0	15173	21.2096144	1
0	15179	21.20965536	1
0	15186	21.20969632	1
0	15188	21.20973728	1
0	15190	21.20977824	1
0	15192	21.2098192	1
0	15194	21.20986016	1
0	15196	21.20990112	1
0	15198	21.20994208	1
0	15200	21.20998304	1
0	15202	21.210024	1
0	15205	21.21057344	1
0	15209	21.2106144	1
0	15215	21.21065536	1
0	15222	21.21069632	1
0	15224	21.21073728	1
0	15226	21.21077824	1
0	15228	21.2108192	1
0	15230	21.21086016	1
0	15232	21.21090112	1
0	15234	21.21094208	1
0	15236	21.21098304	1
0	15238	21.211024	1
0	15357	22.21057344	1
0	15369	22.2106144	1
0	15378	22.21065536	1
0	15387	22.21069632	1
0	15388	22.21073728	1
0	15389	22.21077824	1
0	15390	22.2108192	1
0	15391	22.21086016	1
0	15392	22.21090112	1
0	15393	22.21094208	1
0	15394	22.21098304	1
0	15395	22.211024	1
0	15417	22.21157344	1
0	15429	22.2116144	1
0	15439	22.21165536	1
0	15450	22.21169632	1
0	15452	22.21173728	1
0	15454	22.21177824	1
0	15456	22.2118192	1
0	15458	22.21186016	1
0	15460	22.21190112	1
0	15462	22.21194208	1
0	15464	22.21198304	1
0	15466	22.212024	1
0	15489	22.21257344	1
0	15501	22.2126144	1
0	15511	22.21265536	1
0	15522	22.21269632	1
0	15524	22.21273728	1
0	15526	22.21277824	1
0	15528	22.2128192	1
0	15530	22.21286016	1
0	15532	22.21290112	1
0	15534	22.21294208	1
0	15536	22.21298304	1
0	15538	22.213024	1
0	15561	22.21357344	1
0	15573	22.2136144	1
0	15583	22.21365536	1
0	15594	22.21369632	1
0	15596	22.21373728	1
0	15598	22.21377824	1
0	15600	22.2138192	1
0	15602	22.21386016	1
0	15604	22.21390112	1
0	15606	22.21394208	1
0	15608	22.21398304	1
0	15610	22.214024	1
0	15633	22.21457344	1
0	15645	22.2146144	1
0	15655	22.21465536	1
0	15666	22.21469632	1
0	15668	22.21473728	1
0	15670	22.21477824	1
0	15672	22.2148192	1
0	15674	22.21486016	1
0	15676	22.21490112	1
0	15678	22.21494208	1
0	15680	22.21498304	1
0	15682	22.215024	1
0	15705	22.21557344	1
0	15717	22.2156144	1
0	15727	22.21565536	1
0	15738	22.21569632	1
0	15740	22.21573728	1
0	15742	22.21577824	1
0	15744	22.2158192	1
0	15746	22.21586016	1
0	15748	22.21590112	1
0	15750	22.21594208	1
0	15752	22.21598304	1
0	15754	22.216024	1
0	15777	22.21657344	1
0	15789	22.2166144	1
0	15799	22.21665536	1
0	15810	22.21669632	1
0	15812	22.21673728	1
0	15814	22.21677824	1
0	15816	22.2168192	1
0	15818	22.21686016	1
0	15820	22.21690112	1
0	15822	22.21694208	1
0	15824	22.21698304	1
0	15826	22.217024	1
0	15837	22.21757344	1
0	15849	22.2176144	1
0	15859	22.21765536	1
0	15870	22.21769632	1
0	15872	22.21773728	1
0	15874	22.21777824	1
0	15876	22.2178192	1
0	15878	22.21786016	1
0	15880	22.21790112	1
0	15882	22.21794208	1
0	15884	22.21798304	1
0	15886	22.218024	1
0	15889	22.21857344	1
0	15893	22.2186144	1
0	15899	22.21865536	1
0	15906	22.21869632	1
0	15908	22.21873728	1
0	15910	22.21877824	1
0	15912	22.2188192	1
0	15914	22.21886016	1
0	15916	22.21890112	1
0	15918	22.21894208	1
0	15920	22.21898304	1
0	15922	22.219024	1
0	15925	22.21957344	1
0	15929	22.2196144	1
0	15935	22.21965536	1
0	15942	22.21969632	1
0	15944	22.21973728	1
0	15946	22.21977824	1
0	15948	22.2198192	1
0	15950	22.21986016	1
0	15952	22.21990112	1
0	15954	22.21994208	1
0	15956	22.21998304	1
0	15958	22.220024	1
0	16077	23.21957344	1
0	16089	23.2196144	1
0	16098	23.21965536	1
0	16107	23.21969632	1
0	16108	23.21973728	1
0	16109	23.21977824	1
0	16110	23.2198192	1
0	16111	23.21986016	1
0	16112	23.21990112	1
0	16113	23.21994208	1
0	16114	23.21998304	1
0	16115	23.220024	1
0	16137	23.22057344	1
0	16149	23.2206144	1
0	16159	23.22065536	1
0	16170	23.22069632	1
0	16172	23.22073728	1
0	16174	23.22077824	1
0	16176	23.2208192	1
0	16178	23.22086016	1
0	16180	23.22090112	1
0	16182	23.22094208	1
0	16184	23.22098304	1
0	16186	23.221024	1
0	16209	23.22157344	1
0	16221	23.2216144	1
0	16231	23.22165536	1
0	16242	23.22169632	1
0	16244	23.22173728	1
0	16246	23.22177824	1
0	16248	23.2218192	1
0	16250	23.22186016	1
0	16252	23.22190112	1
0	16254	23.22194208	1
0	16256	23.22198304	1
0	16258	23.222024	1
0	16281	23.22257344	1
0	16293	23.2226144	1
0	16303	23.22265536	1
0	16314	23.22269632	1
0	16316	23.22273728	1
0	16318	23.22277824	1
0	16320	23.2228192	1
0	16322	23.22286016	1
0	16324	23.22290112	1
0	16326	23.22294208	1
0	16328	23.22298304	1
0	16330	23.223024	1
0	16353	23.22357344	1
0	16365	23.2236144	1
0	16375	23.22365536	1
0	16386	23.22369632	1
0	16388	23.22373728	1
0	16390	23.22377824	1
0	16392	23.2238192	1
0	16394	23.22386016	1
0	16396	23.22390112	1
0	16398	23.22394208	1
0	16400	23.22398304	1
0	16402	23.224024	1
0	16425	23.22457344	1
0	16437	23.2246144	1
0	16447	23.22465536	1
0	16458	23.22469632	1
0	16460	23.22473728	1
0	16462	23.22477824	1
0	16464	23.2248192	1
0	16466	23.22486016	1
0	16468	23.22490112	1
0	16470	23.22494208	1
0	16472	23.22498304	1
0	16474	23.225024	1
0	16497	23.22557344	1
0	16509	23.2256144	1
0	16519	23.22565536	1
0	16530	23.22569632	1
0	16532	23.22573728	1
0	16534	23.22577824	1
0	16536	23.2258192	1
0	16538	23.22586016	1
0	16540	23.22590112	1
0	16542	23.22594208	1
0	16544	23.22598304	1
0	16546	23.226024	1
0	16557	23.22657344	1
0	16569	23.2266144	1
0	16579	23.22665536	1
0	16590	23.22669632	1
0	16592	23.22673728	1
0	16594	23.22677824	1
0	16596	23.2268192	1
0	16598	23.22686016	1
0	16600	23.22690112	1
0	16602	23.22694208	1
0	16604	23.22698304	1
0	16606	23.227024	1
0	16609	23.22757344	1
0	16613	23.2276144	1
0	16619	23.22765536	1
0	16626	23.22769632	1
0	16628	23.22773728	1
0	16630	23.22777824	1
0	16632	23.2278192	1
0	16634	23.22786016	1
0	16636	23.22790112	1
0	16638	23.22794208	1
0	16640	23.22798304	1
0	16642	23.228024	1
0	16645	23.22857344	1
0	16649	23.2286144	1
0	16655	23.22865536	1
0	16662	23.22869632	1
0	16664	23.22873728	1
0	16666	23.22877824	1
0	16668	23.2288192	1
0	16670	23.22886016	1
0	16672	23.22890112	1
0	16674	23.22894208	1
0	16676	23.22898304	1
0	16678	23.229024	1
0	16797	24.22857344	1
0	16809	24.2286144	1
0	16818	24.22865536	1
0	16827	24.22869632	1
0	16828	24.22873728	1
0	16829	24.22877824	1
0	16830	24.2288192	1
0	16831	24.22886016	1
0	16832	24.22890112	1
0	16833	24.22894208	1
0	16834	24.22898304	1
0	16835	24.229024	1
0	16857	24.22957344	1
0	16869	24.2296144	1
0	16879	24.22965536	1
0	16890	24.22969632	1
0	16892	24.22973728	1
0	16894	24.22977824	1
0	16896	24.2298192	1
0	16898	24.22986016	1
0	16900	24.22990112	1
0	16902	24.22994208	1
0	16904	24.22998304	1
0	16906	24.230024	1
0	16929	24.23057344	1
0	16941	24.2306144	1
0	16951	24.23065536	1
0	16962	24.23069632	1
0	16964	24.23073728	1
0	16966	24.23077824	1
0	16968	24.2308192	1
0	16970	24.23086016	1
0	16972	24.23090112	1
0	16974	24.23094208	1
0	16976	24.23098304	1
0	16978	24.231024	1
0	17001	24.23157344	1
0	17013	24.2316144	1
0	17023	24.23165536	1
0	17034	24.23169632	1
0	17036	24.23173728	1
0	17038	24.23177824	1
0	17040	24.2318192	1
0	17042	24.23186016	1
0	17044	24.23190112	1
0	17046	24.23194208	1
0	17048	24.23198304	1
0	17050	24.232024	1
0	17073	24.23257344	1
0	17085	24.2326144	1
0	17095	24.23265536	1
0	17106	24.23269632	1
0	17108	24.23273728	1
0	17110	24.23277824	1
0	17112	24.2328192	1
0	17114	24.23286016	1
0	17116	24.23290112	1
0	17118	24.23294208	1
0	17120	24.23298304	1
0	17122	24.233024	1
0	17145	24.23357344	1
0	17157	24.2336144	1
0	17167	24.23365536	1
0	17178	24.23369632	1
0	17180	24.23373728	1
0	17182	24.23377824	1
0	17184	24.2338192	1
0	17186	24.23386016	1
0	17188	24.23390112	1
0	17190	24.23394208	1
0	17192	24.23398304	1
0	17194	24.234024	1
0	17217	24.23457344	1
0	17229	24.2346144	1
0	17239	24.23465536	1
0	17250	24.23469632	1
0	17252	24.23473728	1
0	17254	24.23477824	1
0	17256	24.2348192	1
0	17258	24.23486016	1
0	17260	24.23490112	1
0	17262	24.23494208	1
0	17264	24.23498304	1
0	17266	24.235024	1
0	17277	24.23557344	1
0	17289	24.2356144	1
0	17299	24.23565536	1
0	17310	24.23569632	1
0	17312	24.23573728	1
0	17314	24.23577824	1
0	17316	24.2358192	1
0	17318	24.23586016	1
0	17320	24.23590112	1
0	17322	24.23594208	1
0	17324	24.23598304	1
0	17326	24.236024	1
0	17329	24.23657344	1
0	17333	24.2366144	1
0	17339	24.23665536	1
0	17346	24.23669632	1
0	17348	24.23673728	1
0	17350	24.23677824	1
0	17352	24.2368192	1
0	17354	24.23686016	1
0	17356	24.23690112	1
0	17358	24.23694208	1
0	17360	24.23698304	1
0	17362	24.237024	1
0	17365	24.23757344	1
0	17369	24.2376144	1
0	17375	24.23765536	1
0	17382	24.23769632	1
0	17384	24.23773728	1
0	17386	24.23777824	1
0	17388	24.2378192	1
0	17390	24.23786016	1
0	17392	24.23790112	1
0	17394	24.23794208	1
0	17396	24.23798304	1
0	17398	24.238024	1
0	17517	25.23757344	1
0	17529	25.2376144	1
0	17538	25.23765536	1
0	17547	25.23769632	1
0	17548	25.23773728	1
0	17549	25.23777824	1
0	17550	25.2378192	1
0	17551	25.23786016	1
0	17552	25.23790112	1
0	17553	25.23794208	1
0	17554	25.23798304	1
0	17555	25.238024	1
0	17577	25.23857344	1
0	17589	25.2386144	1
0	17599	25.23865536	1
0	17610	25.23869632	1
0	17612	25.23873728	1
0	17614	25.23877824	1
0	17616	25.2388192	1
0	17618	25.23886016	1
0	17620	25.23890112	1
0	17622	25.23894208	1
0	17624	25.23898304	1
0	17626	25.239024	1
0	17649	25.23957344	1
0	17661	25.2396144	1
0	17671	25.23965536	1
0	17682	25.23969632	1
0	17684	25.23973728	1
0	17686	25.23977824	1
0	17688	25.2398192	1
0	17690	25.23986016	1
0	17692	25.23990112	1
0	17694	25.23994208	1
0	17696	25.23998304	1
0	17698	25.240024	1
0	17721	25.24057344	1
0	17733	25.2406144	1
0	17743	25.24065536	1
0	17754	25.24069632	1
0	17756	25.24073728	1
0	17758	25.24077824	1
0	17760	25.2408192	1
0	17762	25.24086016	1
0	17764	25.24090112	1
0	17766	25.24094208	1
0	17768	25.24098304	1
0	17770	25.241024	1
0	17793	25.24157344	1
0	17805	25.2416144	1
0	17815	25.24165536	1
0	17826	25.24169632	1
0	17828	25.24173728	1
0	17830	25.24177824	1
0	17832	25.2418192	1
0	17834	25.24186016	1
0	17836	25.24190112	1
0	17838	25.24194208	1
0	17840	25.24198304	1
0	17842	25.242024	1
0	17865	25.24257344	1
0	17877	25.2426144	1
0	17887	25.24265536	1
0	17898	25.24269632	1
0	17900	25.24273728	1
0	17902	25.24277824	1
0	17904	25.2428192	1
0	17906	25.24286016	1
0	17908	25.24290112	1
0	17910	25.24294208	1
0	17912	25.24298304	1
0	17914	25.243024	1
0	17937	25.24357344	1
0	17949	25.2436144	1
0	17959	25.24365536	1
0	17970	25.24369632	1
0	17972	25.24373728	1
0	17974	25.24377824	1
0	17976	25.2438192	1
0	17978	25.24386016	1
0	17980	25.24390112	1
0	17982	25.24394208	1
0	17984	25.24398304	1
0	17986	25.244024	1
0	17997	25.24457344	1
0	18009	25.2446144	1
0	18019	25.24465536	1
0	18030	25.24469632	1
0	18032	25.24473728	1
0	18034	25.24477824	1
0	18036	25.2448192	1
0	18038	25.24486016	1
0	18040	25.24490112	1
0	18042	25.24494208	1
0	18044	25.24498304	1
0	18046	25.245024	1
0	18049	25.24557344	1
0	18053	25.2456144	1
0	18059	25.24565536	1
0	18066	25.24569632	1
0	18068	25.24573728	1
0	18070	25.24577824	1
0	18072	25.2458192	1
0	18074	25.24586016	1
0	18076	25.24590112	1
0	18078	25.24594208	1
0	18080	25.24598304	1
0	18082	25.246024	1
0	18085	25.24657344	1
0	18089	25.2466144	1
0	18095	25.24665536	1
0	18102	25.24669632	1
0	18104	25.24673728	1
0	18106	25.24677824	1
0	18108	25.2468192	1
0	18110	25.24686016	1
0	18112	25.24690112	1
0	18114	25.24694208	1
0	18116	25.24698304	1
0	18118	25.247024	1
0	18237	26.24657344	1
0	18249	26.2466144	1
0	18258	26.24665536	1
0	18267	26.24669632	1
0	18268	26.24673728	1
0	18269	26.24677824	1
0	18270	26.2468192	1
0	18271	26.24686016	1
0	18272	26.24690112	1
0	18273	26.24694208	1
0	18274	26.24698304	1
0	18275	26.247024	1
0	18297	26.24757344	1
0	18309	26.2476144	1
0	18319	26.24765536	1
0	18330	26.24769632	1
0	18332	26.24773728	1
0	18334	26.24777824	1
0	18336	26.2478192	1
0	18338	26.24786016	1
0	18340	26.24790112	1
0	18342	26.24794208	1
0	18344	26.24798304	1
0	18346	26.248024	1
0	18369	26.24857344	1
0	18381	26.2486144	1
0	18391	26.24865536	1
0	18402	26.24869632	1
0	18404	26.24873728	1
0	18406	26.24877824	1
0	18408	26.2488192	1
0	18410	26.24886016	1
0	18412	26.24890112	1
0	18414	26.24894208	1
0	18416	26.24898304	1
0	18418	26.249024	1
0	18441	26.24957344	1
0	18453	26.2496144	1
0	18463	26.24965536	1
0	18474	26.24969632	1
0	18476	26.24973728	1
0	18478	26.24977824	1
0	18480	26.2498192	1
0	18482	26.24986016	1
0	18484	26.24990112	1
0	18486	26.24994208	1
0	18488	26.24998304	1
0	18490	26.250024	1
0	18513	26.25057344	1
0	18525	26.2506144	1
0	18535	26.25065536	1
0	18546	26.25069632	1
0	18548	26.25073728	1
0	18550	26.25077824	1
0	18552	26.2508192	1
0	18554	26.25086016	1
0	18556	26.25090112	1
0	18558	26.25094208	1
0	18560	26.25098304	1
0	18562	26.251024	1
0	18585	26.25157344	1
0	18597	26.2516144	1
0	18607	26.25165536	1
0	18618	26.25169632	1
0	18620	26.25173728	1
0	18622	26.25177824	1
0	18624	26.2518192	1
0	18626	26.25186016	1
0	18628	26.25190112	1
0	18630	26.25194208	1
0	18632	26.25198304	1
0	18634	26.252024	1
0	18657	26.25257344	1
0	18669	26.2526144	1
0	18679	26.25265536	1
0	18690	26.25269632	1
0	18692	26.25273728	1
0	18694	26.25277824	1
0	18696	26.2528192	1
0	18698	26.25286016	1
0	18700	26.25290112	1
0	18702	26.25294208	1
0	18704	26.25298304	1
0	18706	26.253024	1
0	18717	26.25357344	1
0	18729	26.2536144	1
0	18739	26.25365536	1
0	18750	26.25369632	1
0	18752	26.25373728	1
0	18754	26.25377824	1
0	18756	26.2538192	1
0	18758	26.25386016	1
0	18760	26.25390112	1
0	18762	26.25394208	1
0	18764	26.25398304	1
0	18766	26.254024	1
0	18769	26.25457344	1
0	18773	26.2546144	1
0	18779	26.25465536	1
0	18786	26.25469632	1
0	18788	26.25473728	1
0	18790	26.25477824	1
0	18792	26.2548192	1
0	18794	26.25486016	1
0	18796	26.25490112	1
0	18798	26.25494208	1
0	18800	26.25498304	1
0	18802	26.255024	1
0	18805	26.25557344	1
0	18809	26.2556144	1
0	18815	26.25565536	1
0	18822	26.25569632	1
0	18824	26.25573728	1
0	18826	26.25577824	1
0	18828	26.2558192	1
0	18830	26.25586016	1
0	18832	26.25590112	1
0	18834	26.25594208	1
0	18836	26.25598304	1
0	18838	26.256024	1
0	18957	27.25557344	1
0	18969	27.2556144	1
0	18978	27.25565536	1
0	18987	27.25569632	1
0	18988	27.25573728	1
0	18989	27.25577824	1
0	18990	27.2558192	1
0	18991	27.25586016	1
0	18992	27.25590112	1
0	18993	27.25594208	1
0	18994	27.25598304	1
0	18995	27.256024	1
0	19017	27.25657344	1
0	19029	27.2566144	1
0	19039	27.25665536	1
0	19050	27.25669632	1
0	19052	27.25673728	1
0	19054	27.25677824	1
0	19056	27.2568192	1
0	19058	27.25686016	1
0	19060	27.25690112	1
0	19062	27.25694208	1
0	19064	27.25698304	1
0	19066	27.257024	1
0	19089	27.25757344	1
0	19101	27.2576144	1
0	19111	27.25765536	1
0	19122	27.25769632	1
0	19124	27.25773728	1
0	19126	27.25777824	1
0	19128	27.2578192	1
0	19130	27.25786016	1
0	19132	27.25790112	1
0	19134	27.25794208	1
0	19136	27.25798304	1
0	19138	27.258024	1
0	19161	27.25857344	1
0	19173	27.2586144	1
0	19183	27.25865536	1
0	19194	27.25869632	1
0	19196	27.25873728	1
0	19198	27.25877824	1
0	19200	27.2588192	1
0	19202	27.25886016	1
0	19204	27.25890112	1
0	19206	27.25894208	1
0	19208	27.25898304	1
0	19210	27.259024	1
0	19233	27.25957344	1
0	19245	27.2596144	1
0	19255	27.25965536	1
0	19266	27.25969632	1
0	19268	27.25973728	1
0	19270	27.25977824	1
0	19272	27.2598192	1
0	19274	27.25986016	1
0	19276	27.25990112	1
0	19278	27.25994208	1
0	19280	27.25998304	1
0	19282	27.260024	1
0	19305	27.26057344	1
0	19317	27.2606144	1
0	19327	27.26065536	1
0	19338	27.26069632	1
0	19340	27.26073728	1
0	19342	27.26077824	1
0	19344	27.2608192	1
0	19346	27.26086016	1
0	19348	27.26090112	1
0	19350	27.26094208	1
0	19352	27.26098304	1
0	19354	27.261024	1
0	19377	27.26157344	1
0	19389	27.2616144	1
0	19399	27.26165536	1
0	19410	27.26169632	1
0	19412	27.26173728	1
0	19414	27.26177824	1
0	19416	27.2618192	1
0	19418	27.26186016	1
0	19420	27.26190112	1
0	19422	27.26194208	1
0	19424	27.26198304	1
0	19426	27.262024	1
0	19437	27.26257344	1
0	19449	27.2626144	1
0	19459	27.26265536	1
0	19470	27.26269632	1
0	19472	27.26273728	1
0	19474	27.26277824	1
0	19476	27.2628192	1
0	19478	27.26286016	1
0	19480	27.26290112	1
0	19482	27.26294208	1
0	19484	27.26298304	1
0	19486	27.263024	1
0	19489	27.26357344	1
0	19493	27.2636144	1
0	19499	27.26365536	1
0	19506	27.26369632	1
0	19508	27.26373728	1
0	19510	27.26377824	1
0	19512	27.2638192	1
0	19514	27.26386016	1
0	19516	27.26390112	1
0	19518	27.26394208	1
0	19520	27.26398304	1
0	19522	27.264024	1
0	19525	27.26457344	1
0	19529	27.2646144	1
0	19535	27.26465536	1
0	19542	27.26469632	1
0	19544	27.26473728	1
0	19546	27.26477824	1
0	19548	27.2648192	1
0	19550	27.26486016	1
0	19552	27.26490112	1
0	19554	27.26494208	1
0	19556	27.26498304	1
0	19558	27.265024	1
0	19677	28.26457344	1
0	19689	28.2646144	1
0	19698	28.26465536	1
0	19707	28.26469632	1
0	19708	28.26473728	1
0	19709	28.26477824	1
0	19710	28.2648192	1
0	19711	28.26486016	1
0	19712	28.26490112	1
0	19713	28.26494208	1
0	19714	28.26498304	1
0	19715	28.265024	1
0	19737	28.26557344	1
0	19749	28.2656144	1
0	19759	28.26565536	1
0	19770	28.26569632	1
0	19772	28.26573728	1
0	19774	28.26577824	1
0	19776	28.2658192	1
0	19778	28.26586016	1
0	19780	28.26590112	1
0	19782	28.26594208	1
0	19784	28.26598304	1
0	19786	28.266024	1
0	19809	28.26657344	1
0	19821	28.2666144	1
0	19831	28.26665536	1
0	19842	28.26669632	1
0	19844	28.26673728	1
0	19846	28.26677824	1
0	19848	28.2668192	1
0	19850	28.26686016	1
0	19852	28.26690112	1
0	19854	28.26694208	1
0	19856	28.26698304	1
0	19858	28.267024	1
0	19881	28.26757344	1
0	19893	28.2676144	1
0	19903	28.26765536	1
0	19914	28.26769632	1
0	19916	28.26773728	1
0	19918	28.26777824	1
0	19920	28.2678192	1
0	19922	28.26786016	1
0	19924	28.26790112	1
0	19926	28.26794208	1
0	19928	28.26798304	1
0	19930	28.268024	1
0	19953	28.26857344	1
0	19965	28.2686144	1
0	19975	28.26865536	1
0	19986	28.26869632	1
0	19988	28.26873728	1
0	19990	28.26877824	1
0	19992	28.2688192	1
0	19994	28.26886016	1
0	19996	28.26890112	1
0	19998	28.26894208	1
0	20000	28.26898304	1
0	20002	28.269024	1
0	20025	28.26957344	1
0	20037	28.2696144	1
0	20047	28.26965536	1
0	20058	28.26969632	1
0	20060	28.26973728	1
0	20062	28.26977824	1
0	20064	28.2698192	1
0	20066	28.26986016	1
0	20068	28.26990112	1
0	20070	28.26994208	1
0	20072	28.26998304	1
0	20074	28.270024	1
0	20097	28.27057344	1
0	20109	28.2706144	1
0	20119	28.27065536	1
0	20130	28.27069632	1
0	20132	28.27073728	1
0	20134	28.27077824	1
0	20136	28.2708192	1
0	20138	28.27086016	1
0	20140	28.27090112	1
0	20142	28.27094208	1
0	20144	28.27098304	1
0	20146	28.271024	1
0	20157	28.27157344	1
0	20169	28.2716144	1
0	20179	28.27165536	1
0	20190	28.27169632	1
0	20192	28.27173728	1
0	20194	28.27177824	1
0	20196	28.2718192	1
0	20198	28.27186016	1
0	20200	28.27190112	1
0	20202	28.27194208	1
0	20204	28.27198304	1
0	20206	28.272024	1
0	20209	28.27257344	1
0	20213	28.2726144	1
0	20219	28.27265536	1
0	20226	28.27269632	1
0	20228	28.27273728	1
0	20230	28.27277824	1
0	20232	28.2728192	1
0	20234	28.27286016	1
0	20236	28.27290112	1
0	20238	28.27294208	1
0	20240	28.27298304	1
0	20242	28.273024	1
0	20245	28.27357344	1
0	20249	28.2736144	1
0	20255	28.27365536	1
0	20262	28.27369632	1
0	20264	28.27373728	1
0	20266	28.27377824	1
0	20268	28.2738192	1
0	20270	28.27386016	1
0	20272	28.27390112	1
0	20274	28.27394208	1
0	20276	28.27398304	1
0	20278	28.274024	1
0	20397	29.27357344	1
0	20409	29.2736144	1
0	20418	29.27365536	1
0	20427	29.27369632	1
0	20428	29.27373728	1
0	20429	29.27377824	1
0	20430	29.2738192	1
0	20431	29.27386016	1
0	20432	29.27390112	1
0	20433	29.27394208	1
0	20434	29.27398304	1
0	20435	29.274024	1
0	20457	29.27457344	1
0	20469	29.2746144	1
0	20479	29.27465536	1
0	20490	29.27469632	1
0	20492	29.27473728	1
0	20494	29.27477824	1
0	20496	29.2748192	1
0	20498	29.27486016	1
0	20500	29.27490112	1
0	20502	29.27494208	1
0	20504	29.27498304	1
0	20506	29.275024	1
0	20529	29.27557344	1
0	20541	29.2756144	1
0	20551	29.27565536	1
0	20562	29.27569632	1
0	20564	29.27573728	1
0	20566	29.27577824	1
0	20568	29.2758192	1
0	20570	29.27586016	1
0	20572	29.27590112	1
0	20574	29.27594208	1
0	20576	29.27598304	1
0	20578	29.276024	1
0	20601	29.27657344	1
0	20613	29.2766144	1
0	20623	29.27665536	1
0	20634	29.27669632	1
0	20636	29.27673728	1
0	20638	29.27677824	1
0	20640	29.2768192	1
0	20642	29.27686016	1
0	20644	29.27690112	1
0	20646	29.27694208	1
0	20648	29.27698304	1
0	20650	29.277024	1
0	20673	29.27757344	1
0	20685	29.2776144	1
0	20695	29.27765536	1
0	20706	29.27769632	1
0	20708	29.27773728	1
0	20710	29.27777824	1
0	20712	29.2778192	1
0	20714	29.27786016	1
0	20716	29.27790112	1
0	20718	29.27794208	1
0	20720	29.27798304	1
0	20722	29.278024	1
0	20745	29.27857344	1
0	20757	29.2786144	1
0	20767	29.27865536	1
0	20778	29.27869632	1
0	20780	29.27873728	1
0	20782	29.27877824	1
0	20784	29.2788192	1
0	20786	29.27886016	1
0	20788	29.27890112	1
0	20790	29.27894208	1
0	20792	29.27898304	1
0	20794	29.279024	1
0	20817	29.27957344	1
0	20829	29.2796144	1
0	20839	29.27965536	1
0	20850	29.27969632	1
0	20852	29.27973728	1
0	20854	29.27977824	1
0	20856	29.2798192	1
0	20858	29.27986016	1
0	20860	29.27990112	1
0	20862	29.27994208	1
0	20864	29.27998304	1
0	20866	29.280024	1
0	20877	29.28057344	1
0	20889	29.2806144	1
0	20899	29.28065536	1
0	20910	29.28069632	1
0	20912	29.28073728	1
0	20914	29.28077824	1
0	20916	29.2808192	1
0	20918	29.28086016	1
0	20920	29.28090112	1
0	20922	29.28094208	1
0	20924	29.28098304	1
0	20926	29.281024	1
0	20929	29.28157344	1
0	20933	29.2816144	1
0	20939	29.28165536	1
0	20946	29.28169632	1
0	20948	29.28173728	1
0	20950	29.28177824	1
0	20952	29.2818192	1
0	20954	29.28186016	1
0	20956	29.28190112	1
0	20958	29.28194208	1
0	20960	29.28198304	1
0	20962	29.282024	1
0	20965	29.28257344	1
0	20969	29.2826144	1
0	20975	29.28265536	1
0	20982	29.28269632	1
0	20984	29.28273728	1
0	20986	29.28277824	1
0	20988	29.2828192	1
0	20990	29.28286016	1
0	20992	29.28290112	1
0	20994	29.28294208	1
0	20996	29.28298304	1
0	20998	29.283024	1
0	21117	30.28257344	1
0	21129	30.2826144	1
0	21138	30.28265536	1
0	21147	30.28269632	1
0	21148	30.28273728	1
0	21149	30.28277824	1
0	21150	30.2828192	1
0	21151	30.28286016	1
0	21152	30.28290112	1
0	21153	30.28294208	1
0	21154	30.28298304	1
0	21155	30.283024	1
0	21177	30.28357344	1
0	21189	30.2836144	1
0	21199	30.28365536	1
0	21210	30.28369632	1
0	21212	30.28373728	1
0	21214	30.28377824	1
0	21216	30.2838192	1
0	21218	30.28386016	1
0	21220	30.28390112	1
0	21222	30.28394208	1
0	21224	30.28398304	1
0	21226	30.284024	1
0	21249	30.28457344	1
0	21261	30.2846144	1
0	21271	30.28465536	1
0	21282	30.28469632	1
0	21284	30.28473728	1
0	21286	30.28477824	1
0	21288	30.2848192	1
0	21290	30.28486016	1
0	21292	30.28490112	1
0	21294	30.28494208	1
0	21296	30.28498304	1
0	21298	30.285024	1
0	21321	30.28557344	1
0	21333	30.2856144	1
0	21343	30.28565536	1
0	21354	30.28569632	1
0	21356	30.28573728	1
0	21358	30.28577824	1
0	21360	30.2858192	1
0	21362	30.28586016	1
0	21364	30.28590112	1
0	21366	30.28594208	1
0	21368	30.28598304	1
0	21370	30.286024	1
0	21393	30.28657344	1
0	21405	30.2866144	1
0	21415	30.28665536	1
0	21426	30.28669632	1
0	21428	30.28673728	1
0	21430	30.28677824	1
0	21432	30.2868192	1
0	21434	30.28686016	1
0	21436	30.28690112	1
0	21438	30.28694208	1
0	21440	30.28698304	1
0	21442	30.287024	1
0	21465	30.28757344	1
0	21477	30.2876144	1
0	21487	30.28765536	1
0	21498	30.28769632	1
0	21500	30.28773728	1
0	21502	30.28777824	1
0	21504	30.2878192	1
0	21506	30.28786016	1
0	21508	30.28790112	1
0	21510	30.28794208	1
0	21512	30.28798304	1
0	21514	30.288024	1
0	21537	30.28857344	1
0	21549	30.2886144	1
0	21559	30.28865536	1
0	21570	30.28869632	1
0	21572	30.28873728	1
0	21574	30.28877824	1
0	21576	30.2888192	1
0	21578	30.28886016	1
0	21580	30.28890112	1
0	21582	30.28894208	1
0	21584	30.28898304	1
0	21586	30.289024	1
0	21597	30.28957344	1
0	21609	30.2896144	1
0	21619	30.28965536	1
0	21630	30.28969632	1
0	21632	30.28973728	1
0	21634	30.28977824	1
0	21636	30.2898192	1
0	21638	30.28986016	1
0	21640	30.28990112	1
0	21642	30.28994208	1
0	21644	30.28998304	1
0	21646	30.290024	1
0	21649	30.29057344	1
0	21653	30.2906144	1
0	21659	30.29065536	1
0	21666	30.29069632	1
0	21668	30.29073728	1
0	21670	30.29077824	1
0	21672	30.2908192	1
0	21674	30.29086016	1
0	21676	30.29090112	1
0	21678	30.29094208	1
0	21680	30.29098304	1
0	21682	30.291024	1
0	21685	30.29157344	1
0	21689	30.2916144	1
0	21695	30.29165536	1
0	21702	30.29169632	1
0	21704	30.29173728	1
0	21706	30.29177824	1
0	21708	30.2918192	1
0	21710	30.29186016	1
0	21712	30.29190112	1
0	21714	30.29194208	1
0	21716	30.29198304	1
0	21718	30.292024	1
0	21837	31.29157344	1
0	21849	31.2916144	1
0	21858	31.29165536	1
0	21867	31.29169632	1
0	21868	31.29173728	1
0	21869	31.29177824	1
0	21870	31.2918192	1
0	21871	31.29186016	1
0	21872	31.29190112	1
0	21873	31.29194208	1
0	21874	31.29198304	1
0	21875	31.292024	1
0	21897	31.29257344	1
0	21909	31.2926144	1
0	21919	31.29265536	1
0	21930	31.29269632	1
0	21932	31.29273728	1
0	21934	31.29277824	1
0	21936	31.2928192	1
0	21938	31.29286016	1
0	21940	31.29290112	1
0	21942	31.29294208	1
0	21944	31.29298304	1
0	21946	31.293024	1
0	21969	31.29357344	1
0	21981	31.2936144	1
0	21991	31.29365536	1
0	22002	31.29369632	1
0	22004	31.29373728	1
0	22006	31.29377824	1
0	22008	31.2938192	1
0	22010	31.29386016	1
0	22012	31.29390112	1
0	22014	31.29394208	1
0	22016	31.29398304	1
0	22018	31.294024	1
0	22041	31.29457344	1
0	22053	31.2946144	1
0	22063	31.29465536	1
0	22074	31.29469632	1
0	22076	31.29473728	1
0	22078	31.29477824	1
0	22080	31.2948192	1
0	22082	31.29486016	1
0	22084	31.29490112	1
0	22086	31.29494208	1
0	22088	31.29498304	1
0	22090	31.295024	1
0	22113	31.29557344	1
0	22125	31.2956144	1
0	22135	31.29565536	1
0	22146	31.29569632	1
0	22148	31.29573728	1
0	22150	31.29577824	1
0	22152	31.2958192	1
0	22154	31.29586016	1
0	22156	31.29590112	1
0	22158	31.29594208	1
0	22160	31.29598304	1
0	22162	31.296024	1
0	22185	31.29657344	1
0	22197	31.2966144	1
0	22207	31.29665536	1
0	22218	31.29669632	1
0	22220	31.29673728	1
0	22222	31.29677824	1
0	22224	31.2968192	1
0	22226	31.29686016	1
0	22228	31.29690112	1
0	22230	31.29694208	1
0	22232	31.29698304	1
0	22234	31.297024	1
0	22257	31.29757344	1
0	22269	31.2976144	1
0	22279	31.29765536	1
0	22290	31.29769632	1
0	22292	31.29773728	1
0	22294	31.29777824	1
0	22296	31.2978192	1
0	22298	31.29786016	1
0	22300	31.29790112	1
0	22302	31.29794208	1
0	22304	31.29798304	1
0	22306	31.298024	1
0	22317	31.29857344	1
0	22329	31.2986144	1
0	22339	31.29865536	1
0	22350	31.29869632	1
0	22352	31.29873728	1
0	22354	31.29877824	1
0	22356	31.2988192	1
0	22358	31.29886016	1
0	22360	31.29890112	1
0	22362	31.29894208	1
0	22364	31.29898304	1
0	22366	31.299024	1
0	22369	31.29957344	1
0	22373	31.2996144	1
0	22379	31.29965536	1
0	22386	31.29969632	1
0	22388	31.29973728	1
0	22390	31.29977824	1
0	22392	31.2998192	1
0	22394	31.29986016	1
0	22396	31.29990112	1
0	22398	31.29994208	1
0	22400	31.29998304	1
0	22402	31.300024	1
0	22405	31.30057344	1
0	22409	31.3006144	1
0	22415	31.30065536	1
0	22422	31.30069632	1
0	22424	31.30073728	1
0	22426	31.30077824	1
0	22428	31.3008192	1
0	22430	31.30086016	1
0	22432	31.30090112	1
0	22434	31.30094208	1
0	22436	31.30098304	1
0	22438	31.301024	1
0	22557	32.30057344	1
0	22569	32.3006144	1
0	22578	32.30065536	1
0	22587	32.30069632	1
0	22588	32.30073728	1
0	22589	32.30077824	1
0	22590	32.3008192	1
0	22591	32.30086016	1
0	22592	32.30090112	1
0	22593	32.30094208	1
0	22594	32.30098304	1
0	22595	32.301024	1
0	22617	32.30157344	1
0	22629	32.3016144	1
0	22639	32.30165536	1
0	22650	32.30169632	1
0	22652	32.30173728	1
0	22654	32.30177824	1
0	22656	32.3018192	1
0	22658	32.30186016	1
0	22660	32.30190112	1
0	22662	32.30194208	1
0	22664	32.30198304	1
0	22666	32.302024	1
0	22689	32.30257344	1
0	22701	32.3026144	1
0	22711	32.30265536	1
0	22722	32.30269632	1
0	22724	32.30273728	1
0	22726	32.30277824	1
0	22728	32.3028192	1
0	22730	32.30286016	1
0	22732	32.30290112	1
0	22734	32.30294208	1
0	22736	32.30298304	1
0	22738	32.303024	1
0	22761	32.30357344	1
0	22773	32.3036144	1
0	22783	32.30365536	1
0	22794	32.30369632	1
0	22796	32.30373728	1
0	22798	32.30377824	1
0	22800	32.3038192	1
0	22802	32.30386016	1
0	22804	32.30390112	1
0	22806	32.30394208	1
0	22808	32.30398304	1
0	22810	32.304024	1
0	22833	32.30457344	1
0	22845	32.3046144	1
0	22855	32.30465536	1
0	22866	32.30469632	1
0	22868	32.30473728	1
0	22870	32.30477824	1
0	22872	32.3048192	1
0	22874	32.30486016	1
0	22876	32.30490112	1
0	22878	32.30494208	1
0	22880	32.30498304	1
0	22882	32.305024	1
0	22905	32.30557344	1
0	22917	32.3056144	1
0	22927	32.30565536	1
0	22938	32.30569632	1
0	22940	32.30573728	1
0	22942	32.30577824	1
0	22944	32.3058192	1
0	22946	32.30586016	1
0	22948	32.30590112	1
0	22950	32.30594208	1
0	22952	32.30598304	1
0	22954	32.306024	1
0	22977	32.30657344	1
0	22989	32.3066144	1
0	22999	32.30665536	1
0	23010	32.30669632	1
0	23012	32.30673728	1
0	23014	32.30677824	1
0	23016	32.3068192	1
0	23018	32.30686016	1
0	23020	32.30690112	1
0	23022	32.30694208	1
0	23024	32.30698304	1
0	23026	32.307024	1
0	23037	32.30757344	1
0	23049	32.3076144	1
0	23059	32.30765536	1
0	23070	32.30769632	1
0	23072	32.30773728	1
0	23074	32.30777824	1
0	23076	32.3078192	1
0	23078	32.30786016	1
0	23080	32.30790112	1
0	23082	32.30794208	1
0	23084	32.30798304	1
0	23086	32.308024	1
0	23089	32.30857344	1
0	23093	32.3086144	1
0	23099	32.30865536	1
0	23106	32.30869632	1
0	23108	32.30873728	1
0	23110	32.30877824	1
0	23112	32.3088192	1
0	23114	32.30886016	1
0	23116	32.30890112	1
0	23118	32.30894208	1
0	23120	32.30898304	1
0	23122	32.309024	1
0	23125	32.30957344	1
0	23129	32.3096144	1
0	23135	32.30965536	1
0	23142	32.30969632	1
0	23144	32.30973728	1
0	23146	32.30977824	1
0	23148	32.3098192	1
0	23150	32.30986016	1
0	23152	32.30990112	1
0	23154	32.30994208	1
0	23156	32.30998304	1
0	23158	32.310024	1
0	23277	33.30957344	1
0	23289	33.3096144	1
0	23298	33.30965536	1
0	23307	33.30969632	1
0	23308	33.30973728	1
0	23309	33.30977824	1
0	23310	33.3098192	1
0	23311	33.30986016	1
0	23312	33.30990112	1
0	23313	33.30994208	1
0	23314	33.30998304	1
0	23315	33.310024	1
0	23337	33.31057344	1
0	23349	33.3106144	1
0	23359	33.31065536	1
0	23370	33.31069632	1
0	23372	33.31073728	1
0	23374	33.31077824	1
0	23376	33.3108192	1
0	23378	33.31086016	1
0	23380	33.31090112	1
0	23382	33.31094208	1
0	23384	33.31098304	1
0	23386	33.311024	1
0	23409	33.31157344	1
0	23421	33.3116144	1
0	23431	33.31165536	1
0	23442	33.31169632	1
0	23444	33.31173728	1
0	23446	33.31177824	1
0	23448	33.3118192	1
0	23450	33.31186016	1
0	23452	33.31190112	1
0	23454	33.31194208	1
0	23456	33.31198304	1
0	23458	33.312024	1
0	23481	33.31257344	1
0	23493	33.3126144	1
0	23503	33.31265536	1
0	23514	33.31269632	1
0	23516	33.31273728	1
0	23518	33.31277824	1
0	23520	33.3128192	1
0	23522	33.31286016	1
0	23524	33.31290112	1
0	23526	33.31294208	1
0	23528	33.31298304	1
0	23530	33.313024	1
0	23553	33.31357344	1
0	23565	33.3136144	1
0	23575	33.31365536	1
0	23586	33.31369632	1
0	23588	33.31373728	1
0	23590	33.31377824	1
0	23592	33.3138192	1
0	23594	33.31386016	1
0	23596	33.31390112	1
0	23598	33.31394208	1
0	23600	33.31398304	1
0	23602	33.314024	1
0	23625	33.31457344	1
0	23637	33.3146144	1
0	23647	33.31465536	1
0	23658	33.31469632	1
0	23660	33.31473728	1
0	23662	33.31477824	1
0	23664	33.3148192	1
0	23666	33.31486016	1
0	23668	33.31490112	1
0	23670	33.31494208	1
0	23672	33.31498304	1
0	23674	33.315024	1
0	23697	33.31557344	1
0	23709	33.3156144	1
0	23719	33.31565536	1
0	23730	33.31569632	1
0	23732	33.31573728	1
0	23734	33.31577824	1
0	23736	33.3158192	1
0	23738	33.31586016	1
0	23740	33.31590112	1
0	23742	33.31594208	1
0	23744	33.31598304	1
0	23746	33.316024	1
0	23757	33.31657344	1
0	23769	33.3166144	1
0	23779	33.31665536	1
0	23790	33.31669632	1
0	23792	33.31673728	1
0	23794	33.31677824	1
0	23796	33.3168192	1
0	23798	33.31686016	1
0	23800	33.31690112	1
0	23802	33.31694208	1
0	23804	33.31698304	1
0	23806	33.317024	1
0	23809	33.31757344	1
0	23813	33.3176144	1
0	23819	33.31765536	1
0	23826	33.31769632	1
0	23828	33.31773728	1
0	23830	33.31777824	1
0	23832	33.3178192	1
0	23834	33.31786016	1
0	23836	33.31790112	1
0	23838	33.31794208	1
0	23840	33.31798304	1
0	23842	33.318024	1
0	23845	33.31857344	1
0	23849	33.3186144	1
0	23855	33.31865536	1
0	23862	33.31869632	1
0	23864	33.31873728	1
0	23866	33.31877824	1
0	23868	33.3188192	1
0	23870	33.31886016	1
0	23872	33.31890112	1
0	23874	33.31894208	1
0	23876	33.31898304	1
0	23878	33.319024	1
0	23997	34.31857344	1
0	24009	34.3186144	1
0	24018	34.31865536	1
0	24027	34.31869632	1
0	24028	34.31873728	1
0	24029	34.31877824	1
0	24030	34.3188192	1
0	24031	34.31886016	1
0	24032	34.31890112	1
0	24033	34.31894208	1
0	24034	34.31898304	1
0	24035	34.319024	1
0	24057	34.31957344	1
0	24069	34.3196144	1
0	24079	34.31965536	1
0	24090	34.31969632	1
0	24092	34.31973728	1
0	24094	34.31977824	1
0	24096	34.3198192	1
0	24098	34.31986016	1
0	24100	34.31990112	1
0	24102	34.31994208	1
0	24104	34.31998304	1
0	24106	34.320024	1
0	24129	34.32057344	1
0	24141	34.3206144	1
0	24151	34.32065536	1
0	24162	34.32069632	1
0	24164	34.32073728	1
0	24166	34.32077824	1
0	24168	34.3208192	1
0	24170	34.32086016	1
0	24172	34.32090112	1
0	24174	34.32094208	1
0	24176	34.32098304	1
0	24178	34.321024	1
0	24201	34.32157344	1
0	24213	34.3216144	1
0	24223	34.32165536	1
0	24234	34.32169632	1
0	24236	34.32173728	1
0	24238	34.32177824	1
0	24240	34.3218192	1
0	24242	34.32186016	1
0	24244	34.32190112	1
0	24246	34.32194208	1
0	24248	34.32198304	1
0	24250	34.322024	1
0	24273	34.32257344	1
0	24285	34.3226144	1
0	24295	34.32265536	1
0	24306	34.32269632	1
0	24308	34.32273728	1
0	24310	34.32277824	1
0	24312	34.3228192	1
0	24314	34.32286016	1
0	24316	34.32290112	1
0	24318	34.32294208	1
0	24320	34.32298304	1
0	24322	34.323024	1
0	24345	34.32357344	1
0	24357	34.3236144	1
0	24367	34.32365536	1
0	24378	34.32369632	1
0	24380	34.32373728	1
0	24382	34.32377824	1
0	24384	34.3238192	1
0	24386	34.32386016	1
0	24388	34.32390112	1
0	24390	34.32394208	1
0	24392	34.32398304	1
0	24394	34.324024	1
0	24417	34.32457344	1
0	24429	34.3246144	1
0	24439	34.32465536	1
0	24450	34.32469632	1
0	24452	34.32473728	1
0	24454	34.32477824	1
0	24456	34.3248192	1
0	24458	34.32486016	1
0	24460	34.32490112	1
0	24462	34.32494208	1
0	24464	34.32498304	1
0	24466	34.325024	1
0	24477	34.32557344	1
0	24489	34.3256144	1
0	24499	34.32565536	1
0	24510	34.32569632	1
0	24512	34.32573728	1
0	24514	34.32577824	1
0	24516	34.3258192	1
0	24518	34.32586016	1
0	24520	34.32590112	1
0	24522	34.32594208	1
0	24524	34.32598304	1
0	24526	34.326024	1
0	24529	34.32657344	1
0	24533	34.3266144	1
0	24539	34.32665536	1
0	24546	34.32669632	1
0	24548	34.32673728	1
0	24550	34.32677824	1
0	24552	34.3268192	1
0	24554	34.32686016	1
0	24556	34.32690112	1
0	24558	34.32694208	1
0	24560	34.32698304	1
0	24562	34.327024	1
0	24565	34.32757344	1
0	24569	34.3276144	1
0	24575	34.32765536	1
0	24582	34.32769632	1
0	24584	34.32773728	1
0	24586	34.32777824	1
0	24588	34.3278192	1
0	24590	34.32786016	1
0	24592	34.32790112	1
0	24594	34.32794208	1
0	24596	34.32798304	1
0	24598	34.328024	1
0	24717	35.32757344	1
0	24729	35.3276144	1
0	24738	35.32765536	1
0	24747	35.32769632	1
0	24748	35.32773728	1
0	24749	35.32777824	1
0	24750	35.3278192	1
0	24751	35.32786016	1
0	24752	35.32790112	1
0	24753	35.32794208	1
0	24754	35.32798304	1
0	24755	35.328024	1
0	24777	35.32857344	1
0	24789	35.3286144	1
0	24799	35.32865536	1
0	24810	35.32869632	1
0	24812	35.32873728	1
0	24814	35.32877824	1
0	24816	35.3288192	1
0	24818	35.32886016	1
0	24820	35.32890112	1
0	24822	35.32894208	1
0	24824	35.32898304	1
0	24826	35.329024	1
0	24849	35.32957344	1
0	24861	35.3296144	1
0	24871	35.32965536	1
0	24882	35.32969632	1
0	24884	35.32973728	1
0	24886	35.32977824	1
0	24888	35.3298192	1
0	24890	35.32986016	1
0	24892	35.32990112	1
0	24894	35.32994208	1
0	24896	35.32998304	1
0	24898	35.330024	1
0	24921	35.33057344	1
0	24933	35.3306144	1
0	24943	35.33065536	1
0	24954	35.33069632	1
0	24956	35.33073728	1
0	24958	35.33077824	1
0	24960	35.3308192	1
0	24962	35.33086016	1
0	24964	35.33090112	1
0	24966	35.33094208	1
0	24968	35.33098304	1
0	24970	35.331024	1
0	24993	35.33157344	1
0	25005	35.3316144	1
0	25015	35.33165536	1
0	25026	35.33169632	1
0	25028	35.33173728	1
0	25030	35.33177824	1
0	25032	35.3318192	1
0	25034	35.33186016	1
0	25036	35.33190112	1
0	25038	35.33194208	1
0	25040	35.33198304	1
0	25042	35.332024	1
0	25065	35.33257344	1
0	25077	35.3326144	1
0	25087	35.33265536	1
0	25098	35.33269632	1
0	25100	35.33273728	1
0	25102	35.33277824	1
0	25104	35.3328192	1
0	25106	35.33286016	1
0	25108	35.33290112	1
0	25110	35.33294208	1
0	25112	35.33298304	1
0	25114	35.333024	1
0	25137	35.33357344	1
0	25149	35.3336144	1
0	25159	35.33365536	1
0	25170	35.33369632	1
0	25172	35.33373728	1
0	25174	35.33377824	1
0	25176	35.3338192	1
0	25178	35.33386016	1
0	25180	35.33390112	1
0	25182	35.33394208	1
0	25184	35.33398304	1
0	25186	35.334024	1
0	25197	35.33457344	1
0	25209	35.3346144	1
0	25219	35.33465536	1
0	25230	35.33469632	1
0	25232	35.33473728	1
0	25234	35.33477824	1
0	25236	35.3348192	1
0	25238	35.33486016	1
0	25240	35.33490112	1
0	25242	35.33494208	1
0	25244	35.33498304	1
0	25246	35.335024	1
0	25249	35.33557344	1
0	25253	35.3356144	1
0	25259	35.33565536	1
0	25266	35.33569632	1
0	25268	35.33573728	1
0	25270	35.33577824	1
0	25272	35.3358192	1
0	25274	35.33586016	1
0	25276	35.33590112	1
0	25278	35.33594208	1
0	25280	35.33598304	1
0	25282	35.336024	1
0	25285	35.33657344	1
0	25289	35.3366144	1
0	25295	35.33665536	1
0	25302	35.33669632	1
0	25304	35.33673728	1
0	25306	35.33677824	1
0	25308	35.3368192	1
0	25310	35.33686016	1
0	25312	35.33690112	1
0	25314	35.33694208	1
0	25316	35.33698304	1
0	25318	35.337024	1
0	25437	36.33657344	1
0	25449	36.3366144	1
0	25458	36.33665536	1
0	25467	36.33669632	1
0	25468	36.33673728	1
0	25469	36.33677824	1
0	25470	36.3368192	1
0	25471	36.33686016	1
0	25472	36.33690112	1
0	25473	36.33694208	1
0	25474	36.33698304	1
0	25475	36.337024	1
0	25497	36.33757344	1
0	25509	36.3376144	1
0	25519	36.33765536	1
0	25530	36.33769632	1
0	25532	36.33773728	1
0	25534	36.33777824	1
0	25536	36.3378192	1
0	25538	36.33786016	1
0	25540	36.33790112	1
0	25542	36.33794208	1
0	25544	36.33798304	1
0	25546	36.338024	1
0	25569	36.33857344	1
0	25581	36.3386144	1
0	25591	36.33865536	1
0	25602	36.33869632	1
0	25604	36.33873728	1
0	25606	36.33877824	1
0	25608	36.3388192	1
0	25610	36.33886016	1
0	25612	36.33890112	1
0	25614	36.33894208	1
0	25616	36.33898304	1
0	25618	36.339024	1
0	25641	36.33957344	1
0	25653	36.3396144	1
0	25663	36.33965536	1
0	25674	36.33969632	1
0	25676	36.33973728	1
0	25678	36.33977824	1
0	25680	36.3398192	1
0	25682	36.33986016	1
0	25684	36.33990112	1
0	25686	36.33994208	1
0	25688	36.33998304	1
0	25690	36.340024	1
0	25713	36.34057344	1
0	25725	36.3406144	1
0	25735	36.34065536	1
0	25746	36.34069632	1
0	25748	36.34073728	1
0	25750	36.34077824	1
0	25752	36.3408192	1
0	25754	36.34086016	1
0	25756	36.34090112	1
0	25758	36.34094208	1
0	25760	36.34098304	1
0	25762	36.341024	1
0	25785	36.34157344	1
0	25797	36.3416144	1
0	25807	36.34165536	1
0	25818	36.34169632	1
0	25820	36.34173728	1
0	25822	36.34177824	1
0	25824	36.3418192	1
0	25826	36.34186016	1
0	25828	36.34190112	1
0	25830	36.34194208	1
0	25832	36.34198304	1
0	25834	36.342024	1
0	25857	36.34257344	1
0	25869	36.3426144	1
0	25879	36.34265536	1
0	25890	36.34269632	1
0	25892	36.34273728	1
0	25894	36.34277824	1
0	25896	36.3428192	1
0	25898	36.34286016	1
0	25900	36.34290112	1
0	25902	36.34294208	1
0	25904	36.34298304	1
0	25906	36.343024	1
0	25917	36.34357344	1
0	25929	36.3436144	1
0	25939	36.34365536	1
0	25950	36.34369632	1
0	25952	36.34373728	1
0	25954	36.34377824	1
0	25956	36.3438192	1
0	25958	36.34386016	1
0	25960	36.34390112	1
0	25962	36.34394208	1
0	25964	36.34398304	1
0	25966	36.344024	1
0	25969	36.34457344	1
0	25973	36.3446144	1
0	25979	36.34465536	1
0	25986	36.34469632	1
0	25988	36.34473728	1
0	25990	36.34477824	1
0	25992	36.3448192	1
0	25994	36.34486016	1
0	25996	36.34490112	1
0	25998	36.34494208	1
0	26000	36.34498304	1
0	26002	36.345024	1
0	26005	36.34557344	1
0	26009	36.3456144	1
0	26015	36.34565536	1
0	26022	36.34569632	1
0	26024	36.34573728	1
0	26026	36.34577824	1
0	26028	36.3458192	1
0	26030	36.34586016	1
0	26032	36.34590112	1
0	26034	36.34594208	1
0	26036	36.34598304	1
0	26038	36.346024	1
0	26157	37.34557344	1
0	26169	37.3456144	1
0	26178	37.34565536	1
0	26187	37.34569632	1
0	26188	37.34573728	1
0	26189	37.34577824	1
0	26190	37.3458192	1
0	26191	37.34586016	1
0	26192	37.34590112	1
0	26193	37.34594208	1
0	26194	37.34598304	1
0	26195	37.346024	1
0	26217	37.34657344	1
0	26229	37.3466144	1
0	26239	37.34665536	1
0	26250	37.34669632	1
0	26252	37.34673728	1
0	26254	37.34677824	1
0	26256	37.3468192	1
0	26258	37.34686016	1
0	26260	37.34690112	1
0	26262	37.34694208	1
0	26264	37.34698304	1
0	26266	37.347024	1
0	26289	37.34757344	1
0	26301	37.3476144	1
0	26311	37.34765536	1
0	26322	37.34769632	1
0	26324	37.34773728	1
0	26326	37.34777824	1
0	26328	37.3478192	1
0	26330	37.34786016	1
0	26332	37.34790112	1
0	26334	37.34794208	1
0	26336	37.34798304	1
0	26338	37.348024	1
0	26361	37.34857344	1
0	26373	37.3486144	1
0	26383	37.34865536	1
0	26394	37.34869632	1
0	26396	37.34873728	1
0	26398	37.34877824	1
0	26400	37.3488192	1
0	26402	37.34886016	1
0	26404	37.34890112	1
0	26406	37.34894208	1
0	26408	37.34898304	1
0	26410	37.349024	1
0	26433	37.34957344	1
0	26445	37.3496144	1
0	26455	37.34965536	1
0	26466	37.34969632	1
0	26468	37.34973728	1
0	26470	37.34977824	1
0	26472	37.3498192	1
0	26474	37.34986016	1
0	26476	37.34990112	1
0	26478	37.34994208	1
0	26480	37.34998304	1
0	26482	37.350024	1
0	26505	37.35057344	1
0	26517	37.3506144	1
0	26527	37.35065536	1
0	26538	37.35069632	1
0	26540	37.35073728	1
0	26542	37.35077824	1
0	26544	37.3508192	1
0	26546	37.35086016	1
0	26548	37.35090112	1
0	26550	37.35094208	1
0	26552	37.35098304	1
0	26554	37.351024	1
0	26577	37.35157344	1
0	26589	37.3516144	1
0	26599	37.35165536	1
0	26610	37.35169632	1
0	26612	37.35173728	1
0	26614	37.35177824	1
0	26616	37.3518192	1
0	26618	37.35186016	1
0	26620	37.35190112	1
0	26622	37.35194208	1
0	26624	37.35198304	1
0	26626	37.352024	1
0	26637	37.35257344	1
0	26649	37.3526144	1
0	26659	37.35265536	1
0	26670	37.35269632	1
0	26672	37.35273728	1
0	26674	37.35277824	1
0	26676	37.3528192	1
0	26678	37.35286016	1
0	26680	37.35290112	1
0	26682	37.35294208	1
0	26684	37.35298304	1
0	26686	37.353024	1
0	26689	37.35357344	1
0	26693	37.3536144	1
0	26699	37.35365536	1
0	26706	37.35369632	1
0	26708	37.35373728	1
0	26710	37.35377824	1
0	26712	37.3538192	1
0	26714	37.35386016	1
0	26716	37.35390112	1
0	26718	37.35394208	1
0	26720	37.35398304	1
0	26722	37.354024	1
0	26725	37.35457344	1
0	26729	37.3546144	1
0	26735	37.35465536	1
0	26742	37.35469632	1
0	26744	37.35473728	1
0	26746	37.35477824	1
0	26748	37.3548192	1
0	26750	37.35486016	1
0	26752	37.35490112	1
0	26754	37.35494208	1
0	26756	37.35498304	1
0	26758	37.355024	1
0	26877	38.35457344	1
0	26889	38.3546144	1
0	26898	38.35465536	1
0	26907	38.35469632	1
0	26908	38.35473728	1
0	26909	38.35477824	1
0	26910	38.3548192	1
0	26911	38.35486016	1
0	26912	38.35490112	1
0	26913	38.35494208	1
0	26914	38.35498304	1
0	26915	38.355024	1
0	26937	38.35557344	1
0	26949	38.3556144	1
0	26959	38.35565536	1
0	26970	38.35569632	1
0	26972	38.35573728	1
0	26974	38.35577824	1
0	26976	38.3558192	1
0	26978	38.35586016	1
0	26980	38.35590112	1
0	26982	38.35594208	1
0	26984	38.35598304	1
0	26986	38.356024	1
0	27009	38.35657344	1
0	27021	38.3566144	1
0	27031	38.35665536	1
0	27042	38.35669632	1
0	27044	38.35673728	1
0	27046	38.35677824	1
0	27048	38.3568192	1
0	27050	38.35686016	1
0	27052	38.35690112	1
0	27054	38.35694208	1
0	27056	38.35698304	1
0	27058	38.357024	1
0	27081	38.35757344	1
0	27093	38.3576144	1
0	27103	38.35765536	1
0	27114	38.35769632	1
0	27116	38.35773728	1
0	27118	38.35777824	1
0	27120	38.3578192	1
0	27122	38.35786016	1
0	27124	38.35790112	1
0	27126	38.35794208	1
0	27128	38.35798304	1
0	27130	38.358024	1
0	27153	38.35857344	1
0	27165	38.3586144	1
0	27175	38.35865536	1
0	27186	38.35869632	1
0	27188	38.35873728	1
0	27190	38.35877824	1
0	27192	38.3588192	1
0	27194	38.35886016	1
0	27196	38.35890112	1
0	27198	38.35894208	1
0	27200	38.35898304	1
0	27202	38.359024	1
0	27225	38.35957344	1
0	27237	38.3596144	1
0	27247	38.35965536	1
0	27258	38.35969632	1
0	27260	38.35973728	1
0	27262	38.35977824	1
0	27264	38.3598192	1
0	27266	38.35986016	1
0	27268	38.35990112	1
0	27270	38.35994208	1
0	27272	38.35998304	1
0	27274	38.360024	1
0	27297	38.36057344	1
0	27309	38.3606144	1
0	27319	38.36065536	1
0	27330	38.36069632	1
0	27332	38.36073728	1
0	27334	38.36077824	1
0	27336	38.3608192	1
0	27338	38.36086016	1
0	27340	38.36090112	1
0	27342	38.36094208	1
0	27344	38.36098304	1
0	27346	38.361024	1
0	27357	38.36157344	1
0	27369	38.3616144	1
0	27379	38.36165536	1
0	27390	38.36169632	1
0	27392	38.36173728	1
0	27394	38.36177824	1
0	27396	38.3618192	1
0	27398	38.36186016	1
0	27400	38.36190112	1
0	27402	38.36194208	1
0	27404	38.36198304	1
0	27406	38.362024	1
0	27409	38.36257344	1
0	27413	38.3626144	1
0	27419	38.36265536	1
0	27426	38.36269632	1
0	27428	38.36273728	1
0	27430	38.36277824	1
0	27432	38.3628192	1
0	27434	38.36286016	1
0	27436	38.36290112	1
0	27438	38.36294208	1
0	27440	38.36298304	1
0	27442	38.363024	1
0	27445	38.36357344	1
0	27449	38.3636144	1
0	27455	38.36365536	1
0	27462	38.36369632	1
0	27464	38.36373728	1
0	27466	38.36377824	1
0	27468	38.3638192	1
0	27470	38.36386016	1
0	27472	38.36390112	1
0	27474	38.36394208	1
0	27476	38.36398304	1
0	27478	38.364024	1
0	27597	39.36357344	1
0	27609	39.3636144	1
0	27618	39.36365536	1
0	27627	39.36369632	1
0	27628	39.36373728	1
0	27629	39.36377824	1
0	27630	39.3638192	1
0	27631	39.36386016	1
0	27632	39.36390112	1
0	27633	39.36394208	1
0	27634	39.36398304	1
0	27635	39.364024	1
0	27657	39.36457344	1
0	27669	39.3646144	1
0	27679	39.36465536	1
0	27690	39.36469632	1
0	27692	39.36473728	1
0	27694	39.36477824	1
0	27696	39.3648192	1
0	27698	39.36486016	1
0	27700	39.36490112	1
0	27702	39.36494208	1
0	27704	39.36498304	1
0	27706	39.365024	1
0	27729	39.36557344	1
0	27741	39.3656144	1
0	27751	39.36565536	1
0	27762	39.36569632	1
0	27764	39.36573728	1
0	27766	39.36577824	1
0	27768	39.3658192	1
0	27770	39.36586016	1
0	27772	39.36590112	1
0	27774	39.36594208	1
0	27776	39.36598304	1
0	27778	39.366024	1
0	27801	39.36657344	1
0	27813	39.3666144	1
0	27823	39.36665536	1
0	27834	39.36669632	1
0	27836	39.36673728	1
0	27838	39.36677824	1
0	27840	39.3668192	1
0	27842	39.36686016	1
0	27844	39.36690112	1
0	27846	39.36694208	1
0	27848	39.36698304	1
0	27850	39.367024	1
0	27873	39.36757344	1
0	27885	39.3676144	1
0	27895	39.36765536	1
0	27906	39.36769632	1
0	27908	39.36773728	1
0	27910	39.36777824	1
0	27912	39.3678192	1
0	27914	39.36786016	1
0	27916	39.36790112	1
0	27918	39.36794208	1
0	27920	39.36798304	1
0	27922	39.368024	1
0	27945	39.36857344	1
0	27957	39.3686144	1
0	27967	39.36865536	1
0	27978	39.36869632	1
0	27980	39.36873728	1
0	27982	39.36877824	1
0	27984	39.3688192	1
0	27986	39.36886016	1
0	27988	39.36890112	1
0	27990	39.36894208	1
0	27992	39.36898304	1
0	27994	39.369024	1
0	28017	39.36957344	1
0	28029	39.3696144	1
0	28039	39.36965536	1
0	28050	39.36969632	1
0	28052	39.36973728	1
0	28054	39.36977824	1
0	28056	39.3698192	1
0	28058	39.36986016	1
0	28060	39.36990112	1
0	28062	39.36994208	1
0	28064	39.36998304	1
0	28066	39.370024	1
0	28077	39.37057344	1
0	28089	39.3706144	1
0	28099	39.37065536	1
0	28110	39.37069632	1
0	28112	39.37073728	1
0	28114	39.37077824	1
0	28116	39.3708192	1
0	28118	39.37086016	1
0	28120	39.37090112	1
0	28122	39.37094208	1
0	28124	39.37098304	1
0	28126	39.371024	1
0	28129	39.37157344	1
0	28133	39.3716144	1
0	28139	39.37165536	1
0	28146	39.37169632	1
0	28148	39.37173728	1
0	28150	39.37177824	1
0	28152	39.3718192	1
0	28154	39.37186016	1
0	28156	39.37190112	1
0	28158	39.37194208	1
0	28160	39.37198304	1
0	28162	39.372024	1
0	28165	39.37257344	1
0	28169	39.3726144	1
0	28175	39.37265536	1
0	28182	39.37269632	1
0	28184	39.37273728	1
0	28186	39.37277824	1
0	28188	39.3728192	1
0	28190	39.37286016	1
0	28192	39.37290112	1
0	28194	39.37294208	1
0	28196	39.37298304	1
0	28198	39.373024	1
0	28317	40.37257344	1
0	28329	40.3726144	1
0	28338	40.37265536	1
0	28347	40.37269632	1
0	28348	40.37273728	1
0	28349	40.37277824	1
0	28350	40.3728192	1
0	28351	40.37286016	1
0	28352	40.37290112	1
0	28353	40.37294208	1
0	28354	40.37298304	1
0	28355	40.373024	1
0	28377	40.37357344	1
0	28389	40.3736144	1
0	28399	40.37365536	1
0	28410	40.37369632	1
0	28412	40.37373728	1
0	28414	40.37377824	1
0	28416	40.3738192	1
0	28418	40.37386016	1
0	28420	40.37390112	1
0	28422	40.37394208	1
0	28424	40.37398304	1
0	28426	40.374024	1
0	28449	40.37457344	1
0	28461	40.3746144	1
0	28471	40.37465536	1
0	28482	40.37469632	1
0	28484	40.37473728	1
0	28486	40.37477824	1
0	28488	40.3748192	1
0	28490	40.37486016	1
0	28492	40.37490112	1
0	28494	40.37494208	1
0	28496	40.37498304	1
0	28498	40.375024	1
0	28521	40.37557344	1
0	28533	40.3756144	1
0	28543	40.37565536	1
0	28554	40.37569632	1
0	28556	40.37573728	1
0	28558	40.37577824	1
0	28560	40.3758192	1
0	28562	40.37586016	1
0	28564	40.37590112	1
0	28566	40.37594208	1
0	28568	40.37598304	1
0	28570	40.376024	1
0	28593	40.37657344	1
0	28605	40.3766144	1
0	28615	40.37665536	1
0	28626	40.37669632	1
0	28628	40.37673728	1
0	28630	40.37677824	1
0	28632	40.3768192	1
0	28634	40.37686016	1
0	28636	40.37690112	1
0	28638	40.37694208	1
0	28640	40.37698304	1
0	28642	40.377024	1
0	28665	40.37757344	1
0	28677	40.3776144	1
0	28687	40.37765536	1
0	28698	40.37769632	1
0	28700	40.37773728	1
0	28702	40.37777824	1
0	28704	40.3778192	1
0	28706	40.37786016	1
0	28708	40.37790112	1
0	28710	40.37794208	1
0	28712	40.37798304	1
0	28714	40.378024	1
0	28737	40.37857344	1
0	28749	40.3786144	1
0	28759	40.37865536	1
0	28770	40.37869632	1
0	28772	40.37873728	1
0	28774	40.37877824	1
0	28776	40.3788192	1
0	28778	40.37886016	1
0	28780	40.37890112	1
0	28782	40.37894208	1
0	28784	40.37898304	1
0	28786	40.379024	1
0	28797	40.37957344	1
0	28809	40.3796144	1
0	28819	40.37965536	1
0	28830	40.37969632	1
0	28832	40.37973728	1
0	28834	40.37977824	1
0	28836	40.3798192	1
0	28838	40.37986016	1
0	28840	40.37990112	1
0	28842	40.37994208	1
0	28844	40.37998304	1
0	28846	40.380024	1
0	28849	40.38057344	1
0	28853	40.3806144	1
0	28859	40.38065536	1
0	28866	40.38069632	1
0	28868	40.38073728	1
0	28870	40.38077824	1
0	28872	40.3808192	1
0	28874	40.38086016	1
0	28876	40.38090112	1
0	28878	40.38094208	1
0	28880	40.38098304	1
0	28882	40.381024	1
0	28885	40.38157344	1
0	28889	40.3816144	1
0	28895	40.38165536	1
0	28902	40.38169632	1
0	28904	40.38173728	1
0	28906	40.38177824	1
0	28908	40.3818192	1
0	28910	40.38186016	1
0	28912	40.38190112	1
0	28914	40.38194208	1
0	28916	40.38198304	1
0	28918	40.382024	1
0	29037	41.38157344	1
0	29049	41.3816144	1
0	29058	41.38165536	1
0	29067	41.38169632	1
0	29068	41.38173728	1
0	29069	41.38177824	1
0	29070	41.3818192	1
0	29071	41.38186016	1
0	29072	41.38190112	1
0	29073	41.38194208	1
0	29074	41.38198304	1
0	29075	41.382024	1
0	29097	41.38257344	1
0	29109	41.3826144	1
0	29119	41.38265536	1
0	29130	41.38269632	1
0	29132	41.38273728	1
0	29134	41.38277824	1
0	29136	41.3828192	1
0	29138	41.38286016	1
0	29140	41.38290112	1
0	29142	41.38294208	1
0	29144	41.38298304	1
0	29146	41.383024	1
0	29169	41.38357344	1
0	29181	41.3836144	1
0	29191	41.38365536	1
0	29202	41.38369632	1
0	29204	41.38373728	1
0	29206	41.38377824	1
0	29208	41.3838192	1
0	29210	41.38386016	1
0	29212	41.38390112	1
0	29214	41.38394208	1
0	29216	41.38398304	1
0	29218	41.384024	1
0	29241	41.38457344	1
0	29253	41.3846144	1
0	29263	41.38465536	1
0	29274	41.38469632	1
0	29276	41.38473728	1
0	29278	41.38477824	1
0	29280	41.3848192	1
0	29282	41.38486016	1
0	29284	41.38490112	1
0	29286	41.38494208	1
0	29288	41.38498304	1
0	29290	41.385024	1
0	29313	41.38557344	1
0	29325	41.3856144	1
0	29335	41.38565536	1
0	29346	41.38569632	1
0	29348	41.38573728	1
0	29350	41.38577824	1
0	29352	41.3858192	1
0	29354	41.38586016	1
0	29356	41.38590112	1
0	29358	41.38594208	1
0	29360	41.38598304	1
0	29362	41.386024	1
0	29385	41.38657344	1
0	29397	41.3866144	1
0	29407	41.38665536	1
0	29418	41.38669632	1
0	29420	41.38673728	1
0	29422	41.38677824	1
0	29424	41.3868192	1
0	29426	41.38686016	1
0	29428	41.38690112	1
0	29430	41.38694208	1
0	29432	41.38698304	1
0	29434	41.387024	1
0	29457	41.38757344	1
0	29469	41.3876144	1
0	29479	41.38765536	1
0	29490	41.38769632	1
0	29492	41.38773728	1
0	29494	41.38777824	1
0	29496	41.3878192	1
0	29498	41.38786016	1
0	29500	41.38790112	1
0	29502	41.38794208	1
0	29504	41.38798304	1
0	29506	41.388024	1
0	29517	41.38857344	1
0	29529	41.3886144	1
0	29539	41.38865536	1
0	29550	41.38869632	1
0	29552	41.38873728	1
0	29554	41.38877824	1
0	29556	41.3888192	1
0	29558	41.38886016	1
0	29560	41.38890112	1
0	29562	41.38894208	1
0	29564	41.38898304	1
0	29566	41.389024	1
0	29569	41.38957344	1
0	29573	41.3896144	1
0	29579	41.38965536	1
0	29586	41.38969632	1
0	29588	41.38973728	1
0	29590	41.38977824	1
0	29592	41.3898192	1
0	29594	41.38986016	1
0	29596	41.38990112	1
0	29598	41.38994208	1
0	29600	41.38998304	1
0	29602	41.390024	1
0	29605	41.39057344	1
0	29609	41.3906144	1
0	29615	41.39065536	1
0	29622	41.39069632	1
0	29624	41.39073728	1
0	29626	41.39077824	1
0	29628	41.3908192	1
0	29630	41.39086016	1
0	29632	41.39090112	1
0	29634	41.39094208	1
0	29636	41.39098304	1
0	29638	41.391024	1
0	29757	42.39057344	1
0	29769	42.3906144	1
0	29778	42.39065536	1
0	29787	42.39069632	1
0	29788	42.39073728	1
0	29789	42.39077824	1
0	29790	42.3908192	1
0	29791	42.39086016	1
0	29792	42.39090112	1
0	29793	42.39094208	1
0	29794	42.39098304	1
0	29795	42.391024	1
0	29817	42.39157344	1
0	29829	42.3916144	1
0	29839	42.39165536	1
0	29850	42.39169632	1
0	29852	42.39173728	1
0	29854	42.39177824	1
0	29856	42.3918192	1
0	29858	42.39186016	1
0	29860	42.39190112	1
0	29862	42.39194208	1
0	29864	42.39198304	1
0	29866	42.392024	1
0	29889	42.39257344	1
0	29901	42.3926144	1
0	29911	42.39265536	1
0	29922	42.39269632	1
0	29924	42.39273728	1
0	29926	42.39277824	1
0	29928	42.3928192	1
0	29930	42.39286016	1
0	29932	42.39290112	1
0	29934	42.39294208	1
0	29936	42.39298304	1
0	29938	42.393024	1
0	29961	42.39357344	1
0	29973	42.3936144	1
0	29983	42.39365536	1
0	29994	42.39369632	1
0	29996	42.39373728	1
0	29998	42.39377824	1
0	30000	42.3938192	1
0	30002	42.39386016	1
0	30004	42.39390112	1
0	30006	42.39394208	1
0	30008	42.39398304	1
0	30010	42.394024	1
0	30033	42.39457344	1
0	30045	42.3946144	1
0	30055	42.39465536	1
0	30066	42.39469632	1
0	30068	42.39473728	1
0	30070	42.39477824	1
0	30072	42.3948192	1
0	30074	42.39486016	1
0	30076	42.39490112	1
0	30078	42.39494208	1
0	30080	42.39498304	1
0	30082	42.395024	1
0	30105	42.39557344	1
0	30117	42.3956144	1
0	30127	42.39565536	1
0	30138	42.39569632	1
0	30140	42.39573728	1
0	30142	42.39577824	1
0	30144	42.3958192	1
0	30146	42.39586016	1
0	30148	42.39590112	1
0	30150	42.39594208	1
0	30152	42.39598304	1
0	30154	42.396024	1
0	30177	42.39657344	1
0	30189	42.3966144	1
0	30199	42.39665536	1
0	30210	42.39669632	1
0	30212	42.39673728	1
0	30214	42.39677824	1
0	30216	42.3968192	1
0	30218	42.39686016	1
0	30220	42.39690112	1
0	30222	42.39694208	1
0	30224	42.39698304	1
0	30226	42.397024	1
0	30237	42.39757344	1
0	30249	42.3976144	1
0	30259	42.39765536	1
0	30270	42.39769632	1
0	30272	42.39773728	1
0	30274	42.39777824	1
0	30276	42.3978192	1
0	30278	42.39786016	1
0	30280	42.39790112	1
0	30282	42.39794208	1
0	30284	42.39798304	1
0	30286	42.398024	1
0	30289	42.39857344	1
0	30293	42.3986144	1
0	30299	42.39865536	1
0	30306	42.39869632	1
0	30308	42.39873728	1
0	30310	42.39877824	1
0	30312	42.3988192	1
0	30314	42.39886016	1
0	30316	42.39890112	1
0	30318	42.39894208	1
0	30320	42.39898304	1
0	30322	42.399024	1
0	30325	42.39957344	1
0	30329	42.3996144	1
0	30335	42.39965536	1
0	30342	42.39969632	1
0	30344	42.39973728	1
0	30346	42.39977824	1
0	30348	42.3998192	1
0	30350	42.39986016	1
0	30352	42.39990112	1
0	30354	42.39994208	1
0	30356	42.39998304	1
0	30358	42.400024	1
0	30477	43.39957344	1
0	30489	43.3996144	1
0	30498	43.39965536	1
0	30507	43.39969632	1
0	30508	43.39973728	1
0	30509	43.39977824	1
0	30510	43.3998192	1
0	30511	43.39986016	1
0	30512	43.39990112	1
0	30513	43.39994208	1
0	30514	43.39998304	1
0	30515	43.400024	1
0	30537	43.40057344	1
0	30549	43.4006144	1
0	30559	43.40065536	1
0	30570	43.40069632	1
0	30572	43.40073728	1
0	30574	43.40077824	1
0	30576	43.4008192	1
0	30578	43.40086016	1
0	30580	43.40090112	1
0	30582	43.40094208	1
0	30584	43.40098304	1
0	30586	43.401024	1
0	30609	43.40157344	1
0	30621	43.4016144	1
0	30631	43.40165536	1
0	30642	43.40169632	1
0	30644	43.40173728	1
0	30646	43.40177824	1
0	30648	43.4018192	1
0	30650	43.40186016	1
0	30652	43.40190112	1
0	30654	43.40194208	1
0	30656	43.40198304	1
0	30658	43.402024	1
0	30681	43.40257344	1
0	30693	43.4026144	1
0	30703	43.40265536	1
0	30714	43.40269632	1
0	30716	43.40273728	1
0	30718	43.40277824	1
0	30720	43.4028192	1
0	30722	43.40286016	1
0	30724	43.40290112	1
0	30726	43.40294208	1
0	30728	43.40298304	1
0	30730	43.403024	1
0	30753	43.40357344	1
0	30765	43.4036144	1
0	30775	43.40365536	1
0	30786	43.40369632	1
0	30788	43.40373728	1
0	30790	43.40377824	1
0	30792	43.4038192	1
0	30794	43.40386016	1
0	30796	43.40390112	1
0	30798	43.40394208	1
0	30800	43.40398304	1
0	30802	43.404024	1
0	30825	43.40457344	1
0	30837	43.4046144	1
0	30847	43.40465536	1
0	30858	43.40469632	1
0	30860	43.40473728	1
0	30862	43.40477824	1
0	30864	43.4048192	1
0	30866	43.40486016	1
0	30868	43.40490112	1
0	30870	43.40494208	1
0	30872	43.40498304	1
0	30874	43.405024	1
0	30897	43.40557344	1
0	30909	43.4056144	1
0	30919	43.40565536	1
0	30930	43.40569632	1
0	30932	43.40573728	1
0	30934	43.40577824	1
0	30936	43.4058192	1
0	30938	43.40586016	1
0	30940	43.40590112	1
0	30942	43.40594208	1
0	30944	43.40598304	1
0	30946	43.406024	1
0	30957	43.40657344	1
0	30969	43.4066144	1
0	30979	43.40665536	1
0	30990	43.40669632	1
0	30992	43.40673728	1
0	30994	43.40677824	1
0	30996	43.4068192	1
0	30998	43.40686016	1
0	31000	43.40690112	1
0	31002	43.40694208	1
0	31004	43.40698304	1
0	31006	43.407024	1
0	31009	43.40757344	1
0	31013	43.4076144	1
0	31019	43.40765536	1
0	31026	43.40769632	1
0	31028	43.40773728	1
0	31030	43.40777824	1
0	31032	43.4078192	1
0	31034	43.40786016	1
0	31036	43.40790112	1
0	31038	43.40794208	1
0	31040	43.40798304	1
0	31042	43.408024	1
0	31045	43.40857344	1
0	31049	43.4086144	1
0	31055	43.40865536	1
0	31062	43.40869632	1
0	31064	43.40873728	1
0	31066	43.40877824	1
0	31068	43.4088192	1
0	31070	43.40886016	1
0	31072	43.40890112	1
0	31074	43.40894208	1
0	31076	43.40898304	1
0	31078	43.409024	1
0	31197	44.40857344	1
0	31209	44.4086144	1
0	31218	44.40865536	1
0	31227	44.40869632	1
0	31228	44.40873728	1
0	31229	44.40877824	1
0	31230	44.4088192	1
0	31231	44.40886016	1
0	31232	44.40890112	1
0	31233	44.40894208	1
0	31234	44.40898304	1
0	31235	44.409024	1
0	31257	44.40957344	1
0	31269	44.4096144	1
0	31279	44.40965536	1
0	31290	44.40969632	1
0	31292	44.40973728	1
0	31294	44.40977824	1
0	31296	44.4098192	1
0	31298	44.40986016	1
0	31300	44.40990112	1
0	31302	44.40994208	1
0	31304	44.40998304	1
0	31306	44.410024	1
0	31329	44.41057344	1
0	31341	44.4106144	1
0	31351	44.41065536	1
0	31362	44.41069632	1
0	31364	44.41073728	1
0	31366	44.41077824	1
0	31368	44.4108192	1
0	31370	44.41086016	1
0	31372	44.41090112	1
0	31374	44.41094208	1
0	31376	44.41098304	1
0	31378	44.411024	1
0	31401	44.41157344	1
0	31413	44.4116144	1
0	31423	44.41165536	1
0	31434	44.41169632	1
0	31436	44.41173728	1
0	31438	44.41177824	1
0	31440	44.4118192	1
0	31442	44.41186016	1
0	31444	44.41190112	1
0	31446	44.41194208	1
0	31448	44.41198304	1
0	31450	44.412024	1
0	31473	44.41257344	1
0	31485	44.4126144	1
0	31495	44.41265536	1
0	31506	44.41269632	1
0	31508	44.41273728	1
0	31510	44.41277824	1
0	31512	44.4128192	1
0	31514	44.41286016	1
0	31516	44.41290112	1
0	31518	44.41294208	1
0	31520	44.41298304	1
0	31522	44.413024	1
0	31545	44.41357344	1
0	31557	44.4136144	1
0	31567	44.41365536	1
0	31578	44.41369632	1
0	31580	44.41373728	1
0	31582	44.41377824	1
0	31584	44.4138192	1
0	31586	44.41386016	1
0	31588	44.41390112	1
0	31590	44.41394208	1
0	31592	44.41398304	1
0	31594	44.414024	1
0	31617	44.41457344	1
0	31629	44.4146144	1
0	31639	44.41465536	1
0	31650	44.41469632	1
0	31652	44.41473728	1
0	31654	44.41477824	1
0	31656	44.4148192	1
0	31658	44.41486016	1
0	31660	44.41490112	1
0	31662	44.41494208	1
0	31664	44.41498304	1
0	31666	44.415024	1
0	31677	44.41557344	1
0	31689	44.4156144	1
0	31699	44.41565536	1
0	31710	44.41569632	1
0	31712	44.41573728	1
0	31714	44.41577824	1
0	31716	44.4158192	1
0	31718	44.41586016	1
0	31720	44.41590112	1
0	31722	44.41594208	1
0	31724	44.41598304	1
0	31726	44.416024	1
0	31729	44.41657344	1
0	31733	44.4166144	1
0	31739	44.41665536	1
0	31746	44.41669632	1
0	31748	44.41673728	1
0	31750	44.41677824	1
0	31752	44.4168192	1
0	31754	44.41686016	1
0	31756	44.41690112	1
0	31758	44.41694208	1
0	31760	44.41698304	1
0	31762	44.417024	1
0	31765	44.41757344	1
0	31769	44.4176144	1
0	31775	44.41765536	1
0	31782	44.41769632	1
0	31784	44.41773728	1
0	31786	44.41777824	1
0	31788	44.4178192	1
0	31790	44.41786016	1
0	31792	44.41790112	1
0	31794	44.41794208	1
0	31796	44.41798304	1
0	31798	44.418024	1
0	31917	45.41757344	1
0	31929	45.4176144	1
0	31938	45.41765536	1
0	31947	45.41769632	1
0	31948	45.41773728	1
0	31949	45.41777824	1
0	31950	45.4178192	1
0	31951	45.41786016	1
0	31952	45.41790112	1
0	31953	45.41794208	1
0	31954	45.41798304	1
0	31955	45.418024	1
0	31977	45.41857344	1
0	31989	45.4186144	1
0	31999	45.41865536	1
0	32010	45.41869632	1
0	32012	45.41873728	1
0	32014	45.41877824	1
0	32016	45.4188192	1
0	32018	45.41886016	1
0	32020	45.41890112	1
0	32022	45.41894208	1
0	32024	45.41898304	1
0	32026	45.419024	1
0	32049	45.41957344	1
0	32061	45.4196144	1
0	32071	45.41965536	1
0	32082	45.41969632	1
0	32084	45.41973728	1
0	32086	45.41977824	1
0	32088	45.4198192	1
0	32090	45.41986016	1
0	32092	45.41990112	1
0	32094	45.41994208	1
0	32096	45.41998304	1
0	32098	45.420024	1
0	32121	45.42057344	1
0	32133	45.4206144	1
0	32143	45.42065536	1
0	32154	45.42069632	1
0	32156	45.42073728	1
0	32158	45.42077824	1
0	32160	45.4208192	1
0	32162	45.42086016	1
0	32164	45.42090112	1
0	32166	45.42094208	1
0	32168	45.42098304	1
0	32170	45.421024	1
0	32193	45.42157344	1
0	32205	45.4216144	1
0	32215	45.42165536	1
0	32226	45.42169632	1
0	32228	45.42173728	1
0	32230	45.42177824	1
0	32232	45.4218192	1
0	32234	45.42186016	1
0	32236	45.42190112	1
0	32238	45.42194208	1
0	32240	45.42198304	1
0	32242	45.422024	1
0	32265	45.42257344	1
0	32277	45.4226144	1
0	32287	45.42265536	1
0	32298	45.42269632	1
0	32300	45.42273728	1
0	32302	45.42277824	1
0	32304	45.4228192	1
0	32306	45.42286016	1
0	32308	45.42290112	1
0	32310	45.42294208	1
0	32312	45.42298304	1
0	32314	45.423024	1
0	32337	45.42357344	1
0	32349	45.4236144	1
0	32359	45.42365536	1
0	32370	45.42369632	1
0	32372	45.42373728	1
0	32374	45.42377824	1
0	32376	45.4238192	1
0	32378	45.42386016	1
0	32380	45.42390112	1
0	32382	45.42394208	1
0	32384	45.42398304	1
0	32386	45.424024	1
0	32397	45.42457344	1
0	32409	45.4246144	1
0	32419	45.42465536	1
0	32430	45.42469632	1
0	32432	45.42473728	1
0	32434	45.42477824	1
0	32436	45.4248192	1
0	32438	45.42486016	1
0	32440	45.42490112	1
0	32442	45.42494208	1
0	32444	45.42498304	1
0	32446	45.425024	1
0	32449	45.42557344	1
0	32453	45.4256144	1
0	32459	45.42565536	1
0	32466	45.42569632	1
0	32468	45.42573728	1
0	32470	45.42577824	1
0	32472	45.4258192	1
0	32474	45.42586016	1
0	32476	45.42590112	1
0	32478	45.42594208	1
0	32480	45.42598304	1
0	32482	45.426024	1
0	32485	45.42657344	1
0	32489	45.4266144	1
0	32495	45.42665536	1
0	32502	45.42669632	1
0	32504	45.42673728	1
0	32506	45.42677824	1
0	32508	45.4268192	1
0	32510	45.42686016	1
0	32512	45.42690112	1
0	32514	45.42694208	1
0	32516	45.42698304	1
0	32518	45.427024	1
0	32637	46.42657344	1
0	32649	46.4266144	1
0	32658	46.42665536	1
0	32667	46.42669632	1
0	32668	46.42673728	1
0	32669	46.42677824	1
0	32670	46.4268192	1
0	32671	46.42686016	1
0	32672	46.42690112	1
0	32673	46.42694208	1
0	32674	46.42698304	1
0	32675	46.427024	1
0	32697	46.42757344	1
0	32709	46.4276144	1
0	32719	46.42765536	1
0	32730	46.42769632	1
0	32732	46.42773728	1
0	32734	46.42777824	1
0	32736	46.4278192	1
0	32738	46.42786016	1
0	32740	46.42790112	1
0	32742	46.42794208	1
0	32744	46.42798304	1
0	32746	46.428024	1
0	32769	46.42857344	1
0	32781	46.4286144	1
0	32791	46.42865536	1
0	32802	46.42869632	1
0	32804	46.42873728	1
0	32806	46.42877824	1
0	32808	46.4288192	1
0	32810	46.42886016	1
0	32812	46.42890112	1
0	32814	46.42894208	1
0	32816	46.42898304	1
0	32818	46.429024	1
0	32841	46.42957344	1
0	32853	46.4296144	1
0	32863	46.42965536	1
0	32874	46.42969632	1
0	32876	46.42973728	1
0	32878	46.42977824	1
0	32880	46.4298192	1
0	32882	46.42986016	1
0	32884	46.42990112	1
0	32886	46.42994208	1
0	32888	46.42998304	1
0	32890	46.430024	1
0	32913	46.43057344	1
0	32925	46.4306144	1
0	32935	46.43065536	1
0	32946	46.43069632	1
0	32948	46.43073728	1
0	32950	46.43077824	1
0	32952	46.4308192	1
0	32954	46.43086016	1
0	32956	46.43090112	1
0	32958	46.43094208	1
0	32960	46.43098304	1
0	32962	46.431024	1
0	32985	46.43157344	1
0	32997	46.4316144	1
0	33007	46.43165536	1
0	33018	46.43169632	1
0	33020	46.43173728	1
0	33022	46.43177824	1
0	33024	46.4318192	1
0	33026	46.43186016	1
0	33028	46.43190112	1
0	33030	46.43194208	1
0	33032	46.43198304	1
0	33034	46.432024	1
0	33057	46.43257344	1
0	33069	46.4326144	1
0	33079	46.43265536	1
0	33090	46.43269632	1
0	33092	46.43273728	1
0	33094	46.43277824	1
0	33096	46.4328192	1
0	33098	46.43286016	1
0	33100	46.43290112	1
0	33102	46.43294208	1
0	33104	46.43298304	1
0	33106	46.433024	1
0	33117	46.43357344	1
0	33129	46.4336144	1
0	33139	46.43365536	1
0	33150	46.43369632	1
0	33152	46.43373728	1
0	33154	46.43377824	1
0	33156	46.4338192	1
0	33158	46.43386016	1
0	33160	46.43390112	1
0	33162	46.43394208	1
0	33164	46.43398304	1
0	33166	46.434024	1
0	33169	46.43457344	1
0	33173	46.4346144	1
0	33179	46.43465536	1
0	33186	46.43469632	1
0	33188	46.43473728	1
0	33190	46.43477824	1
0	33192	46.4348192	1
0	33194	46.43486016	1
0	33196	46.43490112	1
0	33198	46.43494208	1
0	33200	46.43498304	1
0	33202	46.435024	1
0	33205	46.43557344	1
0	33209	46.4356144	1
0	33215	46.43565536	1
0	33222	46.43569632	1
0	33224	46.43573728	1
0	33226	46.43577824	1
0	33228	46.4358192	1
0	33230	46.43586016	1
0	33232	46.43590112	1
0	33234	46.43594208	1
0	33236	46.43598304	1
0	33238	46.436024	1
0	33357	47.43557344	1
0	33369	47.4356144	1
0	33378	47.43565536	1
0	33387	47.43569632	1
0	33388	47.43573728	1
0	33389	47.43577824	1
0	33390	47.4358192	1
0	33391	47.43586016	1
0	33392	47.43590112	1
0	33393	47.43594208	1
0	33394	47.43598304	1
0	33395	47.436024	1
0	33417	47.43657344	1
0	33429	47.4366144	1
0	33439	47.43665536	1
0	33450	47.43669632	1
0	33452	47.43673728	1
0	33454	47.43677824	1
0	33456	47.4368192	1
0	33458	47.43686016	1
0	33460	47.43690112	1
0	33462	47.43694208	1
0	33464	47.43698304	1
0	33466	47.437024	1
0	33489	47.43757344	1
0	33501	47.4376144	1
0	33511	47.43765536	1
0	33522	47.43769632	1
0	33524	47.43773728	1
0	33526	47.43777824	1
0	33528	47.4378192	1
0	33530	47.43786016	1
0	33532	47.43790112	1
0	33534	47.43794208	1
0	33536	47.43798304	1
0	33538	47.438024	1
0	33561	47.43857344	1
0	33573	47.4386144	1
0	33583	47.43865536	1
0	33594	47.43869632	1
0	33596	47.43873728	1
0	33598	47.43877824	1
0	33600	47.4388192	1
0	33602	47.43886016	1
0	33604	47.43890112	1
0	33606	47.43894208	1
0	33608	47.43898304	1
0	33610	47.439024	1
0	33633	47.43957344	1
0	33645	47.4396144	1
0	33655	47.43965536	1
0	33666	47.43969632	1
0	33668	47.43973728	1
0	33670	47.43977824	1
0	33672	47.4398192	1
0	33674	47.43986016	1
0	33676	47.43990112	1
0	33678	47.43994208	1
0	33680	47.43998304	1
0	33682	47.440024	1
0	33705	47.44057344	1
0	33717	47.4406144	1
0	33727	47.44065536	1
0	33738	47.44069632	1
0	33740	47.44073728	1
0	33742	47.44077824	1
0	33744	47.4408192	1
0	33746	47.44086016	1
0	33748	47.44090112	1
0	33750	47.44094208	1
0	33752	47.44098304	1
0	33754	47.441024	1
0	33777	47.44157344	1
0	33789	47.4416144	1
0	33799	47.44165536	1
0	33810	47.44169632	1
0	33812	47.44173728	1
0	33814	47.44177824	1
0	33816	47.4418192	1
0	33818	47.44186016	1
0	33820	47.44190112	1
0	33822	47.44194208	1
0	33824	47.44198304	1
0	33826	47.442024	1
0	33837	47.44257344	1
0	33849	47.4426144	1
0	33859	47.44265536	1
0	33870	47.44269632	1
0	33872	47.44273728	1
0	33874	47.44277824	1
0	33876	47.4428192	1
0	33878	47.44286016	1
0	33880	47.44290112	1
0	33882	47.44294208	1
0	33884	47.44298304	1
0	33886	47.443024	1
0	33889	47.44357344	1
0	33893	47.4436144	1
0	33899	47.44365536	1
0	33906	47.44369632	1
0	33908	47.44373728	1
0	33910	47.44377824	1
0	33912	47.4438192	1
0	33914	47.44386016	1
0	33916	47.44390112	1
0	33918	47.44394208	1
0	33920	47.44398304	1
0	33922	47.444024	1
0	33925	47.44457344	1
0	33929	47.4446144	1
0	33935	47.44465536	1
0	33942	47.44469632	1
0	33944	47.44473728	1
0	33946	47.44477824	1
0	33948	47.4448192	1
0	33950	47.44486016	1
0	33952	47.44490112	1
0	33954	47.44494208	1
0	33956	47.44498304	1
0	33958	47.445024	1
0	34077	48.44457344	1
0	34089	48.4446144	1
0	34098	48.44465536	1
0	34107	48.44469632	1
0	34108	48.44473728	1
0	34109	48.44477824	1
0	34110	48.4448192	1
0	34111	48.44486016	1
0	34112	48.44490112	1
0	34113	48.44494208	1
0	34114	48.44498304	1
0	34115	48.445024	1
0	34137	48.44557344	1
0	34149	48.4456144	1
0	34159	48.44565536	1
0	34170	48.44569632	1
0	34172	48.44573728	1
0	34174	48.44577824	1
0	34176	48.4458192	1
0	34178	48.44586016	1
0	34180	48.44590112	1
0	34182	48.44594208	1
0	34184	48.44598304	1
0	34186	48.446024	1
0	34209	48.44657344	1
0	34221	48.4466144	1
0	34231	48.44665536	1
0	34242	48.44669632	1
0	34244	48.44673728	1
0	34246	48.44677824	1
0	34248	48.4468192	1
0	34250	48.44686016	1
0	34252	48.44690112	1
0	34254	48.44694208	1
0	34256	48.44698304	1
0	34258	48.447024	1
0	34281	48.44757344	1
0	34293	48.4476144	1
0	34303	48.44765536	1
0	34314	48.44769632	1
0	34316	48.44773728	1
0	34318	48.44777824	1
0	34320	48.4478192	1
0	34322	48.44786016	1
0	34324	48.44790112	1
0	34326	48.44794208	1
0	34328	48.44798304	1
0	34330	48.448024	1
0	34353	48.44857344	1
0	34365	48.4486144	1
0	34375	48.44865536	1
0	34386	48.44869632	1
0	34388	48.44873728	1
0	34390	48.44877824	1
0	34392	48.4488192	1
0	34394	48.44886016	1
0	34396	48.44890112	1
0	34398	48.44894208	1
0	34400	48.44898304	1
0	34402	48.449024	1
0	34425	48.44957344	1
0	34437	48.4496144	1
0	34447	48.44965536	1
0	34458	48.44969632	1
0	34460	48.44973728	1
0	34462	48.44977824	1
0	34464	48.4498192	1
0	34466	48.44986016	1
0	34468	48.44990112	1
0	34470	48.44994208	1
0	34472	48.44998304	1
0	34474	48.450024	1
0	34497	48.45057344	1
0	34509	48.4506144	1
0	34519	48.45065536	1
0	34530	48.45069632	1
0	34532	48.45073728	1
0	34534	48.45077824	1
0	34536	48.4508192	1
0	34538	48.45086016	1
0	34540	48.45090112	1
0	34542	48.45094208	1
0	34544	48.45098304	1
0	34546	48.451024	1
0	34557	48.45157344	1
0	34569	48.4516144	1
0	34579	48.45165536	1
0	34590	48.45169632	1
0	34592	48.45173728	1
0	34594	48.45177824	1
0	34596	48.4518192	1
0	34598	48.45186016	1
0	34600	48.45190112	1
0	34602	48.45194208	1
0	34604	48.45198304	1
0	34606	48.452024	1
0	34609	48.45257344	1
0	34613	48.4526144	1
0	34619	48.45265536	1
0	34626	48.45269632	1
0	34628	48.45273728	1
0	34630	48.45277824	1
0	34632	48.4528192	1
0	34634	48.45286016	1
0	34636	48.45290112	1
0	34638	48.45294208	1
0	34640	48.45298304	1
0	34642	48.453024	1
0	34645	48.45357344	1
0	34649	48.4536144	1
0	34655	48.45365536	1
0	34662	48.45369632	1
0	34664	48.45373728	1
0	34666	48.45377824	1
0	34668	48.4538192	1
0	34670	48.45386016	1
0	34672	48.45390112	1
0	34674	48.45394208	1
0	34676	48.45398304	1
0	34678	48.454024	1
0	34797	49.45357344	1
0	34809	49.4536144	1
0	34818	49.45365536	1
0	34827	49.45369632	1
0	34828	49.45373728	1
0	34829	49.45377824	1
0	34830	49.4538192	1
0	34831	49.45386016	1
0	34832	49.45390112	1
0	34833	49.45394208	1
0	34834	49.45398304	1
0	34835	49.454024	1
0	34857	49.45457344	1
0	34869	49.4546144	1
0	34879	49.45465536	1
0	34890	49.45469632	1
0	34892	49.45473728	1
0	34894	49.45477824	1
0	34896	49.4548192	1
0	34898	49.45486016	1
0	34900	49.45490112	1
0	34902	49.45494208	1
0	34904	49.45498304	1
0	34906	49.455024	1
0	34929	49.45557344	1
0	34941	49.4556144	1
0	34951	49.45565536	1
0	34962	49.45569632	1
0	34964	49.45573728	1
0	34966	49.45577824	1
0	34968	49.4558192	1
0	34970	49.45586016	1
0	34972	49.45590112	1
0	34974	49.45594208	1
0	34976	49.45598304	1
0	34978	49.456024	1
0	35001	49.45657344	1
0	35013	49.4566144	1
0	35023	49.45665536	1
0	35034	49.45669632	1
0	35036	49.45673728	1
0	35038	49.45677824	1
0	35040	49.4568192	1
0	35042	49.45686016	1
0	35044	49.45690112	1
0	35046	49.45694208	1
0	35048	49.45698304	1
0	35050	49.457024	1
0	35073	49.45757344	1
0	35085	49.4576144	1
0	35095	49.45765536	1
0	35106	49.45769632	1
0	35108	49.45773728	1
0	35110	49.45777824	1
0	35112	49.4578192	1
0	35114	49.45786016	1
0	35116	49.45790112	1
0	35118	49.45794208	1
0	35120	49.45798304	1
0	35122	49.458024	1
0	35145	49.45857344	1
0	35157	49.4586144	1
0	35167	49.45865536	1
0	35178	49.45869632	1
0	35180	49.45873728	1
0	35182	49.45877824	1
0	35184	49.4588192	1
0	35186	49.45886016	1
0	35188	49.45890112	1
0	35190	49.45894208	1
0	35192	49.45898304	1
0	35194	49.459024	1
0	35217	49.45957344	1
0	35229	49.4596144	1
0	35239	49.45965536	1
0	35250	49.45969632	1
0	35252	49.45973728	1
0	35254	49.45977824	1
0	35256	49.4598192	1
0	35258	49.45986016	1
0	35260	49.45990112	1
0	35262	49.45994208	1
0	35264	49.45998304	1
0	35266	49.460024	1
0	35277	49.46057344	1
0	35289	49.4606144	1
0	35299	49.46065536	1
0	35310	49.46069632	1
0	35312	49.46073728	1
0	35314	49.46077824	1
0	35316	49.4608192	1
0	35318	49.46086016	1
0	35320	49.46090112	1
0	35322	49.46094208	1
0	35324	49.46098304	1
0	35326	49.461024	1
0	35329	49.46157344	1
0	35333	49.4616144	1
0	35339	49.46165536	1
0	35346	49.46169632	1
0	35348	49.46173728	1
0	35350	49.46177824	1
0	35352	49.4618192	1
0	35354	49.46186016	1
0	35356	49.46190112	1
0	35358	49.46194208	1
0	35360	49.46198304	1
0	35362	49.462024	1
0	35365	49.46257344	1
0	35369	49.4626144	1
0	35375	49.46265536	1
0	35382	49.46269632	1
0	35384	49.46273728	1
0	35386	49.46277824	1
0	35388	49.4628192	1
0	35390	49.46286016	1
0	35392	49.46290112	1
0	35394	49.46294208	1
0	35396	49.46298304	1
0	35398	49.463024	1
0	35517	50.46257344	1
0	35529	50.4626144	1
0	35538	50.46265536	1
0	35547	50.46269632	1
0	35548	50.46273728	1
0	35549	50.46277824	1
0	35550	50.4628192	1
0	35551	50.46286016	1
0	35552	50.46290112	1
0	35553	50.46294208	1
0	35554	50.46298304	1
0	35555	50.463024	1
0	35577	50.46357344	1
0	35589	50.4636144	1
0	35599	50.46365536	1
0	35610	50.46369632	1
0	35612	50.46373728	1
0	35614	50.46377824	1
0	35616	50.4638192	1
0	35618	50.46386016	1
0	35620	50.46390112	1
0	35622	50.46394208	1
0	35624	50.46398304	1
0	35626	50.464024	1
0	35649	50.46457344	1
0	35661	50.4646144	1
0	35671	50.46465536	1
0	35682	50.46469632	1
0	35684	50.46473728	1
0	35686	50.46477824	1
0	35688	50.4648192	1
0	35690	50.46486016	1
0	35692	50.46490112	1
0	35694	50.46494208	1
0	35696	50.46498304	1
0	35698	50.465024	1
0	35721	50.46557344	1
0	35733	50.4656144	1
0	35743	50.46565536	1
0	35754	50.46569632	1
0	35756	50.46573728	1
0	35758	50.46577824	1
0	35760	50.4658192	1
0	35762	50.46586016	1
0	35764	50.46590112	1
0	35766	50.46594208	1
0	35768	50.46598304	1
0	35770	50.466024	1
0	35793	50.46657344	1
0	35805	50.4666144	1
0	35815	50.46665536	1
0	35826	50.46669632	1
0	35828	50.46673728	1
0	35830	50.46677824	1
0	35832	50.4668192	1
0	35834	50.46686016	1
0	35836	50.46690112	1
0	35838	50.46694208	1
0	35840	50.46698304	1
0	35842	50.467024	1
0	35865	50.46757344	1
0	35877	50.4676144	1
0	35887	50.46765536	1
0	35898	50.46769632	1
0	35900	50.46773728	1
0	35902	50.46777824	1
0	35904	50.4678192	1
0	35906	50.46786016	1
0	35908	50.46790112	1
0	35910	50.46794208	1
0	35912	50.46798304	1
0	35914	50.468024	1
0	35937	50.46857344	1
0	35949	50.4686144	1
0	35959	50.46865536	1
0	35970	50.46869632	1
0	35972	50.46873728	1
0	35974	50.46877824	1
0	35976	50.4688192	1
0	35978	50.46886016	1
0	35980	50.46890112	1
0	35982	50.46894208	1
0	35984	50.46898304	1
0	35986	50.469024	1
0	35997	50.46957344	1
0	36009	50.4696144	1
0	36019	50.46965536	1
0	36030	50.46969632	1
0	36032	50.46973728	1
0	36034	50.46977824	1
0	36036	50.4698192	1
0	36038	50.46986016	1
0	36040	50.46990112	1
0	36042	50.46994208	1
0	36044	50.46998304	1
0	36046	50.470024	1
0	36049	50.47057344	1
0	36053	50.4706144	1
0	36059	50.47065536	1
0	36066	50.47069632	1
0	36068	50.47073728	1
0	36070	50.47077824	1
0	36072	50.4708192	1
0	36074	50.47086016	1
0	36076	50.47090112	1
0	36078	50.47094208	1
0	36080	50.47098304	1
0	36082	50.471024	1
0	36085	50.47157344	1
0	36089	50.4716144	1
0	36095	50.47165536	1
0	36102	50.47169632	1
0	36104	50.47173728	1
0	36106	50.47177824	1
0	36108	50.4718192	1
0	36110	50.47186016	1
0	36112	50.47190112	1
0	36114	50.47194208	1
0	36116	50.47198304	1
0	36118	50.472024	1
0	36237	51.47157344	1
0	36249	51.4716144	1
0	36258	51.47165536	1
0	36267	51.47169632	1
0	36268	51.47173728	1
0	36269	51.47177824	1
0	36270	51.4718192	1
0	36271	51.47186016	1
0	36272	51.47190112	1
0	36273	51.47194208	1
0	36274	51.47198304	1
0	36275	51.472024	1
0	36297	51.47257344	1
0	36309	51.4726144	1
0	36319	51.47265536	1
0	36330	51.47269632	1
0	36332	51.47273728	1
0	36334	51.47277824	1
0	36336	51.4728192	1
0	36338	51.47286016	1
0	36340	51.47290112	1
0	36342	51.47294208	1
0	36344	51.47298304	1
0	36346	51.473024	1
0	36369	51.47357344	1
0	36381	51.4736144	1
0	36391	51.47365536	1
0	36402	51.47369632	1
0	36404	51.47373728	1
0	36406	51.47377824	1
0	36408	51.4738192	1
0	36410	51.47386016	1
0	36412	51.47390112	1
0	36414	51.47394208	1
0	36416	51.47398304	1
0	36418	51.474024	1
0	36441	51.47457344	1
0	36453	51.4746144	1
0	36463	51.47465536	1
0	36474	51.47469632	1
0	36476	51.47473728	1
0	36478	51.47477824	1
0	36480	51.4748192	1
0	36482	51.47486016	1
0	36484	51.47490112	1
0	36486	51.47494208	1
0	36488	51.47498304	1
0	36490	51.475024	1
0	36513	51.47557344	1
0	36525	51.4756144	1
0	36535	51.47565536	1
0	36546	51.47569632	1
0	36548	51.47573728	1
0	36550	51.47577824	1
0	36552	51.4758192	1
0	36554	51.47586016	1
0	36556	51.47590112	1
0	36558	51.47594208	1
0	36560	51.47598304	1
0	36562	51.476024	1
0	36585	51.47657344	1
0	36597	51.4766144	1
0	36607	51.47665536	1
0	36618	51.47669632	1
0	36620	51.47673728	1
0	36622	51.47677824	1
0	36624	51.4768192	1
0	36626	51.47686016	1
0	36628	51.47690112	1
0	36630	51.47694208	1
0	36632	51.47698304	1
0	36634	51.477024	1
0	36657	51.47757344	1
0	36669	51.4776144	1
0	36679	51.47765536	1
0	36690	51.47769632	1
0	36692	51.47773728	1
0	36694	51.47777824	1
0	36696	51.4778192	1
0	36698	51.47786016	1
0	36700	51.47790112	1
0	36702	51.47794208	1
0	36704	51.47798304	1
0	36706	51.478024	1
0	36717	51.47857344	1
0	36729	51.4786144	1
0	36739	51.47865536	1
0	36750	51.47869632	1
0	36752	51.47873728	1
0	36754	51.47877824	1
0	36756	51.4788192	1
0	36758	51.47886016	1
0	36760	51.47890112	1
0	36762	51.47894208	1
0	36764	51.47898304	1
0	36766	51.479024	1
0	36769	51.47957344	1
0	36773	51.4796144	1
0	36779	51.47965536	1
0	36786	51.47969632	1
0	36788	51.47973728	1
0	36790	51.47977824	1
0	36792	51.4798192	1
0	36794	51.47986016	1
0	36796	51.47990112	1
0	36798	51.47994208	1
0	36800	51.47998304	1
0	36802	51.480024	1
0	36805	51.48057344	1
0	36809	51.4806144	1
0	36815	51.48065536	1
0	36822	51.48069632	1
0	36824	51.48073728	1
0	36826	51.48077824	1
0	36828	51.4808192	1
0	36830	51.48086016	1
0	36832	51.48090112	1
0	36834	51.48094208	1
0	36836	51.48098304	1
0	36838	51.481024	1
0	36957	52.48057344	1
0	36969	52.4806144	1
0	36978	52.48065536	1
0	36987	52.48069632	1
0	36988	52.48073728	1
0	36989	52.48077824	1
0	36990	52.4808192	1
0	36991	52.48086016	1
0	36992	52.48090112	1
0	36993	52.48094208	1
0	36994	52.48098304	1
0	36995	52.481024	1
0	37017	52.48157344	1
0	37029	52.4816144	1
0	37039	52.48165536	1
0	37050	52.48169632	1
0	37052	52.48173728	1
0	37054	52.48177824	1
0	37056	52.4818192	1
0	37058	52.48186016	1
0	37060	52.48190112	1
0	37062	52.48194208	1
0	37064	52.48198304	1
0	37066	52.482024	1
0	37089	52.48257344	1
0	37101	52.4826144	1
0	37111	52.48265536	1
0	37122	52.48269632	1
0	37124	52.48273728	1
0	37126	52.48277824	1
0	37128	52.4828192	1
0	37130	52.48286016	1
0	37132	52.48290112	1
0	37134	52.48294208	1
0	37136	52.48298304	1
0	37138	52.483024	1
0	37161	52.48357344	1
0	37173	52.4836144	1
0	37183	52.48365536	1
0	37194	52.48369632	1
0	37196	52.48373728	1
0	37198	52.48377824	1
0	37200	52.4838192	1
0	37202	52.48386016	1
0	37204	52.48390112	1
0	37206	52.48394208	1
0	37208	52.48398304	1
0	37210	52.484024	1
0	37233	52.48457344	1
0	37245	52.4846144	1
0	37255	52.48465536	1
0	37266	52.48469632	1
0	37268	52.48473728	1
0	37270	52.48477824	1
0	37272	52.4848192	1
0	37274	52.48486016	1
0	37276	52.48490112	1
0	37278	52.48494208	1
0	37280	52.48498304	1
0	37282	52.485024	1
0	37305	52.48557344	1
0	37317	52.4856144	1
0	37327	52.48565536	1
0	37338	52.48569632	1
0	37340	52.48573728	1
0	37342	52.48577824	1
0	37344	52.4858192	1
0	37346	52.48586016	1
0	37348	52.48590112	1
0	37350	52.48594208	1
0	37352	52.48598304	1
0	37354	52.486024	1
0	37377	52.48657344	1
0	37389	52.4866144	1
0	37399	52.48665536	1
0	37410	52.48669632	1
0	37412	52.48673728	1
0	37414	52.48677824	1
0	37416	52.4868192	1
0	37418	52.48686016	1
0	37420	52.48690112	1
0	37422	52.48694208	1
0	37424	52.48698304	1
0	37426	52.487024	1
0	37437	52.48757344	1
0	37449	52.4876144	1
0	37459	52.48765536	1
0	37470	52.48769632	1
0	37472	52.48773728	1
0	37474	52.48777824	1
0	37476	52.4878192	1
0	37478	52.48786016	1
0	37480	52.48790112	1
0	37482	52.48794208	1
0	37484	52.48798304	1
0	37486	52.488024	1
0	37489	52.48857344	1
0	37493	52.4886144	1
0	37499	52.48865536	1
0	37506	52.48869632	1
0	37508	52.48873728	1
0	37510	52.48877824	1
0	37512	52.4888192	1
0	37514	52.48886016	1
0	37516	52.48890112	1
0	37518	52.48894208	1
0	37520	52.48898304	1
0	37522	52.489024	1
0	37525	52.48957344	1
0	37529	52.4896144	1
0	37535	52.48965536	1
0	37542	52.48969632	1
0	37544	52.48973728	1
0	37546	52.48977824	1
0	37548	52.4898192	1
0	37550	52.48986016	1
0	37552	52.48990112	1
0	37554	52.48994208	1
0	37556	52.48998304	1
0	37558	52.490024	1
0	37677	53.48957344	1
0	37689	53.4896144	1
0	37698	53.48965536	1
0	37707	53.48969632	1
0	37708	53.48973728	1
0	37709	53.48977824	1
0	37710	53.4898192	1
0	37711	53.48986016	1
0	37712	53.48990112	1
0	37713	53.48994208	1
0	37714	53.48998304	1
0	37715	53.490024	1
0	37737	53.49057344	1
0	37749	53.4906144	1
0	37759	53.49065536	1
0	37770	53.49069632	1
0	37772	53.49073728	1
0	37774	53.49077824	1
0	37776	53.4908192	1
0	37778	53.49086016	1
0	37780	53.49090112	1
0	37782	53.49094208	1
0	37784	53.49098304	1
0	37786	53.491024	1
0	37809	53.49157344	1
0	37821	53.4916144	1
0	37831	53.49165536	1
0	37842	53.49169632	1
0	37844	53.49173728	1
0	37846	53.49177824	1
0	37848	53.4918192	1
0	37850	53.49186016	1
0	37852	53.49190112	1
0	37854	53.49194208	1
0	37856	53.49198304	1
0	37858	53.492024	1
0	37881	53.49257344	1
0	37893	53.4926144	1
0	37903	53.49265536	1
0	37914	53.49269632	1
0	37916	53.49273728	1
0	37918	53.49277824	1
0	37920	53.4928192	1
0	37922	53.49286016	1
0	37924	53.49290112	1
0	37926	53.49294208	1
0	37928	53.49298304	1
0	37930	53.493024	1
0	37953	53.49357344	1
0	37965	53.4936144	1
0	37975	53.49365536	1
0	37986	53.49369632	1
0	37988	53.49373728	1
0	37990	53.49377824	1
0	37992	53.4938192	1
0	37994	53.49386016	1
0	37996	53.49390112	1
0	37998	53.49394208	1
0	38000	53.49398304	1
0	38002	53.494024	1
0	38025	53.49457344	1
0	38037	53.4946144	1
0	38047	53.49465536	1
0	38058	53.49469632	1
0	38060	53.49473728	1
0	38062	53.49477824	1
0	38064	53.4948192	1
0	38066	53.49486016	1
0	38068	53.49490112	1
0	38070	53.49494208	1
0	38072	53.49498304	1
0	38074	53.495024	1
0	38097	53.49557344	1
0	38109	53.4956144	1
0	38119	53.49565536	1
0	38130	53.49569632	1
0	38132	53.49573728	1
0	38134	53.49577824	1
0	38136	53.4958192	1
0	38138	53.49586016	1
0	38140	53.49590112	1
0	38142	53.49594208	1
0	38144	53.49598304	1
0	38146	53.496024	1
0	38157	53.49657344	1
0	38169	53.4966144	1
0	38179	53.49665536	1
0	38190	53.49669632	1
0	38192	53.49673728	1
0	38194	53.49677824	1
0	38196	53.4968192	1
0	38198	53.49686016	1
0	38200	53.49690112	1
0	38202	53.49694208	1
0	38204	53.49698304	1
0	38206	53.497024	1
0	38209	53.49757344	1
0	38213	53.4976144	1
0	38219	53.49765536	1
0	38226	53.49769632	1
0	38228	53.49773728	1
0	38230	53.49777824	1
0	38232	53.4978192	1
0	38234	53.49786016	1
0	38236	53.49790112	1
0	38238	53.49794208	1
0	38240	53.49798304	1
0	38242	53.498024	1
0	38245	53.49857344	1
0	38249	53.4986144	1
0	38255	53.49865536	1
0	38262	53.49869632	1
0	38264	53.49873728	1
0	38266	53.49877824	1
0	38268	53.4988192	1
0	38270	53.49886016	1
0	38272	53.49890112	1
0	38274	53.49894208	1
0	38276	53.49898304	1
0	38278	53.499024	1
0	38397	54.49857344	1
0	38409	54.4986144	1
0	38418	54.49865536	1
0	38427	54.49869632	1
0	38428	54.49873728	1
0	38429	54.49877824	1
0	38430	54.4988192	1
0	38431	54.49886016	1
0	38432	54.49890112	1
0	38433	54.49894208	1
0	38434	54.49898304	1
0	38435	54.499024	1
0	38457	54.49957344	1
0	38469	54.4996144	1
0	38479	54.49965536	1
0	38490	54.49969632	1
0	38492	54.49973728	1
0	38494	54.49977824	1
0	38496	54.4998192	1
0	38498	54.49986016	1
0	38500	54.49990112	1
0	38502	54.49994208	1
0	38504	54.49998304	1
0	38506	54.500024	1
0	38529	54.50057344	1
0	38541	54.5006144	1
0	38551	54.50065536	1
0	38562	54.50069632	1
0	38564	54.50073728	1
0	38566	54.50077824	1
0	38568	54.5008192	1
0	38570	54.50086016	1
0	38572	54.50090112	1
0	38574	54.50094208	1
0	38576	54.50098304	1
0	38578	54.501024	1
0	38601	54.50157344	1
0	38613	54.5016144	1
0	38623	54.50165536	1
0	38634	54.50169632	1
0	38636	54.50173728	1
0	38638	54.50177824	1
0	38640	54.5018192	1
0	38642	54.50186016	1
0	38644	54.50190112	1
0	38646	54.50194208	1
0	38648	54.50198304	1
0	38650	54.502024	1
0	38673	54.50257344	1
0	38685	54.5026144	1
0	38695	54.50265536	1
0	38706	54.50269632	1
0	38708	54.50273728	1
0	38710	54.50277824	1
0	38712	54.5028192	1
0	38714	54.50286016	1
0	38716	54.50290112	1
0	38718	54.50294208	1
0	38720	54.50298304	1
0	38722	54.503024	1
0	38745	54.50357344	1
0	38757	54.5036144	1
0	38767	54.50365536	1
0	38778	54.50369632	1
0	38780	54.50373728	1
0	38782	54.50377824	1
0	38784	54.5038192	1
0	38786	54.50386016	1
0	38788	54.50390112	1
0	38790	54.50394208	1
0	38792	54.50398304	1
0	38794	54.504024	1
0	38817	54.50457344	1
0	38829	54.5046144	1
0	38839	54.50465536	1
0	38850	54.50469632	1
0	38852	54.50473728	1
0	38854	54.50477824	1
0	38856	54.5048192	1
0	38858	54.50486016	1
0	38860	54.50490112	1
0	38862	54.50494208	1
0	38864	54.50498304	1
0	38866	54.505024	1
0	38877	54.50557344	1
0	38889	54.5056144	1
0	38899	54.50565536	1
0	38910	54.50569632	1
0	38912	54.50573728	1
0	38914	54.50577824	1
0	38916	54.5058192	1
0	38918	54.50586016	1
0	38920	54.50590112	1
0	38922	54.50594208	1
0	38924	54.50598304	1
0	38926	54.506024	1
0	38929	54.50657344	1
0	38933	54.5066144	1
0	38939	54.50665536	1
0	38946	54.50669632	1
0	38948	54.50673728	1
0	38950	54.50677824	1
0	38952	54.5068192	1
0	38954	54.50686016	1
0	38956	54.50690112	1
0	38958	54.50694208	1
0	38960	54.50698304	1
0	38962	54.507024	1
0	38965	54.50757344	1
0	38969	54.5076144	1
0	38975	54.50765536	1
0	38982	54.50769632	1
0	38984	54.50773728	1
0	38986	54.50777824	1
0	38988	54.5078192	1
0	38990	54.50786016	1
0	38992	54.50790112	1
0	38994	54.50794208	1
0	38996	54.50798304	1
0	38998	54.508024	1
0	39117	55.50757344	1
0	39129	55.5076144	1
0	39138	55.50765536	1
0	39147	55.50769632	1
0	39148	55.50773728	1
0	39149	55.50777824	1
0	39150	55.5078192	1
0	39151	55.50786016	1
0	39152	55.50790112	1
0	39153	55.50794208	1
0	39154	55.50798304	1
0	39155	55.508024	1
0	39177	55.50857344	1
0	39189	55.5086144	1
0	39199	55.50865536	1
0	39210	55.50869632	1
0	39212	55.50873728	1
0	39214	55.50877824	1
0	39216	55.5088192	1
0	39218	55.50886016	1
0	39220	55.50890112	1
0	39222	55.50894208	1
0	39224	55.50898304	1
0	39226	55.509024	1
0	39249	55.50957344	1
0	39261	55.5096144	1
0	39271	55.50965536	1
0	39282	55.50969632	1
0	39284	55.50973728	1
0	39286	55.50977824	1
0	39288	55.5098192	1
0	39290	55.50986016	1
0	39292	55.50990112	1
0	39294	55.50994208	1
0	39296	55.50998304	1
0	39298	55.510024	1
0	39321	55.51057344	1
0	39333	55.5106144	1
0	39343	55.51065536	1
0	39354	55.51069632	1
0	39356	55.51073728	1
0	39358	55.51077824	1
0	39360	55.5108192	1
0	39362	55.51086016	1
0	39364	55.51090112	1
0	39366	55.51094208	1
0	39368	55.51098304	1
0	39370	55.511024	1
0	39393	55.51157344	1
0	39405	55.5116144	1
0	39415	55.51165536	1
0	39426	55.51169632	1
0	39428	55.51173728	1
0	39430	55.51177824	1
0	39432	55.5118192	1
0	39434	55.51186016	1
0	39436	55.51190112	1
0	39438	55.51194208	1
0	39440	55.51198304	1
0	39442	55.512024	1
0	39465	55.51257344	1
0	39477	55.5126144	1
0	39487	55.51265536	1
0	39498	55.51269632	1
0	39500	55.51273728	1
0	39502	55.51277824	1
0	39504	55.5128192	1
0	39506	55.51286016	1
0	39508	55.51290112	1
0	39510	55.51294208	1
0	39512	55.51298304	1
0	39514	55.513024	1
0	39537	55.51357344	1
0	39549	55.5136144	1
0	39559	55.51365536	1
0	39570	55.51369632	1
0	39572	55.51373728	1
0	39574	55.51377824	1
0	39576	55.5138192	1
0	39578	55.51386016	1
0	39580	55.51390112	1
0	39582	55.51394208	1
0	39584	55.51398304	1
0	39586	55.514024	1
0	39597	55.51457344	1
0	39609	55.5146144	1
0	39619	55.51465536	1
0	39630	55.51469632	1
0	39632	55.51473728	1
0	39634	55.51477824	1
0	39636	55.5148192	1
0	39638	55.51486016	1
0	39640	55.51490112	1
0	39642	55.51494208	1
0	39644	55.51498304	1
0	39646	55.515024	1
0	39649	55.51557344	1
0	39653	55.5156144	1
0	39659	55.51565536	1
0	39666	55.51569632	1
0	39668	55.51573728	1
0	39670	55.51577824	1
0	39672	55.5158192	1
0	39674	55.51586016	1
0	39676	55.51590112	1
0	39678	55.51594208	1
0	39680	55.51598304	1
0	39682	55.516024	1
0	39685	55.51657344	1
0	39689	55.5166144	1
0	39695	55.51665536	1
0	39702	55.51669632	1
0	39704	55.51673728	1
0	39706	55.51677824	1
0	39708	55.5168192	1
0	39710	55.51686016	1
0	39712	55.51690112	1
0	39714	55.51694208	1
0	39716	55.51698304	1
0	39718	55.517024	1
0	39837	56.51657344	1
0	39849	56.5166144	1
0	39858	56.51665536	1
0	39867	56.51669632	1
0	39868	56.51673728	1
0	39869	56.51677824	1
0	39870	56.5168192	1
0	39871	56.51686016	1
0	39872	56.51690112	1
0	39873	56.51694208	1
0	39874	56.51698304	1
0	39875	56.517024	1
0	39897	56.51757344	1
0	39909	56.5176144	1
0	39919	56.51765536	1
0	39930	56.51769632	1
0	39932	56.51773728	1
0	39934	56.51777824	1
0	39936	56.5178192	1
0	39938	56.51786016	1
0	39940	56.51790112	1
0	39942	56.51794208	1
0	39944	56.51798304	1
0	39946	56.518024	1
0	39969	56.51857344	1
0	39981	56.5186144	1
0	39991	56.51865536	1
0	40002	56.51869632	1
0	40004	56.51873728	1
0	40006	56.51877824	1
0	40008	56.5188192	1
0	40010	56.51886016	1
0	40012	56.51890112	1
0	40014	56.51894208	1
0	40016	56.51898304	1
0	40018	56.519024	1
0	40041	56.51957344	1
0	40053	56.5196144	1
0	40063	56.51965536	1
0	40074	56.51969632	1
0	40076	56.51973728	1
0	40078	56.51977824	1
0	40080	56.5198192	1
0	40082	56.51986016	1
0	40084	56.51990112	1
0	40086	56.51994208	1
0	40088	56.51998304	1
0	40090	56.520024	1
0	40113	56.52057344	1
0	40125	56.5206144	1
0	40135	56.52065536	1
0	40146	56.52069632	1
0	40148	56.52073728	1
0	40150	56.52077824	1
0	40152	56.5208192	1
0	40154	56.52086016	1
0	40156	56.52090112	1
0	40158	56.52094208	1
0	40160	56.52098304	1
0	40162	56.521024	1
0	40185	56.52157344	1
0	40197	56.5216144	1
0	40207	56.52165536	1
0	40218	56.52169632	1
0	40220	56.52173728	1
0	40222	56.52177824	1
0	40224	56.5218192	1
0	40226	56.52186016	1
0	40228	56.52190112	1
0	40230	56.52194208	1
0	40232	56.52198304	1
0	40234	56.522024	1
0	40257	56.52257344	1
0	40269	56.5226144	1
0	40279	56.52265536	1
0	40290	56.52269632	1
0	40292	56.52273728	1
0	40294	56.52277824	1
0	40296	56.5228192	1
0	40298	56.52286016	1
0	40300	56.52290112	1
0	40302	56.52294208	1
0	40304	56.52298304	1
0	40306	56.523024	1
0	40317	56.52357344	1
0	40329	56.5236144	1
0	40339	56.52365536	1
0	40350	56.52369632	1
0	40352	56.52373728	1
0	40354	56.52377824	1
0	40356	56.5238192	1
0	40358	56.52386016	1
0	40360	56.52390112	1
0	40362	56.52394208	1
0	40364	56.52398304	1
0	40366	56.524024	1
0	40369	56.52457344	1
0	40373	56.5246144	1
0	40379	56.52465536	1
0	40386	56.52469632	1
0	40388	56.52473728	1
0	40390	56.52477824	1
0	40392	56.5248192	1
0	40394	56.52486016	1
0	40396	56.52490112	1
0	40398	56.52494208	1
0	40400	56.52498304	1
0	40402	56.525024	1
0	40405	56.52557344	1
0	40409	56.5256144	1
0	40415	56.52565536	1
0	40422	56.52569632	1
0	40424	56.52573728	1
0	40426	56.52577824	1
0	40428	56.5258192	1
0	40430	56.52586016	1
0	40432	56.52590112	1
0	40434	56.52594208	1
0	40436	56.52598304	1
0	40438	56.526024	1
0	40557	57.52557344	1
0	40569	57.5256144	1
0	40578	57.52565536	1
0	40587	57.52569632	1
0	40588	57.52573728	1
0	40589	57.52577824	1
0	40590	57.5258192	1
0	40591	57.52586016	1
0	40592	57.52590112	1
0	40593	57.52594208	1
0	40594	57.52598304	1
0	40595	57.526024	1
0	40617	57.52657344	1
0	40629	57.5266144	1
0	40639	57.52665536	1
0	40650	57.52669632	1
0	40652	57.52673728	1
0	40654	57.52677824	1
0	40656	57.5268192	1
0	40658	57.52686016	1
0	40660	57.52690112	1
0	40662	57.52694208	1
0	40664	57.52698304	1
0	40666	57.527024	1
0	40689	57.52757344	1
0	40701	57.5276144	1
0	40711	57.52765536	1
0	40722	57.52769632	1
0	40724	57.52773728	1
0	40726	57.52777824	1
0	40728	57.5278192	1
0	40730	57.52786016	1
0	40732	57.52790112	1
0	40734	57.52794208	1
0	40736	57.52798304	1
0	40738	57.528024	1
0	40761	57.52857344	1
0	40773	57.5286144	1
0	40783	57.52865536	1
0	40794	57.52869632	1
0	40796	57.52873728	1
0	40798	57.52877824	1
0	40800	57.5288192	1
0	40802	57.52886016	1
0	40804	57.52890112	1
0	40806	57.52894208	1
0	40808	57.52898304	1
0	40810	57.529024	1
0	40833	57.52957344	1
0	40845	57.5296144	1
0	40855	57.52965536	1
0	40866	57.52969632	1
0	40868	57.52973728	1
0	40870	57.52977824	1
0	40872	57.5298192	1
0	40874	57.52986016	1
0	40876	57.52990112	1
0	40878	57.52994208	1
0	40880	57.52998304	1
0	40882	57.530024	1
0	40905	57.53057344	1
0	40917	57.5306144	1
0	40927	57.53065536	1
0	40938	57.53069632	1
0	40940	57.53073728	1
0	40942	57.53077824	1
0	40944	57.5308192	1
0	40946	57.53086016	1
0	40948	57.53090112	1
0	40950	57.53094208	1
0	40952	57.53098304	1
0	40954	57.531024	1
0	40977	57.53157344	1
0	40989	57.5316144	1
0	40999	57.53165536	1
0	41010	57.53169632	1
0	41012	57.53173728	1
0	41014	57.53177824	1
0	41016	57.5318192	1
0	41018	57.53186016	1
0	41020	57.53190112	1
0	41022	57.53194208	1
0	41024	57.53198304	1
0	41026	57.532024	1
0	41037	57.53257344	1
0	41049	57.5326144	1
0	41059	57.53265536	1
0	41070	57.53269632	1
0	41072	57.53273728	1
0	41074	57.53277824	1
0	41076	57.5328192	1
0	41078	57.53286016	1
0	41080	57.53290112	1
0	41082	57.53294208	1
0	41084	57.53298304	1
0	41086	57.533024	1
0	41089	57.53357344	1
0	41093	57.5336144	1
0	41099	57.53365536	1
0	41106	57.53369632	1
0	41108	57.53373728	1
0	41110	57.53377824	1
0	41112	57.5338192	1
0	41114	57.53386016	1
0	41116	57.53390112	1
0	41118	57.53394208	1
0	41120	57.53398304	1
0	41122	57.534024	1
0	41125	57.53457344	1
0	41129	57.5346144	1
0	41135	57.53465536	1
0	41142	57.53469632	1
0	41144	57.53473728	1
0	41146	57.53477824	1
0	41148	57.5348192	1
0	41150	57.53486016	1
0	41152	57.53490112	1
0	41154	57.53494208	1
0	41156	57.53498304	1
0	41158	57.535024	1
0	41277	58.53457344	1
0	41289	58.5346144	1
0	41298	58.53465536	1
0	41307	58.53469632	1
0	41308	58.53473728	1
0	41309	58.53477824	1
0	41310	58.5348192	1
0	41311	58.53486016	1
0	41312	58.53490112	1
0	41313	58.53494208	1
0	41314	58.53498304	1
0	41315	58.535024	1
0	41337	58.53557344	1
0	41349	58.5356144	1
0	41359	58.53565536	1
0	41370	58.53569632	1
0	41372	58.53573728	1
0	41374	58.53577824	1
0	41376	58.5358192	1
0	41378	58.53586016	1
0	41380	58.53590112	1
0	41382	58.53594208	1
0	41384	58.53598304	1
0	41386	58.536024	1
0	41409	58.53657344	1
0	41421	58.5366144	1
0	41431	58.53665536	1
0	41442	58.53669632	1
0	41444	58.53673728	1
0	41446	58.53677824	1
0	41448	58.5368192	1
0	41450	58.53686016	1
0	41452	58.53690112	1
0	41454	58.53694208	1
0	41456	58.53698304	1
0	41458	58.537024	1
0	41481	58.53757344	1
0	41493	58.5376144	1
0	41503	58.53765536	1
0	41514	58.53769632	1
0	41516	58.53773728	1
0	41518	58.53777824	1
0	41520	58.5378192	1
0	41522	58.53786016	1
0	41524	58.53790112	1
0	41526	58.53794208	1
0	41528	58.53798304	1
0	41530	58.538024	1
0	41553	58.53857344	1
0	41565	58.5386144	1
0	41575	58.53865536	1
0	41586	58.53869632	1
0	41588	58.53873728	1
0	41590	58.53877824	1
0	41592	58.5388192	1
0	41594	58.53886016	1
0	41596	58.53890112	1
0	41598	58.53894208	1
0	41600	58.53898304	1
0	41602	58.539024	1
0	41625	58.53957344	1
0	41637	58.5396144	1
0	41647	58.53965536	1
0	41658	58.53969632	1
0	41660	58.53973728	1
0	41662	58.53977824	1
0	41664	58.5398192	1
0	41666	58.53986016	1
0	41668	58.53990112	1
0	41670	58.53994208	1
0	41672	58.53998304	1
0	41674	58.540024	1
0	41697	58.54057344	1
0	41709	58.5406144	1
0	41719	58.54065536	1
0	41730	58.54069632	1
0	41732	58.54073728	1
0	41734	58.54077824	1
0	41736	58.5408192	1
0	41738	58.54086016	1
0	41740	58.54090112	1
0	41742	58.54094208	1
0	41744	58.54098304	1
0	41746	58.541024	1
0	41757	58.54157344	1
0	41769	58.5416144	1
0	41779	58.54165536	1
0	41790	58.54169632	1
0	41792	58.54173728	1
0	41794	58.54177824	1
0	41796	58.5418192	1
0	41798	58.54186016	1
0	41800	58.54190112	1
0	41802	58.54194208	1
0	41804	58.54198304	1
0	41806	58.542024	1
0	41809	58.54257344	1
0	41813	58.5426144	1
0	41819	58.54265536	1
0	41826	58.54269632	1
0	41828	58.54273728	1
0	41830	58.54277824	1
0	41832	58.5428192	1
0	41834	58.54286016	1
0	41836	58.54290112	1
0	41838	58.54294208	1
0	41840	58.54298304	1
0	41842	58.543024	1
0	41845	58.54357344	1
0	41849	58.5436144	1
0	41855	58.54365536	1
0	41862	58.54369632	1
0	41864	58.54373728	1
0	41866	58.54377824	1
0	41868	58.5438192	1
0	41870	58.54386016	1
0	41872	58.54390112	1
0	41874	58.54394208	1
0	41876	58.54398304	1
0	41878	58.544024	1
0	41997	59.54357344	1
0	42009	59.5436144	1
0	42018	59.54365536	1
0	42027	59.54369632	1
0	42028	59.54373728	1
0	42029	59.54377824	1
0	42030	59.5438192	1
0	42031	59.54386016	1
0	42032	59.54390112	1
0	42033	59.54394208	1
0	42034	59.54398304	1
0	42035	59.544024	1
0	42057	59.54457344	1
0	42069	59.5446144	1
0	42079	59.54465536	1
0	42090	59.54469632	1
0	42092	59.54473728	1
0	42094	59.54477824	1
0	42096	59.5448192	1
0	42098	59.54486016	1
0	42100	59.54490112	1
0	42102	59.54494208	1
0	42104	59.54498304	1
0	42106	59.545024	1
0	42129	59.54557344	1
0	42141	59.5456144	1
0	42151	59.54565536	1
0	42162	59.54569632	1
0	42164	59.54573728	1
0	42166	59.54577824	1
0	42168	59.5458192	1
0	42170	59.54586016	1
0	42172	59.54590112	1
0	42174	59.54594208	1
0	42176	59.54598304	1
0	42178	59.546024	1
0	42201	59.54657344	1
0	42213	59.5466144	1
0	42223	59.54665536	1
0	42234	59.54669632	1
0	42236	59.54673728	1
0	42238	59.54677824	1
0	42240	59.5468192	1
0	42242	59.54686016	1
0	42244	59.54690112	1
0	42246	59.54694208	1
0	42248	59.54698304	1
0	42250	59.547024	1
0	42273	59.54757344	1
0	42285	59.5476144	1
0	42295	59.54765536	1
0	42306	59.54769632	1
0	42308	59.54773728	1
0	42310	59.54777824	1
0	42312	59.5478192	1
0	42314	59.54786016	1
0	42316	59.54790112	1
0	42318	59.54794208	1
0	42320	59.54798304	1
0	42322	59.548024	1
0	42345	59.54857344	1
0	42357	59.5486144	1
0	42367	59.54865536	1
0	42378	59.54869632	1
0	42380	59.54873728	1
0	42382	59.54877824	1
0	42384	59.5488192	1
0	42386	59.54886016	1
0	42388	59.54890112	1
0	42390	59.54894208	1
0	42392	59.54898304	1
0	42394	59.549024	1
0	42417	59.54957344	1
0	42429	59.5496144	1
0	42439	59.54965536	1
0	42450	59.54969632	1
0	42452	59.54973728	1
0	42454	59.54977824	1
0	42456	59.5498192	1
0	42458	59.54986016	1
0	42460	59.54990112	1
0	42462	59.54994208	1
0	42464	59.54998304	1
0	42466	59.550024	1
0	42477	59.55057344	1
0	42489	59.5506144	1
0	42499	59.55065536	1
0	42510	59.55069632	1
0	42512	59.55073728	1
0	42514	59.55077824	1
0	42516	59.5508192	1
0	42518	59.55086016	1
0	42520	59.55090112	1
0	42522	59.55094208	1
0	42524	59.55098304	1
0	42526	59.551024	1
0	42529	59.55157344	1
0	42533	59.5516144	1
0	42539	59.55165536	1
0	42546	59.55169632	1
0	42548	59.55173728	1
0	42550	59.55177824	1
0	42552	59.5518192	1
0	42554	59.55186016	1
0	42556	59.55190112	1
0	42558	59.55194208	1
0	42560	59.55198304	1
0	42562	59.552024	1
0	42565	59.55257344	1
0	42569	59.5526144	1
0	42575	59.55265536	1
0	42582	59.55269632	1
0	42584	59.55273728	1
0	42586	59.55277824	1
0	42588	59.5528192	1
0	42590	59.55286016	1
0	42592	59.55290112	1
0	42594	59.55294208	1
0	42596	59.55298304	1
0	42598	59.553024	1
0	42714	60.55257856	1
0	42723	60.55261952	1
0	42730	60.55266048	1
0	42737	60.55270144	1
0	42738	60.5527424	1
0	42739	60.55278336	1
0	42740	60.55282432	1
0	42741	60.55286528	1
0	42742	60.55290624	1
0	42765	60.55357856	1
0	42774	60.55361952	1
0	42782	60.55366048	1
0	42791	60.55370144	1
0	42793	60.5537424	1
0	42795	60.55378336	1
0	42797	60.55382432	1
0	42799	60.55386528	1
0	42801	60.55390624	1
0	42825	60.55457856	1
0	42834	60.55461952	1
0	42842	60.55466048	1
0	42851	60.55470144	1
0	42853	60.5547424	1
0	42855	60.55478336	1
0	42857	60.55482432	1
0	42859	60.55486528	1
0	42861	60.55490624	1
0	42885	60.55557856	1
0	42894	60.55561952	1
0	42902	60.55566048	1
0	42911	60.55570144	1
0	42913	60.5557424	1
0	42915	60.55578336	1
0	42917	60.55582432	1
0	42919	60.55586528	1
0	42921	60.55590624	1
0	42945	60.55657856	1
0	42954	60.55661952	1
0	42962	60.55666048	1
0	42971	60.55670144	1
0	42973	60.5567424	1
0	42975	60.55678336	1
0	42977	60.55682432	1
0	42979	60.55686528	1
0	42981	60.55690624	1
0	43005	60.55757856	1
0	43014	60.55761952	1
0	43022	60.55766048	1
0	43031	60.55770144	1
0	43033	60.5577424	1
0	43035	60.55778336	1
0	43037	60.55782432	1
0	43039	60.55786528	1
0	43041	60.55790624	1
0	43065	60.55857856	1
0	43074	60.55861952	1
0	43082	60.55866048	1
0	43091	60.55870144	1
0	43093	60.5587424	1
0	43095	60.55878336	1
0	43097	60.55882432	1
0	43099	60.55886528	1
0	43101	60.55890624	1
0	43113	60.55957856	1
0	43122	60.55961952	1
0	43130	60.55966048	1
0	43139	60.55970144	1
0	43141	60.5597424	1
0	43143	60.55978336	1
0	43145	60.55982432	1
0	43147	60.55986528	1
0	43149	60.55990624	1
0	43152	60.56057856	1
0	43155	60.56061952	1
0	43160	60.56066048	1
0	43166	60.56070144	1
0	43168	60.5607424	1
0	43170	60.56078336	1
0	43172	60.56082432	1
0	43174	60.56086528	1
0	43176	60.56090624	1
0	43179	60.56157856	1
0	43182	60.56161952	1
0	43187	60.56166048	1
0	43193	60.56170144	1
0	43195	60.5617424	1
0	43197	60.56178336	1
0	43199	60.56182432	1
0	43201	60.56186528	1
0	43203	60.56190624	1
0	43314	61.56157856	1
0	43323	61.56161952	1
0	43330	61.56166048	1
0	43337	61.56170144	1
0	43338	61.5617424	1
0	43339	61.56178336	1
0	43340	61.56182432	1
0	43341	61.56186528	1
0	43342	61.56190624	1
0	43365	61.56257856	1
0	43374	61.56261952	1
0	43382	61.56266048	1
0	43391	61.56270144	1
0	43393	61.5627424	1
0	43395	61.56278336	1
0	43397	61.56282432	1
0	43399	61.56286528	1
0	43401	61.56290624	1
0	43425	61.56357856	1
0	43434	61.56361952	1
0	43442	61.56366048	1
0	43451	61.56370144	1
0	43453	61.5637424	1
0	43455	61.56378336	1
0	43457	61.56382432	1
0	43459	61.56386528	1
0	43461	61.56390624	1
0	43485	61.56457856	1
0	43494	61.56461952	1
0	43502	61.56466048	1
0	43511	61.56470144	1
0	43513	61.5647424	1
0	43515	61.56478336	1
0	43517	61.56482432	1
0	43519	61.56486528	1
0	43521	61.56490624	1
0	43545	61.56557856	1
0	43554	61.56561952	1
0	43562	61.56566048	1
0	43571	61.56570144	1
0	43573	61.5657424	1
0	43575	61.56578336	1
0	43577	61.56582432	1
0	43579	61.56586528	1
0	43581	61.56590624	1
0	43605	61.56657856	1
0	43614	61.56661952	1
0	43622	61.56666048	1
0	43631	61.56670144	1
0	43633	61.5667424	1
0	43635	61.56678336	1
0	43637	61.56682432	1
0	43639	61.56686528	1
0	43641	61.56690624	1
0	43665	61.56757856	1
0	43674	61.56761952	1
0	43682	61.56766048	1
0	43691	61.56770144	1
0	43693	61.5677424	1
0	43695	61.56778336	1
0	43697	61.56782432	1
0	43699	61.56786528	1
0	43701	61.56790624	1
0	43713	61.56857856	1
0	43722	61.56861952	1
0	43730	61.56866048	1
0	43739	61.56870144	1
0	43741	61.5687424	1
0	43743	61.56878336	1
0	43745	61.56882432	1
0	43747	61.56886528	1
0	43749	61.56890624	1
0	43752	61.56957856	1
0	43755	61.56961952	1
0	43760	61.56966048	1
0	43766	61.56970144	1
0	43768	61.5697424	1
0	43770	61.56978336	1
0	43772	61.56982432	1
0	43774	61.56986528	1
0	43776	61.56990624	1
0	43779	61.57057856	1
0	43782	61.57061952	1
0	43787	61.57066048	1
0	43793	61.57070144	1
0	43795	61.5707424	1
0	43797	61.57078336	1
0	43799	61.57082432	1
0	43801	61.57086528	1
0	43803	61.57090624	1
0	43914	62.57057856	1
0	43923	62.57061952	1
0	43930	62.57066048	1
0	43937	62.57070144	1
0	43938	62.5707424	1
0	43939	62.57078336	1
0	43940	62.57082432	1
0	43941	62.57086528	1
0	43942	62.57090624	1
0	43965	62.57157856	1
0	43974	62.57161952	1
0	43982	62.57166048	1
0	43991	62.57170144	1
0	43993	62.5717424	1
0	43995	62.57178336	1
0	43997	62.57182432	1
0	43999	62.57186528	1
0	44001	62.57190624	1
0	44025	62.57257856	1
0	44034	62.57261952	1
0	44042	62.57266048	1
0	44051	62.57270144	1
0	44053	62.5727424	1
0	44055	62.57278336	1
0	44057	62.57282432	1
0	44059	62.57286528	1
0	44061	62.57290624	1
0	44085	62.57357856	1
0	44094	62.57361952	1
0	44102	62.57366048	1
0	44111	62.57370144	1
0	44113	62.5737424	1
0	44115	62.57378336	1
0	44117	62.57382432	1
0	44119	62.57386528	1
0	44121	62.57390624	1
0	44145	62.57457856	1
0	44154	62.57461952	1
0	44162	62.57466048	1
0	44171	62.57470144	1
0	44173	62.5747424	1
0	44175	62.57478336	1
0	44177	62.57482432	1
0	44179	62.57486528	1
0	44181	62.57490624	1
0	44205	62.57557856	1
0	44214	62.57561952	1
0	44222	62.57566048	1
0	44231	62.57570144	1
0	44233	62.5757424	1
0	44235	62.57578336	1
0	44237	62.57582432	1
0	44239	62.57586528	1
0	44241	62.57590624	1
0	44265	62.57657856	1
0	44274	62.57661952	1
0	44282	62.57666048	1
0	44291	62.57670144	1
0	44293	62.5767424	1
0	44295	62.57678336	1
0	44297	62.57682432	1
0	44299	62.57686528	1
0	44301	62.57690624	1
0	44313	62.57757856	1
0	44322	62.57761952	1
0	44330	62.57766048	1
0	44339	62.57770144	1
0	44341	62.5777424	1
0	44343	62.57778336	1
0	44345	62.57782432	1
0	44347	62.57786528	1
0	44349	62.57790624	1
0	44352	62.57857856	1
0	44355	62.57861952	1
0	44360	62.57866048	1
0	44366	62.57870144	1
0	44368	62.5787424	1
0	44370	62.57878336	1
0	44372	62.57882432	1
0	44374	62.57886528	1
0	44376	62.57890624	1
0	44379	62.57957856	1
0	44382	62.57961952	1
0	44387	62.57966048	1
0	44393	62.57970144	1
0	44395	62.5797424	1
0	44397	62.57978336	1
0	44399	62.57982432	1
0	44401	62.57986528	1
0	44403	62.57990624	1
0	44514	63.57957856	1
0	44523	63.57961952	1
0	44530	63.57966048	1
0	44537	63.57970144	1
0	44538	63.5797424	1
0	44539	63.57978336	1
0	44540	63.57982432	1
0	44541	63.57986528	1
0	44542	63.57990624	1
0	44565	63.58057856	1
0	44574	63.58061952	1
0	44582	63.58066048	1
0	44591	63.58070144	1
0	44593	63.5807424	1
0	44595	63.58078336	1
0	44597	63.58082432	1
0	44599	63.58086528	1
0	44601	63.58090624	1
0	44625	63.58157856	1
0	44634	63.58161952	1
0	44642	63.58166048	1
0	44651	63.58170144	1
0	44653	63.5817424	1
0	44655	63.58178336	1
0	44657	63.58182432	1
0	44659	63.58186528	1
0	44661	63.58190624	1
0	44685	63.58257856	1
0	44694	63.58261952	1
0	44702	63.58266048	1
0	44711	63.58270144	1
0	44713	63.5827424	1
0	44715	63.58278336	1
0	44717	63.58282432	1
0	44719	63.58286528	1
0	44721	63.58290624	1
0	44745	63.58357856	1
0	44754	63.58361952	1
0	44762	63.58366048	1
0	44771	63.58370144	1
0	44773	63.5837424	1
0	44775	63.58378336	1
0	44777	63.58382432	1
0	44779	63.58386528	1
0	44781	63.58390624	1
0	44805	63.58457856	1
0	44814	63.58461952	1
0	44822	63.58466048	1
0	44831	63.58470144	1
0	44833	63.5847424	1
0	44835	63.58478336	1
0	44837	63.58482432	1
0	44839	63.58486528	1
0	44841	63.58490624	1
0	44865	63.58557856	1
0	44874	63.58561952	1
0	44882	63.58566048	1
0	44891	63.58570144	1
0	44893	63.5857424	1
0	44895	63.58578336	1
0	44897	63.58582432	1
0	44899	63.58586528	1
0	44901	63.58590624	1
0	44913	63.58657856	1
0	44922	63.58661952	1
0	44930	63.58666048	1
0	44939	63.58670144	1
0	44941	63.5867424	1
0	44943	63.58678336	1
0	44945	63.58682432	1
0	44947	63.58686528	1
0	44949	63.58690624	1
0	44952	63.58757856	1
0	44955	63.58761952	1
0	44960	63.58766048	1
0	44966	63.58770144	1
0	44968	63.5877424	1
0	44970	63.58778336	1
0	44972	63.58782432	1
0	44974	63.58786528	1
0	44976	63.58790624	1
0	44979	63.58857856	1
0	44982	63.58861952	1
0	44987	63.58866048	1
0	44993	63.58870144	1
0	44995	63.5887424	1
0	44997	63.58878336	1
0	44999	63.58882432	1
0	45001	63.58886528	1
0	45003	63.58890624	1
0	45114	64.58857856	1
0	45123	64.58861952	1
0	45130	64.58866048	1
0	45137	64.58870144	1
0	45138	64.5887424	1
0	45139	64.58878336	1
0	45140	64.58882432	1
0	45141	64.58886528	1
0	45142	64.58890624	1
0	45165	64.58957856	1
0	45174	64.58961952	1
0	45182	64.58966048	1
0	45191	64.58970144	1
0	45193	64.5897424	1
0	45195	64.58978336	1
0	45197	64.58982432	1
0	45199	64.58986528	1
0	45201	64.58990624	1
0	45225	64.59057856	1
0	45234	64.59061952	1
0	45242	64.59066048	1
0	45251	64.59070144	1
0	45253	64.5907424	1
0	45255	64.59078336	1
0	45257	64.59082432	1
0	45259	64.59086528	1
0	45261	64.59090624	1
0	45285	64.59157856	1
0	45294	64.59161952	1
0	45302	64.59166048	1
0	45311	64.59170144	1
0	45313	64.5917424	1
0	45315	64.59178336	1
0	45317	64.59182432	1
0	45319	64.59186528	1
0	45321	64.59190624	1
0	45345	64.59257856	1
0	45354	64.59261952	1
0	45362	64.59266048	1
0	45371	64.59270144	1
0	45373	64.5927424	1
0	45375	64.59278336	1
0	45377	64.59282432	1
0	45379	64.59286528	1
0	45381	64.59290624	1
0	45405	64.59357856	1
0	45414	64.59361952	1
0	45422	64.59366048	1
0	45431	64.59370144	1
0	45433	64.5937424	1
0	45435	64.59378336	1
0	45437	64.59382432	1
0	45439	64.59386528	1
0	45441	64.59390624	1
0	45465	64.59457856	1
0	45474	64.59461952	1
0	45482	64.59466048	1
0	45491	64.59470144	1
0	45493	64.5947424	1
0	45495	64.59478336	1
0	45497	64.59482432	1
0	45499	64.59486528	1
0	45501	64.59490624	1
0	45513	64.59557856	1
0	45522	64.59561952	1
0	45530	64.59566048	1
0	45539	64.59570144	1
0	45541	64.5957424	1
0	45543	64.59578336	1
0	45545	64.59582432	1
0	45547	64.59586528	1
0	45549	64.59590624	1
0	45552	64.59657856	1
0	45555	64.59661952	1
0	45560	64.59666048	1
0	45566	64.59670144	1
0	45568	64.5967424	1
0	45570	64.59678336	1
0	45572	64.59682432	1
0	45574	64.59686528	1
0	45576	64.59690624	1
0	45579	64.59757856	1
0	45582	64.59761952	1
0	45587	64.59766048	1
0	45593	64.59770144	1
0	45595	64.5977424	1
0	45597	64.59778336	1
0	45599	64.59782432	1
0	45601	64.59786528	1
0	45603	64.59790624	1
0	45714	65.59757856	1
0	45723	65.59761952	1
0	45730	65.59766048	1
0	45737	65.59770144	1
0	45738	65.5977424	1
0	45739	65.59778336	1
0	45740	65.59782432	1
0	45741	65.59786528	1
0	45742	65.59790624	1
0	45765	65.59857856	1
0	45774	65.59861952	1
0	45782	65.59866048	1
0	45791	65.59870144	1
0	45793	65.5987424	1
0	45795	65.59878336	1
0	45797	65.59882432	1
0	45799	65.59886528	1
0	45801	65.59890624	1
0	45825	65.59957856	1
0	45834	65.59961952	1
0	45842	65.59966048	1
0	45851	65.59970144	1
0	45853	65.5997424	1
0	45855	65.59978336	1
0	45857	65.59982432	1
0	45859	65.59986528	1
0	45861	65.59990624	1
0	45885	65.60057856	1
0	45894	65.60061952	1
0	45902	65.60066048	1
0	45911	65.60070144	1
0	45913	65.6007424	1
0	45915	65.60078336	1
0	45917	65.60082432	1
0	45919	65.60086528	1
0	45921	65.60090624	1
0	45945	65.60157856	1
0	45954	65.60161952	1
0	45962	65.60166048	1
0	45971	65.60170144	1
0	45973	65.6017424	1
0	45975	65.60178336	1
0	45977	65.60182432	1
0	45979	65.60186528	1
0	45981	65.60190624	1
0	46005	65.60257856	1
0	46014	65.60261952	1
0	46022	65.60266048	1
0	46031	65.60270144	1
0	46033	65.6027424	1
0	46035	65.60278336	1
0	46037	65.60282432	1
0	46039	65.60286528	1
0	46041	65.60290624	1
0	46065	65.60357856	1
0	46074	65.60361952	1
0	46082	65.60366048	1
0	46091	65.60370144	1
0	46093	65.6037424	1
0	46095	65.60378336	1
0	46097	65.60382432	1
0	46099	65.60386528	1
0	46101	65.60390624	1
0	46113	65.60457856	1
0	46122	65.60461952	1
0	46130	65.60466048	1
0	46139	65.60470144	1
0	46141	65.6047424	1
0	46143	65.60478336	1
0	46145	65.60482432	1
0	46147	65.60486528	1
0	46149	65.60490624	1
0	46152	65.60557856	1
0	46155	65.60561952	1
0	46160	65.60566048	1
0	46166	65.60570144	1
0	46168	65.6057424	1
0	46170	65.60578336	1
0	46172	65.60582432	1
0	46174	65.60586528	1
0	46176	65.60590624	1
0	46179	65.60657856	1
0	46182	65.60661952	1
0	46187	65.60666048	1
0	46193	65.60670144	1
0	46195	65.6067424	1
0	46197	65.60678336	1
0	46199	65.60682432	1
0	46201	65.60686528	1
0	46203	65.60690624	1
0	46314	66.60657856	1
0	46323	66.60661952	1
0	46330	66.60666048	1
0	46337	66.60670144	1
0	46338	66.6067424	1
0	46339	66.60678336	1
0	46340	66.60682432	1
0	46341	66.60686528	1
0	46342	66.60690624	1
0	46365	66.60757856	1
0	46374	66.60761952	1
0	46382	66.60766048	1
0	46391	66.60770144	1
0	46393	66.6077424	1
0	46395	66.60778336	1
0	46397	66.60782432	1
0	46399	66.60786528	1
0	46401	66.60790624	1
0	46425	66.60857856	1
0	46434	66.60861952	1
0	46442	66.60866048	1
0	46451	66.60870144	1
0	46453	66.6087424	1
0	46455	66.60878336	1
0	46457	66.60882432	1
0	46459	66.60886528	1
0	46461	66.60890624	1
0	46485	66.60957856	1
0	46494	66.60961952	1
0	46502	66.60966048	1
0	46511	66.60970144	1
0	46513	66.6097424	1
0	46515	66.60978336	1
0	46517	66.60982432	1
0	46519	66.60986528	1
0	46521	66.60990624	1
0	46545	66.61057856	1
0	46554	66.61061952	1
0	46562	66.61066048	1
0	46571	66.61070144	1
0	46573	66.6107424	1
0	46575	66.61078336	1
0	46577	66.61082432	1
0	46579	66.61086528	1
0	46581	66.61090624	1
0	46605	66.61157856	1
0	46614	66.61161952	1
0	46622	66.61166048	1
0	46631	66.61170144	1
0	46633	66.6117424	1
0	46635	66.61178336	1
0	46637	66.61182432	1
0	46639	66.61186528	1
0	46641	66.61190624	1
0	46665	66.61257856	1
0	46674	66.61261952	1
0	46682	66.61266048	1
0	46691	66.61270144	1
0	46693	66.6127424	1
0	46695	66.61278336	1
0	46697	66.61282432	1
0	46699	66.61286528	1
0	46701	66.61290624	1
0	46713	66.61357856	1
0	46722	66.61361952	1
0	46730	66.61366048	1
0	46739	66.61370144	1
0	46741	66.6137424	1
0	46743	66.61378336	1
0	46745	66.61382432	1
0	46747	66.61386528	1
0	46749	66.61390624	1
0	46752	66.61457856	1
0	46755	66.61461952	1
0	46760	66.61466048	1
0	46766	66.61470144	1
0	46768	66.6147424	1
0	46770	66.61478336	1
0	46772	66.61482432	1
0	46774	66.61486528	1
0	46776	66.61490624	1
0	46779	66.61557856	1
0	46782	66.61561952	1
0	46787	66.61566048	1
0	46793	66.61570144	1
0	46795	66.6157424	1
0	46797	66.61578336	1
0	46799	66.61582432	1
0	46801	66.61586528	1
0	46803	66.61590624	1
0	46914	67.61557856	1
0	46923	67.61561952	1
0	46930	67.61566048	1
0	46937	67.61570144	1
0	46938	67.6157424	1
0	46939	67.61578336	1
0	46940	67.61582432	1
0	46941	67.61586528	1
0	46942	67.61590624	1
0	46965	67.61657856	1
0	46974	67.61661952	1
0	46982	67.61666048	1
0	46991	67.61670144	1
0	46993	67.6167424	1
0	46995	67.61678336	1
0	46997	67.61682432	1
0	46999	67.61686528	1
0	47001	67.61690624	1
0	47025	67.61757856	1
0	47034	67.61761952	1
0	47042	67.61766048	1
0	47051	67.61770144	1
0	47053	67.6177424	1
0	47055	67.61778336	1
0	47057	67.61782432	1
0	47059	67.61786528	1
0	47061	67.61790624	1
0	47085	67.61857856	1
0	47094	67.61861952	1
0	47102	67.61866048	1
0	47111	67.61870144	1
0	47113	67.6187424	1
0	47115	67.61878336	1
0	47117	67.61882432	1
0	47119	67.61886528	1
0	47121	67.61890624	1
0	47145	67.61957856	1
0	47154	67.61961952	1
0	47162	67.61966048	1
0	47171	67.61970144	1
0	47173	67.6197424	1
0	47175	67.61978336	1
0	47177	67.61982432	1
0	47179	67.61986528	1
0	47181	67.61990624	1
0	47205	67.62057856	1
0	47214	67.62061952	1
0	47222	67.62066048	1
0	47231	67.62070144	1
0	47233	67.6207424	1
0	47235	67.62078336	1
0	47237	67.62082432	1
0	47239	67.62086528	1
0	47241	67.62090624	1
0	47265	67.62157856	1
0	47274	67.62161952	1
0	47282	67.62166048	1
0	47291	67.62170144	1
0	47293	67.6217424	1
0	47295	67.62178336	1
0	47297	67.62182432	1
0	47299	67.62186528	1
0	47301	67.62190624	1
0	47313	67.62257856	1
0	47322	67.62261952	1
0	47330	67.62266048	1
0	47339	67.62270144	1
0	47341	67.6227424	1
0	47343	67.62278336	1
0	47345	67.62282432	1
0	47347	67.62286528	1
0	47349	67.62290624	1
0	47352	67.62357856	1
0	47355	67.62361952	1
0	47360	67.62366048	1
0	47366	67.62370144	1
0	47368	67.6237424	1
0	47370	67.62378336	1
0	47372	67.62382432	1
0	47374	67.62386528	1
0	47376	67.62390624	1
0	47379	67.62457856	1
0	47382	67.62461952	1
0	47387	67.62466048	1
0	47393	67.62470144	1
0	47395	67.6247424	1
0	47397	67.62478336	1
0	47399	67.62482432	1
0	47401	67.62486528	1
0	47403	67.62490624	1
0	47514	68.62457856	1
0	47523	68.62461952	1
0	47530	68.62466048	1
0	47537	68.62470144	1
0	47538	68.6247424	1
0	47539	68.62478336	1
0	47540	68.62482432	1
0	47541	68.62486528	1
0	47542	68.62490624	1
0	47565	68.62557856	1
0	47574	68.62561952	1
0	47582	68.62566048	1
0	47591	68.62570144	1
0	47593	68.6257424	1
0	47595	68.62578336	1
0	47597	68.62582432	1
0	47599	68.62586528	1
0	47601	68.62590624	1
0	47625	68.62657856	1
0	47634	68.62661952	1
0	47642	68.62666048	1
0	47651	68.62670144	1
0	47653	68.6267424	1
0	47655	68.62678336	1
0	47657	68.62682432	1
0	47659	68.62686528	1
0	47661	68.62690624	1
0	47685	68.62757856	1
0	47694	68.62761952	1
0	47702	68.62766048	1
0	47711	68.62770144	1
0	47713	68.6277424	1
0	47715	68.62778336	1
0	47717	68.62782432	1
0	47719	68.62786528	1
0	47721	68.62790624	1
0	47745	68.62857856	1
0	47754	68.62861952	1
0	47762	68.62866048	1
0	47771	68.62870144	1
0	47773	68.6287424	1
0	47775	68.62878336	1
0	47777	68.62882432	1
0	47779	68.62886528	1
0	47781	68.62890624	1
0	47805	68.62957856	1
0	47814	68.62961952	1
0	47822	68.62966048	1
0	47831	68.62970144	1
0	47833	68.6297424	1
0	47835	68.62978336	1
0	47837	68.62982432	1
0	47839	68.62986528	1
0	47841	68.62990624	1
0	47865	68.63057856	1
0	47874	68.63061952	1
0	47882	68.63066048	1
0	47891	68.63070144	1
0	47893	68.6307424	1
0	47895	68.63078336	1
0	47897	68.63082432	1
0	47899	68.63086528	1
0	47901	68.63090624	1
0	47913	68.63157856	1
0	47922	68.63161952	1
0	47930	68.63166048	1
0	47939	68.63170144	1
0	47941	68.6317424	1
0	47943	68.63178336	1
0	47945	68.63182432	1
0	47947	68.63186528	1
0	47949	68.63190624	1
0	47952	68.63257856	1
0	47955	68.63261952	1
0	47960	68.63266048	1
0	47966	68.63270144	1
0	47968	68.6327424	1
0	47970	68.63278336	1
0	47972	68.63282432	1
0	47974	68.63286528	1
0	47976	68.63290624	1
0	47979	68.63357856	1
0	47982	68.63361952	1
0	47987	68.63366048	1
0	47993	68.63370144	1
0	47995	68.6337424	1
0	47997	68.63378336	1
0	47999	68.63382432	1
0	48001	68.63386528	1
0	48003	68.63390624	1
0	48114	69.63357856	1
0	48123	69.63361952	1
0	48130	69.63366048	1
0	48137	69.63370144	1
0	48138	69.6337424	1
0	48139	69.63378336	1
0	48140	69.63382432	1
0	48141	69.63386528	1
0	48142	69.63390624	1
0	48165	69.63457856	1
0	48174	69.63461952	1
0	48182	69.63466048	1
0	48191	69.63470144	1
0	48193	69.6347424	1
0	48195	69.63478336	1
0	48197	69.63482432	1
0	48199	69.63486528	1
0	48201	69.63490624	1
0	48225	69.63557856	1
0	48234	69.63561952	1
0	48242	69.63566048	1
0	48251	69.63570144	1
0	48253	69.6357424	1
0	48255	69.63578336	1
0	48257	69.63582432	1
0	48259	69.63586528	1
0	48261	69.63590624	1
0	48285	69.63657856	1
0	48294	69.63661952	1
0	48302	69.63666048	1
0	48311	69.63670144	1
0	48313	69.6367424	1
0	48315	69.63678336	1
0	48317	69.63682432	1
0	48319	69.63686528	1
0	48321	69.63690624	1
0	48345	69.63757856	1
0	48354	69.63761952	1
0	48362	69.63766048	1
0	48371	69.63770144	1
0	48373	69.6377424	1
0	48375	69.63778336	1
0	48377	69.63782432	1
0	48379	69.63786528	1
0	48381	69.63790624	1
0	48405	69.63857856	1
0	48414	69.63861952	1
0	48422	69.63866048	1
0	48431	69.63870144	1
0	48433	69.6387424	1
0	48435	69.63878336	1
0	48437	69.63882432	1
0	48439	69.63886528	1
0	48441	69.63890624	1
0	48465	69.63957856	1
0	48474	69.63961952	1
0	48482	69.63966048	1
0	48491	69.63970144	1
0	48493	69.6397424	1
0	48495	69.63978336	1
0	48497	69.63982432	1
0	48499	69.63986528	1
0	48501	69.63990624	1
0	48513	69.64057856	1
0	48522	69.64061952	1
0	48530	69.64066048	1
0	48539	69.64070144	1
0	48541	69.6407424	1
0	48543	69.64078336	1
0	48545	69.64082432	1
0	48547	69.64086528	1
0	48549	69.64090624	1
0	48552	69.64157856	1
0	48555	69.64161952	1
0	48560	69.64166048	1
0	48566	69.64170144	1
0	48568	69.6417424	1
0	48570	69.64178336	1
0	48572	69.64182432	1
0	48574	69.64186528	1
0	48576	69.64190624	1
0	48579	69.64257856	1
0	48582	69.64261952	1
0	48587	69.64266048	1
0	48593	69.64270144	1
0	48595	69.6427424	1
0	48597	69.64278336	1
0	48599	69.64282432	1
0	48601	69.64286528	1
0	48603	69.64290624	1
0	48714	70.64257856	1
0	48723	70.64261952	1
0	48730	70.64266048	1
0	48737	70.64270144	1
0	48738	70.6427424	1
0	48739	70.64278336	1
0	48740	70.64282432	1
0	48741	70.64286528	1
0	48742	70.64290624	1
0	48765	70.64357856	1
0	48774	70.64361952	1
0	48782	70.64366048	1
0	48791	70.64370144	1
0	48793	70.6437424	1
0	48795	70.64378336	1
0	48797	70.64382432	1
0	48799	70.64386528	1
0	48801	70.64390624	1
0	48825	70.64457856	1
0	48834	70.64461952	1
0	48842	70.64466048	1
0	48851	70.64470144	1
0	48853	70.6447424	1
0	48855	70.64478336	1
0	48857	70.64482432	1
0	48859	70.64486528	1
0	48861	70.64490624	1
0	48885	70.64557856	1
0	48894	70.64561952	1
0	48902	70.64566048	1
0	48911	70.64570144	1
0	48913	70.6457424	1
0	48915	70.64578336	1
0	48917	70.64582432	1
0	48919	70.64586528	1
0	48921	70.64590624	1
0	48945	70.64657856	1
0	48954	70.64661952	1
0	48962	70.64666048	1
0	48971	70.64670144	1
0	48973	70.6467424	1
0	48975	70.64678336	1
0	48977	70.64682432	1
0	48979	70.64686528	1
0	48981	70.64690624	1
0	49005	70.64757856	1
0	49014	70.64761952	1
0	49022	70.64766048	1
0	49031	70.64770144	1
0	49033	70.6477424	1
0	49035	70.64778336	1
0	49037	70.64782432	1
0	49039	70.64786528	1
0	49041	70.64790624	1
0	49065	70.64857856	1
0	49074	70.64861952	1
0	49082	70.64866048	1
0	49091	70.64870144	1
0	49093	70.6487424	1
0	49095	70.64878336	1
0	49097	70.64882432	1
0	49099	70.64886528	1
0	49101	70.64890624	1
0	49113	70.64957856	1
0	49122	70.64961952	1
0	49130	70.64966048	1
0	49139	70.64970144	1
0	49141	70.6497424	1
0	49143	70.64978336	1
0	49145	70.64982432	1
0	49147	70.64986528	1
0	49149	70.64990624	1
0	49152	70.65057856	1
0	49155	70.65061952	1
0	49160	70.65066048	1
0	49166	70.65070144	1
0	49168	70.6507424	1
0	49170	70.65078336	1
0	49172	70.65082432	1
0	49174	70.65086528	1
0	49176	70.65090624	1
0	49179	70.65157856	1
0	49182	70.65161952	1
0	49187	70.65166048	1
0	49193	70.65170144	1
0	49195	70.6517424	1
0	49197	70.65178336	1
0	49199	70.65182432	1
0	49201	70.65186528	1
0	49203	70.65190624	1
0	49314	71.65157856	1
0	49323	71.65161952	1
0	49330	71.65166048	1
0	49337	71.65170144	1
0	49338	71.6517424	1
0	49339	71.65178336	1
0	49340	71.65182432	1
0	49341	71.65186528	1
0	49342	71.65190624	1
0	49365	71.65257856	1
0	49374	71.65261952	1
0	49382	71.65266048	1
0	49391	71.65270144	1
0	49393	71.6527424	1
0	49395	71.65278336	1
0	49397	71.65282432	1
0	49399	71.65286528	1
0	49401	71.65290624	1
0	49425	71.65357856	1
0	49434	71.65361952	1
0	49442	71.65366048	1
0	49451	71.65370144	1
0	49453	71.6537424	1
0	49455	71.65378336	1
0	49457	71.65382432	1
0	49459	71.65386528	1
0	49461	71.65390624	1
0	49485	71.65457856	1
0	49494	71.65461952	1
0	49502	71.65466048	1
0	49511	71.65470144	1
0	49513	71.6547424	1
0	49515	71.65478336	1
0	49517	71.65482432	1
0	49519	71.65486528	1
0	49521	71.65490624	1
0	49545	71.65557856	1
0	49554	71.65561952	1
0	49562	71.65566048	1
0	49571	71.65570144	1
0	49573	71.6557424	1
0	49575	71.65578336	1
0	49577	71.65582432	1
0	49579	71.65586528	1
0	49581	71.65590624	1
0	49605	71.65657856	1
0	49614	71.65661952	1
0	49622	71.65666048	1
0	49631	71.65670144	1
0	49633	71.6567424	1
0	49635	71.65678336	1
0	49637	71.65682432	1
0	49639	71.65686528	1
0	49641	71.65690624	1
0	49665	71.65757856	1
0	49674	71.65761952	1
0	49682	71.65766048	1
0	49691	71.65770144	1
0	49693	71.6577424	1
0	49695	71.65778336	1
0	49697	71.65782432	1
0	49699	71.65786528	1
0	49701	71.65790624	1
0	49713	71.65857856	1
0	49722	71.65861952	1
0	49730	71.65866048	1
0	49739	71.65870144	1
0	49741	71.6587424	1
0	49743	71.65878336	1
0	49745	71.65882432	1
0	49747	71.65886528	1
0	49749	71.65890624	1
0	49752	71.65957856	1
0	49755	71.65961952	1
0	49760	71.65966048	1
0	49766	71.65970144	1
0	49768	71.6597424	1
0	49770	71.65978336	1
0	49772	71.65982432	1
0	49774	71.65986528	1
0	49776	71.65990624	1
0	49779	71.66057856	1
0	49782	71.66061952	1
0	49787	71.66066048	1
0	49793	71.66070144	1
0	49795	71.6607424	1
0	49797	71.66078336	1
0	49799	71.66082432	1
0	49801	71.66086528	1
0	49803	71.66090624	1
0	49914	72.66057856	1
0	49923	72.66061952	1
0	49930	72.66066048	1
0	49937	72.66070144	1
0	49938	72.6607424	1
0	49939	72.66078336	1
0	49940	72.66082432	1
0	49941	72.66086528	1
0	49942	72.66090624	1
0	49965	72.66157856	1
0	49974	72.66161952	1
0	49982	72.66166048	1
0	49991	72.66170144	1
0	49993	72.6617424	1
0	49995	72.66178336	1
0	49997	72.66182432	1
0	49999	72.66186528	1
0	50001	72.66190624	1
0	50025	72.66257856	1
0	50034	72.66261952	1
0	50042	72.66266048	1
0	50051	72.66270144	1
0	50053	72.6627424	1
0	50055	72.66278336	1
0	50057	72.66282432	1
0	50059	72.66286528	1
0	50061	72.66290624	1
0	50085	72.66357856	1
0	50094	72.66361952	1
0	50102	72.66366048	1
0	50111	72.66370144	1
0	50113	72.6637424	1
0	50115	72.66378336	1
0	50117	72.66382432	1
0	50119	72.66386528	1
0	50121	72.66390624	1
0	50145	72.66457856	1
0	50154	72.66461952	1
0	50162	72.66466048	1
0	50171	72.66470144	1
0	50173	72.6647424	1
0	50175	72.66478336	1
0	50177	72.66482432	1
0	50179	72.66486528	1
0	50181	72.66490624	1
0	50205	72.66557856	1
0	50214	72.66561952	1
0	50222	72.66566048	1
0	50231	72.66570144	1
0	50233	72.6657424	1
0	50235	72.66578336	1
0	50237	72.66582432	1
0	50239	72.66586528	1
0	50241	72.66590624	1
0	50265	72.66657856	1
0	50274	72.66661952	1
0	50282	72.66666048	1
0	50291	72.66670144	1
0	50293	72.6667424	1
0	50295	72.66678336	1
0	50297	72.66682432	1
0	50299	72.66686528	1
0	50301	72.66690624	1
0	50313	72.66757856	1
0	50322	72.66761952	1
0	50330	72.66766048	1
0	50339	72.66770144	1
0	50341	72.6677424	1
0	50343	72.66778336	1
0	50345	72.66782432	1
0	50347	72.66786528	1
0	50349	72.66790624	1
0	50352	72.66857856	1
0	50355	72.66861952	1
0	50360	72.66866048	1
0	50366	72.66870144	1
0	50368	72.6687424	1
0	50370	72.66878336	1
0	50372	72.66882432	1
0	50374	72.66886528	1
0	50376	72.66890624	1
0	50379	72.66957856	1
0	50382	72.66961952	1
0	50387	72.66966048	1
0	50393	72.66970144	1
0	50395	72.6697424	1
0	50397	72.66978336	1
0	50399	72.66982432	1
0	50401	72.66986528	1
0	50403	72.66990624	1
0	50514	73.66957856	1
0	50523	73.66961952	1
0	50530	73.66966048	1
0	50537	73.66970144	1
0	50538	73.6697424	1
0	50539	73.66978336	1
0	50540	73.66982432	1
0	50541	73.66986528	1
0	50542	73.66990624	1
0	50565	73.67057856	1
0	50574	73.67061952	1
0	50582	73.67066048	1
0	50591	73.67070144	1
0	50593	73.6707424	1
0	50595	73.67078336	1
0	50597	73.67082432	1
0	50599	73.67086528	1
0	50601	73.67090624	1
0	50625	73.67157856	1
0	50634	73.67161952	1
0	50642	73.67166048	1
0	50651	73.67170144	1
0	50653	73.6717424	1
0	50655	73.67178336	1
0	50657	73.67182432	1
0	50659	73.67186528	1
0	50661	73.67190624	1
0	50685	73.67257856	1
0	50694	73.67261952	1
0	50702	73.67266048	1
0	50711	73.67270144	1
0	50713	73.6727424	1
0	50715	73.67278336	1
0	50717	73.67282432	1
0	50719	73.67286528	1
0	50721	73.67290624	1
0	50745	73.67357856	1
0	50754	73.67361952	1
0	50762	73.67366048	1
0	50771	73.67370144	1
0	50773	73.6737424	1
0	50775	73.67378336	1
0	50777	73.67382432	1
0	50779	73.67386528	1
0	50781	73.67390624	1
0	50805	73.67457856	1
0	50814	73.67461952	1
0	50822	73.67466048	1
0	50831	73.67470144	1
0	50833	73.6747424	1
0	50835	73.67478336	1
0	50837	73.67482432	1
0	50839	73.67486528	1
0	50841	73.67490624	1
0	50865	73.67557856	1
0	50874	73.67561952	1
0	50882	73.67566048	1
0	50891	73.67570144	1
0	50893	73.6757424	1
0	50895	73.67578336	1
0	50897	73.67582432	1
0	50899	73.67586528	1
0	50901	73.67590624	1
0	50913	73.67657856	1
0	50922	73.67661952	1
0	50930	73.67666048	1
0	50939	73.67670144	1
0	50941	73.6767424	1
0	50943	73.67678336	1
0	50945	73.67682432	1
0	50947	73.67686528	1
0	50949	73.67690624	1
0	50952	73.67757856	1
0	50955	73.67761952	1
0	50960	73.67766048	1
0	50966	73.67770144	1
0	50968	73.6777424	1
0	50970	73.67778336	1
0	50972	73.67782432	1
0	50974	73.67786528	1
0	50976	73.67790624	1
0	50979	73.67857856	1
0	50982	73.67861952	1
0	50987	73.67866048	1
0	50993	73.67870144	1
0	50995	73.6787424	1
0	50997	73.67878336	1
0	50999	73.67882432	1
0	51001	73.67886528	1
0	51003	73.67890624	1
0	51114	74.67857856	1
0	51123	74.67861952	1
0	51130	74.67866048	1
0	51137	74.67870144	1
0	51138	74.6787424	1
0	51139	74.67878336	1
0	51140	74.67882432	1
0	51141	74.67886528	1
0	51142	74.67890624	1
0	51165	74.67957856	1
0	51174	74.67961952	1
0	51182	74.67966048	1
0	51191	74.67970144	1
0	51193	74.6797424	1
0	51195	74.67978336	1
0	51197	74.67982432	1
0	51199	74.67986528	1
0	51201	74.67990624	1
0	51225	74.68057856	1
0	51234	74.68061952	1
0	51242	74.68066048	1
0	51251	74.68070144	1
0	51253	74.6807424	1
0	51255	74.68078336	1
0	51257	74.68082432	1
0	51259	74.68086528	1
0	51261	74.68090624	1
0	51285	74.68157856	1
0	51294	74.68161952	1
0	51302	74.68166048	1
0	51311	74.68170144	1
0	51313	74.6817424	1
0	51315	74.68178336	1
0	51317	74.68182432	1
0	51319	74.68186528	1
0	51321	74.68190624	1
0	51345	74.68257856	1
0	51354	74.68261952	1
0	51362	74.68266048	1
0	51371	74.68270144	1
0	51373	74.6827424	1
0	51375	74.68278336	1
0	51377	74.68282432	1
0	51379	74.68286528	1
0	51381	74.68290624	1
0	51405	74.68357856	1
0	51414	74.68361952	1
0	51422	74.68366048	1
0	51431	74.68370144	1
0	51433	74.6837424	1
0	51435	74.68378336	1
0	51437	74.68382432	1
0	51439	74.68386528	1
0	51441	74.68390624	1
0	51465	74.68457856	1
0	51474	74.68461952	1
0	51482	74.68466048	1
0	51491	74.68470144	1
0	51493	74.6847424	1
0	51495	74.68478336	1
0	51497	74.68482432	1
0	51499	74.68486528	1
0	51501	74.68490624	1
0	51513	74.68557856	1
0	51522	74.68561952	1
0	51530	74.68566048	1
0	51539	74.68570144	1
0	51541	74.6857424	1
0	51543	74.68578336	1
0	51545	74.68582432	1
0	51547	74.68586528	1
0	51549	74.68590624	1
0	51552	74.68657856	1
0	51555	74.68661952	1
0	51560	74.68666048	1
0	51566	74.68670144	1
0	51568	74.6867424	1
0	51570	74.68678336	1
0	51572	74.68682432	1
0	51574	74.68686528	1
0	51576	74.68690624	1
0	51579	74.68757856	1
0	51582	74.68761952	1
0	51587	74.68766048	1
0	51593	74.68770144	1
0	51595	74.6877424	1
0	51597	74.68778336	1
0	51599	74.68782432	1
0	51601	74.68786528	1
0	51603	74.68790624	1
0	51714	75.68757856	1
0	51723	75.68761952	1
0	51730	75.68766048	1
0	51737	75.68770144	1
0	51738	75.6877424	1
0	51739	75.68778336	1
0	51740	75.68782432	1
0	51741	75.68786528	1
0	51742	75.68790624	1
0	51765	75.68857856	1
0	51774	75.68861952	1
0	51782	75.68866048	1
0	51791	75.68870144	1
0	51793	75.6887424	1
0	51795	75.68878336	1
0	51797	75.68882432	1
0	51799	75.68886528	1
0	51801	75.68890624	1
0	51825	75.68957856	1
0	51834	75.68961952	1
0	51842	75.68966048	1
0	51851	75.68970144	1
0	51853	75.6897424	1
0	51855	75.68978336	1
0	51857	75.68982432	1
0	51859	75.68986528	1
0	51861	75.68990624	1
0	51885	75.69057856	1
0	51894	75.69061952	1
0	51902	75.69066048	1
0	51911	75.69070144	1
0	51913	75.6907424	1
0	51915	75.69078336	1
0	51917	75.69082432	1
0	51919	75.69086528	1
0	51921	75.69090624	1
0	51945	75.69157856	1
0	51954	75.69161952	1
0	51962	75.69166048	1
0	51971	75.69170144	1
0	51973	75.6917424	1
0	51975	75.69178336	1
0	51977	75.69182432	1
0	51979	75.69186528	1
0	51981	75.69190624	1
0	52005	75.69257856	1
0	52014	75.69261952	1
0	52022	75.69266048	1
0	52031	75.69270144	1
0	52033	75.6927424	1
0	52035	75.69278336	1
0	52037	75.69282432	1
0	52039	75.69286528	1
0	52041	75.69290624	1
0	52065	75.69357856	1
0	52074	75.69361952	1
0	52082	75.69366048	1
0	52091	75.69370144	1
0	52093	75.6937424	1
0	52095	75.69378336	1
0	52097	75.69382432	1
0	52099	75.69386528	1
0	52101	75.69390624	1
0	52113	75.69457856	1
0	52122	75.69461952	1
0	52130	75.69466048	1
0	52139	75.69470144	1
0	52141	75.6947424	1
0	52143	75.69478336	1
0	52145	75.69482432	1
0	52147	75.69486528	1
0	52149	75.69490624	1
0	52152	75.69557856	1
0	52155	75.69561952	1
0	52160	75.69566048	1
0	52166	75.69570144	1
0	52168	75.6957424	1
0	52170	75.69578336	1
0	52172	75.69582432	1
0	52174	75.69586528	1
0	52176	75.69590624	1
0	52179	75.69657856	1
0	52182	75.69661952	1
0	52187	75.69666048	1
0	52193	75.69670144	1
0	52195	75.6967424	1
0	52197	75.69678336	1
0	52199	75.69682432	1
0	52201	75.69686528	1
0	52203	75.69690624	1
0	52314	76.69657856	1
0	52323	76.69661952	1
0	52330	76.69666048	1
0	52337	76.69670144	1
0	52338	76.6967424	1
0	52339	76.69678336	1
0	52340	76.69682432	1
0	52341	76.69686528	1
0	52342	76.69690624	1
0	52365	76.69757856	1
0	52374	76.69761952	1
0	52382	76.69766048	1
0	52391	76.69770144	1
0	52393	76.6977424	1
0	52395	76.69778336	1
0	52397	76.69782432	1
0	52399	76.69786528	1
0	52401	76.69790624	1
0	52425	76.69857856	1
0	52434	76.69861952	1
0	52442	76.69866048	1
0	52451	76.69870144	1
0	52453	76.6987424	1
0	52455	76.69878336	1
0	52457	76.69882432	1
0	52459	76.69886528	1
0	52461	76.69890624	1
0	52485	76.69957856	1
0	52494	76.69961952	1
0	52502	76.69966048	1
0	52511	76.69970144	1
0	52513	76.6997424	1
0	52515	76.69978336	1
0	52517	76.69982432	1
0	52519	76.69986528	1
0	52521	76.69990624	1
0	52545	76.70057856	1
0	52554	76.70061952	1
0	52562	76.70066048	1
0	52571	76.70070144	1
0	52573	76.7007424	1
0	52575	76.70078336	1
0	52577	76.70082432	1
0	52579	76.70086528	1
0	52581	76.70090624	1
0	52605	76.70157856	1
0	52614	76.70161952	1
0	52622	76.70166048	1
0	52631	76.70170144	1
0	52633	76.7017424	1
0	52635	76.70178336	1
0	52637	76.70182432	1
0	52639	76.70186528	1
0	52641	76.70190624	1
0	52665	76.70257856	1
0	52674	76.70261952	1
0	52682	76.70266048	1
0	52691	76.70270144	1
0	52693	76.7027424	1
0	52695	76.70278336	1
0	52697	76.70282432	1
0	52699	76.70286528	1
0	52701	76.70290624	1
0	52713	76.70357856	1
0	52722	76.70361952	1
0	52730	76.70366048	1
0	52739	76.70370144	1
0	52741	76.7037424	1
0	52743	76.70378336	1
0	52745	76.70382432	1
0	52747	76.70386528	1
0	52749	76.70390624	1
0	52752	76.70457856	1
0	52755	76.70461952	1
0	52760	76.70466048	1
0	52766	76.70470144	1
0	52768	76.7047424	1
0	52770	76.70478336	1
0	52772	76.70482432	1
0	52774	76.70486528	1
0	52776	76.70490624	1
0	52779	76.70557856	1
0	52782	76.70561952	1
0	52787	76.70566048	1
0	52793	76.70570144	1
0	52795	76.7057424	1
0	52797	76.70578336	1
0	52799	76.70582432	1
0	52801	76.70586528	1
0	52803	76.70590624	1
0	52914	77.70557856	1
0	52923	77.70561952	1
0	52930	77.70566048	1
0	52937	77.70570144	1
0	52938	77.7057424	1
0	52939	77.70578336	1
0	52940	77.70582432	1
0	52941	77.70586528	1
0	52942	77.70590624	1
0	52965	77.70657856	1
0	52974	77.70661952	1
0	52982	77.70666048	1
0	52991	77.70670144	1
0	52993	77.7067424	1
0	52995	77.70678336	1
0	52997	77.70682432	1
0	52999	77.70686528	1
0	53001	77.70690624	1
0	53025	77.70757856	1
0	53034	77.70761952	1
0	53042	77.70766048	1
0	53051	77.70770144	1
0	53053	77.7077424	1
0	53055	77.70778336	1
0	53057	77.70782432	1
0	53059	77.70786528	1
0	53061	77.70790624	1
0	53085	77.70857856	1
0	53094	77.70861952	1
0	53102	77.70866048	1
0	53111	77.70870144	1
0	53113	77.7087424	1
0	53115	77.70878336	1
0	53117	77.70882432	1
0	53119	77.70886528	1
0	53121	77.70890624	1
0	53145	77.70957856	1
0	53154	77.70961952	1
0	53162	77.70966048	1
0	53171	77.70970144	1
0	53173	77.7097424	1
0	53175	77.70978336	1
0	53177	77.70982432	1
0	53179	77.70986528	1
0	53181	77.70990624	1
0	53205	77.71057856	1
0	53214	77.71061952	1
0	53222	77.71066048	1
0	53231	77.71070144	1
0	53233	77.7107424	1
0	53235	77.71078336	1
0	53237	77.71082432	1
0	53239	77.71086528	1
0	53241	77.71090624	1
0	53265	77.71157856	1
0	53274	77.71161952	1
0	53282	77.71166048	1
0	53291	77.71170144	1
0	53293	77.7117424	1
0	53295	77.71178336	1
0	53297	77.71182432	1
0	53299	77.71186528	1
0	53301	77.71190624	1
0	53313	77.71257856	1
0	53322	77.71261952	1
0	53330	77.71266048	1
0	53339	77.71270144	1
0	53341	77.7127424	1
0	53343	77.71278336	1
0	53345	77.71282432	1
0	53347	77.71286528	1
0	53349	77.71290624	1
0	53352	77.71357856	1
0	53355	77.71361952	1
0	53360	77.71366048	1
0	53366	77.71370144	1
0	53368	77.7137424	1
0	53370	77.71378336	1
0	53372	77.71382432	1
0	53374	77.71386528	1
0	53376	77.71390624	1
0	53379	77.71457856	1
0	53382	77.71461952	1
0	53387	77.71466048	1
0	53393	77.71470144	1
0	53395	77.7147424	1
0	53397	77.71478336	1
0	53399	77.71482432	1
0	53401	77.71486528	1
0	53403	77.71490624	1
0	53514	78.71457856	1
0	53523	78.71461952	1
0	53530	78.71466048	1
0	53537	78.71470144	1
0	53538	78.7147424	1
0	53539	78.71478336	1
0	53540	78.71482432	1
0	53541	78.71486528	1
0	53542	78.71490624	1
0	53565	78.71557856	1
0	53574	78.71561952	1
0	53582	78.71566048	1
0	53591	78.71570144	1
0	53593	78.7157424	1
0	53595	78.71578336	1
0	53597	78.71582432	1
0	53599	78.71586528	1
0	53601	78.71590624	1
0	53625	78.71657856	1
0	53634	78.71661952	1
0	53642	78.71666048	1
0	53651	78.71670144	1
0	53653	78.7167424	1
0	53655	78.71678336	1
0	53657	78.71682432	1
0	53659	78.71686528	1
0	53661	78.71690624	1
0	53685	78.71757856	1
0	53694	78.71761952	1
0	53702	78.71766048	1
0	53711	78.71770144	1
0	53713	78.7177424	1
0	53715	78.71778336	1
0	53717	78.71782432	1
0	53719	78.71786528	1
0	53721	78.71790624	1
0	53745	78.71857856	1
0	53754	78.71861952	1
0	53762	78.71866048	1
0	53771	78.71870144	1
0	53773	78.7187424	1
0	53775	78.71878336	1
0	53777	78.71882432	1
0	53779	78.71886528	1
0	53781	78.71890624	1
0	53805	78.71957856	1
0	53814	78.71961952	1
0	53822	78.71966048	1
0	53831	78.71970144	1
0	53833	78.7197424	1
0	53835	78.71978336	1
0	53837	78.71982432	1
0	53839	78.71986528	1
0	53841	78.71990624	1
0	53865	78.72057856	1
0	53874	78.72061952	1
0	53882	78.72066048	1
0	53891	78.72070144	1
0	53893	78.7207424	1
0	53895	78.72078336	1
0	53897	78.72082432	1
0	53899	78.72086528	1
0	53901	78.72090624	1
0	53913	78.72157856	1
0	53922	78.72161952	1
0	53930	78.72166048	1
0	53939	78.72170144	1
0	53941	78.7217424	1
0	53943	78.72178336	1
0	53945	78.72182432	1
0	53947	78.72186528	1
0	53949	78.72190624	1
0	53952	78.72257856	1
0	53955	78.72261952	1
0	53960	78.72266048	1
0	53966	78.72270144	1
0	53968	78.7227424	1
0	53970	78.72278336	1
0	53972	78.72282432	1
0	53974	78.72286528	1
0	53976	78.72290624	1
0	53979	78.72357856	1
0	53982	78.72361952	1
0	53987	78.72366048	1
0	53993	78.72370144	1
0	53995	78.7237424	1
0	53997	78.72378336	1
0	53999	78.72382432	1
0	54001	78.72386528	1
0	54003	78.72390624	1
0	54114	79.72357856	1
0	54123	79.72361952	1
0	54130	79.72366048	1
0	54137	79.72370144	1
0	54138	79.7237424	1
0	54139	79.72378336	1
0	54140	79.72382432	1
0	54141	79.72386528	1
0	54142	79.72390624	1
0	54165	79.72457856	1
0	54174	79.72461952	1
0	54182	79.72466048	1
0	54191	79.72470144	1
0	54193	79.7247424	1
0	54195	79.72478336	1
0	54197	79.72482432	1
0	54199	79.72486528	1
0	54201	79.72490624	1
0	54225	79.72557856	1
0	54234	79.72561952	1
0	54242	79.72566048	1
0	54251	79.72570144	1
0	54253	79.7257424	1
0	54255	79.72578336	1
0	54257	79.72582432	1
0	54259	79.72586528	1
0	54261	79.72590624	1
0	54285	79.72657856	1
0	54294	79.72661952	1
0	54302	79.72666048	1
0	54311	79.72670144	1
0	54313	79.7267424	1
0	54315	79.72678336	1
0	54317	79.72682432	1
0	54319	79.72686528	1
0	54321	79.72690624	1
0	54345	79.72757856	1
0	54354	79.72761952	1
0	54362	79.72766048	1
0	54371	79.72770144	1
0	54373	79.7277424	1
0	54375	79.72778336	1
0	54377	79.72782432	1
0	54379	79.72786528	1
0	54381	79.72790624	1
0	54405	79.72857856	1
0	54414	79.72861952	1
0	54422	79.72866048	1
0	54431	79.72870144	1
0	54433	79.7287424	1
0	54435	79.72878336	1
0	54437	79.72882432	1
0	54439	79.72886528	1
0	54441	79.72890624	1
0	54465	79.72957856	1
0	54474	79.72961952	1
0	54482	79.72966048	1
0	54491	79.72970144	1
0	54493	79.7297424	1
0	54495	79.72978336	1
0	54497	79.72982432	1
0	54499	79.72986528	1
0	54501	79.72990624	1
0	54513	79.73057856	1
0	54522	79.73061952	1
0	54530	79.73066048	1
0	54539	79.73070144	1
0	54541	79.7307424	1
0	54543	79.73078336	1
0	54545	79.73082432	1
0	54547	79.73086528	1
0	54549	79.73090624	1
0	54552	79.73157856	1
0	54555	79.73161952	1
0	54560	79.73166048	1
0	54566	79.73170144	1
0	54568	79.7317424	1
0	54570	79.73178336	1
0	54572	79.73182432	1
0	54574	79.73186528	1
0	54576	79.73190624	1
0	54579	79.73257856	1
0	54582	79.73261952	1
0	54587	79.73266048	1
0	54593	79.73270144	1
0	54595	79.7327424	1
0	54597	79.73278336	1
0	54599	79.73282432	1
0	54601	79.73286528	1
0	54603	79.73290624	1
0	54714	80.73257856	1
0	54723	80.73261952	1
0	54730	80.73266048	1
0	54737	80.73270144	1
0	54738	80.7327424	1
0	54739	80.73278336	1
0	54740	80.73282432	1
0	54741	80.73286528	1
0	54742	80.73290624	1
0	54765	80.73357856	1
0	54774	80.73361952	1
0	54782	80.73366048	1
0	54791	80.73370144	1
0	54793	80.7337424	1
0	54795	80.73378336	1
0	54797	80.73382432	1
0	54799	80.73386528	1
0	54801	80.73390624	1
0	54825	80.73457856	1
0	54834	80.73461952	1
0	54842	80.73466048	1
0	54851	80.73470144	1
0	54853	80.7347424	1
0	54855	80.73478336	1
0	54857	80.73482432	1
0	54859	80.73486528	1
0	54861	80.73490624	1
0	54885	80.73557856	1
0	54894	80.73561952	1
0	54902	80.73566048	1
0	54911	80.73570144	1
0	54913	80.7357424	1
0	54915	80.73578336	1
0	54917	80.73582432	1
0	54919	80.73586528	1
0	54921	80.73590624	1
0	54945	80.73657856	1
0	54954	80.73661952	1
0	54962	80.73666048	1
0	54971	80.73670144	1
0	54973	80.7367424	1
0	54975	80.73678336	1
0	54977	80.73682432	1
0	54979	80.73686528	1
0	54981	80.73690624	1
0	55005	80.73757856	1
0	55014	80.73761952	1
0	55022	80.73766048	1
0	55031	80.73770144	1
0	55033	80.7377424	1
0	55035	80.73778336	1
0	55037	80.73782432	1
0	55039	80.73786528	1
0	55041	80.73790624	1
0	55065	80.73857856	1
0	55074	80.73861952	1
0	55082	80.73866048	1
0	55091	80.73870144	1
0	55093	80.7387424	1
0	55095	80.73878336	1
0	55097	80.73882432	1
0	55099	80.73886528	1
0	55101	80.73890624	1
0	55113	80.73957856	1
0	55122	80.73961952	1
0	55130	80.73966048	1
0	55139	80.73970144	1
0	55141	80.7397424	1
0	55143	80.73978336	1
0	55145	80.73982432	1
0	55147	80.73986528	1
0	55149	80.73990624	1
0	55152	80.74057856	1
0	55155	80.74061952	1
0	55160	80.74066048	1
0	55166	80.74070144	1
0	55168	80.7407424	1
0	55170	80.74078336	1
0	55172	80.74082432	1
0	55174	80.74086528	1
0	55176	80.74090624	1
0	55179	80.74157856	1
0	55182	80.74161952	1
0	55187	80.74166048	1
0	55193	80.74170144	1
0	55195	80.7417424	1
0	55197	80.74178336	1
0	55199	80.74182432	1
0	55201	80.74186528	1
0	55203	80.74190624	1
0	55314	81.74157856	1
0	55323	81.74161952	1
0	55330	81.74166048	1
0	55337	81.74170144	1
0	55338	81.7417424	1
0	55339	81.74178336	1
0	55340	81.74182432	1
0	55341	81.74186528	1
0	55342	81.74190624	1
0	55365	81.74257856	1
0	55374	81.74261952	1
0	55382	81.74266048	1
0	55391	81.74270144	1
0	55393	81.7427424	1
0	55395	81.74278336	1
0	55397	81.74282432	1
0	55399	81.74286528	1
0	55401	81.74290624	1
0	55425	81.74357856	1
0	55434	81.74361952	1
0	55442	81.74366048	1
0	55451	81.74370144	1
0	55453	81.7437424	1
0	55455	81.74378336	1
0	55457	81.74382432	1
0	55459	81.74386528	1
0	55461	81.74390624	1
0	55485	81.74457856	1
0	55494	81.74461952	1
0	55502	81.74466048	1
0	55511	81.74470144	1
0	55513	81.7447424	1
0	55515	81.74478336	1
0	55517	81.74482432	1
0	55519	81.74486528	1
0	55521	81.74490624	1
0	55545	81.74557856	1
0	55554	81.74561952	1
0	55562	81.74566048	1
0	55571	81.74570144	1
0	55573	81.7457424	1
0	55575	81.74578336	1
0	55577	81.74582432	1
0	55579	81.74586528	1
0	55581	81.74590624	1
0	55605	81.74657856	1
0	55614	81.74661952	1
0	55622	81.74666048	1
0	55631	81.74670144	1
0	55633	81.7467424	1
0	55635	81.74678336	1
0	55637	81.74682432	1
0	55639	81.74686528	1
0	55641	81.74690624	1
0	55665	81.74757856	1
0	55674	81.74761952	1
0	55682	81.74766048	1
0	55691	81.74770144	1
0	55693	81.7477424	1
0	55695	81.74778336	1
0	55697	81.74782432	1
0	55699	81.74786528	1
0	55701	81.74790624	1
0	55713	81.74857856	1
0	55722	81.74861952	1
0	55730	81.74866048	1
0	55739	81.74870144	1
0	55741	81.7487424	1
0	55743	81.74878336	1
0	55745	81.74882432	1
0	55747	81.74886528	1
0	55749	81.74890624	1
0	55752	81.74957856	1
0	55755	81.74961952	1
0	55760	81.74966048	1
0	55766	81.74970144	1
0	55768	81.7497424	1
0	55770	81.74978336	1
0	55772	81.74982432	1
0	55774	81.74986528	1
0	55776	81.74990624	1
0	55779	81.75057856	1
0	55782	81.75061952	1
0	55787	81.75066048	1
0	55793	81.75070144	1
0	55795	81.7507424	1
0	55797	81.75078336	1
0	55799	81.75082432	1
0	55801	81.75086528	1
0	55803	81.75090624	1
0	55914	82.75057856	1
0	55923	82.75061952	1
0	55930	82.75066048	1
0	55937	82.75070144	1
0	55938	82.7507424	1
0	55939	82.75078336	1
0	55940	82.75082432	1
0	55941	82.75086528	1
0	55942	82.75090624	1
0	55965	82.75157856	1
0	55974	82.75161952	1
0	55982	82.75166048	1
0	55991	82.75170144	1
0	55993	82.7517424	1
0	55995	82.75178336	1
0	55997	82.75182432	1
0	55999	82.75186528	1
0	56001	82.75190624	1
0	56025	82.75257856	1
0	56034	82.75261952	1
0	56042	82.75266048	1
0	56051	82.75270144	1
0	56053	82.7527424	1
0	56055	82.75278336	1
0	56057	82.75282432	1
0	56059	82.75286528	1
0	56061	82.75290624	1
0	56085	82.75357856	1
0	56094	82.75361952	1
0	56102	82.75366048	1
0	56111	82.75370144	1
0	56113	82.7537424	1
0	56115	82.75378336	1
0	56117	82.75382432	1
0	56119	82.75386528	1
0	56121	82.75390624	1
0	56145	82.75457856	1
0	56154	82.75461952	1
0	56162	82.75466048	1
0	56171	82.75470144	1
0	56173	82.7547424	1
0	56175	82.75478336	1
0	56177	82.75482432	1
0	56179	82.75486528	1
0	56181	82.75490624	1
0	56205	82.75557856	1
0	56214	82.75561952	1
0	56222	82.75566048	1
0	56231	82.75570144	1
0	56233	82.7557424	1
0	56235	82.75578336	1
0	56237	82.75582432	1
0	56239	82.75586528	1
0	56241	82.75590624	1
0	56265	82.75657856	1
0	56274	82.75661952	1
0	56282	82.75666048	1
0	56291	82.75670144	1
0	56293	82.7567424	1
0	56295	82.75678336	1
0	56297	82.75682432	1
0	56299	82.75686528	1
0	56301	82.75690624	1
0	56313	82.75757856	1
0	56322	82.75761952	1
0	56330	82.75766048	1
0	56339	82.75770144	1
0	56341	82.7577424	1
0	56343	82.75778336	1
0	56345	82.75782432	1
0	56347	82.75786528	1
0	56349	82.75790624	1
0	56352	82.75857856	1
0	56355	82.75861952	1
0	56360	82.75866048	1
0	56366	82.75870144	1
0	56368	82.7587424	1
0	56370	82.75878336	1
0	56372	82.75882432	1
0	56374	82.75886528	1
0	56376	82.75890624	1
0	56379	82.75957856	1
0	56382	82.75961952	1
0	56387	82.75966048	1
0	56393	82.75970144	1
0	56395	82.7597424	1
0	56397	82.75978336	1
0	56399	82.75982432	1
0	56401	82.75986528	1
0	56403	82.75990624	1
0	56514	83.75957856	1
0	56523	83.75961952	1
0	56530	83.75966048	1
0	56537	83.75970144	1
0	56538	83.7597424	1
0	56539	83.75978336	1
0	56540	83.75982432	1
0	56541	83.75986528	1
0	56542	83.75990624	1
0	56565	83.76057856	1
0	56574	83.76061952	1
0	56582	83.76066048	1
0	56591	83.76070144	1
0	56593	83.7607424	1
0	56595	83.76078336	1
0	56597	83.76082432	1
0	56599	83.76086528	1
0	56601	83.76090624	1
0	56625	83.76157856	1
0	56634	83.76161952	1
0	56642	83.76166048	1
0	56651	83.76170144	1
0	56653	83.7617424	1
0	56655	83.76178336	1
0	56657	83.76182432	1
0	56659	83.76186528	1
0	56661	83.76190624	1
0	56685	83.76257856	1
0	56694	83.76261952	1
0	56702	83.76266048	1
0	56711	83.76270144	1
0	56713	83.7627424	1
0	56715	83.76278336	1
0	56717	83.76282432	1
0	56719	83.76286528	1
0	56721	83.76290624	1
0	56745	83.76357856	1
0	56754	83.76361952	1
0	56762	83.76366048	1
0	56771	83.76370144	1
0	56773	83.7637424	1
0	56775	83.76378336	1
0	56777	83.76382432	1
0	56779	83.76386528	1
0	56781	83.76390624	1
0	56805	83.76457856	1
0	56814	83.76461952	1
0	56822	83.76466048	1
0	56831	83.76470144	1
0	56833	83.7647424	1
0	56835	83.76478336	1
0	56837	83.76482432	1
0	56839	83.76486528	1
0	56841	83.76490624	1
0	56865	83.76557856	1
0	56874	83.76561952	1
0	56882	83.76566048	1
0	56891	83.76570144	1
0	56893	83.7657424	1
0	56895	83.76578336	1
0	56897	83.76582432	1
0	56899	83.76586528	1
0	56901	83.76590624	1
0	56913	83.76657856	1
0	56922	83.76661952	1
0	56930	83.76666048	1
0	56939	83.76670144	1
0	56941	83.7667424	1
0	56943	83.76678336	1
0	56945	83.76682432	1
0	56947	83.76686528	1
0	56949	83.76690624	1
0	56952	83.76757856	1
0	56955	83.76761952	1
0	56960	83.76766048	1
0	56966	83.76770144	1
0	56968	83.7677424	1
0	56970	83.76778336	1
0	56972	83.76782432	1
0	56974	83.76786528	1
0	56976	83.76790624	1
0	56979	83.76857856	1
0	56982	83.76861952	1
0	56987	83.76866048	1
0	56993	83.76870144	1
0	56995	83.7687424	1
0	56997	83.76878336	1
0	56999	83.76882432	1
0	57001	83.76886528	1
0	57003	83.76890624	1
0	57114	84.76857856	1
0	57123	84.76861952	1
0	57130	84.76866048	1
0	57137	84.76870144	1
0	57138	84.7687424	1
0	57139	84.76878336	1
0	57140	84.76882432	1
0	57141	84.76886528	1
0	57142	84.76890624	1
0	57165	84.76957856	1
0	57174	84.76961952	1
0	57182	84.76966048	1
0	57191	84.76970144	1
0	57193	84.7697424	1
0	57195	84.76978336	1
0	57197	84.76982432	1
0	57199	84.76986528	1
0	57201	84.76990624	1
0	57225	84.77057856	1
0	57234	84.77061952	1
0	57242	84.77066048	1
0	57251	84.77070144	1
0	57253	84.7707424	1
0	57255	84.77078336	1
0	57257	84.77082432	1
0	57259	84.77086528	1
0	57261	84.77090624	1
0	57285	84.77157856	1
0	57294	84.77161952	1
0	57302	84.77166048	1
0	57311	84.77170144	1
0	57313	84.7717424	1
0	57315	84.77178336	1
0	57317	84.77182432	1
0	57319	84.77186528	1
0	57321	84.77190624	1
0	57345	84.77257856	1
0	57354	84.77261952	1
0	57362	84.77266048	1
0	57371	84.77270144	1
0	57373	84.7727424	1
0	57375	84.77278336	1
0	57377	84.77282432	1
0	57379	84.77286528	1
0	57381	84.77290624	1
0	57405	84.77357856	1
0	57414	84.77361952	1
0	57422	84.77366048	1
0	57431	84.77370144	1
0	57433	84.7737424	1
0	57435	84.77378336	1
0	57437	84.77382432	1
0	57439	84.77386528	1
0	57441	84.77390624	1
0	57465	84.77457856	1
0	57474	84.77461952	1
0	57482	84.77466048	1
0	57491	84.77470144	1
0	57493	84.7747424	1
0	57495	84.77478336	1
0	57497	84.77482432	1
0	57499	84.77486528	1
0	57501	84.77490624	1
0	57513	84.77557856	1
0	57522	84.77561952	1
0	57530	84.77566048	1
0	57539	84.77570144	1
0	57541	84.7757424	1
0	57543	84.77578336	1
0	57545	84.77582432	1
0	57547	84.77586528	1
0	57549	84.77590624	1
0	57552	84.77657856	1
0	57555	84.77661952	1
0	57560	84.77666048	1
0	57566	84.77670144	1
0	57568	84.7767424	1
0	57570	84.77678336	1
0	57572	84.77682432	1
0	57574	84.77686528	1
0	57576	84.77690624	1
0	57579	84.77757856	1
0	57582	84.77761952	1
0	57587	84.77766048	1
0	57593	84.77770144	1
0	57595	84.7777424	1
0	57597	84.77778336	1
0	57599	84.77782432	1
0	57601	84.77786528	1
0	57603	84.77790624	1
0	57714	85.77757856	1
0	57723	85.77761952	1
0	57730	85.77766048	1
0	57737	85.77770144	1
0	57738	85.7777424	1
0	57739	85.77778336	1
0	57740	85.77782432	1
0	57741	85.77786528	1
0	57742	85.77790624	1
0	57765	85.77857856	1
0	57774	85.77861952	1
0	57782	85.77866048	1
0	57791	85.77870144	1
0	57793	85.7787424	1
0	57795	85.77878336	1
0	57797	85.77882432	1
0	57799	85.77886528	1
0	57801	85.77890624	1
0	57825	85.77957856	1
0	57834	85.77961952	1
0	57842	85.77966048	1
0	57851	85.77970144	1
0	57853	85.7797424	1
0	57855	85.77978336	1
0	57857	85.77982432	1
0	57859	85.77986528	1
0	57861	85.77990624	1
0	57885	85.78057856	1
0	57894	85.78061952	1
0	57902	85.78066048	1
0	57911	85.78070144	1
0	57913	85.7807424	1
0	57915	85.78078336	1
0	57917	85.78082432	1
0	57919	85.78086528	1
0	57921	85.78090624	1
0	57945	85.78157856	1
0	57954	85.78161952	1
0	57962	85.78166048	1
0	57971	85.78170144	1
0	57973	85.7817424	1
0	57975	85.78178336	1
0	57977	85.78182432	1
0	57979	85.78186528	1
0	57981	85.78190624	1
0	58005	85.78257856	1
0	58014	85.78261952	1
0	58022	85.78266048	1
0	58031	85.78270144	1
0	58033	85.7827424	1
0	58035	85.78278336	1
0	58037	85.78282432	1
0	58039	85.78286528	1
0	58041	85.78290624	1
0	58065	85.78357856	1
0	58074	85.78361952	1
0	58082	85.78366048	1
0	58091	85.78370144	1
0	58093	85.7837424	1
0	58095	85.78378336	1
0	58097	85.78382432	1
0	58099	85.78386528	1
0	58101	85.78390624	1
0	58113	85.78457856	1
0	58122	85.78461952	1
0	58130	85.78466048	1
0	58139	85.78470144	1
0	58141	85.7847424	1
0	58143	85.78478336	1
0	58145	85.78482432	1
0	58147	85.78486528	1
0	58149	85.78490624	1
0	58152	85.78557856	1
0	58155	85.78561952	1
0	58160	85.78566048	1
0	58166	85.78570144	1
0	58168	85.7857424	1
0	58170	85.78578336	1
0	58172	85.78582432	1
0	58174	85.78586528	1
0	58176	85.78590624	1
0	58179	85.78657856	1
0	58182	85.78661952	1
0	58187	85.78666048	1
0	58193	85.78670144	1
0	58195	85.7867424	1
0	58197	85.78678336	1
0	58199	85.78682432	1
0	58201	85.78686528	1
0	58203	85.78690624	1
0	58314	86.78657856	1
0	58323	86.78661952	1
0	58330	86.78666048	1
0	58337	86.78670144	1
0	58338	86.7867424	1
0	58339	86.78678336	1
0	58340	86.78682432	1
0	58341	86.78686528	1
0	58342	86.78690624	1
0	58365	86.78757856	1
0	58374	86.78761952	1
0	58382	86.78766048	1
0	58391	86.78770144	1
0	58393	86.7877424	1
0	58395	86.78778336	1
0	58397	86.78782432	1
0	58399	86.78786528	1
0	58401	86.78790624	1
0	58425	86.78857856	1
0	58434	86.78861952	1
0	58442	86.78866048	1
0	58451	86.78870144	1
0	58453	86.7887424	1
0	58455	86.78878336	1
0	58457	86.78882432	1
0	58459	86.78886528	1
0	58461	86.78890624	1
0	58485	86.78957856	1
0	58494	86.78961952	1
0	58502	86.78966048	1
0	58511	86.78970144	1
0	58513	86.7897424	1
0	58515	86.78978336	1
0	58517	86.78982432	1
0	58519	86.78986528	1
0	58521	86.78990624	1
0	58545	86.79057856	1
0	58554	86.79061952	1
0	58562	86.79066048	1
0	58571	86.79070144	1
0	58573	86.7907424	1
0	58575	86.79078336	1
0	58577	86.79082432	1
0	58579	86.79086528	1
0	58581	86.79090624	1
0	58605	86.79157856	1
0	58614	86.79161952	1
0	58622	86.79166048	1
0	58631	86.79170144	1
0	58633	86.7917424	1
0	58635	86.79178336	1
0	58637	86.79182432	1
0	58639	86.79186528	1
0	58641	86.79190624	1
0	58665	86.79257856	1
0	58674	86.79261952	1
0	58682	86.79266048	1
0	58691	86.79270144	1
0	58693	86.7927424	1
0	58695	86.79278336	1
0	58697	86.79282432	1
0	58699	86.79286528	1
0	58701	86.79290624	1
0	58713	86.79357856	1
0	58722	86.79361952	1
0	58730	86.79366048	1
0	58739	86.79370144	1
0	58741	86.7937424	1
0	58743	86.79378336	1
0	58745	86.79382432	1
0	58747	86.79386528	1
0	58749	86.79390624	1
0	58752	86.79457856	1
0	58755	86.79461952	1
0	58760	86.79466048	1
0	58766	86.79470144	1
0	58768	86.7947424	1
0	58770	86.79478336	1
0	58772	86.79482432	1
0	58774	86.79486528	1
0	58776	86.79490624	1
0	58779	86.79557856	1
0	58782	86.79561952	1
0	58787	86.79566048	1
0	58793	86.79570144	1
0	58795	86.7957424	1
0	58797	86.79578336	1
0	58799	86.79582432	1
0	58801	86.79586528	1
0	58803	86.79590624	1
0	58914	87.79557856	1
0	58923	87.79561952	1
0	58930	87.79566048	1
0	58937	87.79570144	1
0	58938	87.7957424	1
0	58939	87.79578336	1
0	58940	87.79582432	1
0	58941	87.79586528	1
0	58942	87.79590624	1
0	58965	87.79657856	1
0	58974	87.79661952	1
0	58982	87.79666048	1
0	58991	87.79670144	1
0	58993	87.7967424	1
0	58995	87.79678336	1
0	58997	87.79682432	1
0	58999	87.79686528	1
0	59001	87.79690624	1
0	59025	87.79757856	1
0	59034	87.79761952	1
0	59042	87.79766048	1
0	59051	87.79770144	1
0	59053	87.7977424	1
0	59055	87.79778336	1
0	59057	87.79782432	1
0	59059	87.79786528	1
0	59061	87.79790624	1
0	59085	87.79857856	1
0	59094	87.79861952	1
0	59102	87.79866048	1
0	59111	87.79870144	1
0	59113	87.7987424	1
0	59115	87.79878336	1
0	59117	87.79882432	1
0	59119	87.79886528	1
0	59121	87.79890624	1
0	59145	87.79957856	1
0	59154	87.79961952	1
0	59162	87.79966048	1
0	59171	87.79970144	1
0	59173	87.7997424	1
0	59175	87.79978336	1
0	59177	87.79982432	1
0	59179	87.79986528	1
0	59181	87.79990624	1
0	59205	87.80057856	1
0	59214	87.80061952	1
0	59222	87.80066048	1
0	59231	87.80070144	1
0	59233	87.8007424	1
0	59235	87.80078336	1
0	59237	87.80082432	1
0	59239	87.80086528	1
0	59241	87.80090624	1
0	59265	87.80157856	1
0	59274	87.80161952	1
0	59282	87.80166048	1
0	59291	87.80170144	1
0	59293	87.8017424	1
0	59295	87.80178336	1
0	59297	87.80182432	1
0	59299	87.80186528	1
0	59301	87.80190624	1
0	59313	87.80257856	1
0	59322	87.80261952	1
0	59330	87.80266048	1
0	59339	87.80270144	1
0	59341	87.8027424	1
0	59343	87.80278336	1
0	59345	87.80282432	1
0	59347	87.80286528	1
0	59349	87.80290624	1
0	59352	87.80357856	1
0	59355	87.80361952	1
0	59360	87.80366048	1
0	59366	87.80370144	1
0	59368	87.8037424	1
0	59370	87.80378336	1
0	59372	87.80382432	1
0	59374	87.80386528	1
0	59376	87.80390624	1
0	59379	87.80457856	1
0	59382	87.80461952	1
0	59387	87.80466048	1
0	59393	87.80470144	1
0	59395	87.8047424	1
0	59397	87.80478336	1
0	59399	87.80482432	1
0	59401	87.80486528	1
0	59403	87.80490624	1
0	59514	88.80457856	1
0	59523	88.80461952	1
0	59530	88.80466048	1
0	59537	88.80470144	1
0	59538	88.8047424	1
0	59539	88.80478336	1
0	59540	88.80482432	1
0	59541	88.80486528	1
0	59542	88.80490624	1
0	59565	88.80557856	1
0	59574	88.80561952	1
0	59582	88.80566048	1
0	59591	88.80570144	1
0	59593	88.8057424	1
0	59595	88.80578336	1
0	59597	88.80582432	1
0	59599	88.80586528	1
0	59601	88.80590624	1
0	59625	88.80657856	1
0	59634	88.80661952	1
0	59642	88.80666048	1
0	59651	88.80670144	1
0	59653	88.8067424	1
0	59655	88.80678336	1
0	59657	88.80682432	1
0	59659	88.80686528	1
0	59661	88.80690624	1
0	59685	88.80757856	1
0	59694	88.80761952	1
0	59702	88.80766048	1
0	59711	88.80770144	1
0	59713	88.8077424	1
0	59715	88.80778336	1
0	59717	88.80782432	1
0	59719	88.80786528	1
0	59721	88.80790624	1
0	59745	88.80857856	1
0	59754	88.80861952	1
0	59762	88.80866048	1
0	59771	88.80870144	1
0	59773	88.8087424	1
0	59775	88.80878336	1
0	59777	88.80882432	1
0	59779	88.80886528	1
0	59781	88.80890624	1
0	59805	88.80957856	1
0	59814	88.80961952	1
0	59822	88.80966048	1
0	59831	88.80970144	1
0	59833	88.8097424	1
0	59835	88.80978336	1
0	59837	88.80982432	1
0	59839	88.80986528	1
0	59841	88.80990624	1
0	59865	88.81057856	1
0	59874	88.81061952	1
0	59882	88.81066048	1
0	59891	88.81070144	1
0	59893	88.8107424	1
0	59895	88.81078336	1
0	59897	88.81082432	1
0	59899	88.81086528	1
0	59901	88.81090624	1
0	59913	88.81157856	1
0	59922	88.81161952	1
0	59930	88.81166048	1
0	59939	88.81170144	1
0	59941	88.8117424	1
0	59943	88.81178336	1
0	59945	88.81182432	1
0	59947	88.81186528	1
0	59949	88.81190624	1
0	59952	88.81257856	1
0	59955	88.81261952	1
0	59960	88.81266048	1
0	59966	88.81270144	1
0	59968	88.8127424	1
0	59970	88.81278336	1
0	59972	88.81282432	1
0	59974	88.81286528	1
0	59976	88.81290624	1
0	59979	88.81357856	1
0	59982	88.81361952	1
0	59987	88.81366048	1
0	59993	88.81370144	1
0	59995	88.8137424	1
0	59997	88.81378336	1
0	59999	88.81382432	1
0	60001	88.81386528	1
0	60003	88.81390624	1
0	60114	89.81357856	1
0	60123	89.81361952	1
0	60130	89.81366048	1
0	60137	89.81370144	1
0	60138	89.8137424	1
0	60139	89.81378336	1
0	60140	89.81382432	1
0	60141	89.81386528	1
0	60142	89.81390624	1
0	60165	89.81457856	1
0	60174	89.81461952	1
0	60182	89.81466048	1
0	60191	89.81470144	1
0	60193	89.8147424	1
0	60195	89.81478336	1
0	60197	89.81482432	1
0	60199	89.81486528	1
0	60201	89.81490624	1
0	60225	89.81557856	1
0	60234	89.81561952	1
0	60242	89.81566048	1
0	60251	89.81570144	1
0	60253	89.8157424	1
0	60255	89.81578336	1
0	60257	89.81582432	1
0	60259	89.81586528	1
0	60261	89.81590624	1
0	60285	89.81657856	1
0	60294	89.81661952	1
0	60302	89.81666048	1
0	60311	89.81670144	1
0	60313	89.8167424	1
0	60315	89.81678336	1
0	60317	89.81682432	1
0	60319	89.81686528	1
0	60321	89.81690624	1
0	60345	89.81757856	1
0	60354	89.81761952	1
0	60362	89.81766048	1
0	60371	89.81770144	1
0	60373	89.8177424	1
0	60375	89.81778336	1
0	60377	89.81782432	1
0	60379	89.81786528	1
0	60381	89.81790624	1
0	60405	89.81857856	1
0	60414	89.81861952	1
0	60422	89.81866048	1
0	60431	89.81870144	1
0	60433	89.8187424	1
0	60435	89.81878336	1
0	60437	89.81882432	1
0	60439	89.81886528	1
0	60441	89.81890624	1
0	60465	89.81957856	1
0	60474	89.81961952	1
0	60482	89.81966048	1
0	60491	89.81970144	1
0	60493	89.8197424	1
0	60495	89.81978336	1
0	60497	89.81982432	1
0	60499	89.81986528	1
0	60501	89.81990624	1
0	60513	89.82057856	1
0	60522	89.82061952	1
0	60530	89.82066048	1
0	60539	89.82070144	1
0	60541	89.8207424	1
0	60543	89.82078336	1
0	60545	89.82082432	1
0	60547	89.82086528	1
0	60549	89.82090624	1
0	60552	89.82157856	1
0	60555	89.82161952	1
0	60560	89.82166048	1
0	60566	89.82170144	1
0	60568	89.8217424	1
0	60570	89.82178336	1
0	60572	89.82182432	1
0	60574	89.82186528	1
0	60576	89.82190624	1
0	60579	89.82257856	1
0	60582	89.82261952	1
0	60587	89.82266048	1
0	60593	89.82270144	1
0	60595	89.8227424	1
0	60597	89.82278336	1
0	60599	89.82282432	1
0	60601	89.82286528	1
0	60603	89.82290624	1
0	60714	90.82257856	1
0	60723	90.82261952	1
0	60730	90.82266048	1
0	60737	90.82270144	1
0	60738	90.8227424	1
0	60739	90.82278336	1
0	60740	90.82282432	1
0	60741	90.82286528	1
0	60742	90.82290624	1
0	60765	90.82357856	1
0	60774	90.82361952	1
0	60782	90.82366048	1
0	60791	90.82370144	1
0	60793	90.8237424	1
0	60795	90.82378336	1
0	60797	90.82382432	1
0	60799	90.82386528	1
0	60801	90.82390624	1
0	60825	90.82457856	1
0	60834	90.82461952	1
0	60842	90.82466048	1
0	60851	90.82470144	1
0	60853	90.8247424	1
0	60855	90.82478336	1
0	60857	90.82482432	1
0	60859	90.82486528	1
0	60861	90.82490624	1
0	60885	90.82557856	1
0	60894	90.82561952	1
0	60902	90.82566048	1
0	60911	90.82570144	1
0	60913	90.8257424	1
0	60915	90.82578336	1
0	60917	90.82582432	1
0	60919	90.82586528	1
0	60921	90.82590624	1
0	60945	90.82657856	1
0	60954	90.82661952	1
0	60962	90.82666048	1
0	60971	90.82670144	1
0	60973	90.8267424	1
0	60975	90.82678336	1
0	60977	90.82682432	1
0	60979	90.82686528	1
0	60981	90.82690624	1
0	61005	90.82757856	1
0	61014	90.82761952	1
0	61022	90.82766048	1
0	61031	90.82770144	1
0	61033	90.8277424	1
0	61035	90.82778336	1
0	61037	90.82782432	1
0	61039	90.82786528	1
0	61041	90.82790624	1
0	61065	90.82857856	1
0	61074	90.82861952	1
0	61082	90.82866048	1
0	61091	90.82870144	1
0	61093	90.8287424	1
0	61095	90.82878336	1
0	61097	90.82882432	1
0	61099	90.82886528	1
0	61101	90.82890624	1
0	61113	90.82957856	1
0	61122	90.82961952	1
0	61130	90.82966048	1
0	61139	90.82970144	1
0	61141	90.8297424	1
0	61143	90.82978336	1
0	61145	90.82982432	1
0	61147	90.82986528	1
0	61149	90.82990624	1
0	61152	90.83057856	1
0	61155	90.83061952	1
0	61160	90.83066048	1
0	61166	90.83070144	1
0	61168	90.8307424	1
0	61170	90.83078336	1
0	61172	90.83082432	1
0	61174	90.83086528	1
0	61176	90.83090624	1
0	61179	90.83157856	1
0	61182	90.83161952	1
0	61187	90.83166048	1
0	61193	90.83170144	1
0	61195	90.8317424	1
0	61197	90.83178336	1
0	61199	90.83182432	1
0	61201	90.83186528	1
0	61203	90.83190624	1
0	61314	91.83157856	1
0	61323	91.83161952	1
0	61330	91.83166048	1
0	61337	91.83170144	1
0	61338	91.8317424	1
0	61339	91.83178336	1
0	61340	91.83182432	1
0	61341	91.83186528	1
0	61342	91.83190624	1
0	61365	91.83257856	1
0	61374	91.83261952	1
0	61382	91.83266048	1
0	61391	91.83270144	1
0	61393	91.8327424	1
0	61395	91.83278336	1
0	61397	91.83282432	1
0	61399	91.83286528	1
0	61401	91.83290624	1
0	61425	91.83357856	1
0	61434	91.83361952	1
0	61442	91.83366048	1
0	61451	91.83370144	1
0	61453	91.8337424	1
0	61455	91.83378336	1
0	61457	91.83382432	1
0	61459	91.83386528	1
0	61461	91.83390624	1
0	61485	91.83457856	1
0	61494	91.83461952	1
0	61502	91.83466048	1
0	61511	91.83470144	1
0	61513	91.8347424	1
0	61515	91.83478336	1
0	61517	91.83482432	1
0	61519	91.83486528	1
0	61521	91.83490624	1
0	61545	91.83557856	1
0	61554	91.83561952	1
0	61562	91.83566048	1
0	61571	91.83570144	1
0	61573	91.8357424	1
0	61575	91.83578336	1
0	61577	91.83582432	1
0	61579	91.83586528	1
0	61581	91.83590624	1
0	61605	91.83657856	1
0	61614	91.83661952	1
0	61622	91.83666048	1
0	61631	91.83670144	1
0	61633	91.8367424	1
0	61635	91.83678336	1
0	61637	91.83682432	1
0	61639	91.83686528	1
0	61641	91.83690624	1
0	61665	91.83757856	1
0	61674	91.83761952	1
0	61682	91.83766048	1
0	61691	91.83770144	1
0	61693	91.8377424	1
0	61695	91.83778336	1
0	61697	91.83782432	1
0	61699	91.83786528	1
0	61701	91.83790624	1
0	61713	91.83857856	1
0	61722	91.83861952	1
0	61730	91.83866048	1
0	61739	91.83870144	1
0	61741	91.8387424	1
0	61743	91.83878336	1
0	61745	91.83882432	1
0	61747	91.83886528	1
0	61749	91.83890624	1
0	61752	91.83957856	1
0	61755	91.83961952	1
0	61760	91.83966048	1
0	61766	91.83970144	1
0	61768	91.8397424	1
0	61770	91.83978336	1
0	61772	91.83982432	1
0	61774	91.83986528	1
0	61776	91.83990624	1
0	61779	91.84057856	1
0	61782	91.84061952	1
0	61787	91.84066048	1
0	61793	91.84070144	1
0	61795	91.8407424	1
0	61797	91.84078336	1
0	61799	91.84082432	1
0	61801	91.84086528	1
0	61803	91.84090624	1
0	61914	92.84057856	1
0	61923	92.84061952	1
0	61930	92.84066048	1
0	61937	92.84070144	1
0	61938	92.8407424	1
0	61939	92.84078336	1
0	61940	92.84082432	1
0	61941	92.84086528	1
0	61942	92.84090624	1
0	61965	92.84157856	1
0	61974	92.84161952	1
0	61982	92.84166048	1
0	61991	92.84170144	1
0	61993	92.8417424	1
0	61995	92.84178336	1
0	61997	92.84182432	1
0	61999	92.84186528	1
0	62001	92.84190624	1
0	62025	92.84257856	1
0	62034	92.84261952	1
0	62042	92.84266048	1
0	62051	92.84270144	1
0	62053	92.8427424	1
0	62055	92.84278336	1
0	62057	92.84282432	1
0	62059	92.84286528	1
0	62061	92.84290624	1
0	62085	92.84357856	1
0	62094	92.84361952	1
0	62102	92.84366048	1
0	62111	92.84370144	1
0	62113	92.8437424	1
0	62115	92.84378336	1
0	62117	92.84382432	1
0	62119	92.84386528	1
0	62121	92.84390624	1
0	62145	92.84457856	1
0	62154	92.84461952	1
0	62162	92.84466048	1
0	62171	92.84470144	1
0	62173	92.8447424	1
0	62175	92.84478336	1
0	62177	92.84482432	1
0	62179	92.84486528	1
0	62181	92.84490624	1
0	62205	92.84557856	1
0	62214	92.84561952	1
0	62222	92.84566048	1
0	62231	92.84570144	1
0	62233	92.8457424	1
0	62235	92.84578336	1
0	62237	92.84582432	1
0	62239	92.84586528	1
0	62241	92.84590624	1
0	62265	92.84657856	1
0	62274	92.84661952	1
0	62282	92.84666048	1
0	62291	92.84670144	1
0	62293	92.8467424	1
0	62295	92.84678336	1
0	62297	92.84682432	1
0	62299	92.84686528	1
0	62301	92.84690624	1
0	62313	92.84757856	1
0	62322	92.84761952	1
0	62330	92.84766048	1
0	62339	92.84770144	1
0	62341	92.8477424	1
0	62343	92.84778336	1
0	62345	92.84782432	1
0	62347	92.84786528	1
0	62349	92.84790624	1
0	62352	92.84857856	1
0	62355	92.84861952	1
0	62360	92.84866048	1
0	62366	92.84870144	1
0	62368	92.8487424	1
0	62370	92.84878336	1
0	62372	92.84882432	1
0	62374	92.84886528	1
0	62376	92.84890624	1
0	62379	92.84957856	1
0	62382	92.84961952	1
0	62387	92.84966048	1
0	62393	92.84970144	1
0	62395	92.8497424	1
0	62397	92.84978336	1
0	62399	92.84982432	1
0	62401	92.84986528	1
0	62403	92.84990624	1
0	62514	93.84957856	1
0	62523	93.84961952	1
0	62530	93.84966048	1
0	62537	93.84970144	1
0	62538	93.8497424	1
0	62539	93.84978336	1
0	62540	93.84982432	1
0	62541	93.84986528	1
0	62542	93.84990624	1
0	62565	93.85057856	1
0	62574	93.85061952	1
0	62582	93.85066048	1
0	62591	93.85070144	1
0	62593	93.8507424	1
0	62595	93.85078336	1
0	62597	93.85082432	1
0	62599	93.85086528	1
0	62601	93.85090624	1
0	62625	93.85157856	1
0	62634	93.85161952	1
0	62642	93.85166048	1
0	62651	93.85170144	1
0	62653	93.8517424	1
0	62655	93.85178336	1
0	62657	93.85182432	1
0	62659	93.85186528	1
0	62661	93.85190624	1
0	62685	93.85257856	1
0	62694	93.85261952	1
0	62702	93.85266048	1
0	62711	93.85270144	1
0	62713	93.8527424	1
0	62715	93.85278336	1
0	62717	93.85282432	1
0	62719	93.85286528	1
0	62721	93.85290624	1
0	62745	93.85357856	1
0	62754	93.85361952	1
0	62762	93.85366048	1
0	62771	93.85370144	1
0	62773	93.8537424	1
0	62775	93.85378336	1
0	62777	93.85382432	1
0	62779	93.85386528	1
0	62781	93.85390624	1
0	62805	93.85457856	1
0	62814	93.85461952	1
0	62822	93.85466048	1
0	62831	93.85470144	1
0	62833	93.8547424	1
0	62835	93.85478336	1
0	62837	93.85482432	1
0	62839	93.85486528	1
0	62841	93.85490624	1
0	62865	93.85557856	1
0	62874	93.85561952	1
0	62882	93.85566048	1
0	62891	93.85570144	1
0	62893	93.8557424	1
0	62895	93.85578336	1
0	62897	93.85582432	1
0	62899	93.85586528	1
0	62901	93.85590624	1
0	62913	93.85657856	1
0	62922	93.85661952	1
0	62930	93.85666048	1
0	62939	93.85670144	1
0	62941	93.8567424	1
0	62943	93.85678336	1
0	62945	93.85682432	1
0	62947	93.85686528	1
0	62949	93.85690624	1
0	62952	93.85757856	1
0	62955	93.85761952	1
0	62960	93.85766048	1
0	62966	93.85770144	1
0	62968	93.8577424	1
0	62970	93.85778336	1
0	62972	93.85782432	1
0	62974	93.85786528	1
0	62976	93.85790624	1
0	62979	93.85857856	1
0	62982	93.85861952	1
0	62987	93.85866048	1
0	62993	93.85870144	1
0	62995	93.8587424	1
0	62997	93.85878336	1
0	62999	93.85882432	1
0	63001	93.85886528	1
0	63003	93.85890624	1
0	63114	94.85857856	1
0	63123	94.85861952	1
0	63130	94.85866048	1
0	63137	94.85870144	1
0	63138	94.8587424	1
0	63139	94.85878336	1
0	63140	94.85882432	1
0	63141	94.85886528	1
0	63142	94.85890624	1
0	63165	94.85957856	1
0	63174	94.85961952	1
0	63182	94.85966048	1
0	63191	94.85970144	1
0	63193	94.8597424	1
0	63195	94.85978336	1
0	63197	94.85982432	1
0	63199	94.85986528	1
0	63201	94.85990624	1
0	63225	94.86057856	1
0	63234	94.86061952	1
0	63242	94.86066048	1
0	63251	94.86070144	1
0	63253	94.8607424	1
0	63255	94.86078336	1
0	63257	94.86082432	1
0	63259	94.86086528	1
0	63261	94.86090624	1
0	63285	94.86157856	1
0	63294	94.86161952	1
0	63302	94.86166048	1
0	63311	94.86170144	1
0	63313	94.8617424	1
0	63315	94.86178336	1
0	63317	94.86182432	1
0	63319	94.86186528	1
0	63321	94.86190624	1
0	63345	94.86257856	1
0	63354	94.86261952	1
0	63362	94.86266048	1
0	63371	94.86270144	1
0	63373	94.8627424	1
0	63375	94.86278336	1
0	63377	94.86282432	1
0	63379	94.86286528	1
0	63381	94.86290624	1
0	63405	94.86357856	1
0	63414	94.86361952	1
0	63422	94.86366048	1
0	63431	94.86370144	1
0	63433	94.8637424	1
0	63435	94.86378336	1
0	63437	94.86382432	1
0	63439	94.86386528	1
0	63441	94.86390624	1
0	63465	94.86457856	1
0	63474	94.86461952	1
0	63482	94.86466048	1
0	63491	94.86470144	1
0	63493	94.8647424	1
0	63495	94.86478336	1
0	63497	94.86482432	1
0	63499	94.86486528	1
0	63501	94.86490624	1
0	63513	94.86557856	1
0	63522	94.86561952	1
0	63530	94.86566048	1
0	63539	94.86570144	1
0	63541	94.8657424	1
0	63543	94.86578336	1
0	63545	94.86582432	1
0	63547	94.86586528	1
0	63549	94.86590624	1
0	63552	94.86657856	1
0	63555	94.86661952	1
0	63560	94.86666048	1
0	63566	94.86670144	1
0	63568	94.8667424	1
0	63570	94.86678336	1
0	63572	94.86682432	1
0	63574	94.86686528	1
0	63576	94.86690624	1
0	63579	94.86757856	1
0	63582	94.86761952	1
0	63587	94.86766048	1
0	63593	94.86770144	1
0	63595	94.8677424	1
0	63597	94.86778336	1
0	63599	94.86782432	1
0	63601	94.86786528	1
0	63603	94.86790624	1
0	63714	95.86757856	1
0	63723	95.86761952	1
0	63730	95.86766048	1
0	63737	95.86770144	1
0	63738	95.8677424	1
0	63739	95.86778336	1
0	63740	95.86782432	1
0	63741	95.86786528	1
0	63742	95.86790624	1
0	63765	95.86857856	1
0	63774	95.86861952	1
0	63782	95.86866048	1
0	63791	95.86870144	1
0	63793	95.8687424	1
0	63795	95.86878336	1
0	63797	95.86882432	1
0	63799	95.86886528	1
0	63801	95.86890624	1
0	63825	95.86957856	1
0	63834	95.86961952	1
0	63842	95.86966048	1
0	63851	95.86970144	1
0	63853	95.8697424	1
0	63855	95.86978336	1
0	63857	95.86982432	1
0	63859	95.86986528	1
0	63861	95.86990624	1
0	63885	95.87057856	1
0	63894	95.87061952	1
0	63902	95.87066048	1
0	63911	95.87070144	1
0	63913	95.8707424	1
0	63915	95.87078336	1
0	63917	95.87082432	1
0	63919	95.87086528	1
0	63921	95.87090624	1
0	63945	95.87157856	1
0	63954	95.87161952	1
0	63962	95.87166048	1
0	63971	95.87170144	1
0	63973	95.8717424	1
0	63975	95.87178336	1
0	63977	95.87182432	1
0	63979	95.87186528	1
0	63981	95.87190624	1
0	64005	95.87257856	1
0	64014	95.87261952	1
0	64022	95.87266048	1
0	64031	95.87270144	1
0	64033	95.8727424	1
0	64035	95.87278336	1
0	64037	95.87282432	1
0	64039	95.87286528	1
0	64041	95.87290624	1
0	64065	95.87357856	1
0	64074	95.87361952	1
0	64082	95.87366048	1
0	64091	95.87370144	1
0	64093	95.8737424	1
0	64095	95.87378336	1
0	64097	95.87382432	1
0	64099	95.87386528	1
0	64101	95.87390624	1
0	64113	95.87457856	1
0	64122	95.87461952	1
0	64130	95.87466048	1
0	64139	95.87470144	1
0	64141	95.8747424	1
0	64143	95.87478336	1
0	64145	95.87482432	1
0	64147	95.87486528	1
0	64149	95.87490624	1
0	64152	95.87557856	1
0	64155	95.87561952	1
0	64160	95.87566048	1
0	64166	95.87570144	1
0	64168	95.8757424	1
0	64170	95.87578336	1
0	64172	95.87582432	1
0	64174	95.87586528	1
0	64176	95.87590624	1
0	64179	95.87657856	1
0	64182	95.87661952	1
0	64187	95.87666048	1
0	64193	95.87670144	1
0	64195	95.8767424	1
0	64197	95.87678336	1
0	64199	95.87682432	1
0	64201	95.87686528	1
0	64203	95.87690624	1
0	64314	96.87657856	1
0	64323	96.87661952	1
0	64330	96.87666048	1
0	64337	96.87670144	1
0	64338	96.8767424	1
0	64339	96.87678336	1
0	64340	96.87682432	1
0	64341	96.87686528	1
0	64342	96.87690624	1
0	64365	96.87757856	1
0	64374	96.87761952	1
0	64382	96.87766048	1
0	64391	96.87770144	1
0	64393	96.8777424	1
0	64395	96.87778336	1
0	64397	96.87782432	1
0	64399	96.87786528	1
0	64401	96.87790624	1
0	64425	96.87857856	1
0	64434	96.87861952	1
0	64442	96.87866048	1
0	64451	96.87870144	1
0	64453	96.8787424	1
0	64455	96.87878336	1
0	64457	96.87882432	1
0	64459	96.87886528	1
0	64461	96.87890624	1
0	64485	96.87957856	1
0	64494	96.87961952	1
0	64502	96.87966048	1
0	64511	96.87970144	1
0	64513	96.8797424	1
0	64515	96.87978336	1
0	64517	96.87982432	1
0	64519	96.87986528	1
0	64521	96.87990624	1
0	64545	96.88057856	1
0	64554	96.88061952	1
0	64562	96.88066048	1
0	64571	96.88070144	1
0	64573	96.8807424	1
0	64575	96.88078336	1
0	64577	96.88082432	1
0	64579	96.88086528	1
0	64581	96.88090624	1
0	64605	96.88157856	1
0	64614	96.88161952	1
0	64622	96.88166048	1
0	64631	96.88170144	1
0	64633	96.8817424	1
0	64635	96.88178336	1
0	64637	96.88182432	1
0	64639	96.88186528	1
0	64641	96.88190624	1
0	64665	96.88257856	1
0	64674	96.88261952	1
0	64682	96.88266048	1
0	64691	96.88270144	1
0	64693	96.8827424	1
0	64695	96.88278336	1
0	64697	96.88282432	1
0	64699	96.88286528	1
0	64701	96.88290624	1
0	64713	96.88357856	1
0	64722	96.88361952	1
0	64730	96.88366048	1
0	64739	96.88370144	1
0	64741	96.8837424	1
0	64743	96.88378336	1
0	64745	96.88382432	1
0	64747	96.88386528	1
0	64749	96.88390624	1
0	64752	96.88457856	1
0	64755	96.88461952	1
0	64760	96.88466048	1
0	64766	96.88470144	1
0	64768	96.8847424	1
0	64770	96.88478336	1
0	64772	96.88482432	1
0	64774	96.88486528	1
0	64776	96.88490624	1
0	64779	96.88557856	1
0	64782	96.88561952	1
0	64787	96.88566048	1
0	64793	96.88570144	1
0	64795	96.8857424	1
0	64797	96.88578336	1
0	64799	96.88582432	1
0	64801	96.88586528	1
0	64803	96.88590624	1
0	64914	97.88557856	1
0	64923	97.88561952	1
0	64930	97.88566048	1
0	64937	97.88570144	1
0	64938	97.8857424	1
0	64939	97.88578336	1
0	64940	97.88582432	1
0	64941	97.88586528	1
0	64942	97.88590624	1
0	64965	97.88657856	1
0	64974	97.88661952	1
0	64982	97.88666048	1
0	64991	97.88670144	1
0	64993	97.8867424	1
0	64995	97.88678336	1
0	64997	97.88682432	1
0	64999	97.88686528	1
0	65001	97.88690624	1
0	65025	97.88757856	1
0	65034	97.88761952	1
0	65042	97.88766048	1
0	65051	97.88770144	1
0	65053	97.8877424	1
0	65055	97.88778336	1
0	65057	97.88782432	1
0	65059	97.88786528	1
0	65061	97.88790624	1
0	65085	97.88857856	1
0	65094	97.88861952	1
0	65102	97.88866048	1
0	65111	97.88870144	1
0	65113	97.8887424	1
0	65115	97.88878336	1
0	65117	97.88882432	1
0	65119	97.88886528	1
0	65121	97.88890624	1
0	65145	97.88957856	1
0	65154	97.88961952	1
0	65162	97.88966048	1
0	65171	97.88970144	1
0	65173	97.8897424	1
0	65175	97.88978336	1
0	65177	97.88982432	1
0	65179	97.88986528	1
0	65181	97.88990624	1
0	65205	97.89057856	1
0	65214	97.89061952	1
0	65222	97.89066048	1
0	65231	97.89070144	1
0	65233	97.8907424	1
0	65235	97.89078336	1
0	65237	97.89082432	1
0	65239	97.89086528	1
0	65241	97.89090624	1
0	65265	97.89157856	1
0	65274	97.89161952	1
0	65282	97.89166048	1
0	65291	97.89170144	1
0	65293	97.8917424	1
0	65295	97.89178336	1
0	65297	97.89182432	1
0	65299	97.89186528	1
0	65301	97.89190624	1
0	65313	97.89257856	1
0	65322	97.89261952	1
0	65330	97.89266048	1
0	65339	97.89270144	1
0	65341	97.8927424	1
0	65343	97.89278336	1
0	65345	97.89282432	1
0	65347	97.89286528	1
0	65349	97.89290624	1
0	65352	97.89357856	1
0	65355	97.89361952	1
0	65360	97.89366048	1
0	65366	97.89370144	1
0	65368	97.8937424	1
0	65370	97.89378336	1
0	65372	97.89382432	1
0	65374	97.89386528	1
0	65376	97.89390624	1
0	65379	97.89457856	1
0	65382	97.89461952	1
0	65387	97.89466048	1
0	65393	97.89470144	1
0	65395	97.8947424	1
0	65397	97.89478336	1
0	65399	97.89482432	1
0	65401	97.89486528	1
0	65403	97.89490624	1
0	65514	98.89457856	1
0	65523	98.89461952	1
0	65530	98.89466048	1
0	65537	98.89470144	1
0	65538	98.8947424	1
0	65539	98.89478336	1
0	65540	98.89482432	1
0	65541	98.89486528	1
0	65542	98.89490624	1
0	65565	98.89557856	1
0	65574	98.89561952	1
0	65582	98.89566048	1
0	65591	98.89570144	1
0	65593	98.8957424	1
0	65595	98.89578336	1
0	65597	98.89582432	1
0	65599	98.89586528	1
0	65601	98.89590624	1
0	65625	98.89657856	1
0	65634	98.89661952	1
0	65642	98.89666048	1
0	65651	98.89670144	1
0	65653	98.8967424	1
0	65655	98.89678336	1
0	65657	98.89682432	1
0	65659	98.89686528	1
0	65661	98.89690624	1
0	65685	98.89757856	1
0	65694	98.89761952	1
0	65702	98.89766048	1
0	65711	98.89770144	1
0	65713	98.8977424	1
0	65715	98.89778336	1
0	65717	98.89782432	1
0	65719	98.89786528	1
0	65721	98.89790624	1
0	65745	98.89857856	1
0	65754	98.89861952	1
0	65762	98.89866048	1
0	65771	98.89870144	1
0	65773	98.8987424	1
0	65775	98.89878336	1
0	65777	98.89882432	1
0	65779	98.89886528	1
0	65781	98.89890624	1
0	65805	98.89957856	1
0	65814	98.89961952	1
0	65822	98.89966048	1
0	65831	98.89970144	1
0	65833	98.8997424	1
0	65835	98.89978336	1
0	65837	98.89982432	1
0	65839	98.89986528	1
0	65841	98.89990624	1
0	65865	98.90057856	1
0	65874	98.90061952	1
0	65882	98.90066048	1
0	65891	98.90070144	1
0	65893	98.9007424	1
0	65895	98.90078336	1
0	65897	98.90082432	1
0	65899	98.90086528	1
0	65901	98.90090624	1
0	65913	98.90157856	1
0	65922	98.90161952	1
0	65930	98.90166048	1
0	65939	98.90170144	1
0	65941	98.9017424	1
0	65943	98.90178336	1
0	65945	98.90182432	1
0	65947	98.90186528	1
0	65949	98.90190624	1
0	65952	98.90257856	1
0	65955	98.90261952	1
0	65960	98.90266048	1
0	65966	98.90270144	1
0	65968	98.9027424	1
0	65970	98.90278336	1
0	65972	98.90282432	1
0	65974	98.90286528	1
0	65976	98.90290624	1
0	65979	98.90357856	1
0	65982	98.90361952	1
0	65987	98.90366048	1
0	65993	98.90370144	1
0	65995	98.9037424	1
0	65997	98.90378336	1
0	65999	98.90382432	1
0	66001	98.90386528	1
0	66003	98.90390624	1
0	66114	99.90357856	1
0	66123	99.90361952	1
0	66130	99.90366048	1
0	66137	99.90370144	1
0	66138	99.9037424	1
0	66139	99.90378336	1
0	66140	99.90382432	1
0	66141	99.90386528	1
0	66142	99.90390624	1
0	66165	99.90457856	1
0	66174	99.90461952	1
0	66182	99.90466048	1
0	66191	99.90470144	1
0	66193	99.9047424	1
0	66195	99.90478336	1
0	66197	99.90482432	1
0	66199	99.90486528	1
0	66201	99.90490624	1
0	66225	99.90557856	1
0	66234	99.90561952	1
0	66242	99.90566048	1
0	66251	99.90570144	1
0	66253	99.9057424	1
0	66255	99.90578336	1
0	66257	99.90582432	1
0	66259	99.90586528	1
0	66261	99.90590624	1
0	66285	99.90657856	1
0	66294	99.90661952	1
0	66302	99.90666048	1
0	66311	99.90670144	1
0	66313	99.9067424	1
0	66315	99.90678336	1
0	66317	99.90682432	1
0	66319	99.90686528	1
0	66321	99.90690624	1
0	66345	99.90757856	1
0	66354	99.90761952	1
0	66362	99.90766048	1
0	66371	99.90770144	1
0	66373	99.9077424	1
0	66375	99.90778336	1
0	66377	99.90782432	1
0	66379	99.90786528	1
0	66381	99.90790624	1
0	66405	99.90857856	1
0	66414	99.90861952	1
0	66422	99.90866048	1
0	66431	99.90870144	1
0	66433	99.9087424	1
0	66435	99.90878336	1
0	66437	99.90882432	1
0	66439	99.90886528	1
0	66441	99.90890624	1
0	66465	99.90957856	1
0	66474	99.90961952	1
0	66482	99.90966048	1
0	66491	99.90970144	1
0	66493	99.9097424	1
0	66495	99.90978336	1
0	66497	99.90982432	1
0	66499	99.90986528	1
0	66501	99.90990624	1
0	66513	99.91057856	1
0	66522	99.91061952	1
0	66530	99.91066048	1
0	66539	99.91070144	1
0	66541	99.9107424	1
0	66543	99.91078336	1
0	66545	99.91082432	1
0	66547	99.91086528	1
0	66549	99.91090624	1
0	66552	99.91157856	1
0	66555	99.91161952	1
0	66560	99.91166048	1
0	66566	99.91170144	1
0	66568	99.9117424	1
0	66570	99.91178336	1
0	66572	99.91182432	1
0	66574	99.91186528	1
0	66576	99.91190624	1
0	66579	99.91257856	1
0	66582	99.91261952	1
0	66587	99.91266048	1
0	66593	99.91270144	1
0	66595	99.9127424	1
0	66597	99.91278336	1
0	66599	99.91282432	1
0	66601	99.91286528	1
0	66603	99.91290624	1
0	66714	100.91257856	1
0	66723	100.91261952	1
0	66730	100.91266048	1
0	66737	100.91270144	1
0	66738	100.9127424	1
0	66739	100.91278336	1
0	66740	100.91282432	1
0	66741	100.91286528	1
0	66742	100.91290624	1
0	66765	100.91357856	1
0	66774	100.91361952	1
0	66782	100.91366048	1
0	66791	100.91370144	1
0	66793	100.9137424	1
0	66795	100.91378336	1
0	66797	100.91382432	1
0	66799	100.91386528	1
0	66801	100.91390624	1
0	66825	100.91457856	1
0	66834	100.91461952	1
0	66842	100.91466048	1
0	66851	100.91470144	1
0	66853	100.9147424	1
0	66855	100.91478336	1
0	66857	100.91482432	1
0	66859	100.91486528	1
0	66861	100.91490624	1
0	66885	100.91557856	1
0	66894	100.91561952	1
0	66902	100.91566048	1
0	66911	100.91570144	1
0	66913	100.9157424	1
0	66915	100.91578336	1
0	66917	100.91582432	1
0	66919	100.91586528	1
0	66921	100.91590624	1
0	66945	100.91657856	1
0	66954	100.91661952	1
0	66962	100.91666048	1
0	66971	100.91670144	1
0	66973	100.9167424	1
0	66975	100.91678336	1
0	66977	100.91682432	1
0	66979	100.91686528	1
0	66981	100.91690624	1
0	67005	100.91757856	1
0	67014	100.91761952	1
0	67022	100.91766048	1
0	67031	100.91770144	1
0	67033	100.9177424	1
0	67035	100.91778336	1
0	67037	100.91782432	1
0	67039	100.91786528	1
0	67041	100.91790624	1
0	67065	100.91857856	1
0	67074	100.91861952	1
0	67082	100.91866048	1
0	67091	100.91870144	1
0	67093	100.9187424	1
0	67095	100.91878336	1
0	67097	100.91882432	1
0	67099	100.91886528	1
0	67101	100.91890624	1
0	67113	100.91957856	1
0	67122	100.91961952	1
0	67130	100.91966048	1
0	67139	100.91970144	1
0	67141	100.9197424	1
0	67143	100.91978336	1
0	67145	100.91982432	1
0	67147	100.91986528	1
0	67149	100.91990624	1
0	67152	100.92057856	1
0	67155	100.92061952	1
0	67160	100.92066048	1
0	67166	100.92070144	1
0	67168	100.9207424	1
0	67170	100.92078336	1
0	67172	100.92082432	1
0	67174	100.92086528	1
0	67176	100.92090624	1
0	67179	100.92157856	1
0	67182	100.92161952	1
0	67187	100.92166048	1
0	67193	100.92170144	1
0	67195	100.9217424	1
0	67197	100.92178336	1
0	67199	100.92182432	1
0	67201	100.92186528	1
0	67203	100.92190624	1
0	67314	101.92157856	1
0	67323	101.92161952	1
0	67330	101.92166048	1
0	67337	101.92170144	1
0	67338	101.9217424	1
0	67339	101.92178336	1
0	67340	101.92182432	1
0	67341	101.92186528	1
0	67342	101.92190624	1
0	67365	101.92257856	1
0	67374	101.92261952	1
0	67382	101.92266048	1
0	67391	101.92270144	1
0	67393	101.9227424	1
0	67395	101.92278336	1
0	67397	101.92282432	1
0	67399	101.92286528	1
0	67401	101.92290624	1
0	67425	101.92357856	1
0	67434	101.92361952	1
0	67442	101.92366048	1
0	67451	101.92370144	1
0	67453	101.9237424	1
0	67455	101.92378336	1
0	67457	101.92382432	1
0	67459	101.92386528	1
0	67461	101.92390624	1
0	67485	101.92457856	1
0	67494	101.92461952	1
0	67502	101.92466048	1
0	67511	101.92470144	1
0	67513	101.9247424	1
0	67515	101.92478336	1
0	67517	101.92482432	1
0	67519	101.92486528	1
0	67521	101.92490624	1
0	67545	101.92557856	1
0	67554	101.92561952	1
0	67562	101.92566048	1
0	67571	101.92570144	1
0	67573	101.9257424	1
0	67575	101.92578336	1
0	67577	101.92582432	1
0	67579	101.92586528	1
0	67581	101.92590624	1
0	67605	101.92657856	1
0	67614	101.92661952	1
0	67622	101.92666048	1
0	67631	101.92670144	1
0	67633	101.9267424	1
0	67635	101.92678336	1
0	67637	101.92682432	1
0	67639	101.92686528	1
0	67641	101.92690624	1
0	67665	101.92757856	1
0	67674	101.92761952	1
0	67682	101.92766048	1
0	67691	101.92770144	1
0	67693	101.9277424	1
0	67695	101.92778336	1
0	67697	101.92782432	1
0	67699	101.92786528	1
0	67701	101.92790624	1
0	67713	101.92857856	1
0	67722	101.92861952	1
0	67730	101.92866048	1
0	67739	101.92870144	1
0	67741	101.9287424	1
0	67743	101.92878336	1
0	67745	101.92882432	1
0	67747	101.92886528	1
0	67749	101.92890624	1
0	67752	101.92957856	1
0	67755	101.92961952	1
0	67760	101.92966048	1
0	67766	101.92970144	1
0	67768	101.9297424	1
0	67770	101.92978336	1
0	67772	101.92982432	1
0	67774	101.92986528	1
0	67776	101.92990624	1
0	67779	101.93057856	1
0	67782	101.93061952	1
0	67787	101.93066048	1
0	67793	101.93070144	1
0	67795	101.9307424	1
0	67797	101.93078336	1
0	67799	101.93082432	1
0	67801	101.93086528	1
0	67803	101.93090624	1
0	67914	102.93057856	1
0	67923	102.93061952	1
0	67930	102.93066048	1
0	67937	102.93070144	1
0	67938	102.9307424	1
0	67939	102.93078336	1
0	67940	102.93082432	1
0	67941	102.93086528	1
0	67942	102.93090624	1
0	67965	102.93157856	1
0	67974	102.93161952	1
0	67982	102.93166048	1
0	67991	102.93170144	1
0	67993	102.9317424	1
0	67995	102.93178336	1
0	67997	102.93182432	1
0	67999	102.93186528	1
0	68001	102.93190624	1
0	68025	102.93257856	1
0	68034	102.93261952	1
0	68042	102.93266048	1
0	68051	102.93270144	1
0	68053	102.9327424	1
0	68055	102.93278336	1
0	68057	102.93282432	1
0	68059	102.93286528	1
0	68061	102.93290624	1
0	68085	102.93357856	1
0	68094	102.93361952	1
0	68102	102.93366048	1
0	68111	102.93370144	1
0	68113	102.9337424	1
0	68115	102.93378336	1
0	68117	102.93382432	1
0	68119	102.93386528	1
0	68121	102.93390624	1
0	68145	102.93457856	1
0	68154	102.93461952	1
0	68162	102.93466048	1
0	68171	102.93470144	1
0	68173	102.9347424	1
0	68175	102.93478336	1
0	68177	102.93482432	1
0	68179	102.93486528	1
0	68181	102.93490624	1
0	68205	102.93557856	1
0	68214	102.93561952	1
0	68222	102.93566048	1
0	68231	102.93570144	1
0	68233	102.9357424	1
0	68235	102.93578336	1
0	68237	102.93582432	1
0	68239	102.93586528	1
0	68241	102.93590624	1
0	68265	102.93657856	1
0	68274	102.93661952	1
0	68282	102.93666048	1
0	68291	102.93670144	1
0	68293	102.9367424	1
0	68295	102.93678336	1
0	68297	102.93682432	1
0	68299	102.93686528	1
0	68301	102.93690624	1
0	68313	102.93757856	1
0	68322	102.93761952	1
0	68330	102.93766048	1
0	68339	102.93770144	1
0	68341	102.9377424	1
0	68343	102.93778336	1
0	68345	102.93782432	1
0	68347	102.93786528	1
0	68349	102.93790624	1
0	68352	102.93857856	1
0	68355	102.93861952	1
0	68360	102.93866048	1
0	68366	102.93870144	1
0	68368	102.9387424	1
0	68370	102.93878336	1
0	68372	102.93882432	1
0	68374	102.93886528	1
0	68376	102.93890624	1
0	68379	102.93957856	1
0	68382	102.93961952	1
0	68387	102.93966048	1
0	68393	102.93970144	1
0	68395	102.9397424	1
0	68397	102.93978336	1
0	68399	102.93982432	1
0	68401	102.93986528	1
0	68403	102.93990624	1
0	68514	103.93957856	1
0	68523	103.93961952	1
0	68530	103.93966048	1
0	68537	103.93970144	1
0	68538	103.9397424	1
0	68539	103.93978336	1
0	68540	103.93982432	1
0	68541	103.93986528	1
0	68542	103.93990624	1
0	68565	103.94057856	1
0	68574	103.94061952	1
0	68582	103.94066048	1
0	68591	103.94070144	1
0	68593	103.9407424	1
0	68595	103.94078336	1
0	68597	103.94082432	1
0	68599	103.94086528	1
0	68601	103.94090624	1
0	68625	103.94157856	1
0	68634	103.94161952	1
0	68642	103.94166048	1
0	68651	103.94170144	1
0	68653	103.9417424	1
0	68655	103.94178336	1
0	68657	103.94182432	1
0	68659	103.94186528	1
0	68661	103.94190624	1
0	68685	103.94257856	1
0	68694	103.94261952	1
0	68702	103.94266048	1
0	68711	103.94270144	1
0	68713	103.9427424	1
0	68715	103.94278336	1
0	68717	103.94282432	1
0	68719	103.94286528	1
0	68721	103.94290624	1
0	68745	103.94357856	1
0	68754	103.94361952	1
0	68762	103.94366048	1
0	68771	103.94370144	1
0	68773	103.9437424	1
0	68775	103.94378336	1
0	68777	103.94382432	1
0	68779	103.94386528	1
0	68781	103.94390624	1
0	68805	103.94457856	1
0	68814	103.94461952	1
0	68822	103.94466048	1
0	68831	103.94470144	1
0	68833	103.9447424	1
0	68835	103.94478336	1
0	68837	103.94482432	1
0	68839	103.94486528	1
0	68841	103.94490624	1
0	68865	103.94557856	1
0	68874	103.94561952	1
0	68882	103.94566048	1
0	68891	103.94570144	1
0	68893	103.9457424	1
0	68895	103.94578336	1
0	68897	103.94582432	1
0	68899	103.94586528	1
0	68901	103.94590624	1
0	68913	103.94657856	1
0	68922	103.94661952	1
0	68930	103.94666048	1
0	68939	103.94670144	1
0	68941	103.9467424	1
0	68943	103.94678336	1
0	68945	103.94682432	1
0	68947	103.94686528	1
0	68949	103.94690624	1
0	68952	103.94757856	1
0	68955	103.94761952	1
0	68960	103.94766048	1
0	68966	103.94770144	1
0	68968	103.9477424	1
0	68970	103.94778336	1
0	68972	103.94782432	1
0	68974	103.94786528	1
0	68976	103.94790624	1
0	68979	103.94857856	1
0	68982	103.94861952	1
0	68987	103.94866048	1
0	68993	103.94870144	1
0	68995	103.9487424	1
0	68997	103.94878336	1
0	68999	103.94882432	1
0	69001	103.94886528	1
0	69003	103.94890624	1
0	69114	104.94857856	1
0	69123	104.94861952	1
0	69130	104.94866048	1
0	69137	104.94870144	1
0	69138	104.9487424	1
0	69139	104.94878336	1
0	69140	104.94882432	1
0	69141	104.94886528	1
0	69142	104.94890624	1
0	69165	104.94957856	1
0	69174	104.94961952	1
0	69182	104.94966048	1
0	69191	104.94970144	1
0	69193	104.9497424	1
0	69195	104.94978336	1
0	69197	104.94982432	1
0	69199	104.94986528	1
0	69201	104.94990624	1
0	69225	104.95057856	1
0	69234	104.95061952	1
0	69242	104.95066048	1
0	69251	104.95070144	1
0	69253	104.9507424	1
0	69255	104.95078336	1
0	69257	104.95082432	1
0	69259	104.95086528	1
0	69261	104.95090624	1
0	69285	104.95157856	1
0	69294	104.95161952	1
0	69302	104.95166048	1
0	69311	104.95170144	1
0	69313	104.9517424	1
0	69315	104.95178336	1
0	69317	104.95182432	1
0	69319	104.95186528	1
0	69321	104.95190624	1
0	69345	104.95257856	1
0	69354	104.95261952	1
0	69362	104.95266048	1
0	69371	104.95270144	1
0	69373	104.9527424	1
0	69375	104.95278336	1
0	69377	104.95282432	1
0	69379	104.95286528	1
0	69381	104.95290624	1
0	69405	104.95357856	1
0	69414	104.95361952	1
0	69422	104.95366048	1
0	69431	104.95370144	1
0	69433	104.9537424	1
0	69435	104.95378336	1
0	69437	104.95382432	1
0	69439	104.95386528	1
0	69441	104.95390624	1
0	69465	104.95457856	1
0	69474	104.95461952	1
0	69482	104.95466048	1
0	69491	104.95470144	1
0	69493	104.9547424	1
0	69495	104.95478336	1
0	69497	104.95482432	1
0	69499	104.95486528	1
0	69501	104.95490624	1
0	69513	104.95557856	1
0	69522	104.95561952	1
0	69530	104.95566048	1
0	69539	104.95570144	1
0	69541	104.9557424	1
0	69543	104.95578336	1
0	69545	104.95582432	1
0	69547	104.95586528	1
0	69549	104.95590624	1
0	69552	104.95657856	1
0	69555	104.95661952	1
0	69560	104.95666048	1
0	69566	104.95670144	1
0	69568	104.9567424	1
0	69570	104.95678336	1
0	69572	104.95682432	1
0	69574	104.95686528	1
0	69576	104.95690624	1
0	69579	104.95757856	1
0	69582	104.95761952	1
0	69587	104.95766048	1
0	69593	104.95770144	1
0	69595	104.9577424	1
0	69597	104.95778336	1
0	69599	104.95782432	1
0	69601	104.95786528	1
0	69603	104.95790624	1
0	69714	105.95757856	1
0	69723	105.95761952	1
0	69730	105.95766048	1
0	69737	105.95770144	1
0	69738	105.9577424	1
0	69739	105.95778336	1
0	69740	105.95782432	1
0	69741	105.95786528	1
0	69742	105.95790624	1
0	69765	105.95857856	1
0	69774	105.95861952	1
0	69782	105.95866048	1
0	69791	105.95870144	1
0	69793	105.9587424	1
0	69795	105.95878336	1
0	69797	105.95882432	1
0	69799	105.95886528	1
0	69801	105.95890624	1
0	69825	105.95957856	1
0	69834	105.95961952	1
0	69842	105.95966048	1
0	69851	105.95970144	1
0	69853	105.9597424	1
0	69855	105.95978336	1
0	69857	105.95982432	1
0	69859	105.95986528	1
0	69861	105.95990624	1
0	69885	105.96057856	1
0	69894	105.96061952	1
0	69902	105.96066048	1
0	69911	105.96070144	1
0	69913	105.9607424	1
0	69915	105.96078336	1
0	69917	105.96082432	1
0	69919	105.96086528	1
0	69921	105.96090624	1
0	69945	105.96157856	1
0	69954	105.96161952	1
0	69962	105.96166048	1
0	69971	105.96170144	1
0	69973	105.9617424	1
0	69975	105.96178336	1
0	69977	105.96182432	1
0	69979	105.96186528	1
0	69981	105.96190624	1
0	70005	105.96257856	1
0	70014	105.96261952	1
0	70022	105.96266048	1
0	70031	105.96270144	1
0	70033	105.9627424	1
0	70035	105.96278336	1
0	70037	105.96282432	1
0	70039	105.96286528	1
0	70041	105.96290624	1
0	70065	105.96357856	1
0	70074	105.96361952	1
0	70082	105.96366048	1
0	70091	105.96370144	1
0	70093	105.9637424	1
0	70095	105.96378336	1
0	70097	105.96382432	1
0	70099	105.96386528	1
0	70101	105.96390624	1
0	70113	105.96457856	1
0	70122	105.96461952	1
0	70130	105.96466048	1
0	70139	105.96470144	1
0	70141	105.9647424	1
0	70143	105.96478336	1
0	70145	105.96482432	1
0	70147	105.96486528	1
0	70149	105.96490624	1
0	70152	105.96557856	1
0	70155	105.96561952	1
0	70160	105.96566048	1
0	70166	105.96570144	1
0	70168	105.9657424	1
0	70170	105.96578336	1
0	70172	105.96582432	1
0	70174	105.96586528	1
0	70176	105.96590624	1
0	70179	105.96657856	1
0	70182	105.96661952	1
0	70187	105.96666048	1
0	70193	105.96670144	1
0	70195	105.9667424	1
0	70197	105.96678336	1
0	70199	105.96682432	1
0	70201	105.96686528	1
0	70203	105.96690624	1
0	70314	106.96657856	1
0	70323	106.96661952	1
0	70330	106.96666048	1
0	70337	106.96670144	1
0	70338	106.9667424	1
0	70339	106.96678336	1
0	70340	106.96682432	1
0	70341	106.96686528	1
0	70342	106.96690624	1
0	70365	106.96757856	1
0	70374	106.96761952	1
0	70382	106.96766048	1
0	70391	106.96770144	1
0	70393	106.9677424	1
0	70395	106.96778336	1
0	70397	106.96782432	1
0	70399	106.96786528	1
0	70401	106.96790624	1
0	70425	106.96857856	1
0	70434	106.96861952	1
0	70442	106.96866048	1
0	70451	106.96870144	1
0	70453	106.9687424	1
0	70455	106.96878336	1
0	70457	106.96882432	1
0	70459	106.96886528	1
0	70461	106.96890624	1
0	70485	106.96957856	1
0	70494	106.96961952	1
0	70502	106.96966048	1
0	70511	106.96970144	1
0	70513	106.9697424	1
0	70515	106.96978336	1
0	70517	106.96982432	1
0	70519	106.96986528	1
0	70521	106.96990624	1
0	70545	106.97057856	1
0	70554	106.97061952	1
0	70562	106.97066048	1
0	70571	106.97070144	1
0	70573	106.9707424	1
0	70575	106.97078336	1
0	70577	106.97082432	1
0	70579	106.97086528	1
0	70581	106.97090624	1
0	70605	106.97157856	1
0	70614	106.97161952	1
0	70622	106.97166048	1
0	70631	106.97170144	1
0	70633	106.9717424	1
0	70635	106.97178336	1
0	70637	106.97182432	1
0	70639	106.97186528	1
0	70641	106.97190624	1
0	70665	106.97257856	1
0	70674	106.97261952	1
0	70682	106.97266048	1
0	70691	106.97270144	1
0	70693	106.9727424	1
0	70695	106.97278336	1
0	70697	106.97282432	1
0	70699	106.97286528	1
0	70701	106.97290624	1
0	70713	106.97357856	1
0	70722	106.97361952	1
0	70730	106.97366048	1
0	70739	106.97370144	1
0	70741	106.9737424	1
0	70743	106.97378336	1
0	70745	106.97382432	1
0	70747	106.97386528	1
0	70749	106.97390624	1
0	70752	106.97457856	1
0	70755	106.97461952	1
0	70760	106.97466048	1
0	70766	106.97470144	1
0	70768	106.9747424	1
0	70770	106.97478336	1
0	70772	106.97482432	1
0	70774	106.97486528	1
0	70776	106.97490624	1
0	70779	106.97557856	1
0	70782	106.97561952	1
0	70787	106.97566048	1
0	70793	106.97570144	1
0	70795	106.9757424	1
0	70797	106.97578336	1
0	70799	106.97582432	1
0	70801	106.97586528	1
0	70803	106.97590624	1
0	70914	107.97557856	1
0	70923	107.97561952	1
0	70930	107.97566048	1
0	70937	107.97570144	1
0	70938	107.9757424	1
0	70939	107.97578336	1
0	70940	107.97582432	1
0	70941	107.97586528	1
0	70942	107.97590624	1
0	70965	107.97657856	1
0	70974	107.97661952	1
0	70982	107.97666048	1
0	70991	107.97670144	1
0	70993	107.9767424	1
0	70995	107.97678336	1
0	70997	107.97682432	1
0	70999	107.97686528	1
0	71001	107.97690624	1
0	71025	107.97757856	1
0	71034	107.97761952	1
0	71042	107.97766048	1
0	71051	107.97770144	1
0	71053	107.9777424	1
0	71055	107.97778336	1
0	71057	107.97782432	1
0	71059	107.97786528	1
0	71061	107.97790624	1
0	71085	107.97857856	1
0	71094	107.97861952	1
0	71102	107.97866048	1
0	71111	107.97870144	1
0	71113	107.9787424	1
0	71115	107.97878336	1
0	71117	107.97882432	1
0	71119	107.97886528	1
0	71121	107.97890624	1
0	71145	107.97957856	1
0	71154	107.97961952	1
0	71162	107.97966048	1
0	71171	107.97970144	1
0	71173	107.9797424	1
0	71175	107.97978336	1
0	71177	107.97982432	1
0	71179	107.97986528	1
0	71181	107.97990624	1
0	71205	107.98057856	1
0	71214	107.98061952	1
0	71222	107.98066048	1
0	71231	107.98070144	1
0	71233	107.9807424	1
0	71235	107.98078336	1
0	71237	107.98082432	1
0	71239	107.98086528	1
0	71241	107.98090624	1
0	71265	107.98157856	1
0	71274	107.98161952	1
0	71282	107.98166048	1
0	71291	107.98170144	1
0	71293	107.9817424	1
0	71295	107.98178336	1
0	71297	107.98182432	1
0	71299	107.98186528	1
0	71301	107.98190624	1
0	71313	107.98257856	1
0	71322	107.98261952	1
0	71330	107.98266048	1
0	71339	107.98270144	1
0	71341	107.9827424	1
0	71343	107.98278336	1
0	71345	107.98282432	1
0	71347	107.98286528	1
0	71349	107.98290624	1
0	71352	107.98357856	1
0	71355	107.98361952	1
0	71360	107.98366048	1
0	71366	107.98370144	1
0	71368	107.9837424	1
0	71370	107.98378336	1
0	71372	107.98382432	1
0	71374	107.98386528	1
0	71376	107.98390624	1
0	71379	107.98457856	1
0	71382	107.98461952	1
0	71387	107.98466048	1
0	71393	107.98470144	1
0	71395	107.9847424	1
0	71397	107.98478336	1
0	71399	107.98482432	1
0	71401	107.98486528	1
0	71403	107.98490624	1
0	71514	108.98457856	1
0	71523	108.98461952	1
0	71530	108.98466048	1
0	71537	108.98470144	1
0	71538	108.9847424	1
0	71539	108.98478336	1
0	71540	108.98482432	1
0	71541	108.98486528	1
0	71542	108.98490624	1
0	71565	108.98557856	1
0	71574	108.98561952	1
0	71582	108.98566048	1
0	71591	108.98570144	1
0	71593	108.9857424	1
0	71595	108.98578336	1
0	71597	108.98582432	1
0	71599	108.98586528	1
0	71601	108.98590624	1
0	71625	108.98657856	1
0	71634	108.98661952	1
0	71642	108.98666048	1
0	71651	108.98670144	1
0	71653	108.9867424	1
0	71655	108.98678336	1
0	71657	108.98682432	1
0	71659	108.98686528	1
0	71661	108.98690624	1
0	71685	108.98757856	1
0	71694	108.98761952	1
0	71702	108.98766048	1
0	71711	108.98770144	1
0	71713	108.9877424	1
0	71715	108.98778336	1
0	71717	108.98782432	1
0	71719	108.98786528	1
0	71721	108.98790624	1
0	71745	108.98857856	1
0	71754	108.98861952	1
0	71762	108.98866048	1
0	71771	108.98870144	1
0	71773	108.9887424	1
0	71775	108.98878336	1
0	71777	108.98882432	1
0	71779	108.98886528	1
0	71781	108.98890624	1
0	71805	108.98957856	1
0	71814	108.98961952	1
0	71822	108.98966048	1
0	71831	108.98970144	1
0	71833	108.9897424	1
0	71835	108.98978336	1
0	71837	108.98982432	1
0	71839	108.98986528	1
0	71841	108.98990624	1
0	71865	108.99057856	1
0	71874	108.99061952	1
0	71882	108.99066048	1
0	71891	108.99070144	1
0	71893	108.9907424	1
0	71895	108.99078336	1
0	71897	108.99082432	1
0	71899	108.99086528	1
0	71901	108.99090624	1
0	71913	108.99157856	1
0	71922	108.99161952	1
0	71930	108.99166048	1
0	71939	108.99170144	1
0	71941	108.9917424	1
0	71943	108.99178336	1
0	71945	108.99182432	1
0	71947	108.99186528	1
0	71949	108.99190624	1
0	71952	108.99257856	1
0	71955	108.99261952	1
0	71960	108.99266048	1
0	71966	108.99270144	1
0	71968	108.9927424	1
0	71970	108.99278336	1
0	71972	108.99282432	1
0	71974	108.99286528	1
0	71976	108.99290624	1
0	71979	108.99357856	1
0	71982	108.99361952	1
0	71987	108.99366048	1
0	71993	108.99370144	1
0	71995	108.9937424	1
0	71997	108.99378336	1
0	71999	108.99382432	1
0	72001	108.99386528	1
0	72003	108.99390624	1
0	72114	109.99357856	1
0	72123	109.99361952	1
0	72130	109.99366048	1
0	72137	109.99370144	1
0	72138	109.9937424	1
0	72139	109.99378336	1
0	72140	109.99382432	1
0	72141	109.99386528	1
0	72142	109.99390624	1
0	72165	109.99457856	1
0	72174	109.99461952	1
0	72182	109.99466048	1
0	72191	109.99470144	1
0	72193	109.9947424	1
0	72195	109.99478336	1
0	72197	109.99482432	1
0	72199	109.99486528	1
0	72201	109.99490624	1
0	72225	109.99557856	1
0	72234	109.99561952	1
0	72242	109.99566048	1
0	72251	109.99570144	1
0	72253	109.9957424	1
0	72255	109.99578336	1
0	72257	109.99582432	1
0	72259	109.99586528	1
0	72261	109.99590624	1
0	72285	109.99657856	1
0	72294	109.99661952	1
0	72302	109.99666048	1
0	72311	109.99670144	1
0	72313	109.9967424	1
0	72315	109.99678336	1
0	72317	109.99682432	1
0	72319	109.99686528	1
0	72321	109.99690624	1
0	72345	109.99757856	1
0	72354	109.99761952	1
0	72362	109.99766048	1
0	72371	109.99770144	1
0	72373	109.9977424	1
0	72375	109.99778336	1
0	72377	109.99782432	1
0	72379	109.99786528	1
0	72381	109.99790624	1
0	72405	109.99857856	1
0	72414	109.99861952	1
0	72422	109.99866048	1
0	72431	109.99870144	1
0	72433	109.9987424	1
0	72435	109.99878336	1
0	72437	109.99882432	1
0	72439	109.99886528	1
0	72441	109.99890624	1
0	72465	109.99957856	1
0	72474	109.99961952	1
0	72482	109.99966048	1
0	72491	109.99970144	1
0	72493	109.9997424	1
0	72495	109.99978336	1
0	72497	109.99982432	1
0	72499	109.99986528	1
0	72501	109.99990624	1
0	72513	110.00057856	1
0	72522	110.00061952	1
0	72530	110.00066048	1
0	72539	110.00070144	1
0	72541	110.0007424	1
0	72543	110.00078336	1
0	72545	110.00082432	1
0	72547	110.00086528	1
0	72549	110.00090624	1
0	72552	110.00157856	1
0	72555	110.00161952	1
0	72560	110.00166048	1
0	72566	110.00170144	1
0	72568	110.0017424	1
0	72570	110.00178336	1
0	72572	110.00182432	1
0	72574	110.00186528	1
0	72576	110.00190624	1
0	72579	110.00257856	1
0	72582	110.00261952	1
0	72587	110.00266048	1
0	72593	110.00270144	1
0	72595	110.0027424	1
0	72597	110.00278336	1
0	72599	110.00282432	1
0	72601	110.00286528	1
0	72603	110.00290624	1
0	72714	111.00257856	1
0	72723	111.00261952	1
0	72730	111.00266048	1
0	72737	111.00270144	1
0	72738	111.0027424	1
0	72739	111.00278336	1
0	72740	111.00282432	1
0	72741	111.00286528	1
0	72742	111.00290624	1
0	72765	111.00357856	1
0	72774	111.00361952	1
0	72782	111.00366048	1
0	72791	111.00370144	1
0	72793	111.0037424	1
0	72795	111.00378336	1
0	72797	111.00382432	1
0	72799	111.00386528	1
0	72801	111.00390624	1
0	72825	111.00457856	1
0	72834	111.00461952	1
0	72842	111.00466048	1
0	72851	111.00470144	1
0	72853	111.0047424	1
0	72855	111.00478336	1
0	72857	111.00482432	1
0	72859	111.00486528	1
0	72861	111.00490624	1
0	72885	111.00557856	1
0	72894	111.00561952	1
0	72902	111.00566048	1
0	72911	111.00570144	1
0	72913	111.0057424	1
0	72915	111.00578336	1
0	72917	111.00582432	1
0	72919	111.00586528	1
0	72921	111.00590624	1
0	72945	111.00657856	1
0	72954	111.00661952	1
0	72962	111.00666048	1
0	72971	111.00670144	1
0	72973	111.0067424	1
0	72975	111.00678336	1
0	72977	111.00682432	1
0	72979	111.00686528	1
0	72981	111.00690624	1
0	73005	111.00757856	1
0	73014	111.00761952	1
0	73022	111.00766048	1
0	73031	111.00770144	1
0	73033	111.0077424	1
0	73035	111.00778336	1
0	73037	111.00782432	1
0	73039	111.00786528	1
0	73041	111.00790624	1
0	73065	111.00857856	1
0	73074	111.00861952	1
0	73082	111.00866048	1
0	73091	111.00870144	1
0	73093	111.0087424	1
0	73095	111.00878336	1
0	73097	111.00882432	1
0	73099	111.00886528	1
0	73101	111.00890624	1
0	73113	111.00957856	1
0	73122	111.00961952	1
0	73130	111.00966048	1
0	73139	111.00970144	1
0	73141	111.0097424	1
0	73143	111.00978336	1
0	73145	111.00982432	1
0	73147	111.00986528	1
0	73149	111.00990624	1
0	73152	111.01057856	1
0	73155	111.01061952	1
0	73160	111.01066048	1
0	73166	111.01070144	1
0	73168	111.0107424	1
0	73170	111.01078336	1
0	73172	111.01082432	1
0	73174	111.01086528	1
0	73176	111.01090624	1
0	73179	111.01157856	1
0	73182	111.01161952	1
0	73187	111.01166048	1
0	73193	111.01170144	1
0	73195	111.0117424	1
0	73197	111.01178336	1
0	73199	111.01182432	1
0	73201	111.01186528	1
0	73203	111.01190624	1
0	73314	112.01157856	1
0	73323	112.01161952	1
0	73330	112.01166048	1
0	73337	112.01170144	1
0	73338	112.0117424	1
0	73339	112.01178336	1
0	73340	112.01182432	1
0	73341	112.01186528	1
0	73342	112.01190624	1
0	73365	112.01257856	1
0	73374	112.01261952	1
0	73382	112.01266048	1
0	73391	112.01270144	1
0	73393	112.0127424	1
0	73395	112.01278336	1
0	73397	112.01282432	1
0	73399	112.01286528	1
0	73401	112.01290624	1
0	73425	112.01357856	1
0	73434	112.01361952	1
0	73442	112.01366048	1
0	73451	112.01370144	1
0	73453	112.0137424	1
0	73455	112.01378336	1
0	73457	112.01382432	1
0	73459	112.01386528	1
0	73461	112.01390624	1
0	73485	112.01457856	1
0	73494	112.01461952	1
0	73502	112.01466048	1
0	73511	112.01470144	1
0	73513	112.0147424	1
0	73515	112.01478336	1
0	73517	112.01482432	1
0	73519	112.01486528	1
0	73521	112.01490624	1
0	73545	112.01557856	1
0	73554	112.01561952	1
0	73562	112.01566048	1
0	73571	112.01570144	1
0	73573	112.0157424	1
0	73575	112.01578336	1
0	73577	112.01582432	1
0	73579	112.01586528	1
0	73581	112.01590624	1
0	73605	112.01657856	1
0	73614	112.01661952	1
0	73622	112.01666048	1
0	73631	112.01670144	1
0	73633	112.0167424	1
0	73635	112.01678336	1
0	73637	112.01682432	1
0	73639	112.01686528	1
0	73641	112.01690624	1
0	73665	112.01757856	1
0	73674	112.01761952	1
0	73682	112.01766048	1
0	73691	112.01770144	1
0	73693	112.0177424	1
0	73695	112.01778336	1
0	73697	112.01782432	1
0	73699	112.01786528	1
0	73701	112.01790624	1
0	73713	112.01857856	1
0	73722	112.01861952	1
0	73730	112.01866048	1
0	73739	112.01870144	1
0	73741	112.0187424	1
0	73743	112.01878336	1
0	73745	112.01882432	1
0	73747	112.01886528	1
0	73749	112.01890624	1
0	73752	112.01957856	1
0	73755	112.01961952	1
0	73760	112.01966048	1
0	73766	112.01970144	1
0	73768	112.0197424	1
0	73770	112.01978336	1
0	73772	112.01982432	1
0	73774	112.01986528	1
0	73776	112.01990624	1
0	73779	112.02057856	1
0	73782	112.02061952	1
0	73787	112.02066048	1
0	73793	112.02070144	1
0	73795	112.0207424	1
0	73797	112.02078336	1
0	73799	112.02082432	1
0	73801	112.02086528	1
0	73803	112.02090624	1
0	73914	113.02057856	1
0	73923	113.02061952	1
0	73930	113.02066048	1
0	73937	113.02070144	1
0	73938	113.0207424	1
0	73939	113.02078336	1
0	73940	113.02082432	1
0	73941	113.02086528	1
0	73942	113.02090624	1
0	73965	113.02157856	1
0	73974	113.02161952	1
0	73982	113.02166048	1
0	73991	113.02170144	1
0	73993	113.0217424	1
0	73995	113.02178336	1
0	73997	113.02182432	1
0	73999	113.02186528	1
0	74001	113.02190624	1
0	74025	113.02257856	1
0	74034	113.02261952	1
0	74042	113.02266048	1
0	74051	113.02270144	1
0	74053	113.0227424	1
0	74055	113.02278336	1
0	74057	113.02282432	1
0	74059	113.02286528	1
0	74061	113.02290624	1
0	74085	113.02357856	1
0	74094	113.02361952	1
0	74102	113.02366048	1
0	74111	113.02370144	1
0	74113	113.0237424	1
0	74115	113.02378336	1
0	74117	113.02382432	1
0	74119	113.02386528	1
0	74121	113.02390624	1
0	74145	113.02457856	1
0	74154	113.02461952	1
0	74162	113.02466048	1
0	74171	113.02470144	1
0	74173	113.0247424	1
0	74175	113.02478336	1
0	74177	113.02482432	1
0	74179	113.02486528	1
0	74181	113.02490624	1
0	74205	113.02557856	1
0	74214	113.02561952	1
0	74222	113.02566048	1
0	74231	113.02570144	1
0	74233	113.0257424	1
0	74235	113.02578336	1
0	74237	113.02582432	1
0	74239	113.02586528	1
0	74241	113.02590624	1
0	74265	113.02657856	1
0	74274	113.02661952	1
0	74282	113.02666048	1
0	74291	113.02670144	1
0	74293	113.0267424	1
0	74295	113.02678336	1
0	74297	113.02682432	1
0	74299	113.02686528	1
0	74301	113.02690624	1
0	74313	113.02757856	1
0	74322	113.02761952	1
0	74330	113.02766048	1
0	74339	113.02770144	1
0	74341	113.0277424	1
0	74343	113.02778336	1
0	74345	113.02782432	1
0	74347	113.02786528	1
0	74349	113.02790624	1
0	74352	113.02857856	1
0	74355	113.02861952	1
0	74360	113.02866048	1
0	74366	113.02870144	1
0	74368	113.0287424	1
0	74370	113.02878336	1
0	74372	113.02882432	1
0	74374	113.02886528	1
0	74376	113.02890624	1
0	74379	113.02957856	1
0	74382	113.02961952	1
0	74387	113.02966048	1
0	74393	113.02970144	1
0	74395	113.0297424	1
0	74397	113.02978336	1
0	74399	113.02982432	1
0	74401	113.02986528	1
0	74403	113.02990624	1
0	74514	114.02957856	1
0	74523	114.02961952	1
0	74530	114.02966048	1
0	74537	114.02970144	1
0	74538	114.0297424	1
0	74539	114.02978336	1
0	74540	114.02982432	1
0	74541	114.02986528	1
0	74542	114.02990624	1
0	74565	114.03057856	1
0	74574	114.03061952	1
0	74582	114.03066048	1
0	74591	114.03070144	1
0	74593	114.0307424	1
0	74595	114.03078336	1
0	74597	114.03082432	1
0	74599	114.03086528	1
0	74601	114.03090624	1
0	74625	114.03157856	1
0	74634	114.03161952	1
0	74642	114.03166048	1
0	74651	114.03170144	1
0	74653	114.0317424	1
0	74655	114.03178336	1
0	74657	114.03182432	1
0	74659	114.03186528	1
0	74661	114.03190624	1
0	74685	114.03257856	1
0	74694	114.03261952	1
0	74702	114.03266048	1
0	74711	114.03270144	1
0	74713	114.0327424	1
0	74715	114.03278336	1
0	74717	114.03282432	1
0	74719	114.03286528	1
0	74721	114.03290624	1
0	74745	114.03357856	1
0	74754	114.03361952	1
0	74762	114.03366048	1
0	74771	114.03370144	1
0	74773	114.0337424	1
0	74775	114.03378336	1
0	74777	114.03382432	1
0	74779	114.03386528	1
0	74781	114.03390624	1
0	74805	114.03457856	1
0	74814	114.03461952	1
0	74822	114.03466048	1
0	74831	114.03470144	1
0	74833	114.0347424	1
0	74835	114.03478336	1
0	74837	114.03482432	1
0	74839	114.03486528	1
0	74841	114.03490624	1
0	74865	114.03557856	1
0	74874	114.03561952	1
0	74882	114.03566048	1
0	74891	114.03570144	1
0	74893	114.0357424	1
0	74895	114.03578336	1
0	74897	114.03582432	1
0	74899	114.03586528	1
0	74901	114.03590624	1
0	74913	114.03657856	1
0	74922	114.03661952	1
0	74930	114.03666048	1
0	74939	114.03670144	1
0	74941	114.0367424	1
0	74943	114.03678336	1
0	74945	114.03682432	1
0	74947	114.03686528	1
0	74949	114.03690624	1
0	74952	114.03757856	1
0	74955	114.03761952	1
0	74960	114.03766048	1
0	74966	114.03770144	1
0	74968	114.0377424	1
0	74970	114.03778336	1
0	74972	114.03782432	1
0	74974	114.03786528	1
0	74976	114.03790624	1
0	74979	114.03857856	1
0	74982	114.03861952	1
0	74987	114.03866048	1
0	74993	114.03870144	1
0	74995	114.0387424	1
0	74997	114.03878336	1
0	74999	114.03882432	1
0	75001	114.03886528	1
0	75003	114.03890624	1
0	75114	115.03857856	1
0	75123	115.03861952	1
0	75130	115.03866048	1
0	75137	115.03870144	1
0	75138	115.0387424	1
0	75139	115.03878336	1
0	75140	115.03882432	1
0	75141	115.03886528	1
0	75142	115.03890624	1
0	75165	115.03957856	1
0	75174	115.03961952	1
0	75182	115.03966048	1
0	75191	115.03970144	1
0	75193	115.0397424	1
0	75195	115.03978336	1
0	75197	115.03982432	1
0	75199	115.03986528	1
0	75201	115.03990624	1
0	75225	115.04057856	1
0	75234	115.04061952	1
0	75242	115.04066048	1
0	75251	115.04070144	1
0	75253	115.0407424	1
0	75255	115.04078336	1
0	75257	115.04082432	1
0	75259	115.04086528	1
0	75261	115.04090624	1
0	75285	115.04157856	1
0	75294	115.04161952	1
0	75302	115.04166048	1
0	75311	115.04170144	1
0	75313	115.0417424	1
0	75315	115.04178336	1
0	75317	115.04182432	1
0	75319	115.04186528	1
0	75321	115.04190624	1
0	75345	115.04257856	1
0	75354	115.04261952	1
0	75362	115.04266048	1
0	75371	115.04270144	1
0	75373	115.0427424	1
0	75375	115.04278336	1
0	75377	115.04282432	1
0	75379	115.04286528	1
0	75381	115.04290624	1
0	75405	115.04357856	1
0	75414	115.04361952	1
0	75422	115.04366048	1
0	75431	115.04370144	1
0	75433	115.0437424	1
0	75435	115.04378336	1
0	75437	115.04382432	1
0	75439	115.04386528	1
0	75441	115.04390624	1
0	75465	115.04457856	1
0	75474	115.04461952	1
0	75482	115.04466048	1
0	75491	115.04470144	1
0	75493	115.0447424	1
0	75495	115.04478336	1
0	75497	115.04482432	1
0	75499	115.04486528	1
0	75501	115.04490624	1
0	75513	115.04557856	1
0	75522	115.04561952	1
0	75530	115.04566048	1
0	75539	115.04570144	1
0	75541	115.0457424	1
0	75543	115.04578336	1
0	75545	115.04582432	1
0	75547	115.04586528	1
0	75549	115.04590624	1
0	75552	115.04657856	1
0	75555	115.04661952	1
0	75560	115.04666048	1
0	75566	115.04670144	1
0	75568	115.0467424	1
0	75570	115.04678336	1
0	75572	115.04682432	1
0	75574	115.04686528	1
0	75576	115.04690624	1
0	75579	115.04757856	1
0	75582	115.04761952	1
0	75587	115.04766048	1
0	75593	115.04770144	1
0	75595	115.0477424	1
0	75597	115.04778336	1
0	75599	115.04782432	1
0	75601	115.04786528	1
0	75603	115.04790624	1
0	75714	116.04757856	1
0	75723	116.04761952	1
0	75730	116.04766048	1
0	75737	116.04770144	1
0	75738	116.0477424	1
0	75739	116.04778336	1
0	75740	116.04782432	1
0	75741	116.04786528	1
0	75742	116.04790624	1
0	75765	116.04857856	1
0	75774	116.04861952	1
0	75782	116.04866048	1
0	75791	116.04870144	1
0	75793	116.0487424	1
0	75795	116.04878336	1
0	75797	116.04882432	1
0	75799	116.04886528	1
0	75801	116.04890624	1
0	75825	116.04957856	1
0	75834	116.04961952	1
0	75842	116.04966048	1
0	75851	116.04970144	1
0	75853	116.0497424	1
0	75855	116.04978336	1
0	75857	116.04982432	1
0	75859	116.04986528	1
0	75861	116.04990624	1
0	75885	116.05057856	1
0	75894	116.05061952	1
0	75902	116.05066048	1
0	75911	116.05070144	1
0	75913	116.0507424	1
0	75915	116.05078336	1
0	75917	116.05082432	1
0	75919	116.05086528	1
0	75921	116.05090624	1
0	75945	116.05157856	1
0	75954	116.05161952	1
0	75962	116.05166048	1
0	75971	116.05170144	1
0	75973	116.0517424	1
0	75975	116.05178336	1
0	75977	116.05182432	1
0	75979	116.05186528	1
0	75981	116.05190624	1
0	76005	116.05257856	1
0	76014	116.05261952	1
0	76022	116.05266048	1
0	76031	116.05270144	1
0	76033	116.0527424	1
0	76035	116.05278336	1
0	76037	116.05282432	1
0	76039	116.05286528	1
0	76041	116.05290624	1
0	76065	116.05357856	1
0	76074	116.05361952	1
0	76082	116.05366048	1
0	76091	116.05370144	1
0	76093	116.0537424	1
0	76095	116.05378336	1
0	76097	116.05382432	1
0	76099	116.05386528	1
0	76101	116.05390624	1
0	76113	116.05457856	1
0	76122	116.05461952	1
0	76130	116.05466048	1
0	76139	116.05470144	1
0	76141	116.0547424	1
0	76143	116.05478336	1
0	76145	116.05482432	1
0	76147	116.05486528	1
0	76149	116.05490624	1
0	76152	116.05557856	1
0	76155	116.05561952	1
0	76160	116.05566048	1
0	76166	116.05570144	1
0	76168	116.0557424	1
0	76170	116.05578336	1
0	76172	116.05582432	1
0	76174	116.05586528	1
0	76176	116.05590624	1
0	76179	116.05657856	1
0	76182	116.05661952	1
0	76187	116.05666048	1
0	76193	116.05670144	1
0	76195	116.0567424	1
0	76197	116.05678336	1
0	76199	116.05682432	1
0	76201	116.05686528	1
0	76203	116.05690624	1
0	76314	117.05657856	1
0	76323	117.05661952	1
0	76330	117.05666048	1
0	76337	117.05670144	1
0	76338	117.0567424	1
0	76339	117.05678336	1
0	76340	117.05682432	1
0	76341	117.05686528	1
0	76342	117.05690624	1
0	76365	117.05757856	1
0	76374	117.05761952	1
0	76382	117.05766048	1
0	76391	117.05770144	1
0	76393	117.0577424	1
0	76395	117.05778336	1
0	76397	117.05782432	1
0	76399	117.05786528	1
0	76401	117.05790624	1
0	76425	117.05857856	1
0	76434	117.05861952	1
0	76442	117.05866048	1
0	76451	117.05870144	1
0	76453	117.0587424	1
0	76455	117.05878336	1
0	76457	117.05882432	1
0	76459	117.05886528	1
0	76461	117.05890624	1
0	76485	117.05957856	1
0	76494	117.05961952	1
0	76502	117.05966048	1
0	76511	117.05970144	1
0	76513	117.0597424	1
0	76515	117.05978336	1
0	76517	117.05982432	1
0	76519	117.05986528	1
0	76521	117.05990624	1
0	76545	117.06057856	1
0	76554	117.06061952	1
0	76562	117.06066048	1
0	76571	117.06070144	1
0	76573	117.0607424	1
0	76575	117.06078336	1
0	76577	117.06082432	1
0	76579	117.06086528	1
0	76581	117.06090624	1
0	76605	117.06157856	1
0	76614	117.06161952	1
0	76622	117.06166048	1
0	76631	117.06170144	1
0	76633	117.0617424	1
0	76635	117.06178336	1
0	76637	117.06182432	1
0	76639	117.06186528	1
0	76641	117.06190624	1
0	76665	117.06257856	1
0	76674	117.06261952	1
0	76682	117.06266048	1
0	76691	117.06270144	1
0	76693	117.0627424	1
0	76695	117.06278336	1
0	76697	117.06282432	1
0	76699	117.06286528	1
0	76701	117.06290624	1
0	76713	117.06357856	1
0	76722	117.06361952	1
0	76730	117.06366048	1
0	76739	117.06370144	1
0	76741	117.0637424	1
0	76743	117.06378336	1
0	76745	117.06382432	1
0	76747	117.06386528	1
0	76749	117.06390624	1
0	76752	117.06457856	1
0	76755	117.06461952	1
0	76760	117.06466048	1
0	76766	117.06470144	1
0	76768	117.0647424	1
0	76770	117.06478336	1
0	76772	117.06482432	1
0	76774	117.06486528	1
0	76776	117.06490624	1
0	76779	117.06557856	1
0	76782	117.06561952	1
0	76787	117.06566048	1
0	76793	117.06570144	1
0	76795	117.0657424	1
0	76797	117.06578336	1
0	76799	117.06582432	1
0	76801	117.06586528	1
0	76803	117.06590624	1
0	76914	118.06557856	1
0	76923	118.06561952	1
0	76930	118.06566048	1
0	76937	118.06570144	1
0	76938	118.0657424	1
0	76939	118.06578336	1
0	76940	118.06582432	1
0	76941	118.06586528	1
0	76942	118.06590624	1
0	76965	118.06657856	1
0	76974	118.06661952	1
0	76982	118.06666048	1
0	76991	118.06670144	1
0	76993	118.0667424	1
0	76995	118.06678336	1
0	76997	118.06682432	1
0	76999	118.06686528	1
0	77001	118.06690624	1
0	77025	118.06757856	1
0	77034	118.06761952	1
0	77042	118.06766048	1
0	77051	118.06770144	1
0	77053	118.0677424	1
0	77055	118.06778336	1
0	77057	118.06782432	1
0	77059	118.06786528	1
0	77061	118.06790624	1
0	77085	118.06857856	1
0	77094	118.06861952	1
0	77102	118.06866048	1
0	77111	118.06870144	1
0	77113	118.0687424	1
0	77115	118.06878336	1
0	77117	118.06882432	1
0	77119	118.06886528	1
0	77121	118.06890624	1
0	77145	118.06957856	1
0	77154	118.06961952	1
0	77162	118.06966048	1
0	77171	118.06970144	1
0	77173	118.0697424	1
0	77175	118.06978336	1
0	77177	118.06982432	1
0	77179	118.06986528	1
0	77181	118.06990624	1
0	77205	118.07057856	1
0	77214	118.07061952	1
0	77222	118.07066048	1
0	77231	118.07070144	1
0	77233	118.0707424	1
0	77235	118.07078336	1
0	77237	118.07082432	1
0	77239	118.07086528	1
0	77241	118.07090624	1
0	77265	118.07157856	1
0	77274	118.07161952	1
0	77282	118.07166048	1
0	77291	118.07170144	1
0	77293	118.0717424	1
0	77295	118.07178336	1
0	77297	118.07182432	1
0	77299	118.07186528	1
0	77301	118.07190624	1
0	77313	118.07257856	1
0	77322	118.07261952	1
0	77330	118.07266048	1
0	77339	118.07270144	1
0	77341	118.0727424	1
0	77343	118.07278336	1
0	77345	118.07282432	1
0	77347	118.07286528	1
0	77349	118.07290624	1
0	77352	118.07357856	1
0	77355	118.07361952	1
0	77360	118.07366048	1
0	77366	118.07370144	1
0	77368	118.0737424	1
0	77370	118.07378336	1
0	77372	118.07382432	1
0	77374	118.07386528	1
0	77376	118.07390624	1
0	77379	118.07457856	1
0	77382	118.07461952	1
0	77387	118.07466048	1
0	77393	118.07470144	1
0	77395	118.0747424	1
0	77397	118.07478336	1
0	77399	118.07482432	1
0	77401	118.07486528	1
0	77403	118.07490624	1
0	77514	119.07457856	1
0	77523	119.07461952	1
0	77530	119.07466048	1
0	77537	119.07470144	1
0	77538	119.0747424	1
0	77539	119.07478336	1
0	77540	119.07482432	1
0	77541	119.07486528	1
0	77542	119.07490624	1
0	77565	119.07557856	1
0	77574	119.07561952	1
0	77582	119.07566048	1
0	77591	119.07570144	1
0	77593	119.0757424	1
0	77595	119.07578336	1
0	77597	119.07582432	1
0	77599	119.07586528	1
0	77601	119.07590624	1
0	77625	119.07657856	1
0	77634	119.07661952	1
0	77642	119.07666048	1
0	77651	119.07670144	1
0	77653	119.0767424	1
0	77655	119.07678336	1
0	77657	119.07682432	1
0	77659	119.07686528	1
0	77661	119.07690624	1
0	77685	119.07757856	1
0	77694	119.07761952	1
0	77702	119.07766048	1
0	77711	119.07770144	1
0	77713	119.0777424	1
0	77715	119.07778336	1
0	77717	119.07782432	1
0	77719	119.07786528	1
0	77721	119.07790624	1
0	77745	119.07857856	1
0	77754	119.07861952	1
0	77762	119.07866048	1
0	77771	119.07870144	1
0	77773	119.0787424	1
0	77775	119.07878336	1
0	77777	119.07882432	1
0	77779	119.07886528	1
0	77781	119.07890624	1
0	77805	119.07957856	1
0	77814	119.07961952	1
0	77822	119.07966048	1
0	77831	119.07970144	1
0	77833	119.0797424	1
0	77835	119.07978336	1
0	77837	119.07982432	1
0	77839	119.07986528	1
0	77841	119.07990624	1
0	77865	119.08057856	1
0	77874	119.08061952	1
0	77882	119.08066048	1
0	77891	119.08070144	1
0	77893	119.0807424	1
0	77895	119.08078336	1
0	77897	119.08082432	1
0	77899	119.08086528	1
0	77901	119.08090624	1
0	77913	119.08157856	1
0	77922	119.08161952	1
0	77930	119.08166048	1
0	77939	119.08170144	1
0	77941	119.0817424	1
0	77943	119.08178336	1
0	77945	119.08182432	1
0	77947	119.08186528	1
0	77949	119.08190624	1
0	77952	119.08257856	1
0	77955	119.08261952	1
0	77960	119.08266048	1
0	77966	119.08270144	1
0	77968	119.0827424	1
0	77970	119.08278336	1
0	77972	119.08282432	1
0	77974	119.08286528	1
0	77976	119.08290624	1
0	77979	119.08357856	1
0	77982	119.08361952	1
0	77987	119.08366048	1
0	77993	119.08370144	1
0	77995	119.0837424	1
0	77997	119.08378336	1
0	77999	119.08382432	1
0	78001	119.08386528	1
0	78003	119.08390624	1
0	78121	120.08357344	1
0	78133	120.0836144	1
0	78142	120.08365536	1
0	78151	120.08369632	1
0	78152	120.08373728	1
0	78153	120.08377824	1
0	78154	120.0838192	1
0	78155	120.08386016	1
0	78156	120.08390112	1
0	78157	120.08394208	1
0	78158	120.08398304	1
0	78159	120.084024	1
0	78181	120.08457344	1
0	78193	120.0846144	1
0	78203	120.08465536	1
0	78214	120.08469632	1
0	78216	120.08473728	1
0	78218	120.08477824	1
0	78220	120.0848192	1
0	78222	120.08486016	1
0	78224	120.08490112	1
0	78226	120.08494208	1
0	78228	120.08498304	1
0	78230	120.085024	1
0	78253	120.08557344	1
0	78265	120.0856144	1
0	78275	120.08565536	1
0	78286	120.08569632	1
0	78288	120.08573728	1
0	78290	120.08577824	1
0	78292	120.0858192	1
0	78294	120.08586016	1
0	78296	120.08590112	1
0	78298	120.08594208	1
0	78300	120.08598304	1
0	78302	120.086024	1
0	78325	120.08657344	1
0	78337	120.0866144	1
0	78347	120.08665536	1
0	78358	120.08669632	1
0	78360	120.08673728	1
0	78362	120.08677824	1
0	78364	120.0868192	1
0	78366	120.08686016	1
0	78368	120.08690112	1
0	78370	120.08694208	1
0	78372	120.08698304	1
0	78374	120.087024	1
0	78397	120.08757344	1
0	78409	120.0876144	1
0	78419	120.08765536	1
0	78430	120.08769632	1
0	78432	120.08773728	1
0	78434	120.08777824	1
0	78436	120.0878192	1
0	78438	120.08786016	1
0	78440	120.08790112	1
0	78442	120.08794208	1
0	78444	120.08798304	1
0	78446	120.088024	1
0	78469	120.08857344	1
0	78481	120.0886144	1
0	78491	120.08865536	1
0	78502	120.08869632	1
0	78504	120.08873728	1
0	78506	120.08877824	1
0	78508	120.0888192	1
0	78510	120.08886016	1
0	78512	120.08890112	1
0	78514	120.08894208	1
0	78516	120.08898304	1
0	78518	120.089024	1
0	78541	120.08957344	1
0	78553	120.0896144	1
0	78563	120.08965536	1
0	78574	120.08969632	1
0	78576	120.08973728	1
0	78578	120.08977824	1
0	78580	120.0898192	1
0	78582	120.08986016	1
0	78584	120.08990112	1
0	78586	120.08994208	1
0	78588	120.08998304	1
0	78590	120.090024	1
0	78601	120.09057344	1
0	78613	120.0906144	1
0	78623	120.09065536	1
0	78634	120.09069632	1
0	78636	120.09073728	1
0	78638	120.09077824	1
0	78640	120.0908192	1
0	78642	120.09086016	1
0	78644	120.09090112	1
0	78646	120.09094208	1
0	78648	120.09098304	1
0	78650	120.091024	1
0	78653	120.09157344	1
0	78657	120.0916144	1
0	78663	120.09165536	1
0	78670	120.09169632	1
0	78672	120.09173728	1
0	78674	120.09177824	1
0	78676	120.0918192	1
0	78678	120.09186016	1
0	78680	120.09190112	1
0	78682	120.09194208	1
0	78684	120.09198304	1
0	78686	120.092024	1
0	78689	120.09257344	1
0	78693	120.0926144	1
0	78699	120.09265536	1
0	78706	120.09269632	1
0	78708	120.09273728	1
0	78710	120.09277824	1
0	78712	120.0928192	1
0	78714	120.09286016	1
0	78716	120.09290112	1
0	78718	120.09294208	1
0	78720	120.09298304	1
0	78722	120.093024	1
0	78841	121.09257344	1
0	78853	121.0926144	1
0	78862	121.09265536	1
0	78871	121.09269632	1
0	78872	121.09273728	1
0	78873	121.09277824	1
0	78874	121.0928192	1
0	78875	121.09286016	1
0	78876	121.09290112	1
0	78877	121.09294208	1
0	78878	121.09298304	1
0	78879	121.093024	1
0	78901	121.09357344	1
0	78913	121.0936144	1
0	78923	121.09365536	1
0	78934	121.09369632	1
0	78936	121.09373728	1
0	78938	121.09377824	1
0	78940	121.0938192	1
0	78942	121.09386016	1
0	78944	121.09390112	1
0	78946	121.09394208	1
0	78948	121.09398304	1
0	78950	121.094024	1
0	78973	121.09457344	1
0	78985	121.0946144	1
0	78995	121.09465536	1
0	79006	121.09469632	1
0	79008	121.09473728	1
0	79010	121.09477824	1
0	79012	121.0948192	1
0	79014	121.09486016	1
0	79016	121.09490112	1
0	79018	121.09494208	1
0	79020	121.09498304	1
0	79022	121.095024	1
0	79045	121.09557344	1
0	79057	121.0956144	1
0	79067	121.09565536	1
0	79078	121.09569632	1
0	79080	121.09573728	1
0	79082	121.09577824	1
0	79084	121.0958192	1
0	79086	121.09586016	1
0	79088	121.09590112	1
0	79090	121.09594208	1
0	79092	121.09598304	1
0	79094	121.096024	1
0	79117	121.09657344	1
0	79129	121.0966144	1
0	79139	121.09665536	1
0	79150	121.09669632	1
0	79152	121.09673728	1
0	79154	121.09677824	1
0	79156	121.0968192	1
0	79158	121.09686016	1
0	79160	121.09690112	1
0	79162	121.09694208	1
0	79164	121.09698304	1
0	79166	121.097024	1
0	79189	121.09757344	1
0	79201	121.0976144	1
0	79211	121.09765536	1
0	79222	121.09769632	1
0	79224	121.09773728	1
0	79226	121.09777824	1
0	79228	121.0978192	1
0	79230	121.09786016	1
0	79232	121.09790112	1
0	79234	121.09794208	1
0	79236	121.09798304	1
0	79238	121.098024	1
0	79261	121.09857344	1
0	79273	121.0986144	1
0	79283	121.09865536	1
0	79294	121.09869632	1
0	79296	121.09873728	1
0	79298	121.09877824	1
0	79300	121.0988192	1
0	79302	121.09886016	1
0	79304	121.09890112	1
0	79306	121.09894208	1
0	79308	121.09898304	1
0	79310	121.099024	1
0	79321	121.09957344	1
0	79333	121.0996144	1
0	79343	121.09965536	1
0	79354	121.09969632	1
0	79356	121.09973728	1
0	79358	121.09977824	1
0	79360	121.0998192	1
0	79362	121.09986016	1
0	79364	121.09990112	1
0	79366	121.09994208	1
0	79368	121.09998304	1
0	79370	121.100024	1
0	79373	121.10057344	1
0	79377	121.1006144	1
0	79383	121.10065536	1
0	79390	121.10069632	1
0	79392	121.10073728	1
0	79394	121.10077824	1
0	79396	121.1008192	1
0	79398	121.10086016	1
0	79400	121.10090112	1
0	79402	121.10094208	1
0	79404	121.10098304	1
0	79406	121.101024	1
0	79409	121.10157344	1
0	79413	121.1016144	1
0	79419	121.10165536	1
0	79426	121.10169632	1
0	79428	121.10173728	1
0	79430	121.10177824	1
0	79432	121.1018192	1
0	79434	121.10186016	1
0	79436	121.10190112	1
0	79438	121.10194208	1
0	79440	121.10198304	1
0	79442	121.102024	1
0	79561	122.10157344	1
0	79573	122.1016144	1
0	79582	122.10165536	1
0	79591	122.10169632	1
0	79592	122.10173728	1
0	79593	122.10177824	1
0	79594	122.1018192	1
0	79595	122.10186016	1
0	79596	122.10190112	1
0	79597	122.10194208	1
0	79598	122.10198304	1
0	79599	122.102024	1
0	79621	122.10257344	1
0	79633	122.1026144	1
0	79643	122.10265536	1
0	79654	122.10269632	1
0	79656	122.10273728	1
0	79658	122.10277824	1
0	79660	122.1028192	1
0	79662	122.10286016	1
0	79664	122.10290112	1
0	79666	122.10294208	1
0	79668	122.10298304	1
0	79670	122.103024	1
0	79693	122.10357344	1
0	79705	122.1036144	1
0	79715	122.10365536	1
0	79726	122.10369632	1
0	79728	122.10373728	1
0	79730	122.10377824	1
0	79732	122.1038192	1
0	79734	122.10386016	1
0	79736	122.10390112	1
0	79738	122.10394208	1
0	79740	122.10398304	1
0	79742	122.104024	1
0	79765	122.10457344	1
0	79777	122.1046144	1
0	79787	122.10465536	1
0	79798	122.10469632	1
0	79800	122.10473728	1
0	79802	122.10477824	1
0	79804	122.1048192	1
0	79806	122.10486016	1
0	79808	122.10490112	1
0	79810	122.10494208	1
0	79812	122.10498304	1
0	79814	122.105024	1
0	79837	122.10557344	1
0	79849	122.1056144	1
0	79859	122.10565536	1
0	79870	122.10569632	1
0	79872	122.10573728	1
0	79874	122.10577824	1
0	79876	122.1058192	1
0	79878	122.10586016	1
0	79880	122.10590112	1
0	79882	122.10594208	1
0	79884	122.10598304	1
0	79886	122.106024	1
0	79909	122.10657344	1
0	79921	122.1066144	1
0	79931	122.10665536	1
0	79942	122.10669632	1
0	79944	122.10673728	1
0	79946	122.10677824	1
0	79948	122.1068192	1
0	79950	122.10686016	1
0	79952	122.10690112	1
0	79954	122.10694208	1
0	79956	122.10698304	1
0	79958	122.107024	1
0	79981	122.10757344	1
0	79993	122.1076144	1
0	80003	122.10765536	1
0	80014	122.10769632	1
0	80016	122.10773728	1
0	80018	122.10777824	1
0	80020	122.1078192	1
0	80022	122.10786016	1
0	80024	122.10790112	1
0	80026	122.10794208	1
0	80028	122.10798304	1
0	80030	122.108024	1
0	80041	122.10857344	1
0	80053	122.1086144	1
0	80063	122.10865536	1
0	80074	122.10869632	1
0	80076	122.10873728	1
0	80078	122.10877824	1
0	80080	122.1088192	1
0	80082	122.10886016	1
0	80084	122.10890112	1
0	80086	122.10894208	1
0	80088	122.10898304	1
0	80090	122.109024	1
0	80093	122.10957344	1
0	80097	122.1096144	1
0	80103	122.10965536	1
0	80110	122.10969632	1
0	80112	122.10973728	1
0	80114	122.10977824	1
0	80116	122.1098192	1
0	80118	122.10986016	1
0	80120	122.10990112	1
0	80122	122.10994208	1
0	80124	122.10998304	1
0	80126	122.110024	1
0	80129	122.11057344	1
0	80133	122.1106144	1
0	80139	122.11065536	1
0	80146	122.11069632	1
0	80148	122.11073728	1
0	80150	122.11077824	1
0	80152	122.1108192	1
0	80154	122.11086016	1
0	80156	122.11090112	1
0	80158	122.11094208	1
0	80160	122.11098304	1
0	80162	122.111024	1
0	80281	123.11057344	1
0	80293	123.1106144	1
0	80302	123.11065536	1
0	80311	123.11069632	1
0	80312	123.11073728	1
0	80313	123.11077824	1
0	80314	123.1108192	1
0	80315	123.11086016	1
0	80316	123.11090112	1
0	80317	123.11094208	1
0	80318	123.11098304	1
0	80319	123.111024	1
0	80341	123.11157344	1
0	80353	123.1116144	1
0	80363	123.11165536	1
0	80374	123.11169632	1
0	80376	123.11173728	1
0	80378	123.11177824	1
0	80380	123.1118192	1
0	80382	123.11186016	1
0	80384	123.11190112	1
0	80386	123.11194208	1
0	80388	123.11198304	1
0	80390	123.112024	1
0	80413	123.11257344	1
0	80425	123.1126144	1
0	80435	123.11265536	1
0	80446	123.11269632	1
0	80448	123.11273728	1
0	80450	123.11277824	1
0	80452	123.1128192	1
0	80454	123.11286016	1
0	80456	123.11290112	1
0	80458	123.11294208	1
0	80460	123.11298304	1
0	80462	123.113024	1
0	80485	123.11357344	1
0	80497	123.1136144	1
0	80507	123.11365536	1
0	80518	123.11369632	1
0	80520	123.11373728	1
0	80522	123.11377824	1
0	80524	123.1138192	1
0	80526	123.11386016	1
0	80528	123.11390112	1
0	80530	123.11394208	1
0	80532	123.11398304	1
0	80534	123.114024	1
0	80557	123.11457344	1
0	80569	123.1146144	1
0	80579	123.11465536	1
0	80590	123.11469632	1
0	80592	123.11473728	1
0	80594	123.11477824	1
0	80596	123.1148192	1
0	80598	123.11486016	1
0	80600	123.11490112	1
0	80602	123.11494208	1
0	80604	123.11498304	1
0	80606	123.115024	1
0	80629	123.11557344	1
0	80641	123.1156144	1
0	80651	123.11565536	1
0	80662	123.11569632	1
0	80664	123.11573728	1
0	80666	123.11577824	1
0	80668	123.1158192	1
0	80670	123.11586016	1
0	80672	123.11590112	1
0	80674	123.11594208	1
0	80676	123.11598304	1
0	80678	123.116024	1
0	80701	123.11657344	1
0	80713	123.1166144	1
0	80723	123.11665536	1
0	80734	123.11669632	1
0	80736	123.11673728	1
0	80738	123.11677824	1
0	80740	123.1168192	1
0	80742	123.11686016	1
0	80744	123.11690112	1
0	80746	123.11694208	1
0	80748	123.11698304	1
0	80750	123.117024	1
0	80761	123.11757344	1
0	80773	123.1176144	1
0	80783	123.11765536	1
0	80794	123.11769632	1
0	80796	123.11773728	1
0	80798	123.11777824	1
0	80800	123.1178192	1
0	80802	123.11786016	1
0	80804	123.11790112	1
0	80806	123.11794208	1
0	80808	123.11798304	1
0	80810	123.118024	1
0	80813	123.11857344	1
0	80817	123.1186144	1
0	80823	123.11865536	1
0	80830	123.11869632	1
0	80832	123.11873728	1
0	80834	123.11877824	1
0	80836	123.1188192	1
0	80838	123.11886016	1
0	80840	123.11890112	1
0	80842	123.11894208	1
0	80844	123.11898304	1
0	80846	123.119024	1
0	80849	123.11957344	1
0	80853	123.1196144	1
0	80859	123.11965536	1
0	80866	123.11969632	1
0	80868	123.11973728	1
0	80870	123.11977824	1
0	80872	123.1198192	1
0	80874	123.11986016	1
0	80876	123.11990112	1
0	80878	123.11994208	1
0	80880	123.11998304	1
0	80882	123.120024	1
0	81001	124.11957344	1
0	81013	124.1196144	1
0	81022	124.11965536	1
0	81031	124.11969632	1
0	81032	124.11973728	1
0	81033	124.11977824	1
0	81034	124.1198192	1
0	81035	124.11986016	1
0	81036	124.11990112	1
0	81037	124.11994208	1
0	81038	124.11998304	1
0	81039	124.120024	1
0	81061	124.12057344	1
0	81073	124.1206144	1
0	81083	124.12065536	1
0	81094	124.12069632	1
0	81096	124.12073728	1
0	81098	124.12077824	1
0	81100	124.1208192	1
0	81102	124.12086016	1
0	81104	124.12090112	1
0	81106	124.12094208	1
0	81108	124.12098304	1
0	81110	124.121024	1
0	81133	124.12157344	1
0	81145	124.1216144	1
0	81155	124.12165536	1
0	81166	124.12169632	1
0	81168	124.12173728	1
0	81170	124.12177824	1
0	81172	124.1218192	1
0	81174	124.12186016	1
0	81176	124.12190112	1
0	81178	124.12194208	1
0	81180	124.12198304	1
0	81182	124.122024	1
0	81205	124.12257344	1
0	81217	124.1226144	1
0	81227	124.12265536	1
0	81238	124.12269632	1
0	81240	124.12273728	1
0	81242	124.12277824	1
0	81244	124.1228192	1
0	81246	124.12286016	1
0	81248	124.12290112	1
0	81250	124.12294208	1
0	81252	124.12298304	1
0	81254	124.123024	1
0	81277	124.12357344	1
0	81289	124.1236144	1
0	81299	124.12365536	1
0	81310	124.12369632	1
0	81312	124.12373728	1
0	81314	124.12377824	1
0	81316	124.1238192	1
0	81318	124.12386016	1
0	81320	124.12390112	1
0	81322	124.12394208	1
0	81324	124.12398304	1
0	81326	124.124024	1
0	81349	124.12457344	1
0	81361	124.1246144	1
0	81371	124.12465536	1
0	81382	124.12469632	1
0	81384	124.12473728	1
0	81386	124.12477824	1
0	81388	124.1248192	1
0	81390	124.12486016	1
0	81392	124.12490112	1
0	81394	124.12494208	1
0	81396	124.12498304	1
0	81398	124.125024	1
0	81421	124.12557344	1
0	81433	124.1256144	1
0	81443	124.12565536	1
0	81454	124.12569632	1
0	81456	124.12573728	1
0	81458	124.12577824	1
0	81460	124.1258192	1
0	81462	124.12586016	1
0	81464	124.12590112	1
0	81466	124.12594208	1
0	81468	124.12598304	1
0	81470	124.126024	1
0	81481	124.12657344	1
0	81493	124.1266144	1
0	81503	124.12665536	1
0	81514	124.12669632	1
0	81516	124.12673728	1
0	81518	124.12677824	1
0	81520	124.1268192	1
0	81522	124.12686016	1
0	81524	124.12690112	1
0	81526	124.12694208	1
0	81528	124.12698304	1
0	81530	124.127024	1
0	81533	124.12757344	1
0	81537	124.1276144	1
0	81543	124.12765536	1
0	81550	124.12769632	1
0	81552	124.12773728	1
0	81554	124.12777824	1
0	81556	124.1278192	1
0	81558	124.12786016	1
0	81560	124.12790112	1
0	81562	124.12794208	1
0	81564	124.12798304	1
0	81566	124.128024	1
0	81569	124.12857344	1
0	81573	124.1286144	1
0	81579	124.12865536	1
0	81586	124.12869632	1
0	81588	124.12873728	1
0	81590	124.12877824	1
0	81592	124.1288192	1
0	81594	124.12886016	1
0	81596	124.12890112	1
0	81598	124.12894208	1
0	81600	124.12898304	1
0	81602	124.129024	1
0	81721	125.12857344	1
0	81733	125.1286144	1
0	81742	125.12865536	1
0	81751	125.12869632	1
0	81752	125.12873728	1
0	81753	125.12877824	1
0	81754	125.1288192	1
0	81755	125.12886016	1
0	81756	125.12890112	1
0	81757	125.12894208	1
0	81758	125.12898304	1
0	81759	125.129024	1
0	81781	125.12957344	1
0	81793	125.1296144	1
0	81803	125.12965536	1
0	81814	125.12969632	1
0	81816	125.12973728	1
0	81818	125.12977824	1
0	81820	125.1298192	1
0	81822	125.12986016	1
0	81824	125.12990112	1
0	81826	125.12994208	1
0	81828	125.12998304	1
0	81830	125.130024	1
0	81853	125.13057344	1
0	81865	125.1306144	1
0	81875	125.13065536	1
0	81886	125.13069632	1
0	81888	125.13073728	1
0	81890	125.13077824	1
0	81892	125.1308192	1
0	81894	125.13086016	1
0	81896	125.13090112	1
0	81898	125.13094208	1
0	81900	125.13098304	1
0	81902	125.131024	1
0	81925	125.13157344	1
0	81937	125.1316144	1
0	81947	125.13165536	1
0	81958	125.13169632	1
0	81960	125.13173728	1
0	81962	125.13177824	1
0	81964	125.1318192	1
0	81966	125.13186016	1
0	81968	125.13190112	1
0	81970	125.13194208	1
0	81972	125.13198304	1
0	81974	125.132024	1
0	81997	125.13257344	1
0	82009	125.1326144	1
0	82019	125.13265536	1
0	82030	125.13269632	1
0	82032	125.13273728	1
0	82034	125.13277824	1
0	82036	125.1328192	1
0	82038	125.13286016	1
0	82040	125.13290112	1
0	82042	125.13294208	1
0	82044	125.13298304	1
0	82046	125.133024	1
0	82069	125.13357344	1
0	82081	125.1336144	1
0	82091	125.13365536	1
0	82102	125.13369632	1
0	82104	125.13373728	1
0	82106	125.13377824	1
0	82108	125.1338192	1
0	82110	125.13386016	1
0	82112	125.13390112	1
0	82114	125.13394208	1
0	82116	125.13398304	1
0	82118	125.134024	1
0	82141	125.13457344	1
0	82153	125.1346144	1
0	82163	125.13465536	1
0	82174	125.13469632	1
0	82176	125.13473728	1
0	82178	125.13477824	1
0	82180	125.1348192	1
0	82182	125.13486016	1
0	82184	125.13490112	1
0	82186	125.13494208	1
0	82188	125.13498304	1
0	82190	125.135024	1
0	82201	125.13557344	1
0	82213	125.1356144	1
0	82223	125.13565536	1
0	82234	125.13569632	1
0	82236	125.13573728	1
0	82238	125.13577824	1
0	82240	125.1358192	1
0	82242	125.13586016	1
0	82244	125.13590112	1
0	82246	125.13594208	1
0	82248	125.13598304	1
0	82250	125.136024	1
0	82253	125.13657344	1
0	82257	125.1366144	1
0	82263	125.13665536	1
0	82270	125.13669632	1
0	82272	125.13673728	1
0	82274	125.13677824	1
0	82276	125.1368192	1
0	82278	125.13686016	1
0	82280	125.13690112	1
0	82282	125.13694208	1
0	82284	125.13698304	1
0	82286	125.137024	1
0	82289	125.13757344	1
0	82293	125.1376144	1
0	82299	125.13765536	1
0	82306	125.13769632	1
0	82308	125.13773728	1
0	82310	125.13777824	1
0	82312	125.1378192	1
0	82314	125.13786016	1
0	82316	125.13790112	1
0	82318	125.13794208	1
0	82320	125.13798304	1
0	82322	125.138024	1
0	82441	126.13757344	1
0	82453	126.1376144	1
0	82462	126.13765536	1
0	82471	126.13769632	1
0	82472	126.13773728	1
0	82473	126.13777824	1
0	82474	126.1378192	1
0	82475	126.13786016	1
0	82476	126.13790112	1
0	82477	126.13794208	1
0	82478	126.13798304	1
0	82479	126.138024	1
0	82501	126.13857344	1
0	82513	126.1386144	1
0	82523	126.13865536	1
0	82534	126.13869632	1
0	82536	126.13873728	1
0	82538	126.13877824	1
0	82540	126.1388192	1
0	82542	126.13886016	1
0	82544	126.13890112	1
0	82546	126.13894208	1
0	82548	126.13898304	1
0	82550	126.139024	1
0	82573	126.13957344	1
0	82585	126.1396144	1
0	82595	126.13965536	1
0	82606	126.13969632	1
0	82608	126.13973728	1
0	82610	126.13977824	1
0	82612	126.1398192	1
0	82614	126.13986016	1
0	82616	126.13990112	1
0	82618	126.13994208	1
0	82620	126.13998304	1
0	82622	126.140024	1
0	82645	126.14057344	1
0	82657	126.1406144	1
0	82667	126.14065536	1
0	82678	126.14069632	1
0	82680	126.14073728	1
0	82682	126.14077824	1
0	82684	126.1408192	1
0	82686	126.14086016	1
0	82688	126.14090112	1
0	82690	126.14094208	1
0	82692	126.14098304	1
0	82694	126.141024	1
0	82717	126.14157344	1
0	82729	126.1416144	1
0	82739	126.14165536	1
0	82750	126.14169632	1
0	82752	126.14173728	1
0	82754	126.14177824	1
0	82756	126.1418192	1
0	82758	126.14186016	1
0	82760	126.14190112	1
0	82762	126.14194208	1
0	82764	126.14198304	1
0	82766	126.142024	1
0	82789	126.14257344	1
0	82801	126.1426144	1
0	82811	126.14265536	1
0	82822	126.14269632	1
0	82824	126.14273728	1
0	82826	126.14277824	1
0	82828	126.1428192	1
0	82830	126.14286016	1
0	82832	126.14290112	1
0	82834	126.14294208	1
0	82836	126.14298304	1
0	82838	126.143024	1
0	82861	126.14357344	1
0	82873	126.1436144	1
0	82883	126.14365536	1
0	82894	126.14369632	1
0	82896	126.14373728	1
0	82898	126.14377824	1
0	82900	126.1438192	1
0	82902	126.14386016	1
0	82904	126.14390112	1
0	82906	126.14394208	1
0	82908	126.14398304	1
0	82910	126.144024	1
0	82921	126.14457344	1
0	82933	126.1446144	1
0	82943	126.14465536	1
0	82954	126.14469632	1
0	82956	126.14473728	1
0	82958	126.14477824	1
0	82960	126.1448192	1
0	82962	126.14486016	1
0	82964	126.14490112	1
0	82966	126.14494208	1
0	82968	126.14498304	1
0	82970	126.145024	1
0	82973	126.14557344	1
0	82977	126.1456144	1
0	82983	126.14565536	1
0	82990	126.14569632	1
0	82992	126.14573728	1
0	82994	126.14577824	1
0	82996	126.1458192	1
0	82998	126.14586016	1
0	83000	126.14590112	1
0	83002	126.14594208	1
0	83004	126.14598304	1
0	83006	126.146024	1
0	83009	126.14657344	1
0	83013	126.1466144	1
0	83019	126.14665536	1
0	83026	126.14669632	1
0	83028	126.14673728	1
0	83030	126.14677824	1
0	83032	126.1468192	1
0	83034	126.14686016	1
0	83036	126.14690112	1
0	83038	126.14694208	1
0	83040	126.14698304	1
0	83042	126.147024	1
0	83161	127.14657344	1
0	83173	127.1466144	1
0	83182	127.14665536	1
0	83191	127.14669632	1
0	83192	127.14673728	1
0	83193	127.14677824	1
0	83194	127.1468192	1
0	83195	127.14686016	1
0	83196	127.14690112	1
0	83197	127.14694208	1
0	83198	127.14698304	1
0	83199	127.147024	1
0	83221	127.14757344	1
0	83233	127.1476144	1
0	83243	127.14765536	1
0	83254	127.14769632	1
0	83256	127.14773728	1
0	83258	127.14777824	1
0	83260	127.1478192	1
0	83262	127.14786016	1
0	83264	127.14790112	1
0	83266	127.14794208	1
0	83268	127.14798304	1
0	83270	127.148024	1
0	83293	127.14857344	1
0	83305	127.1486144	1
0	83315	127.14865536	1
0	83326	127.14869632	1
0	83328	127.14873728	1
0	83330	127.14877824	1
0	83332	127.1488192	1
0	83334	127.14886016	1
0	83336	127.14890112	1
0	83338	127.14894208	1
0	83340	127.14898304	1
0	83342	127.149024	1
0	83365	127.14957344	1
0	83377	127.1496144	1
0	83387	127.14965536	1
0	83398	127.14969632	1
0	83400	127.14973728	1
0	83402	127.14977824	1
0	83404	127.1498192	1
0	83406	127.14986016	1
0	83408	127.14990112	1
0	83410	127.14994208	1
0	83412	127.14998304	1
0	83414	127.150024	1
0	83437	127.15057344	1
0	83449	127.1506144	1
0	83459	127.15065536	1
0	83470	127.15069632	1
0	83472	127.15073728	1
0	83474	127.15077824	1
0	83476	127.1508192	1
0	83478	127.15086016	1
0	83480	127.15090112	1
0	83482	127.15094208	1
0	83484	127.15098304	1
0	83486	127.151024	1
0	83509	127.15157344	1
0	83521	127.1516144	1
0	83531	127.15165536	1
0	83542	127.15169632	1
0	83544	127.15173728	1
0	83546	127.15177824	1
0	83548	127.1518192	1
0	83550	127.15186016	1
0	83552	127.15190112	1
0	83554	127.15194208	1
0	83556	127.15198304	1
0	83558	127.152024	1
0	83581	127.15257344	1
0	83593	127.1526144	1
0	83603	127.15265536	1
0	83614	127.15269632	1
0	83616	127.15273728	1
0	83618	127.15277824	1
0	83620	127.1528192	1
0	83622	127.15286016	1
0	83624	127.15290112	1
0	83626	127.15294208	1
0	83628	127.15298304	1
0	83630	127.153024	1
0	83641	127.15357344	1
0	83653	127.1536144	1
0	83663	127.15365536	1
0	83674	127.15369632	1
0	83676	127.15373728	1
0	83678	127.15377824	1
0	83680	127.1538192	1
0	83682	127.15386016	1
0	83684	127.15390112	1
0	83686	127.15394208	1
0	83688	127.15398304	1
0	83690	127.154024	1
0	83693	127.15457344	1
0	83697	127.1546144	1
0	83703	127.15465536	1
0	83710	127.15469632	1
0	83712	127.15473728	1
0	83714	127.15477824	1
0	83716	127.1548192	1
0	83718	127.15486016	1
0	83720	127.15490112	1
0	83722	127.15494208	1
0	83724	127.15498304	1
0	83726	127.155024	1
0	83729	127.15557344	1
0	83733	127.1556144	1
0	83739	127.15565536	1
0	83746	127.15569632	1
0	83748	127.15573728	1
0	83750	127.15577824	1
0	83752	127.1558192	1
0	83754	127.15586016	1
0	83756	127.15590112	1
0	83758	127.15594208	1
0	83760	127.15598304	1
0	83762	127.156024	1
0	83881	128.15557344	1
0	83893	128.1556144	1
0	83902	128.15565536	1
0	83911	128.15569632	1
0	83912	128.15573728	1
0	83913	128.15577824	1
0	83914	128.1558192	1
0	83915	128.15586016	1
0	83916	128.15590112	1
0	83917	128.15594208	1
0	83918	128.15598304	1
0	83919	128.156024	1
0	83941	128.15657344	1
0	83953	128.1566144	1
0	83963	128.15665536	1
0	83974	128.15669632	1
0	83976	128.15673728	1
0	83978	128.15677824	1
0	83980	128.1568192	1
0	83982	128.15686016	1
0	83984	128.15690112	1
0	83986	128.15694208	1
0	83988	128.15698304	1
0	83990	128.157024	1
0	84013	128.15757344	1
0	84025	128.1576144	1
0	84035	128.15765536	1
0	84046	128.15769632	1
0	84048	128.15773728	1
0	84050	128.15777824	1
0	84052	128.1578192	1
0	84054	128.15786016	1
0	84056	128.15790112	1
0	84058	128.15794208	1
0	84060	128.15798304	1
0	84062	128.158024	1
0	84085	128.15857344	1
0	84097	128.1586144	1
0	84107	128.15865536	1
0	84118	128.15869632	1
0	84120	128.15873728	1
0	84122	128.15877824	1
0	84124	128.1588192	1
0	84126	128.15886016	1
0	84128	128.15890112	1
0	84130	128.15894208	1
0	84132	128.15898304	1
0	84134	128.159024	1
0	84157	128.15957344	1
0	84169	128.1596144	1
0	84179	128.15965536	1
0	84190	128.15969632	1
0	84192	128.15973728	1
0	84194	128.15977824	1
0	84196	128.1598192	1
0	84198	128.15986016	1
0	84200	128.15990112	1
0	84202	128.15994208	1
0	84204	128.15998304	1
0	84206	128.160024	1
0	84229	128.16057344	1
0	84241	128.1606144	1
0	84251	128.16065536	1
0	84262	128.16069632	1
0	84264	128.16073728	1
0	84266	128.16077824	1
0	84268	128.1608192	1
0	84270	128.16086016	1
0	84272	128.16090112	1
0	84274	128.16094208	1
0	84276	128.16098304	1
0	84278	128.161024	1
0	84301	128.16157344	1
0	84313	128.1616144	1
0	84323	128.16165536	1
0	84334	128.16169632	1
0	84336	128.16173728	1
0	84338	128.16177824	1
0	84340	128.1618192	1
0	84342	128.16186016	1
0	84344	128.16190112	1
0	84346	128.16194208	1
0	84348	128.16198304	1
0	84350	128.162024	1
0	84361	128.16257344	1
0	84373	128.1626144	1
0	84383	128.16265536	1
0	84394	128.16269632	1
0	84396	128.16273728	1
0	84398	128.16277824	1
0	84400	128.1628192	1
0	84402	128.16286016	1
0	84404	128.16290112	1
0	84406	128.16294208	1
0	84408	128.16298304	1
0	84410	128.163024	1
0	84413	128.16357344	1
0	84417	128.1636144	1
0	84423	128.16365536	1
0	84430	128.16369632	1
0	84432	128.16373728	1
0	84434	128.16377824	1
0	84436	128.1638192	1
0	84438	128.16386016	1
0	84440	128.16390112	1
0	84442	128.16394208	1
0	84444	128.16398304	1
0	84446	128.164024	1
0	84449	128.16457344	1
0	84453	128.1646144	1
0	84459	128.16465536	1
0	84466	128.16469632	1
0	84468	128.16473728	1
0	84470	128.16477824	1
0	84472	128.1648192	1
0	84474	128.16486016	1
0	84476	128.16490112	1
0	84478	128.16494208	1
0	84480	128.16498304	1
0	84482	128.165024	1
0	84601	129.16457344	1
0	84613	129.1646144	1
0	84622	129.16465536	1
0	84631	129.16469632	1
0	84632	129.16473728	1
0	84633	129.16477824	1
0	84634	129.1648192	1
0	84635	129.16486016	1
0	84636	129.16490112	1
0	84637	129.16494208	1
0	84638	129.16498304	1
0	84639	129.165024	1
0	84661	129.16557344	1
0	84673	129.1656144	1
0	84683	129.16565536	1
0	84694	129.16569632	1
0	84696	129.16573728	1
0	84698	129.16577824	1
0	84700	129.1658192	1
0	84702	129.16586016	1
0	84704	129.16590112	1
0	84706	129.16594208	1
0	84708	129.16598304	1
0	84710	129.166024	1
0	84733	129.16657344	1
0	84745	129.1666144	1
0	84755	129.16665536	1
0	84766	129.16669632	1
0	84768	129.16673728	1
0	84770	129.16677824	1
0	84772	129.1668192	1
0	84774	129.16686016	1
0	84776	129.16690112	1
0	84778	129.16694208	1
0	84780	129.16698304	1
0	84782	129.167024	1
0	84805	129.16757344	1
0	84817	129.1676144	1
0	84827	129.16765536	1
0	84838	129.16769632	1
0	84840	129.16773728	1
0	84842	129.16777824	1
0	84844	129.1678192	1
0	84846	129.16786016	1
0	84848	129.16790112	1
0	84850	129.16794208	1
0	84852	129.16798304	1
0	84854	129.168024	1
0	84877	129.16857344	1
0	84889	129.1686144	1
0	84899	129.16865536	1
0	84910	129.16869632	1
0	84912	129.16873728	1
0	84914	129.16877824	1
0	84916	129.1688192	1
0	84918	129.16886016	1
0	84920	129.16890112	1
0	84922	129.16894208	1
0	84924	129.16898304	1
0	84926	129.169024	1
0	84949	129.16957344	1
0	84961	129.1696144	1
0	84971	129.16965536	1
0	84982	129.16969632	1
0	84984	129.16973728	1
0	84986	129.16977824	1
0	84988	129.1698192	1
0	84990	129.16986016	1
0	84992	129.16990112	1
0	84994	129.16994208	1
0	84996	129.16998304	1
0	84998	129.170024	1
0	85021	129.17057344	1
0	85033	129.1706144	1
0	85043	129.17065536	1
0	85054	129.17069632	1
0	85056	129.17073728	1
0	85058	129.17077824	1
0	85060	129.1708192	1
0	85062	129.17086016	1
0	85064	129.17090112	1
0	85066	129.17094208	1
0	85068	129.17098304	1
0	85070	129.171024	1
0	85081	129.17157344	1
0	85093	129.1716144	1
0	85103	129.17165536	1
0	85114	129.17169632	1
0	85116	129.17173728	1
0	85118	129.17177824	1
0	85120	129.1718192	1
0	85122	129.17186016	1
0	85124	129.17190112	1
0	85126	129.17194208	1
0	85128	129.17198304	1
0	85130	129.172024	1
0	85133	129.17257344	1
0	85137	129.1726144	1
0	85143	129.17265536	1
0	85150	129.17269632	1
0	85152	129.17273728	1
0	85154	129.17277824	1
0	85156	129.1728192	1
0	85158	129.17286016	1
0	85160	129.17290112	1
0	85162	129.17294208	1
0	85164	129.17298304	1
0	85166	129.173024	1
0	85169	129.17357344	1
0	85173	129.1736144	1
0	85179	129.17365536	1
0	85186	129.17369632	1
0	85188	129.17373728	1
0	85190	129.17377824	1
0	85192	129.1738192	1
0	85194	129.17386016	1
0	85196	129.17390112	1
0	85198	129.17394208	1
0	85200	129.17398304	1
0	85202	129.174024	1
0	85321	130.17357344	1
0	85333	130.1736144	1
0	85342	130.17365536	1
0	85351	130.17369632	1
0	85352	130.17373728	1
0	85353	130.17377824	1
0	85354	130.1738192	1
0	85355	130.17386016	1
0	85356	130.17390112	1
0	85357	130.17394208	1
0	85358	130.17398304	1
0	85359	130.174024	1
0	85381	130.17457344	1
0	85393	130.1746144	1
0	85403	130.17465536	1
0	85414	130.17469632	1
0	85416	130.17473728	1
0	85418	130.17477824	1
0	85420	130.1748192	1
0	85422	130.17486016	1
0	85424	130.17490112	1
0	85426	130.17494208	1
0	85428	130.17498304	1
0	85430	130.175024	1
0	85453	130.17557344	1
0	85465	130.1756144	1
0	85475	130.17565536	1
0	85486	130.17569632	1
0	85488	130.17573728	1
0	85490	130.17577824	1
0	85492	130.1758192	1
0	85494	130.17586016	1
0	85496	130.17590112	1
0	85498	130.17594208	1
0	85500	130.17598304	1
0	85502	130.176024	1
0	85525	130.17657344	1
0	85537	130.1766144	1
0	85547	130.17665536	1
0	85558	130.17669632	1
0	85560	130.17673728	1
0	85562	130.17677824	1
0	85564	130.1768192	1
0	85566	130.17686016	1
0	85568	130.17690112	1
0	85570	130.17694208	1
0	85572	130.17698304	1
0	85574	130.177024	1
0	85597	130.17757344	1
0	85609	130.1776144	1
0	85619	130.17765536	1
0	85630	130.17769632	1
0	85632	130.17773728	1
0	85634	130.17777824	1
0	85636	130.1778192	1
0	85638	130.17786016	1
0	85640	130.17790112	1
0	85642	130.17794208	1
0	85644	130.17798304	1
0	85646	130.178024	1
0	85669	130.17857344	1
0	85681	130.1786144	1
0	85691	130.17865536	1
0	85702	130.17869632	1
0	85704	130.17873728	1
0	85706	130.17877824	1
0	85708	130.1788192	1
0	85710	130.17886016	1
0	85712	130.17890112	1
0	85714	130.17894208	1
0	85716	130.17898304	1
0	85718	130.179024	1
0	85741	130.17957344	1
0	85753	130.1796144	1
0	85763	130.17965536	1
0	85774	130.17969632	1
0	85776	130.17973728	1
0	85778	130.17977824	1
0	85780	130.1798192	1
0	85782	130.17986016	1
0	85784	130.17990112	1
0	85786	130.17994208	1
0	85788	130.17998304	1
0	85790	130.180024	1
0	85801	130.18057344	1
0	85813	130.1806144	1
0	85823	130.18065536	1
0	85834	130.18069632	1
0	85836	130.18073728	1
0	85838	130.18077824	1
0	85840	130.1808192	1
0	85842	130.18086016	1
0	85844	130.18090112	1
0	85846	130.18094208	1
0	85848	130.18098304	1
0	85850	130.181024	1
0	85853	130.18157344	1
0	85857	130.1816144	1
0	85863	130.18165536	1
0	85870	130.18169632	1
0	85872	130.18173728	1
0	85874	130.18177824	1
0	85876	130.1818192	1
0	85878	130.18186016	1
0	85880	130.18190112	1
0	85882	130.18194208	1
0	85884	130.18198304	1
0	85886	130.182024	1
0	85889	130.18257344	1
0	85893	130.1826144	1
0	85899	130.18265536	1
0	85906	130.18269632	1
0	85908	130.18273728	1
0	85910	130.18277824	1
0	85912	130.1828192	1
0	85914	130.18286016	1
0	85916	130.18290112	1
0	85918	130.18294208	1
0	85920	130.18298304	1
0	85922	130.183024	1
0	86041	131.18257344	1
0	86053	131.1826144	1
0	86062	131.18265536	1
0	86071	131.18269632	1
0	86072	131.18273728	1
0	86073	131.18277824	1
0	86074	131.1828192	1
0	86075	131.18286016	1
0	86076	131.18290112	1
0	86077	131.18294208	1
0	86078	131.18298304	1
0	86079	131.183024	1
0	86101	131.18357344	1
0	86113	131.1836144	1
0	86123	131.18365536	1
0	86134	131.18369632	1
0	86136	131.18373728	1
0	86138	131.18377824	1
0	86140	131.1838192	1
0	86142	131.18386016	1
0	86144	131.18390112	1
0	86146	131.18394208	1
0	86148	131.18398304	1
0	86150	131.184024	1
0	86173	131.18457344	1
0	86185	131.1846144	1
0	86195	131.18465536	1
0	86206	131.18469632	1
0	86208	131.18473728	1
0	86210	131.18477824	1
0	86212	131.1848192	1
0	86214	131.18486016	1
0	86216	131.18490112	1
0	86218	131.18494208	1
0	86220	131.18498304	1
0	86222	131.185024	1
0	86245	131.18557344	1
0	86257	131.1856144	1
0	86267	131.18565536	1
0	86278	131.18569632	1
0	86280	131.18573728	1
0	86282	131.18577824	1
0	86284	131.1858192	1
0	86286	131.18586016	1
0	86288	131.18590112	1
0	86290	131.18594208	1
0	86292	131.18598304	1
0	86294	131.186024	1
0	86317	131.18657344	1
0	86329	131.1866144	1
0	86339	131.18665536	1
0	86350	131.18669632	1
0	86352	131.18673728	1
0	86354	131.18677824	1
0	86356	131.1868192	1
0	86358	131.18686016	1
0	86360	131.18690112	1
0	86362	131.18694208	1
0	86364	131.18698304	1
0	86366	131.187024	1
0	86389	131.18757344	1
0	86401	131.1876144	1
0	86411	131.18765536	1
0	86422	131.18769632	1
0	86424	131.18773728	1
0	86426	131.18777824	1
0	86428	131.1878192	1
0	86430	131.18786016	1
0	86432	131.18790112	1
0	86434	131.18794208	1
0	86436	131.18798304	1
0	86438	131.188024	1
0	86461	131.18857344	1
0	86473	131.1886144	1
0	86483	131.18865536	1
0	86494	131.18869632	1
0	86496	131.18873728	1
0	86498	131.18877824	1
0	86500	131.1888192	1
0	86502	131.18886016	1
0	86504	131.18890112	1
0	86506	131.18894208	1
0	86508	131.18898304	1
0	86510	131.189024	1
0	86521	131.18957344	1
0	86533	131.1896144	1
0	86543	131.18965536	1
0	86554	131.18969632	1
0	86556	131.18973728	1
0	86558	131.18977824	1
0	86560	131.1898192	1
0	86562	131.18986016	1
0	86564	131.18990112	1
0	86566	131.18994208	1
0	86568	131.18998304	1
0	86570	131.190024	1
0	86573	131.19057344	1
0	86577	131.1906144	1
0	86583	131.19065536	1
0	86590	131.19069632	1
0	86592	131.19073728	1
0	86594	131.19077824	1
0	86596	131.1908192	1
0	86598	131.19086016	1
0	86600	131.19090112	1
0	86602	131.19094208	1
0	86604	131.19098304	1
0	86606	131.191024	1
0	86609	131.19157344	1
0	86613	131.1916144	1
0	86619	131.19165536	1
0	86626	131.19169632	1
0	86628	131.19173728	1
0	86630	131.19177824	1
0	86632	131.1918192	1
0	86634	131.19186016	1
0	86636	131.19190112	1
0	86638	131.19194208	1
0	86640	131.19198304	1
0	86642	131.192024	1
0	86761	132.19157344	1
0	86773	132.1916144	1
0	86782	132.19165536	1
0	86791	132.19169632	1
0	86792	132.19173728	1
0	86793	132.19177824	1
0	86794	132.1918192	1
0	86795	132.19186016	1
0	86796	132.19190112	1
0	86797	132.19194208	1
0	86798	132.19198304	1
0	86799	132.192024	1
0	86821	132.19257344	1
0	86833	132.1926144	1
0	86843	132.19265536	1
0	86854	132.19269632	1
0	86856	132.19273728	1
0	86858	132.19277824	1
0	86860	132.1928192	1
0	86862	132.19286016	1
0	86864	132.19290112	1
0	86866	132.19294208	1
0	86868	132.19298304	1
0	86870	132.193024	1
0	86893	132.19357344	1
0	86905	132.1936144	1
0	86915	132.19365536	1
0	86926	132.19369632	1
0	86928	132.19373728	1
0	86930	132.19377824	1
0	86932	132.1938192	1
0	86934	132.19386016	1
0	86936	132.19390112	1
0	86938	132.19394208	1
0	86940	132.19398304	1
0	86942	132.194024	1
0	86965	132.19457344	1
0	86977	132.1946144	1
0	86987	132.19465536	1
0	86998	132.19469632	1
0	87000	132.19473728	1
0	87002	132.19477824	1
0	87004	132.1948192	1
0	87006	132.19486016	1
0	87008	132.19490112	1
0	87010	132.19494208	1
0	87012	132.19498304	1
0	87014	132.195024	1
0	87037	132.19557344	1
0	87049	132.1956144	1
0	87059	132.19565536	1
0	87070	132.19569632	1
0	87072	132.19573728	1
0	87074	132.19577824	1
0	87076	132.1958192	1
0	87078	132.19586016	1
0	87080	132.19590112	1
0	87082	132.19594208	1
0	87084	132.19598304	1
0	87086	132.196024	1
0	87109	132.19657344	1
0	87121	132.1966144	1
0	87131	132.19665536	1
0	87142	132.19669632	1
0	87144	132.19673728	1
0	87146	132.19677824	1
0	87148	132.1968192	1
0	87150	132.19686016	1
0	87152	132.19690112	1
0	87154	132.19694208	1
0	87156	132.19698304	1
0	87158	132.197024	1
0	87181	132.19757344	1
0	87193	132.1976144	1
0	87203	132.19765536	1
0	87214	132.19769632	1
0	87216	132.19773728	1
0	87218	132.19777824	1
0	87220	132.1978192	1
0	87222	132.19786016	1
0	87224	132.19790112	1
0	87226	132.19794208	1
0	87228	132.19798304	1
0	87230	132.198024	1
0	87241	132.19857344	1
0	87253	132.1986144	1
0	87263	132.19865536	1
0	87274	132.19869632	1
0	87276	132.19873728	1
0	87278	132.19877824	1
0	87280	132.1988192	1
0	87282	132.19886016	1
0	87284	132.19890112	1
0	87286	132.19894208	1
0	87288	132.19898304	1
0	87290	132.199024	1
0	87293	132.19957344	1
0	87297	132.1996144	1
0	87303	132.19965536	1
0	87310	132.19969632	1
0	87312	132.19973728	1
0	87314	132.19977824	1
0	87316	132.1998192	1
0	87318	132.19986016	1
0	87320	132.19990112	1
0	87322	132.19994208	1
0	87324	132.19998304	1
0	87326	132.200024	1
0	87329	132.20057344	1
0	87333	132.2006144	1
0	87339	132.20065536	1
0	87346	132.20069632	1
0	87348	132.20073728	1
0	87350	132.20077824	1
0	87352	132.2008192	1
0	87354	132.20086016	1
0	87356	132.20090112	1
0	87358	132.20094208	1
0	87360	132.20098304	1
0	87362	132.201024	1
0	87481	133.20057344	1
0	87493	133.2006144	1
0	87502	133.20065536	1
0	87511	133.20069632	1
0	87512	133.20073728	1
0	87513	133.20077824	1
0	87514	133.2008192	1
0	87515	133.20086016	1
0	87516	133.20090112	1
0	87517	133.20094208	1
0	87518	133.20098304	1
0	87519	133.201024	1
0	87541	133.20157344	1
0	87553	133.2016144	1
0	87563	133.20165536	1
0	87574	133.20169632	1
0	87576	133.20173728	1
0	87578	133.20177824	1
0	87580	133.2018192	1
0	87582	133.20186016	1
0	87584	133.20190112	1
0	87586	133.20194208	1
0	87588	133.20198304	1
0	87590	133.202024	1
0	87613	133.20257344	1
0	87625	133.2026144	1
0	87635	133.20265536	1
0	87646	133.20269632	1
0	87648	133.20273728	1
0	87650	133.20277824	1
0	87652	133.2028192	1
0	87654	133.20286016	1
0	87656	133.20290112	1
0	87658	133.20294208	1
0	87660	133.20298304	1
0	87662	133.203024	1
0	87685	133.20357344	1
0	87697	133.2036144	1
0	87707	133.20365536	1
0	87718	133.20369632	1
0	87720	133.20373728	1
0	87722	133.20377824	1
0	87724	133.2038192	1
0	87726	133.20386016	1
0	87728	133.20390112	1
0	87730	133.20394208	1
0	87732	133.20398304	1
0	87734	133.204024	1
0	87757	133.20457344	1
0	87769	133.2046144	1
0	87779	133.20465536	1
0	87790	133.20469632	1
0	87792	133.20473728	1
0	87794	133.20477824	1
0	87796	133.2048192	1
0	87798	133.20486016	1
0	87800	133.20490112	1
0	87802	133.20494208	1
0	87804	133.20498304	1
0	87806	133.205024	1
0	87829	133.20557344	1
0	87841	133.2056144	1
0	87851	133.20565536	1
0	87862	133.20569632	1
0	87864	133.20573728	1
0	87866	133.20577824	1
0	87868	133.2058192	1
0	87870	133.20586016	1
0	87872	133.20590112	1
0	87874	133.20594208	1
0	87876	133.20598304	1
0	87878	133.206024	1
0	87901	133.20657344	1
0	87913	133.2066144	1
0	87923	133.20665536	1
0	87934	133.20669632	1
0	87936	133.20673728	1
0	87938	133.20677824	1
0	87940	133.2068192	1
0	87942	133.20686016	1
0	87944	133.20690112	1
0	87946	133.20694208	1
0	87948	133.20698304	1
0	87950	133.207024	1
0	87961	133.20757344	1
0	87973	133.2076144	1
0	87983	133.20765536	1
0	87994	133.20769632	1
0	87996	133.20773728	1
0	87998	133.20777824	1
0	88000	133.2078192	1
0	88002	133.20786016	1
0	88004	133.20790112	1
0	88006	133.20794208	1
0	88008	133.20798304	1
0	88010	133.208024	1
0	88013	133.20857344	1
0	88017	133.2086144	1
0	88023	133.20865536	1
0	88030	133.20869632	1
0	88032	133.20873728	1
0	88034	133.20877824	1
0	88036	133.2088192	1
0	88038	133.20886016	1
0	88040	133.20890112	1
0	88042	133.20894208	1
0	88044	133.20898304	1
0	88046	133.209024	1
0	88049	133.20957344	1
0	88053	133.2096144	1
0	88059	133.20965536	1
0	88066	133.20969632	1
0	88068	133.20973728	1
0	88070	133.20977824	1
0	88072	133.2098192	1
0	88074	133.20986016	1
0	88076	133.20990112	1
0	88078	133.20994208	1
0	88080	133.20998304	1
0	88082	133.210024	1
0	88201	134.20957344	1
0	88213	134.2096144	1
0	88222	134.20965536	1
0	88231	134.20969632	1
0	88232	134.20973728	1
0	88233	134.20977824	1
0	88234	134.2098192	1
0	88235	134.20986016	1
0	88236	134.20990112	1
0	88237	134.20994208	1
0	88238	134.20998304	1
0	88239	134.210024	1
0	88261	134.21057344	1
0	88273	134.2106144	1
0	88283	134.21065536	1
0	88294	134.21069632	1
0	88296	134.21073728	1
0	88298	134.21077824	1
0	88300	134.2108192	1
0	88302	134.21086016	1
0	88304	134.21090112	1
0	88306	134.21094208	1
0	88308	134.21098304	1
0	88310	134.211024	1
0	88333	134.21157344	1
0	88345	134.2116144	1
0	88355	134.21165536	1
0	88366	134.21169632	1
0	88368	134.21173728	1
0	88370	134.21177824	1
0	88372	134.2118192	1
0	88374	134.21186016	1
0	88376	134.21190112	1
0	88378	134.21194208	1
0	88380	134.21198304	1
0	88382	134.212024	1
0	88405	134.21257344	1
0	88417	134.2126144	1
0	88427	134.21265536	1
0	88438	134.21269632	1
0	88440	134.21273728	1
0	88442	134.21277824	1
0	88444	134.2128192	1
0	88446	134.21286016	1
0	88448	134.21290112	1
0	88450	134.21294208	1
0	88452	134.21298304	1
0	88454	134.213024	1
0	88477	134.21357344	1
0	88489	134.2136144	1
0	88499	134.21365536	1
0	88510	134.21369632	1
0	88512	134.21373728	1
0	88514	134.21377824	1
0	88516	134.2138192	1
0	88518	134.21386016	1
0	88520	134.21390112	1
0	88522	134.21394208	1
0	88524	134.21398304	1
0	88526	134.214024	1
0	88549	134.21457344	1
0	88561	134.2146144	1
0	88571	134.21465536	1
0	88582	134.21469632	1
0	88584	134.21473728	1
0	88586	134.21477824	1
0	88588	134.2148192	1
0	88590	134.21486016	1
0	88592	134.21490112	1
0	88594	134.21494208	1
0	88596	134.21498304	1
0	88598	134.215024	1
0	88621	134.21557344	1
0	88633	134.2156144	1
0	88643	134.21565536	1
0	88654	134.21569632	1
0	88656	134.21573728	1
0	88658	134.21577824	1
0	88660	134.2158192	1
0	88662	134.21586016	1
0	88664	134.21590112	1
0	88666	134.21594208	1
0	88668	134.21598304	1
0	88670	134.216024	1
0	88681	134.21657344	1
0	88693	134.2166144	1
0	88703	134.21665536	1
0	88714	134.21669632	1
0	88716	134.21673728	1
0	88718	134.21677824	1
0	88720	134.2168192	1
0	88722	134.21686016	1
0	88724	134.21690112	1
0	88726	134.21694208	1
0	88728	134.21698304	1
0	88730	134.217024	1
0	88733	134.21757344	1
0	88737	134.2176144	1
0	88743	134.21765536	1
0	88750	134.21769632	1
0	88752	134.21773728	1
0	88754	134.21777824	1
0	88756	134.2178192	1
0	88758	134.21786016	1
0	88760	134.21790112	1
0	88762	134.21794208	1
0	88764	134.21798304	1
0	88766	134.218024	1
0	88769	134.21857344	1
0	88773	134.2186144	1
0	88779	134.21865536	1
0	88786	134.21869632	1
0	88788	134.21873728	1
0	88790	134.21877824	1
0	88792	134.2188192	1
0	88794	134.21886016	1
0	88796	134.21890112	1
0	88798	134.21894208	1
0	88800	134.21898304	1
0	88802	134.219024	1
0	88921	135.21857344	1
0	88933	135.2186144	1
0	88942	135.21865536	1
0	88951	135.21869632	1
0	88952	135.21873728	1
0	88953	135.21877824	1
0	88954	135.2188192	1
0	88955	135.21886016	1
0	88956	135.21890112	1
0	88957	135.21894208	1
0	88958	135.21898304	1
0	88959	135.219024	1
0	88981	135.21957344	1
0	88993	135.2196144	1
0	89003	135.21965536	1
0	89014	135.21969632	1
0	89016	135.21973728	1
0	89018	135.21977824	1
0	89020	135.2198192	1
0	89022	135.21986016	1
0	89024	135.21990112	1
0	89026	135.21994208	1
0	89028	135.21998304	1
0	89030	135.220024	1
0	89053	135.22057344	1
0	89065	135.2206144	1
0	89075	135.22065536	1
0	89086	135.22069632	1
0	89088	135.22073728	1
0	89090	135.22077824	1
0	89092	135.2208192	1
0	89094	135.22086016	1
0	89096	135.22090112	1
0	89098	135.22094208	1
0	89100	135.22098304	1
0	89102	135.221024	1
0	89125	135.22157344	1
0	89137	135.2216144	1
0	89147	135.22165536	1
0	89158	135.22169632	1
0	89160	135.22173728	1
0	89162	135.22177824	1
0	89164	135.2218192	1
0	89166	135.22186016	1
0	89168	135.22190112	1
0	89170	135.22194208	1
0	89172	135.22198304	1
0	89174	135.222024	1
0	89197	135.22257344	1
0	89209	135.2226144	1
0	89219	135.22265536	1
0	89230	135.22269632	1
0	89232	135.22273728	1
0	89234	135.22277824	1
0	89236	135.2228192	1
0	89238	135.22286016	1
0	89240	135.22290112	1
0	89242	135.22294208	1
0	89244	135.22298304	1
0	89246	135.223024	1
0	89269	135.22357344	1
0	89281	135.2236144	1
0	89291	135.22365536	1
0	89302	135.22369632	1
0	89304	135.22373728	1
0	89306	135.22377824	1
0	89308	135.2238192	1
0	89310	135.22386016	1
0	89312	135.22390112	1
0	89314	135.22394208	1
0	89316	135.22398304	1
0	89318	135.224024	1
0	89341	135.22457344	1
0	89353	135.2246144	1
0	89363	135.22465536	1
0	89374	135.22469632	1
0	89376	135.22473728	1
0	89378	135.22477824	1
0	89380	135.2248192	1
0	89382	135.22486016	1
0	89384	135.22490112	1
0	89386	135.22494208	1
0	89388	135.22498304	1
0	89390	135.225024	1
0	89401	135.22557344	1
0	89413	135.2256144	1
0	89423	135.22565536	1
0	89434	135.22569632	1
0	89436	135.22573728	1
0	89438	135.22577824	1
0	89440	135.2258192	1
0	89442	135.22586016	1
0	89444	135.22590112	1
0	89446	135.22594208	1
0	89448	135.22598304	1
0	89450	135.226024	1
0	89453	135.22657344	1
0	89457	135.2266144	1
0	89463	135.22665536	1
0	89470	135.22669632	1
0	89472	135.22673728	1
0	89474	135.22677824	1
0	89476	135.2268192	1
0	89478	135.22686016	1
0	89480	135.22690112	1
0	89482	135.22694208	1
0	89484	135.22698304	1
0	89486	135.227024	1
0	89489	135.22757344	1
0	89493	135.2276144	1
0	89499	135.22765536	1
0	89506	135.22769632	1
0	89508	135.22773728	1
0	89510	135.22777824	1
0	89512	135.2278192	1
0	89514	135.22786016	1
0	89516	135.22790112	1
0	89518	135.22794208	1
0	89520	135.22798304	1
0	89522	135.228024	1
0	89641	136.22757344	1
0	89653	136.2276144	1
0	89662	136.22765536	1
0	89671	136.22769632	1
0	89672	136.22773728	1
0	89673	136.22777824	1
0	89674	136.2278192	1
0	89675	136.22786016	1
0	89676	136.22790112	1
0	89677	136.22794208	1
0	89678	136.22798304	1
0	89679	136.228024	1
0	89701	136.22857344	1
0	89713	136.2286144	1
0	89723	136.22865536	1
0	89734	136.22869632	1
0	89736	136.22873728	1
0	89738	136.22877824	1
0	89740	136.2288192	1
0	89742	136.22886016	1
0	89744	136.22890112	1
0	89746	136.22894208	1
0	89748	136.22898304	1
0	89750	136.229024	1
0	89773	136.22957344	1
0	89785	136.2296144	1
0	89795	136.22965536	1
0	89806	136.22969632	1
0	89808	136.22973728	1
0	89810	136.22977824	1
0	89812	136.2298192	1
0	89814	136.22986016	1
0	89816	136.22990112	1
0	89818	136.22994208	1
0	89820	136.22998304	1
0	89822	136.230024	1
0	89845	136.23057344	1
0	89857	136.2306144	1
0	89867	136.23065536	1
0	89878	136.23069632	1
0	89880	136.23073728	1
0	89882	136.23077824	1
0	89884	136.2308192	1
0	89886	136.23086016	1
0	89888	136.23090112	1
0	89890	136.23094208	1
0	89892	136.23098304	1
0	89894	136.231024	1
0	89917	136.23157344	1
0	89929	136.2316144	1
0	89939	136.23165536	1
0	89950	136.23169632	1
0	89952	136.23173728	1
0	89954	136.23177824	1
0	89956	136.2318192	1
0	89958	136.23186016	1
0	89960	136.23190112	1
0	89962	136.23194208	1
0	89964	136.23198304	1
0	89966	136.232024	1
0	89989	136.23257344	1
0	90001	136.2326144	1
0	90011	136.23265536	1
0	90022	136.23269632	1
0	90024	136.23273728	1
0	90026	136.23277824	1
0	90028	136.2328192	1
0	90030	136.23286016	1
0	90032	136.23290112	1
0	90034	136.23294208	1
0	90036	136.23298304	1
0	90038	136.233024	1
0	90061	136.23357344	1
0	90073	136.2336144	1
0	90083	136.23365536	1
0	90094	136.23369632	1
0	90096	136.23373728	1
0	90098	136.23377824	1
0	90100	136.2338192	1
0	90102	136.23386016	1
0	90104	136.23390112	1
0	90106	136.23394208	1
0	90108	136.23398304	1
0	90110	136.234024	1
0	90121	136.23457344	1
0	90133	136.2346144	1
0	90143	136.23465536	1
0	90154	136.23469632	1
0	90156	136.23473728	1
0	90158	136.23477824	1
0	90160	136.2348192	1
0	90162	136.23486016	1
0	90164	136.23490112	1
0	90166	136.23494208	1
0	90168	136.23498304	1
0	90170	136.235024	1
0	90173	136.23557344	1
0	90177	136.2356144	1
0	90183	136.23565536	1
0	90190	136.23569632	1
0	90192	136.23573728	1
0	90194	136.23577824	1
0	90196	136.2358192	1
0	90198	136.23586016	1
0	90200	136.23590112	1
0	90202	136.23594208	1
0	90204	136.23598304	1
0	90206	136.236024	1
0	90209	136.23657344	1
0	90213	136.2366144	1
0	90219	136.23665536	1
0	90226	136.23669632	1
0	90228	136.23673728	1
0	90230	136.23677824	1
0	90232	136.2368192	1
0	90234	136.23686016	1
0	90236	136.23690112	1
0	90238	136.23694208	1
0	90240	136.23698304	1
0	90242	136.237024	1
0	90361	137.23657344	1
0	90373	137.2366144	1
0	90382	137.23665536	1
0	90391	137.23669632	1
0	90392	137.23673728	1
0	90393	137.23677824	1
0	90394	137.2368192	1
0	90395	137.23686016	1
0	90396	137.23690112	1
0	90397	137.23694208	1
0	90398	137.23698304	1
0	90399	137.237024	1
0	90421	137.23757344	1
0	90433	137.2376144	1
0	90443	137.23765536	1
0	90454	137.23769632	1
0	90456	137.23773728	1
0	90458	137.23777824	1
0	90460	137.2378192	1
0	90462	137.23786016	1
0	90464	137.23790112	1
0	90466	137.23794208	1
0	90468	137.23798304	1
0	90470	137.238024	1
0	90493	137.23857344	1
0	90505	137.2386144	1
0	90515	137.23865536	1
0	90526	137.23869632	1
0	90528	137.23873728	1
0	90530	137.23877824	1
0	90532	137.2388192	1
0	90534	137.23886016	1
0	90536	137.23890112	1
0	90538	137.23894208	1
0	90540	137.23898304	1
0	90542	137.239024	1
0	90565	137.23957344	1
0	90577	137.2396144	1
0	90587	137.23965536	1
0	90598	137.23969632	1
0	90600	137.23973728	1
0	90602	137.23977824	1
0	90604	137.2398192	1
0	90606	137.23986016	1
0	90608	137.23990112	1
0	90610	137.23994208	1
0	90612	137.23998304	1
0	90614	137.240024	1
0	90637	137.24057344	1
0	90649	137.2406144	1
0	90659	137.24065536	1
0	90670	137.24069632	1
0	90672	137.24073728	1
0	90674	137.24077824	1
0	90676	137.2408192	1
0	90678	137.24086016	1
0	90680	137.24090112	1
0	90682	137.24094208	1
0	90684	137.24098304	1
0	90686	137.241024	1
0	90709	137.24157344	1
0	90721	137.2416144	1
0	90731	137.24165536	1
0	90742	137.24169632	1
0	90744	137.24173728	1
0	90746	137.24177824	1
0	90748	137.2418192	1
0	90750	137.24186016	1
0	90752	137.24190112	1
0	90754	137.24194208	1
0	90756	137.24198304	1
0	90758	137.242024	1
0	90781	137.24257344	1
0	90793	137.2426144	1
0	90803	137.24265536	1
0	90814	137.24269632	1
0	90816	137.24273728	1
0	90818	137.24277824	1
0	90820	137.2428192	1
0	90822	137.24286016	1
0	90824	137.24290112	1
0	90826	137.24294208	1
0	90828	137.24298304	1
0	90830	137.243024	1
0	90841	137.24357344	1
0	90853	137.2436144	1
0	90863	137.24365536	1
0	90874	137.24369632	1
0	90876	137.24373728	1
0	90878	137.24377824	1
0	90880	137.2438192	1
0	90882	137.24386016	1
0	90884	137.24390112	1
0	90886	137.24394208	1
0	90888	137.24398304	1
0	90890	137.244024	1
0	90893	137.24457344	1
0	90897	137.2446144	1
0	90903	137.24465536	1
0	90910	137.24469632	1
0	90912	137.24473728	1
0	90914	137.24477824	1
0	90916	137.2448192	1
0	90918	137.24486016	1
0	90920	137.24490112	1
0	90922	137.24494208	1
0	90924	137.24498304	1
0	90926	137.245024	1
0	90929	137.24557344	1
0	90933	137.2456144	1
0	90939	137.24565536	1
0	90946	137.24569632	1
0	90948	137.24573728	1
0	90950	137.24577824	1
0	90952	137.2458192	1
0	90954	137.24586016	1
0	90956	137.24590112	1
0	90958	137.24594208	1
0	90960	137.24598304	1
0	90962	137.246024	1
0	91081	138.24557344	1
0	91093	138.2456144	1
0	91102	138.24565536	1
0	91111	138.24569632	1
0	91112	138.24573728	1
0	91113	138.24577824	1
0	91114	138.2458192	1
0	91115	138.24586016	1
0	91116	138.24590112	1
0	91117	138.24594208	1
0	91118	138.24598304	1
0	91119	138.246024	1
0	91141	138.24657344	1
0	91153	138.2466144	1
0	91163	138.24665536	1
0	91174	138.24669632	1
0	91176	138.24673728	1
0	91178	138.24677824	1
0	91180	138.2468192	1
0	91182	138.24686016	1
0	91184	138.24690112	1
0	91186	138.24694208	1
0	91188	138.24698304	1
0	91190	138.247024	1
0	91213	138.24757344	1
0	91225	138.2476144	1
0	91235	138.24765536	1
0	91246	138.24769632	1
0	91248	138.24773728	1
0	91250	138.24777824	1
0	91252	138.2478192	1
0	91254	138.24786016	1
0	91256	138.24790112	1
0	91258	138.24794208	1
0	91260	138.24798304	1
0	91262	138.248024	1
0	91285	138.24857344	1
0	91297	138.2486144	1
0	91307	138.24865536	1
0	91318	138.24869632	1
0	91320	138.24873728	1
0	91322	138.24877824	1
0	91324	138.2488192	1
0	91326	138.24886016	1
0	91328	138.24890112	1
0	91330	138.24894208	1
0	91332	138.24898304	1
0	91334	138.249024	1
0	91357	138.24957344	1
0	91369	138.2496144	1
0	91379	138.24965536	1
0	91390	138.24969632	1
0	91392	138.24973728	1
0	91394	138.24977824	1
0	91396	138.2498192	1
0	91398	138.24986016	1
0	91400	138.24990112	1
0	91402	138.24994208	1
0	91404	138.24998304	1
0	91406	138.250024	1
0	91429	138.25057344	1
0	91441	138.2506144	1
0	91451	138.25065536	1
0	91462	138.25069632	1
0	91464	138.25073728	1
0	91466	138.25077824	1
0	91468	138.2508192	1
0	91470	138.25086016	1
0	91472	138.25090112	1
0	91474	138.25094208	1
0	91476	138.25098304	1
0	91478	138.251024	1
0	91501	138.25157344	1
0	91513	138.2516144	1
0	91523	138.25165536	1
0	91534	138.25169632	1
0	91536	138.25173728	1
0	91538	138.25177824	1
0	91540	138.2518192	1
0	91542	138.25186016	1
0	91544	138.25190112	1
0	91546	138.25194208	1
0	91548	138.25198304	1
0	91550	138.252024	1
0	91561	138.25257344	1
0	91573	138.2526144	1
0	91583	138.25265536	1
0	91594	138.25269632	1
0	91596	138.25273728	1
0	91598	138.25277824	1
0	91600	138.2528192	1
0	91602	138.25286016	1
0	91604	138.25290112	1
0	91606	138.25294208	1
0	91608	138.25298304	1
0	91610	138.253024	1
0	91613	138.25357344	1
0	91617	138.2536144	1
0	91623	138.25365536	1
0	91630	138.25369632	1
0	91632	138.25373728	1
0	91634	138.25377824	1
0	91636	138.2538192	1
0	91638	138.25386016	1
0	91640	138.25390112	1
0	91642	138.25394208	1
0	91644	138.25398304	1
0	91646	138.254024	1
0	91649	138.25457344	1
0	91653	138.2546144	1
0	91659	138.25465536	1
0	91666	138.25469632	1
0	91668	138.25473728	1
0	91670	138.25477824	1
0	91672	138.2548192	1
0	91674	138.25486016	1
0	91676	138.25490112	1
0	91678	138.25494208	1
0	91680	138.25498304	1
0	91682	138.255024	1
0	91801	139.25457344	1
0	91813	139.2546144	1
0	91822	139.25465536	1
0	91831	139.25469632	1
0	91832	139.25473728	1
0	91833	139.25477824	1
0	91834	139.2548192	1
0	91835	139.25486016	1
0	91836	139.25490112	1
0	91837	139.25494208	1
0	91838	139.25498304	1
0	91839	139.255024	1
0	91861	139.25557344	1
0	91873	139.2556144	1
0	91883	139.25565536	1
0	91894	139.25569632	1
0	91896	139.25573728	1
0	91898	139.25577824	1
0	91900	139.2558192	1
0	91902	139.25586016	1
0	91904	139.25590112	1
0	91906	139.25594208	1
0	91908	139.25598304	1
0	91910	139.256024	1
0	91933	139.25657344	1
0	91945	139.2566144	1
0	91955	139.25665536	1
0	91966	139.25669632	1
0	91968	139.25673728	1
0	91970	139.25677824	1
0	91972	139.2568192	1
0	91974	139.25686016	1
0	91976	139.25690112	1
0	91978	139.25694208	1
0	91980	139.25698304	1
0	91982	139.257024	1
0	92005	139.25757344	1
0	92017	139.2576144	1
0	92027	139.25765536	1
0	92038	139.25769632	1
0	92040	139.25773728	1
0	92042	139.25777824	1
0	92044	139.2578192	1
0	92046	139.25786016	1
0	92048	139.25790112	1
0	92050	139.25794208	1
0	92052	139.25798304	1
0	92054	139.258024	1
0	92077	139.25857344	1
0	92089	139.2586144	1
0	92099	139.25865536	1
0	92110	139.25869632	1
0	92112	139.25873728	1
0	92114	139.25877824	1
0	92116	139.2588192	1
0	92118	139.25886016	1
0	92120	139.25890112	1
0	92122	139.25894208	1
0	92124	139.25898304	1
0	92126	139.259024	1
0	92149	139.25957344	1
0	92161	139.2596144	1
0	92171	139.25965536	1
0	92182	139.25969632	1
0	92184	139.25973728	1
0	92186	139.25977824	1
0	92188	139.2598192	1
0	92190	139.25986016	1
0	92192	139.25990112	1
0	92194	139.25994208	1
0	92196	139.25998304	1
0	92198	139.260024	1
0	92221	139.26057344	1
0	92233	139.2606144	1
0	92243	139.26065536	1
0	92254	139.26069632	1
0	92256	139.26073728	1
0	92258	139.26077824	1
0	92260	139.2608192	1
0	92262	139.26086016	1
0	92264	139.26090112	1
0	92266	139.26094208	1
0	92268	139.26098304	1
0	92270	139.261024	1
0	92281	139.26157344	1
0	92293	139.2616144	1
0	92303	139.26165536	1
0	92314	139.26169632	1
0	92316	139.26173728	1
0	92318	139.26177824	1
0	92320	139.2618192	1
0	92322	139.26186016	1
0	92324	139.26190112	1
0	92326	139.26194208	1
0	92328	139.26198304	1
0	92330	139.262024	1
0	92333	139.26257344	1
0	92337	139.2626144	1
0	92343	139.26265536	1
0	92350	139.26269632	1
0	92352	139.26273728	1
0	92354	139.26277824	1
0	92356	139.2628192	1
0	92358	139.26286016	1
0	92360	139.26290112	1
0	92362	139.26294208	1
0	92364	139.26298304	1
0	92366	139.263024	1
0	92369	139.26357344	1
0	92373	139.2636144	1
0	92379	139.26365536	1
0	92386	139.26369632	1
0	92388	139.26373728	1
0	92390	139.26377824	1
0	92392	139.2638192	1
0	92394	139.26386016	1
0	92396	139.26390112	1
0	92398	139.26394208	1
0	92400	139.26398304	1
0	92402	139.264024	1
0	92521	140.26357344	1
0	92533	140.2636144	1
0	92542	140.26365536	1
0	92551	140.26369632	1
0	92552	140.26373728	1
0	92553	140.26377824	1
0	92554	140.2638192	1
0	92555	140.26386016	1
0	92556	140.26390112	1
0	92557	140.26394208	1
0	92558	140.26398304	1
0	92559	140.264024	1
0	92581	140.26457344	1
0	92593	140.2646144	1
0	92603	140.26465536	1
0	92614	140.26469632	1
0	92616	140.26473728	1
0	92618	140.26477824	1
0	92620	140.2648192	1
0	92622	140.26486016	1
0	92624	140.26490112	1
0	92626	140.26494208	1
0	92628	140.26498304	1
0	92630	140.265024	1
0	92653	140.26557344	1
0	92665	140.2656144	1
0	92675	140.26565536	1
0	92686	140.26569632	1
0	92688	140.26573728	1
0	92690	140.26577824	1
0	92692	140.2658192	1
0	92694	140.26586016	1
0	92696	140.26590112	1
0	92698	140.26594208	1
0	92700	140.26598304	1
0	92702	140.266024	1
0	92725	140.26657344	1
0	92737	140.2666144	1
0	92747	140.26665536	1
0	92758	140.26669632	1
0	92760	140.26673728	1
0	92762	140.26677824	1
0	92764	140.2668192	1
0	92766	140.26686016	1
0	92768	140.26690112	1
0	92770	140.26694208	1
0	92772	140.26698304	1
0	92774	140.267024	1
0	92797	140.26757344	1
0	92809	140.2676144	1
0	92819	140.26765536	1
0	92830	140.26769632	1
0	92832	140.26773728	1
0	92834	140.26777824	1
0	92836	140.2678192	1
0	92838	140.26786016	1
0	92840	140.26790112	1
0	92842	140.26794208	1
0	92844	140.26798304	1
0	92846	140.268024	1
0	92869	140.26857344	1
0	92881	140.2686144	1
0	92891	140.26865536	1
0	92902	140.26869632	1
0	92904	140.26873728	1
0	92906	140.26877824	1
0	92908	140.2688192	1
0	92910	140.26886016	1
0	92912	140.26890112	1
0	92914	140.26894208	1
0	92916	140.26898304	1
0	92918	140.269024	1
0	92941	140.26957344	1
0	92953	140.2696144	1
0	92963	140.26965536	1
0	92974	140.26969632	1
0	92976	140.26973728	1
0	92978	140.26977824	1
0	92980	140.2698192	1
0	92982	140.26986016	1
0	92984	140.26990112	1
0	92986	140.26994208	1
0	92988	140.26998304	1
0	92990	140.270024	1
0	93001	140.27057344	1
0	93013	140.2706144	1
0	93023	140.27065536	1
0	93034	140.27069632	1
0	93036	140.27073728	1
0	93038	140.27077824	1
0	93040	140.2708192	1
0	93042	140.27086016	1
0	93044	140.27090112	1
0	93046	140.27094208	1
0	93048	140.27098304	1
0	93050	140.271024	1
0	93053	140.27157344	1
0	93057	140.2716144	1
0	93063	140.27165536	1
0	93070	140.27169632	1
0	93072	140.27173728	1
0	93074	140.27177824	1
0	93076	140.2718192	1
0	93078	140.27186016	1
0	93080	140.27190112	1
0	93082	140.27194208	1
0	93084	140.27198304	1
0	93086	140.272024	1
0	93089	140.27257344	1
0	93093	140.2726144	1
0	93099	140.27265536	1
0	93106	140.27269632	1
0	93108	140.27273728	1
0	93110	140.27277824	1
0	93112	140.2728192	1
0	93114	140.27286016	1
0	93116	140.27290112	1
0	93118	140.27294208	1
0	93120	140.27298304	1
0	93122	140.273024	1
0	93241	141.27257344	1
0	93253	141.2726144	1
0	93262	141.27265536	1
0	93271	141.27269632	1
0	93272	141.27273728	1
0	93273	141.27277824	1
0	93274	141.2728192	1
0	93275	141.27286016	1
0	93276	141.27290112	1
0	93277	141.27294208	1
0	93278	141.27298304	1
0	93279	141.273024	1
0	93301	141.27357344	1
0	93313	141.2736144	1
0	93323	141.27365536	1
0	93334	141.27369632	1
0	93336	141.27373728	1
0	93338	141.27377824	1
0	93340	141.2738192	1
0	93342	141.27386016	1
0	93344	141.27390112	1
0	93346	141.27394208	1
0	93348	141.27398304	1
0	93350	141.274024	1
0	93373	141.27457344	1
0	93385	141.2746144	1
0	93395	141.27465536	1
0	93406	141.27469632	1
0	93408	141.27473728	1
0	93410	141.27477824	1
0	93412	141.2748192	1
0	93414	141.27486016	1
0	93416	141.27490112	1
0	93418	141.27494208	1
0	93420	141.27498304	1
0	93422	141.275024	1
0	93445	141.27557344	1
0	93457	141.2756144	1
0	93467	141.27565536	1
0	93478	141.27569632	1
0	93480	141.27573728	1
0	93482	141.27577824	1
0	93484	141.2758192	1
0	93486	141.27586016	1
0	93488	141.27590112	1
0	93490	141.27594208	1
0	93492	141.27598304	1
0	93494	141.276024	1
0	93517	141.27657344	1
0	93529	141.2766144	1
0	93539	141.27665536	1
0	93550	141.27669632	1
0	93552	141.27673728	1
0	93554	141.27677824	1
0	93556	141.2768192	1
0	93558	141.27686016	1
0	93560	141.27690112	1
0	93562	141.27694208	1
0	93564	141.27698304	1
0	93566	141.277024	1
0	93589	141.27757344	1
0	93601	141.2776144	1
0	93611	141.27765536	1
0	93622	141.27769632	1
0	93624	141.27773728	1
0	93626	141.27777824	1
0	93628	141.2778192	1
0	93630	141.27786016	1
0	93632	141.27790112	1
0	93634	141.27794208	1
0	93636	141.27798304	1
0	93638	141.278024	1
0	93661	141.27857344	1
0	93673	141.2786144	1
0	93683	141.27865536	1
0	93694	141.27869632	1
0	93696	141.27873728	1
0	93698	141.27877824	1
0	93700	141.2788192	1
0	93702	141.27886016	1
0	93704	141.27890112	1
0	93706	141.27894208	1
0	93708	141.27898304	1
0	93710	141.279024	1
0	93721	141.27957344	1
0	93733	141.2796144	1
0	93743	141.27965536	1
0	93754	141.27969632	1
0	93756	141.27973728	1
0	93758	141.27977824	1
0	93760	141.2798192	1
0	93762	141.27986016	1
0	93764	141.27990112	1
0	93766	141.27994208	1
0	93768	141.27998304	1
0	93770	141.280024	1
0	93773	141.28057344	1
0	93777	141.2806144	1
0	93783	141.28065536	1
0	93790	141.28069632	1
0	93792	141.28073728	1
0	93794	141.28077824	1
0	93796	141.2808192	1
0	93798	141.28086016	1
0	93800	141.28090112	1
0	93802	141.28094208	1
0	93804	141.28098304	1
0	93806	141.281024	1
0	93809	141.28157344	1
0	93813	141.2816144	1
0	93819	141.28165536	1
0	93826	141.28169632	1
0	93828	141.28173728	1
0	93830	141.28177824	1
0	93832	141.2818192	1
0	93834	141.28186016	1
0	93836	141.28190112	1
0	93838	141.28194208	1
0	93840	141.28198304	1
0	93842	141.282024	1
0	93961	142.28157344	1
0	93973	142.2816144	1
0	93982	142.28165536	1
0	93991	142.28169632	1
0	93992	142.28173728	1
0	93993	142.28177824	1
0	93994	142.2818192	1
0	93995	142.28186016	1
0	93996	142.28190112	1
0	93997	142.28194208	1
0	93998	142.28198304	1
0	93999	142.282024	1
0	94021	142.28257344	1
0	94033	142.2826144	1
0	94043	142.28265536	1
0	94054	142.28269632	1
0	94056	142.28273728	1
0	94058	142.28277824	1
0	94060	142.2828192	1
0	94062	142.28286016	1
0	94064	142.28290112	1
0	94066	142.28294208	1
0	94068	142.28298304	1
0	94070	142.283024	1
0	94093	142.28357344	1
0	94105	142.2836144	1
0	94115	142.28365536	1
0	94126	142.28369632	1
0	94128	142.28373728	1
0	94130	142.28377824	1
0	94132	142.2838192	1
0	94134	142.28386016	1
0	94136	142.28390112	1
0	94138	142.28394208	1
0	94140	142.28398304	1
0	94142	142.284024	1
0	94165	142.28457344	1
0	94177	142.2846144	1
0	94187	142.28465536	1
0	94198	142.28469632	1
0	94200	142.28473728	1
0	94202	142.28477824	1
0	94204	142.2848192	1
0	94206	142.28486016	1
0	94208	142.28490112	1
0	94210	142.28494208	1
0	94212	142.28498304	1
0	94214	142.285024	1
0	94237	142.28557344	1
0	94249	142.2856144	1
0	94259	142.28565536	1
0	94270	142.28569632	1
0	94272	142.28573728	1
0	94274	142.28577824	1
0	94276	142.2858192	1
0	94278	142.28586016	1
0	94280	142.28590112	1
0	94282	142.28594208	1
0	94284	142.28598304	1
0	94286	142.286024	1
0	94309	142.28657344	1
0	94321	142.2866144	1
0	94331	142.28665536	1
0	94342	142.28669632	1
0	94344	142.28673728	1
0	94346	142.28677824	1
0	94348	142.2868192	1
0	94350	142.28686016	1
0	94352	142.28690112	1
0	94354	142.28694208	1
0	94356	142.28698304	1
0	94358	142.287024	1
0	94381	142.28757344	1
0	94393	142.2876144	1
0	94403	142.28765536	1
0	94414	142.28769632	1
0	94416	142.28773728	1
0	94418	142.28777824	1
0	94420	142.2878192	1
0	94422	142.28786016	1
0	94424	142.28790112	1
0	94426	142.28794208	1
0	94428	142.28798304	1
0	94430	142.288024	1
0	94441	142.28857344	1
0	94453	142.2886144	1
0	94463	142.28865536	1
0	94474	142.28869632	1
0	94476	142.28873728	1
0	94478	142.28877824	1
0	94480	142.2888192	1
0	94482	142.28886016	1
0	94484	142.28890112	1
0	94486	142.28894208	1
0	94488	142.28898304	1
0	94490	142.289024	1
0	94493	142.28957344	1
0	94497	142.2896144	1
0	94503	142.28965536	1
0	94510	142.28969632	1
0	94512	142.28973728	1
0	94514	142.28977824	1
0	94516	142.2898192	1
0	94518	142.28986016	1
0	94520	142.28990112	1
0	94522	142.28994208	1
0	94524	142.28998304	1
0	94526	142.290024	1
0	94529	142.29057344	1
0	94533	142.2906144	1
0	94539	142.29065536	1
0	94546	142.29069632	1
0	94548	142.29073728	1
0	94550	142.29077824	1
0	94552	142.2908192	1
0	94554	142.29086016	1
0	94556	142.29090112	1
0	94558	142.29094208	1
0	94560	142.29098304	1
0	94562	142.291024	1
0	94681	143.29057344	1
0	94693	143.2906144	1
0	94702	143.29065536	1
0	94711	143.29069632	1
0	94712	143.29073728	1
0	94713	143.29077824	1
0	94714	143.2908192	1
0	94715	143.29086016	1
0	94716	143.29090112	1
0	94717	143.29094208	1
0	94718	143.29098304	1
0	94719	143.291024	1
0	94741	143.29157344	1
0	94753	143.2916144	1
0	94763	143.29165536	1
0	94774	143.29169632	1
0	94776	143.29173728	1
0	94778	143.29177824	1
0	94780	143.2918192	1
0	94782	143.29186016	1
0	94784	143.29190112	1
0	94786	143.29194208	1
0	94788	143.29198304	1
0	94790	143.292024	1
0	94813	143.29257344	1
0	94825	143.2926144	1
0	94835	143.29265536	1
0	94846	143.29269632	1
0	94848	143.29273728	1
0	94850	143.29277824	1
0	94852	143.2928192	1
0	94854	143.29286016	1
0	94856	143.29290112	1
0	94858	143.29294208	1
0	94860	143.29298304	1
0	94862	143.293024	1
0	94885	143.29357344	1
0	94897	143.2936144	1
0	94907	143.29365536	1
0	94918	143.29369632	1
0	94920	143.29373728	1
0	94922	143.29377824	1
0	94924	143.2938192	1
0	94926	143.29386016	1
0	94928	143.29390112	1
0	94930	143.29394208	1
0	94932	143.29398304	1
0	94934	143.294024	1
0	94957	143.29457344	1
0	94969	143.2946144	1
0	94979	143.29465536	1
0	94990	143.29469632	1
0	94992	143.29473728	1
0	94994	143.29477824	1
0	94996	143.2948192	1
0	94998	143.29486016	1
0	95000	143.29490112	1
0	95002	143.29494208	1
0	95004	143.29498304	1
0	95006	143.295024	1
0	95029	143.29557344	1
0	95041	143.2956144	1
0	95051	143.29565536	1
0	95062	143.29569632	1
0	95064	143.29573728	1
0	95066	143.29577824	1
0	95068	143.2958192	1
0	95070	143.29586016	1
0	95072	143.29590112	1
0	95074	143.29594208	1
0	95076	143.29598304	1
0	95078	143.296024	1
0	95101	143.29657344	1
0	95113	143.2966144	1
0	95123	143.29665536	1
0	95134	143.29669632	1
0	95136	143.29673728	1
0	95138	143.29677824	1
0	95140	143.2968192	1
0	95142	143.29686016	1
0	95144	143.29690112	1
0	95146	143.29694208	1
0	95148	143.29698304	1
0	95150	143.297024	1
0	95161	143.29757344	1
0	95173	143.2976144	1
0	95183	143.29765536	1
0	95194	143.29769632	1
0	95196	143.29773728	1
0	95198	143.29777824	1
0	95200	143.2978192	1
0	95202	143.29786016	1
0	95204	143.29790112	1
0	95206	143.29794208	1
0	95208	143.29798304	1
0	95210	143.298024	1
0	95213	143.29857344	1
0	95217	143.2986144	1
0	95223	143.29865536	1
0	95230	143.29869632	1
0	95232	143.29873728	1
0	95234	143.29877824	1
0	95236	143.2988192	1
0	95238	143.29886016	1
0	95240	143.29890112	1
0	95242	143.29894208	1
0	95244	143.29898304	1
0	95246	143.299024	1
0	95249	143.29957344	1
0	95253	143.2996144	1
0	95259	143.29965536	1
0	95266	143.29969632	1
0	95268	143.29973728	1
0	95270	143.29977824	1
0	95272	143.2998192	1
0	95274	143.29986016	1
0	95276	143.29990112	1
0	95278	143.29994208	1
0	95280	143.29998304	1
0	95282	143.300024	1
0	95401	144.29957344	1
0	95413	144.2996144	1
0	95422	144.29965536	1
0	95431	144.29969632	1
0	95432	144.29973728	1
0	95433	144.29977824	1
0	95434	144.2998192	1
0	95435	144.29986016	1
0	95436	144.29990112	1
0	95437	144.29994208	1
0	95438	144.29998304	1
0	95439	144.300024	1
0	95461	144.30057344	1
0	95473	144.3006144	1
0	95483	144.30065536	1
0	95494	144.30069632	1
0	95496	144.30073728	1
0	95498	144.30077824	1
0	95500	144.3008192	1
0	95502	144.30086016	1
0	95504	144.30090112	1
0	95506	144.30094208	1
0	95508	144.30098304	1
0	95510	144.301024	1
0	95533	144.30157344	1
0	95545	144.3016144	1
0	95555	144.30165536	1
0	95566	144.30169632	1
0	95568	144.30173728	1
0	95570	144.30177824	1
0	95572	144.3018192	1
0	95574	144.30186016	1
0	95576	144.30190112	1
0	95578	144.30194208	1
0	95580	144.30198304	1
0	95582	144.302024	1
0	95605	144.30257344	1
0	95617	144.3026144	1
0	95627	144.30265536	1
0	95638	144.30269632	1
0	95640	144.30273728	1
0	95642	144.30277824	1
0	95644	144.3028192	1
0	95646	144.30286016	1
0	95648	144.30290112	1
0	95650	144.30294208	1
0	95652	144.30298304	1
0	95654	144.303024	1
0	95677	144.30357344	1
0	95689	144.3036144	1
0	95699	144.30365536	1
0	95710	144.30369632	1
0	95712	144.30373728	1
0	95714	144.30377824	1
0	95716	144.3038192	1
0	95718	144.30386016	1
0	95720	144.30390112	1
0	95722	144.30394208	1
0	95724	144.30398304	1
0	95726	144.304024	1
0	95749	144.30457344	1
0	95761	144.3046144	1
0	95771	144.30465536	1
0	95782	144.30469632	1
0	95784	144.30473728	1
0	95786	144.30477824	1
0	95788	144.3048192	1
0	95790	144.30486016	1
0	95792	144.30490112	1
0	95794	144.30494208	1
0	95796	144.30498304	1
0	95798	144.305024	1
0	95821	144.30557344	1
0	95833	144.3056144	1
0	95843	144.30565536	1
0	95854	144.30569632	1
0	95856	144.30573728	1
0	95858	144.30577824	1
0	95860	144.3058192	1
0	95862	144.30586016	1
0	95864	144.30590112	1
0	95866	144.30594208	1
0	95868	144.30598304	1
0	95870	144.306024	1
0	95881	144.30657344	1
0	95893	144.3066144	1
0	95903	144.30665536	1
0	95914	144.30669632	1
0	95916	144.30673728	1
0	95918	144.30677824	1
0	95920	144.3068192	1
0	95922	144.30686016	1
0	95924	144.30690112	1
0	95926	144.30694208	1
0	95928	144.30698304	1
0	95930	144.307024	1
0	95933	144.30757344	1
0	95937	144.3076144	1
0	95943	144.30765536	1
0	95950	144.30769632	1
0	95952	144.30773728	1
0	95954	144.30777824	1
0	95956	144.3078192	1
0	95958	144.30786016	1
0	95960	144.30790112	1
0	95962	144.30794208	1
0	95964	144.30798304	1
0	95966	144.308024	1
0	95969	144.30857344	1
0	95973	144.3086144	1
0	95979	144.30865536	1
0	95986	144.30869632	1
0	95988	144.30873728	1
0	95990	144.30877824	1
0	95992	144.3088192	1
0	95994	144.30886016	1
0	95996	144.30890112	1
0	95998	144.30894208	1
0	96000	144.30898304	1
0	96002	144.309024	1
0	96121	145.30857344	1
0	96133	145.3086144	1
0	96142	145.30865536	1
0	96151	145.30869632	1
0	96152	145.30873728	1
0	96153	145.30877824	1
0	96154	145.3088192	1
0	96155	145.30886016	1
0	96156	145.30890112	1
0	96157	145.30894208	1
0	96158	145.30898304	1
0	96159	145.309024	1
0	96181	145.30957344	1
0	96193	145.3096144	1
0	96203	145.30965536	1
0	96214	145.30969632	1
0	96216	145.30973728	1
0	96218	145.30977824	1
0	96220	145.3098192	1
0	96222	145.30986016	1
0	96224	145.30990112	1
0	96226	145.30994208	1
0	96228	145.30998304	1
0	96230	145.310024	1
0	96253	145.31057344	1
0	96265	145.3106144	1
0	96275	145.31065536	1
0	96286	145.31069632	1
0	96288	145.31073728	1
0	96290	145.31077824	1
0	96292	145.3108192	1
0	96294	145.31086016	1
0	96296	145.31090112	1
0	96298	145.31094208	1
0	96300	145.31098304	1
0	96302	145.311024	1
0	96325	145.31157344	1
0	96337	145.3116144	1
0	96347	145.31165536	1
0	96358	145.31169632	1
0	96360	145.31173728	1
0	96362	145.31177824	1
0	96364	145.3118192	1
0	96366	145.31186016	1
0	96368	145.31190112	1
0	96370	145.31194208	1
0	96372	145.31198304	1
0	96374	145.312024	1
0	96397	145.31257344	1
0	96409	145.3126144	1
0	96419	145.31265536	1
0	96430	145.31269632	1
0	96432	145.31273728	1
0	96434	145.31277824	1
0	96436	145.3128192	1
0	96438	145.31286016	1
0	96440	145.31290112	1
0	96442	145.31294208	1
0	96444	145.31298304	1
0	96446	145.313024	1
0	96469	145.31357344	1
0	96481	145.3136144	1
0	96491	145.31365536	1
0	96502	145.31369632	1
0	96504	145.31373728	1
0	96506	145.31377824	1
0	96508	145.3138192	1
0	96510	145.31386016	1
0	96512	145.31390112	1
0	96514	145.31394208	1
0	96516	145.31398304	1
0	96518	145.314024	1
0	96541	145.31457344	1
0	96553	145.3146144	1
0	96563	145.31465536	1
0	96574	145.31469632	1
0	96576	145.31473728	1
0	96578	145.31477824	1
0	96580	145.3148192	1
0	96582	145.31486016	1
0	96584	145.31490112	1
0	96586	145.31494208	1
0	96588	145.31498304	1
0	96590	145.315024	1
0	96601	145.31557344	1
0	96613	145.3156144	1
0	96623	145.31565536	1
0	96634	145.31569632	1
0	96636	145.31573728	1
0	96638	145.31577824	1
0	96640	145.3158192	1
0	96642	145.31586016	1
0	96644	145.31590112	1
0	96646	145.31594208	1
0	96648	145.31598304	1
0	96650	145.316024	1
0	96653	145.31657344	1
0	96657	145.3166144	1
0	96663	145.31665536	1
0	96670	145.31669632	1
0	96672	145.31673728	1
0	96674	145.31677824	1
0	96676	145.3168192	1
0	96678	145.31686016	1
0	96680	145.31690112	1
0	96682	145.31694208	1
0	96684	145.31698304	1
0	96686	145.317024	1
0	96689	145.31757344	1
0	96693	145.3176144	1
0	96699	145.31765536	1
0	96706	145.31769632	1
0	96708	145.31773728	1
0	96710	145.31777824	1
0	96712	145.3178192	1
0	96714	145.31786016	1
0	96716	145.31790112	1
0	96718	145.31794208	1
0	96720	145.31798304	1
0	96722	145.318024	1
0	96841	146.31757344	1
0	96853	146.3176144	1
0	96862	146.31765536	1
0	96871	146.31769632	1
0	96872	146.31773728	1
0	96873	146.31777824	1
0	96874	146.3178192	1
0	96875	146.31786016	1
0	96876	146.31790112	1
0	96877	146.31794208	1
0	96878	146.31798304	1
0	96879	146.318024	1
0	96901	146.31857344	1
0	96913	146.3186144	1
0	96923	146.31865536	1
0	96934	146.31869632	1
0	96936	146.31873728	1
0	96938	146.31877824	1
0	96940	146.3188192	1
0	96942	146.31886016	1
0	96944	146.31890112	1
0	96946	146.31894208	1
0	96948	146.31898304	1
0	96950	146.319024	1
0	96973	146.31957344	1
0	96985	146.3196144	1
0	96995	146.31965536	1
0	97006	146.31969632	1
0	97008	146.31973728	1
0	97010	146.31977824	1
0	97012	146.3198192	1
0	97014	146.31986016	1
0	97016	146.31990112	1
0	97018	146.31994208	1
0	97020	146.31998304	1
0	97022	146.320024	1
0	97045	146.32057344	1
0	97057	146.3206144	1
0	97067	146.32065536	1
0	97078	146.32069632	1
0	97080	146.32073728	1
0	97082	146.32077824	1
0	97084	146.3208192	1
0	97086	146.32086016	1
0	97088	146.32090112	1
0	97090	146.32094208	1
0	97092	146.32098304	1
0	97094	146.321024	1
0	97117	146.32157344	1
0	97129	146.3216144	1
0	97139	146.32165536	1
0	97150	146.32169632	1
0	97152	146.32173728	1
0	97154	146.32177824	1
0	97156	146.3218192	1
0	97158	146.32186016	1
0	97160	146.32190112	1
0	97162	146.32194208	1
0	97164	146.32198304	1
0	97166	146.322024	1
0	97189	146.32257344	1
0	97201	146.3226144	1
0	97211	146.32265536	1
0	97222	146.32269632	1
0	97224	146.32273728	1
0	97226	146.32277824	1
0	97228	146.3228192	1
0	97230	146.32286016	1
0	97232	146.32290112	1
0	97234	146.32294208	1
0	97236	146.32298304	1
0	97238	146.323024	1
0	97261	146.32357344	1
0	97273	146.3236144	1
0	97283	146.32365536	1
0	97294	146.32369632	1
0	97296	146.32373728	1
0	97298	146.32377824	1
0	97300	146.3238192	1
0	97302	146.32386016	1
0	97304	146.32390112	1
0	97306	146.32394208	1
0	97308	146.32398304	1
0	97310	146.324024	1
0	97321	146.32457344	1
0	97333	146.3246144	1
0	97343	146.32465536	1
0	97354	146.32469632	1
0	97356	146.32473728	1
0	97358	146.32477824	1
0	97360	146.3248192	1
0	97362	146.32486016	1
0	97364	146.32490112	1
0	97366	146.32494208	1
0	97368	146.32498304	1
0	97370	146.325024	1
0	97373	146.32557344	1
0	97377	146.3256144	1
0	97383	146.32565536	1
0	97390	146.32569632	1
0	97392	146.32573728	1
0	97394	146.32577824	1
0	97396	146.3258192	1
0	97398	146.32586016	1
0	97400	146.32590112	1
0	97402	146.32594208	1
0	97404	146.32598304	1
0	97406	146.326024	1
0	97409	146.32657344	1
0	97413	146.3266144	1
0	97419	146.32665536	1
0	97426	146.32669632	1
0	97428	146.32673728	1
0	97430	146.32677824	1
0	97432	146.3268192	1
0	97434	146.32686016	1
0	97436	146.32690112	1
0	97438	146.32694208	1
0	97440	146.32698304	1
0	97442	146.327024	1
0	97561	147.32657344	1
0	97573	147.3266144	1
0	97582	147.32665536	1
0	97591	147.32669632	1
0	97592	147.32673728	1
0	97593	147.32677824	1
0	97594	147.3268192	1
0	97595	147.32686016	1
0	97596	147.32690112	1
0	97597	147.32694208	1
0	97598	147.32698304	1
0	97599	147.327024	1
0	97621	147.32757344	1
0	97633	147.3276144	1
0	97643	147.32765536	1
0	97654	147.32769632	1
0	97656	147.32773728	1
0	97658	147.32777824	1
0	97660	147.3278192	1
0	97662	147.32786016	1
0	97664	147.32790112	1
0	97666	147.32794208	1
0	97668	147.32798304	1
0	97670	147.328024	1
0	97693	147.32857344	1
0	97705	147.3286144	1
0	97715	147.32865536	1
0	97726	147.32869632	1
0	97728	147.32873728	1
0	97730	147.32877824	1
0	97732	147.3288192	1
0	97734	147.32886016	1
0	97736	147.32890112	1
0	97738	147.32894208	1
0	97740	147.32898304	1
0	97742	147.329024	1
0	97765	147.32957344	1
0	97777	147.3296144	1
0	97787	147.32965536	1
0	97798	147.32969632	1
0	97800	147.32973728	1
0	97802	147.32977824	1
0	97804	147.3298192	1
0	97806	147.32986016	1
0	97808	147.32990112	1
0	97810	147.32994208	1
0	97812	147.32998304	1
0	97814	147.330024	1
0	97837	147.33057344	1
0	97849	147.3306144	1
0	97859	147.33065536	1
0	97870	147.33069632	1
0	97872	147.33073728	1
0	97874	147.33077824	1
0	97876	147.3308192	1
0	97878	147.33086016	1
0	97880	147.33090112	1
0	97882	147.33094208	1
0	97884	147.33098304	1
0	97886	147.331024	1
0	97909	147.33157344	1
0	97921	147.3316144	1
0	97931	147.33165536	1
0	97942	147.33169632	1
0	97944	147.33173728	1
0	97946	147.33177824	1
0	97948	147.3318192	1
0	97950	147.33186016	1
0	97952	147.33190112	1
0	97954	147.33194208	1
0	97956	147.33198304	1
0	97958	147.332024	1
0	97981	147.33257344	1
0	97993	147.3326144	1
0	98003	147.33265536	1
0	98014	147.33269632	1
0	98016	147.33273728	1
0	98018	147.33277824	1
0	98020	147.3328192	1
0	98022	147.33286016	1
0	98024	147.33290112	1
0	98026	147.33294208	1
0	98028	147.33298304	1
0	98030	147.333024	1
0	98041	147.33357344	1
0	98053	147.3336144	1
0	98063	147.33365536	1
0	98074	147.33369632	1
0	98076	147.33373728	1
0	98078	147.33377824	1
0	98080	147.3338192	1
0	98082	147.33386016	1
0	98084	147.33390112	1
0	98086	147.33394208	1
0	98088	147.33398304	1
0	98090	147.334024	1
0	98093	147.33457344	1
0	98097	147.3346144	1
0	98103	147.33465536	1
0	98110	147.33469632	1
0	98112	147.33473728	1
0	98114	147.33477824	1
0	98116	147.3348192	1
0	98118	147.33486016	1
0	98120	147.33490112	1
0	98122	147.33494208	1
0	98124	147.33498304	1
0	98126	147.335024	1
0	98129	147.33557344	1
0	98133	147.3356144	1
0	98139	147.33565536	1
0	98146	147.33569632	1
0	98148	147.33573728	1
0	98150	147.33577824	1
0	98152	147.3358192	1
0	98154	147.33586016	1
0	98156	147.33590112	1
0	98158	147.33594208	1
0	98160	147.33598304	1
0	98162	147.336024	1
0	98281	148.33557344	1
0	98293	148.3356144	1
0	98302	148.33565536	1
0	98311	148.33569632	1
0	98312	148.33573728	1
0	98313	148.33577824	1
0	98314	148.3358192	1
0	98315	148.33586016	1
0	98316	148.33590112	1
0	98317	148.33594208	1
0	98318	148.33598304	1
0	98319	148.336024	1
0	98341	148.33657344	1
0	98353	148.3366144	1
0	98363	148.33665536	1
0	98374	148.33669632	1
0	98376	148.33673728	1
0	98378	148.33677824	1
0	98380	148.3368192	1
0	98382	148.33686016	1
0	98384	148.33690112	1
0	98386	148.33694208	1
0	98388	148.33698304	1
0	98390	148.337024	1
0	98413	148.33757344	1
0	98425	148.3376144	1
0	98435	148.33765536	1
0	98446	148.33769632	1
0	98448	148.33773728	1
0	98450	148.33777824	1
0	98452	148.3378192	1
0	98454	148.33786016	1
0	98456	148.33790112	1
0	98458	148.33794208	1
0	98460	148.33798304	1
0	98462	148.338024	1
0	98485	148.33857344	1
0	98497	148.3386144	1
0	98507	148.33865536	1
0	98518	148.33869632	1
0	98520	148.33873728	1
0	98522	148.33877824	1
0	98524	148.3388192	1
0	98526	148.33886016	1
0	98528	148.33890112	1
0	98530	148.33894208	1
0	98532	148.33898304	1
0	98534	148.339024	1
0	98557	148.33957344	1
0	98569	148.3396144	1
0	98579	148.33965536	1
0	98590	148.33969632	1
0	98592	148.33973728	1
0	98594	148.33977824	1
0	98596	148.3398192	1
0	98598	148.33986016	1
0	98600	148.33990112	1
0	98602	148.33994208	1
0	98604	148.33998304	1
0	98606	148.340024	1
0	98629	148.34057344	1
0	98641	148.3406144	1
0	98651	148.34065536	1
0	98662	148.34069632	1
0	98664	148.34073728	1
0	98666	148.34077824	1
0	98668	148.3408192	1
0	98670	148.34086016	1
0	98672	148.34090112	1
0	98674	148.34094208	1
0	98676	148.34098304	1
0	98678	148.341024	1
0	98701	148.34157344	1
0	98713	148.3416144	1
0	98723	148.34165536	1
0	98734	148.34169632	1
0	98736	148.34173728	1
0	98738	148.34177824	1
0	98740	148.3418192	1
0	98742	148.34186016	1
0	98744	148.34190112	1
0	98746	148.34194208	1
0	98748	148.34198304	1
0	98750	148.342024	1
0	98761	148.34257344	1
0	98773	148.3426144	1
0	98783	148.34265536	1
0	98794	148.34269632	1
0	98796	148.34273728	1
0	98798	148.34277824	1
0	98800	148.3428192	1
0	98802	148.34286016	1
0	98804	148.34290112	1
0	98806	148.34294208	1
0	98808	148.34298304	1
0	98810	148.343024	1
0	98813	148.34357344	1
0	98817	148.3436144	1
0	98823	148.34365536	1
0	98830	148.34369632	1
0	98832	148.34373728	1
0	98834	148.34377824	1
0	98836	148.3438192	1
0	98838	148.34386016	1
0	98840	148.34390112	1
0	98842	148.34394208	1
0	98844	148.34398304	1
0	98846	148.344024	1
0	98849	148.34457344	1
0	98853	148.3446144	1
0	98859	148.34465536	1
0	98866	148.34469632	1
0	98868	148.34473728	1
0	98870	148.34477824	1
0	98872	148.3448192	1
0	98874	148.34486016	1
0	98876	148.34490112	1
0	98878	148.34494208	1
0	98880	148.34498304	1
0	98882	148.345024	1
0	99001	149.34457344	1
0	99013	149.3446144	1
0	99022	149.34465536	1
0	99031	149.34469632	1
0	99032	149.34473728	1
0	99033	149.34477824	1
0	99034	149.3448192	1
0	99035	149.34486016	1
0	99036	149.34490112	1
0	99037	149.34494208	1
0	99038	149.34498304	1
0	99039	149.345024	1
0	99061	149.34557344	1
0	99073	149.3456144	1
0	99083	149.34565536	1
0	99094	149.34569632	1
0	99096	149.34573728	1
0	99098	149.34577824	1
0	99100	149.3458192	1
0	99102	149.34586016	1
0	99104	149.34590112	1
0	99106	149.34594208	1
0	99108	149.34598304	1
0	99110	149.346024	1
0	99133	149.34657344	1
0	99145	149.3466144	1
0	99155	149.34665536	1
0	99166	149.34669632	1
0	99168	149.34673728	1
0	99170	149.34677824	1
0	99172	149.3468192	1
0	99174	149.34686016	1
0	99176	149.34690112	1
0	99178	149.34694208	1
0	99180	149.34698304	1
0	99182	149.347024	1
0	99205	149.34757344	1
0	99217	149.3476144	1
0	99227	149.34765536	1
0	99238	149.34769632	1
0	99240	149.34773728	1
0	99242	149.34777824	1
0	99244	149.3478192	1
0	99246	149.34786016	1
0	99248	149.34790112	1
0	99250	149.34794208	1
0	99252	149.34798304	1
0	99254	149.348024	1
0	99277	149.34857344	1
0	99289	149.3486144	1
0	99299	149.34865536	1
0	99310	149.34869632	1
0	99312	149.34873728	1
0	99314	149.34877824	1
0	99316	149.3488192	1
0	99318	149.34886016	1
0	99320	149.34890112	1
0	99322	149.34894208	1
0	99324	149.34898304	1
0	99326	149.349024	1
0	99349	149.34957344	1
0	99361	149.3496144	1
0	99371	149.34965536	1
0	99382	149.34969632	1
0	99384	149.34973728	1
0	99386	149.34977824	1
0	99388	149.3498192	1
0	99390	149.34986016	1
0	99392	149.34990112	1
0	99394	149.34994208	1
0	99396	149.34998304	1
0	99398	149.350024	1
0	99421	149.35057344	1
0	99433	149.3506144	1
0	99443	149.35065536	1
0	99454	149.35069632	1
0	99456	149.35073728	1
0	99458	149.35077824	1
0	99460	149.3508192	1
0	99462	149.35086016	1
0	99464	149.35090112	1
0	99466	149.35094208	1
0	99468	149.35098304	1
0	99470	149.351024	1
0	99481	149.35157344	1
0	99493	149.3516144	1
0	99503	149.35165536	1
0	99514	149.35169632	1
0	99516	149.35173728	1
0	99518	149.35177824	1
0	99520	149.3518192	1
0	99522	149.35186016	1
0	99524	149.35190112	1
0	99526	149.35194208	1
0	99528	149.35198304	1
0	99530	149.352024	1
0	99533	149.35257344	1
0	99537	149.3526144	1
0	99543	149.35265536	1
0	99550	149.35269632	1
0	99552	149.35273728	1
0	99554	149.35277824	1
0	99556	149.3528192	1
0	99558	149.35286016	1
0	99560	149.35290112	1
0	99562	149.35294208	1
0	99564	149.35298304	1
0	99566	149.353024	1
0	99569	149.35357344	1
0	99573	149.3536144	1
0	99579	149.35365536	1
0	99586	149.35369632	1
0	99588	149.35373728	1
0	99590	149.35377824	1
0	99592	149.3538192	1
0	99594	149.35386016	1
0	99596	149.35390112	1
0	99598	149.35394208	1
0	99600	149.35398304	1
0	99602	149.354024	1
0	99721	150.35357344	1
0	99733	150.3536144	1
0	99742	150.35365536	1
0	99751	150.35369632	1
0	99752	150.35373728	1
0	99753	150.35377824	1
0	99754	150.3538192	1
0	99755	150.35386016	1
0	99756	150.35390112	1
0	99757	150.35394208	1
0	99758	150.35398304	1
0	99759	150.354024	1
0	99781	150.35457344	1
0	99793	150.3546144	1
0	99803	150.35465536	1
0	99814	150.35469632	1
0	99816	150.35473728	1
0	99818	150.35477824	1
0	99820	150.3548192	1
0	99822	150.35486016	1
0	99824	150.35490112	1
0	99826	150.35494208	1
0	99828	150.35498304	1
0	99830	150.355024	1
0	99853	150.35557344	1
0	99865	150.3556144	1
0	99875	150.35565536	1
0	99886	150.35569632	1
0	99888	150.35573728	1
0	99890	150.35577824	1
0	99892	150.3558192	1
0	99894	150.35586016	1
0	99896	150.35590112	1
0	99898	150.35594208	1
0	99900	150.35598304	1
0	99902	150.356024	1
0	99925	150.35657344	1
0	99937	150.3566144	1
0	99947	150.35665536	1
0	99958	150.35669632	1
0	99960	150.35673728	1
0	99962	150.35677824	1
0	99964	150.3568192	1
0	99966	150.35686016	1
0	99968	150.35690112	1
0	99970	150.35694208	1
0	99972	150.35698304	1
0	99974	150.357024	1
0	99997	150.35757344	1
0	100009	150.3576144	1
0	100019	150.35765536	1
0	100030	150.35769632	1
0	100032	150.35773728	1
0	100034	150.35777824	1
0	100036	150.3578192	1
0	100038	150.35786016	1
0	100040	150.35790112	1
0	100042	150.35794208	1
0	100044	150.35798304	1
0	100046	150.358024	1
0	100069	150.35857344	1
0	100081	150.3586144	1
0	100091	150.35865536	1
0	100102	150.35869632	1
0	100104	150.35873728	1
0	100106	150.35877824	1
0	100108	150.3588192	1
0	100110	150.35886016	1
0	100112	150.35890112	1
0	100114	150.35894208	1
0	100116	150.35898304	1
0	100118	150.359024	1
0	100141	150.35957344	1
0	100153	150.3596144	1
0	100163	150.35965536	1
0	100174	150.35969632	1
0	100176	150.35973728	1
0	100178	150.35977824	1
0	100180	150.3598192	1
0	100182	150.35986016	1
0	100184	150.35990112	1
0	100186	150.35994208	1
0	100188	150.35998304	1
0	100190	150.360024	1
0	100201	150.36057344	1
0	100213	150.3606144	1
0	100223	150.36065536	1
0	100234	150.36069632	1
0	100236	150.36073728	1
0	100238	150.36077824	1
0	100240	150.3608192	1
0	100242	150.36086016	1
0	100244	150.36090112	1
0	100246	150.36094208	1
0	100248	150.36098304	1
0	100250	150.361024	1
0	100253	150.36157344	1
0	100257	150.3616144	1
0	100263	150.36165536	1
0	100270	150.36169632	1
0	100272	150.36173728	1
0	100274	150.36177824	1
0	100276	150.3618192	1
0	100278	150.36186016	1
0	100280	150.36190112	1
0	100282	150.36194208	1
0	100284	150.36198304	1
0	100286	150.362024	1
0	100289	150.36257344	1
0	100293	150.3626144	1
0	100299	150.36265536	1
0	100306	150.36269632	1
0	100308	150.36273728	1
0	100310	150.36277824	1
0	100312	150.3628192	1
0	100314	150.36286016	1
0	100316	150.36290112	1
0	100318	150.36294208	1
0	100320	150.36298304	1
0	100322	150.363024	1
0	100441	151.36257344	1
0	100453	151.3626144	1
0	100462	151.36265536	1
0	100471	151.36269632	1
0	100472	151.36273728	1
0	100473	151.36277824	1
0	100474	151.3628192	1
0	100475	151.36286016	1
0	100476	151.36290112	1
0	100477	151.36294208	1
0	100478	151.36298304	1
0	100479	151.363024	1
0	100501	151.36357344	1
0	100513	151.3636144	1
0	100523	151.36365536	1
0	100534	151.36369632	1
0	100536	151.36373728	1
0	100538	151.36377824	1
0	100540	151.3638192	1
0	100542	151.36386016	1
0	100544	151.36390112	1
0	100546	151.36394208	1
0	100548	151.36398304	1
0	100550	151.364024	1
0	100573	151.36457344	1
0	100585	151.3646144	1
0	100595	151.36465536	1
0	100606	151.36469632	1
0	100608	151.36473728	1
0	100610	151.36477824	1
0	100612	151.3648192	1
0	100614	151.36486016	1
0	100616	151.36490112	1
0	100618	151.36494208	1
0	100620	151.36498304	1
0	100622	151.365024	1
0	100645	151.36557344	1
0	100657	151.3656144	1
0	100667	151.36565536	1
0	100678	151.36569632	1
0	100680	151.36573728	1
0	100682	151.36577824	1
0	100684	151.3658192	1
0	100686	151.36586016	1
0	100688	151.36590112	1
0	100690	151.36594208	1
0	100692	151.36598304	1
0	100694	151.366024	1
0	100717	151.36657344	1
0	100729	151.3666144	1
0	100739	151.36665536	1
0	100750	151.36669632	1
0	100752	151.36673728	1
0	100754	151.36677824	1
0	100756	151.3668192	1
0	100758	151.36686016	1
0	100760	151.36690112	1
0	100762	151.36694208	1
0	100764	151.36698304	1
0	100766	151.367024	1
0	100789	151.36757344	1
0	100801	151.3676144	1
0	100811	151.36765536	1
0	100822	151.36769632	1
0	100824	151.36773728	1
0	100826	151.36777824	1
0	100828	151.3678192	1
0	100830	151.36786016	1
0	100832	151.36790112	1
0	100834	151.36794208	1
0	100836	151.36798304	1
0	100838	151.368024	1
0	100861	151.36857344	1
0	100873	151.3686144	1
0	100883	151.36865536	1
0	100894	151.36869632	1
0	100896	151.36873728	1
0	100898	151.36877824	1
0	100900	151.3688192	1
0	100902	151.36886016	1
0	100904	151.36890112	1
0	100906	151.36894208	1
0	100908	151.36898304	1
0	100910	151.369024	1
0	100921	151.36957344	1
0	100933	151.3696144	1
0	100943	151.36965536	1
0	100954	151.36969632	1
0	100956	151.36973728	1
0	100958	151.36977824	1
0	100960	151.3698192	1
0	100962	151.36986016	1
0	100964	151.36990112	1
0	100966	151.36994208	1
0	100968	151.36998304	1
0	100970	151.370024	1
0	100973	151.37057344	1
0	100977	151.3706144	1
0	100983	151.37065536	1
0	100990	151.37069632	1
0	100992	151.37073728	1
0	100994	151.37077824	1
0	100996	151.3708192	1
0	100998	151.37086016	1
0	101000	151.37090112	1
0	101002	151.37094208	1
0	101004	151.37098304	1
0	101006	151.371024	1
0	101009	151.37157344	1
0	101013	151.3716144	1
0	101019	151.37165536	1
0	101026	151.37169632	1
0	101028	151.37173728	1
0	101030	151.37177824	1
0	101032	151.3718192	1
0	101034	151.37186016	1
0	101036	151.37190112	1
0	101038	151.37194208	1
0	101040	151.37198304	1
0	101042	151.372024	1
0	101161	152.37157344	1
0	101173	152.3716144	1
0	101182	152.37165536	1
0	101191	152.37169632	1
0	101192	152.37173728	1
0	101193	152.37177824	1
0	101194	152.3718192	1
0	101195	152.37186016	1
0	101196	152.37190112	1
0	101197	152.37194208	1
0	101198	152.37198304	1
0	101199	152.372024	1
0	101221	152.37257344	1
0	101233	152.3726144	1
0	101243	152.37265536	1
0	101254	152.37269632	1
0	101256	152.37273728	1
0	101258	152.37277824	1
0	101260	152.3728192	1
0	101262	152.37286016	1
0	101264	152.37290112	1
0	101266	152.37294208	1
0	101268	152.37298304	1
0	101270	152.373024	1
0	101293	152.37357344	1
0	101305	152.3736144	1
0	101315	152.37365536	1
0	101326	152.37369632	1
0	101328	152.37373728	1
0	101330	152.37377824	1
0	101332	152.3738192	1
0	101334	152.37386016	1
0	101336	152.37390112	1
0	101338	152.37394208	1
0	101340	152.37398304	1
0	101342	152.374024	1
0	101365	152.37457344	1
0	101377	152.3746144	1
0	101387	152.37465536	1
0	101398	152.37469632	1
0	101400	152.37473728	1
0	101402	152.37477824	1
0	101404	152.3748192	1
0	101406	152.37486016	1
0	101408	152.37490112	1
0	101410	152.37494208	1
0	101412	152.37498304	1
0	101414	152.375024	1
0	101437	152.37557344	1
0	101449	152.3756144	1
0	101459	152.37565536	1
0	101470	152.37569632	1
0	101472	152.37573728	1
0	101474	152.37577824	1
0	101476	152.3758192	1
0	101478	152.37586016	1
0	101480	152.37590112	1
0	101482	152.37594208	1
0	101484	152.37598304	1
0	101486	152.376024	1
0	101509	152.37657344	1
0	101521	152.3766144	1
0	101531	152.37665536	1
0	101542	152.37669632	1
0	101544	152.37673728	1
0	101546	152.37677824	1
0	101548	152.3768192	1
0	101550	152.37686016	1
0	101552	152.37690112	1
0	101554	152.37694208	1
0	101556	152.37698304	1
0	101558	152.377024	1
0	101581	152.37757344	1
0	101593	152.3776144	1
0	101603	152.37765536	1
0	101614	152.37769632	1
0	101616	152.37773728	1
0	101618	152.37777824	1
0	101620	152.3778192	1
0	101622	152.37786016	1
0	101624	152.37790112	1
0	101626	152.37794208	1
0	101628	152.37798304	1
0	101630	152.378024	1
0	101641	152.37857344	1
0	101653	152.3786144	1
0	101663	152.37865536	1
0	101674	152.37869632	1
0	101676	152.37873728	1
0	101678	152.37877824	1
0	101680	152.3788192	1
0	101682	152.37886016	1
0	101684	152.37890112	1
0	101686	152.37894208	1
0	101688	152.37898304	1
0	101690	152.379024	1
0	101693	152.37957344	1
0	101697	152.3796144	1
0	101703	152.37965536	1
0	101710	152.37969632	1
0	101712	152.37973728	1
0	101714	152.37977824	1
0	101716	152.3798192	1
0	101718	152.37986016	1
0	101720	152.37990112	1
0	101722	152.37994208	1
0	101724	152.37998304	1
0	101726	152.380024	1
0	101729	152.38057344	1
0	101733	152.3806144	1
0	101739	152.38065536	1
0	101746	152.38069632	1
0	101748	152.38073728	1
0	101750	152.38077824	1
0	101752	152.3808192	1
0	101754	152.38086016	1
0	101756	152.38090112	1
0	101758	152.38094208	1
0	101760	152.38098304	1
0	101762	152.381024	1
0	101881	153.38057344	1
0	101893	153.3806144	1
0	101902	153.38065536	1
0	101911	153.38069632	1
0	101912	153.38073728	1
0	101913	153.38077824	1
0	101914	153.3808192	1
0	101915	153.38086016	1
0	101916	153.38090112	1
0	101917	153.38094208	1
0	101918	153.38098304	1
0	101919	153.381024	1
0	101941	153.38157344	1
0	101953	153.3816144	1
0	101963	153.38165536	1
0	101974	153.38169632	1
0	101976	153.38173728	1
0	101978	153.38177824	1
0	101980	153.3818192	1
0	101982	153.38186016	1
0	101984	153.38190112	1
0	101986	153.38194208	1
0	101988	153.38198304	1
0	101990	153.382024	1
0	102013	153.38257344	1
0	102025	153.3826144	1
0	102035	153.38265536	1
0	102046	153.38269632	1
0	102048	153.38273728	1
0	102050	153.38277824	1
0	102052	153.3828192	1
0	102054	153.38286016	1
0	102056	153.38290112	1
0	102058	153.38294208	1
0	102060	153.38298304	1
0	102062	153.383024	1
0	102085	153.38357344	1
0	102097	153.3836144	1
0	102107	153.38365536	1
0	102118	153.38369632	1
0	102120	153.38373728	1
0	102122	153.38377824	1
0	102124	153.3838192	1
0	102126	153.38386016	1
0	102128	153.38390112	1
0	102130	153.38394208	1
0	102132	153.38398304	1
0	102134	153.384024	1
0	102157	153.38457344	1
0	102169	153.3846144	1
0	102179	153.38465536	1
0	102190	153.38469632	1
0	102192	153.38473728	1
0	102194	153.38477824	1
0	102196	153.3848192	1
0	102198	153.38486016	1
0	102200	153.38490112	1
0	102202	153.38494208	1
0	102204	153.38498304	1
0	102206	153.385024	1
0	102229	153.38557344	1
0	102241	153.3856144	1
0	102251	153.38565536	1
0	102262	153.38569632	1
0	102264	153.38573728	1
0	102266	153.38577824	1
0	102268	153.3858192	1
0	102270	153.38586016	1
0	102272	153.38590112	1
0	102274	153.38594208	1
0	102276	153.38598304	1
0	102278	153.386024	1
0	102301	153.38657344	1
0	102313	153.3866144	1
0	102323	153.38665536	1
0	102334	153.38669632	1
0	102336	153.38673728	1
0	102338	153.38677824	1
0	102340	153.3868192	1
0	102342	153.38686016	1
0	102344	153.38690112	1
0	102346	153.38694208	1
0	102348	153.38698304	1
0	102350	153.387024	1
0	102361	153.38757344	1
0	102373	153.3876144	1
0	102383	153.38765536	1
0	102394	153.38769632	1
0	102396	153.38773728	1
0	102398	153.38777824	1
0	102400	153.3878192	1
0	102402	153.38786016	1
0	102404	153.38790112	1
0	102406	153.38794208	1
0	102408	153.38798304	1
0	102410	153.388024	1
0	102413	153.38857344	1
0	102417	153.3886144	1
0	102423	153.38865536	1
0	102430	153.38869632	1
0	102432	153.38873728	1
0	102434	153.38877824	1
0	102436	153.3888192	1
0	102438	153.38886016	1
0	102440	153.38890112	1
0	102442	153.38894208	1
0	102444	153.38898304	1
0	102446	153.389024	1
0	102449	153.38957344	1
0	102453	153.3896144	1
0	102459	153.38965536	1
0	102466	153.38969632	1
0	102468	153.38973728	1
0	102470	153.38977824	1
0	102472	153.3898192	1
0	102474	153.38986016	1
0	102476	153.38990112	1
0	102478	153.38994208	1
0	102480	153.38998304	1
0	102482	153.390024	1
0	102601	154.38957344	1
0	102613	154.3896144	1
0	102622	154.38965536	1
0	102631	154.38969632	1
0	102632	154.38973728	1
0	102633	154.38977824	1
0	102634	154.3898192	1
0	102635	154.38986016	1
0	102636	154.38990112	1
0	102637	154.38994208	1
0	102638	154.38998304	1
0	102639	154.390024	1
0	102661	154.39057344	1
0	102673	154.3906144	1
0	102683	154.39065536	1
0	102694	154.39069632	1
0	102696	154.39073728	1
0	102698	154.39077824	1
0	102700	154.3908192	1
0	102702	154.39086016	1
0	102704	154.39090112	1
0	102706	154.39094208	1
0	102708	154.39098304	1
0	102710	154.391024	1
0	102733	154.39157344	1
0	102745	154.3916144	1
0	102755	154.39165536	1
0	102766	154.39169632	1
0	102768	154.39173728	1
0	102770	154.39177824	1
0	102772	154.3918192	1
0	102774	154.39186016	1
0	102776	154.39190112	1
0	102778	154.39194208	1
0	102780	154.39198304	1
0	102782	154.392024	1
0	102805	154.39257344	1
0	102817	154.3926144	1
0	102827	154.39265536	1
0	102838	154.39269632	1
0	102840	154.39273728	1
0	102842	154.39277824	1
0	102844	154.3928192	1
0	102846	154.39286016	1
0	102848	154.39290112	1
0	102850	154.39294208	1
0	102852	154.39298304	1
0	102854	154.393024	1
0	102877	154.39357344	1
0	102889	154.3936144	1
0	102899	154.39365536	1
0	102910	154.39369632	1
0	102912	154.39373728	1
0	102914	154.39377824	1
0	102916	154.3938192	1
0	102918	154.39386016	1
0	102920	154.39390112	1
0	102922	154.39394208	1
0	102924	154.39398304	1
0	102926	154.394024	1
0	102949	154.39457344	1
0	102961	154.3946144	1
0	102971	154.39465536	1
0	102982	154.39469632	1
0	102984	154.39473728	1
0	102986	154.39477824	1
0	102988	154.3948192	1
0	102990	154.39486016	1
0	102992	154.39490112	1
0	102994	154.39494208	1
0	102996	154.39498304	1
0	102998	154.395024	1
0	103021	154.39557344	1
0	103033	154.3956144	1
0	103043	154.39565536	1
0	103054	154.39569632	1
0	103056	154.39573728	1
0	103058	154.39577824	1
0	103060	154.3958192	1
0	103062	154.39586016	1
0	103064	154.39590112	1
0	103066	154.39594208	1
0	103068	154.39598304	1
0	103070	154.396024	1
0	103081	154.39657344	1
0	103093	154.3966144	1
0	103103	154.39665536	1
0	103114	154.39669632	1
0	103116	154.39673728	1
0	103118	154.39677824	1
0	103120	154.3968192	1
0	103122	154.39686016	1
0	103124	154.39690112	1
0	103126	154.39694208	1
0	103128	154.39698304	1
0	103130	154.397024	1
0	103133	154.39757344	1
0	103137	154.3976144	1
0	103143	154.39765536	1
0	103150	154.39769632	1
0	103152	154.39773728	1
0	103154	154.39777824	1
0	103156	154.3978192	1
0	103158	154.39786016	1
0	103160	154.39790112	1
0	103162	154.39794208	1
0	103164	154.39798304	1
0	103166	154.398024	1
0	103169	154.39857344	1
0	103173	154.3986144	1
0	103179	154.39865536	1
0	103186	154.39869632	1
0	103188	154.39873728	1
0	103190	154.39877824	1
0	103192	154.3988192	1
0	103194	154.39886016	1
0	103196	154.39890112	1
0	103198	154.39894208	1
0	103200	154.39898304	1
0	103202	154.399024	1
0	103321	155.39857344	1
0	103333	155.3986144	1
0	103342	155.39865536	1
0	103351	155.39869632	1
0	103352	155.39873728	1
0	103353	155.39877824	1
0	103354	155.3988192	1
0	103355	155.39886016	1
0	103356	155.39890112	1
0	103357	155.39894208	1
0	103358	155.39898304	1
0	103359	155.399024	1
0	103381	155.39957344	1
0	103393	155.3996144	1
0	103403	155.39965536	1
0	103414	155.39969632	1
0	103416	155.39973728	1
0	103418	155.39977824	1
0	103420	155.3998192	1
0	103422	155.39986016	1
0	103424	155.39990112	1
0	103426	155.39994208	1
0	103428	155.39998304	1
0	103430	155.400024	1
0	103453	155.40057344	1
0	103465	155.4006144	1
0	103475	155.40065536	1
0	103486	155.40069632	1
0	103488	155.40073728	1
0	103490	155.40077824	1
0	103492	155.4008192	1
0	103494	155.40086016	1
0	103496	155.40090112	1
0	103498	155.40094208	1
0	103500	155.40098304	1
0	103502	155.401024	1
0	103525	155.40157344	1
0	103537	155.4016144	1
0	103547	155.40165536	1
0	103558	155.40169632	1
0	103560	155.40173728	1
0	103562	155.40177824	1
0	103564	155.4018192	1
0	103566	155.40186016	1
0	103568	155.40190112	1
0	103570	155.40194208	1
0	103572	155.40198304	1
0	103574	155.402024	1
0	103597	155.40257344	1
0	103609	155.4026144	1
0	103619	155.40265536	1
0	103630	155.40269632	1
0	103632	155.40273728	1
0	103634	155.40277824	1
0	103636	155.4028192	1
0	103638	155.40286016	1
0	103640	155.40290112	1
0	103642	155.40294208	1
0	103644	155.40298304	1
0	103646	155.403024	1
0	103669	155.40357344	1
0	103681	155.4036144	1
0	103691	155.40365536	1
0	103702	155.40369632	1
0	103704	155.40373728	1
0	103706	155.40377824	1
0	103708	155.4038192	1
0	103710	155.40386016	1
0	103712	155.40390112	1
0	103714	155.40394208	1
0	103716	155.40398304	1
0	103718	155.404024	1
0	103741	155.40457344	1
0	103753	155.4046144	1
0	103763	155.40465536	1
0	103774	155.40469632	1
0	103776	155.40473728	1
0	103778	155.40477824	1
0	103780	155.4048192	1
0	103782	155.40486016	1
0	103784	155.40490112	1
0	103786	155.40494208	1
0	103788	155.40498304	1
0	103790	155.405024	1
0	103801	155.40557344	1
0	103813	155.4056144	1
0	103823	155.40565536	1
0	103834	155.40569632	1
0	103836	155.40573728	1
0	103838	155.40577824	1
0	103840	155.4058192	1
0	103842	155.40586016	1
0	103844	155.40590112	1
0	103846	155.40594208	1
0	103848	155.40598304	1
0	103850	155.406024	1
0	103853	155.40657344	1
0	103857	155.4066144	1
0	103863	155.40665536	1
0	103870	155.40669632	1
0	103872	155.40673728	1
0	103874	155.40677824	1
0	103876	155.4068192	1
0	103878	155.40686016	1
0	103880	155.40690112	1
0	103882	155.40694208	1
0	103884	155.40698304	1
0	103886	155.407024	1
0	103889	155.40757344	1
0	103893	155.4076144	1
0	103899	155.40765536	1
0	103906	155.40769632	1
0	103908	155.40773728	1
0	103910	155.40777824	1
0	103912	155.4078192	1
0	103914	155.40786016	1
0	103916	155.40790112	1
0	103918	155.40794208	1
0	103920	155.40798304	1
0	103922	155.408024	1
0	104041	156.40757344	1
0	104053	156.4076144	1
0	104062	156.40765536	1
0	104071	156.40769632	1
0	104072	156.40773728	1
0	104073	156.40777824	1
0	104074	156.4078192	1
0	104075	156.40786016	1
0	104076	156.40790112	1
0	104077	156.40794208	1
0	104078	156.40798304	1
0	104079	156.408024	1
0	104101	156.40857344	1
0	104113	156.4086144	1
0	104123	156.40865536	1
0	104134	156.40869632	1
0	104136	156.40873728	1
0	104138	156.40877824	1
0	104140	156.4088192	1
0	104142	156.40886016	1
0	104144	156.40890112	1
0	104146	156.40894208	1
0	104148	156.40898304	1
0	104150	156.409024	1
0	104173	156.40957344	1
0	104185	156.4096144	1
0	104195	156.40965536	1
0	104206	156.40969632	1
0	104208	156.40973728	1
0	104210	156.40977824	1
0	104212	156.4098192	1
0	104214	156.40986016	1
0	104216	156.40990112	1
0	104218	156.40994208	1
0	104220	156.40998304	1
0	104222	156.410024	1
0	104245	156.41057344	1
0	104257	156.4106144	1
0	104267	156.41065536	1
0	104278	156.41069632	1
0	104280	156.41073728	1
0	104282	156.41077824	1
0	104284	156.4108192	1
0	104286	156.41086016	1
0	104288	156.41090112	1
0	104290	156.41094208	1
0	104292	156.41098304	1
0	104294	156.411024	1
0	104317	156.41157344	1
0	104329	156.4116144	1
0	104339	156.41165536	1
0	104350	156.41169632	1
0	104352	156.41173728	1
0	104354	156.41177824	1
0	104356	156.4118192	1
0	104358	156.41186016	1
0	104360	156.41190112	1
0	104362	156.41194208	1
0	104364	156.41198304	1
0	104366	156.412024	1
0	104389	156.41257344	1
0	104401	156.4126144	1
0	104411	156.41265536	1
0	104422	156.41269632	1
0	104424	156.41273728	1
0	104426	156.41277824	1
0	104428	156.4128192	1
0	104430	156.41286016	1
0	104432	156.41290112	1
0	104434	156.41294208	1
0	104436	156.41298304	1
0	104438	156.413024	1
0	104461	156.41357344	1
0	104473	156.4136144	1
0	104483	156.41365536	1
0	104494	156.41369632	1
0	104496	156.41373728	1
0	104498	156.41377824	1
0	104500	156.4138192	1
0	104502	156.41386016	1
0	104504	156.41390112	1
0	104506	156.41394208	1
0	104508	156.41398304	1
0	104510	156.414024	1
0	104521	156.41457344	1
0	104533	156.4146144	1
0	104543	156.41465536	1
0	104554	156.41469632	1
0	104556	156.41473728	1
0	104558	156.41477824	1
0	104560	156.4148192	1
0	104562	156.41486016	1
0	104564	156.41490112	1
0	104566	156.41494208	1
0	104568	156.41498304	1
0	104570	156.415024	1
0	104573	156.41557344	1
0	104577	156.4156144	1
0	104583	156.41565536	1
0	104590	156.41569632	1
0	104592	156.41573728	1
0	104594	156.41577824	1
0	104596	156.4158192	1
0	104598	156.41586016	1
0	104600	156.41590112	1
0	104602	156.41594208	1
0	104604	156.41598304	1
0	104606	156.416024	1
0	104609	156.41657344	1
0	104613	156.4166144	1
0	104619	156.41665536	1
0	104626	156.41669632	1
0	104628	156.41673728	1
0	104630	156.41677824	1
0	104632	156.4168192	1
0	104634	156.41686016	1
0	104636	156.41690112	1
0	104638	156.41694208	1
0	104640	156.41698304	1
0	104642	156.417024	1
0	104761	157.41657344	1
0	104773	157.4166144	1
0	104782	157.41665536	1
0	104791	157.41669632	1
0	104792	157.41673728	1
0	104793	157.41677824	1
0	104794	157.4168192	1
0	104795	157.41686016	1
0	104796	157.41690112	1
0	104797	157.41694208	1
0	104798	157.41698304	1
0	104799	157.417024	1
0	104821	157.41757344	1
0	104833	157.4176144	1
0	104843	157.41765536	1
0	104854	157.41769632	1
0	104856	157.41773728	1
0	104858	157.41777824	1
0	104860	157.4178192	1
0	104862	157.41786016	1
0	104864	157.41790112	1
0	104866	157.41794208	1
0	104868	157.41798304	1
0	104870	157.418024	1
0	104893	157.41857344	1
0	104905	157.4186144	1
0	104915	157.41865536	1
0	104926	157.41869632	1
0	104928	157.41873728	1
0	104930	157.41877824	1
0	104932	157.4188192	1
0	104934	157.41886016	1
0	104936	157.41890112	1
0	104938	157.41894208	1
0	104940	157.41898304	1
0	104942	157.419024	1
0	104965	157.41957344	1
0	104977	157.4196144	1
0	104987	157.41965536	1
0	104998	157.41969632	1
0	105000	157.41973728	1
0	105002	157.41977824	1
0	105004	157.4198192	1
0	105006	157.41986016	1
0	105008	157.41990112	1
0	105010	157.41994208	1
0	105012	157.41998304	1
0	105014	157.420024	1
0	105037	157.42057344	1
0	105049	157.4206144	1
0	105059	157.42065536	1
0	105070	157.42069632	1
0	105072	157.42073728	1
0	105074	157.42077824	1
0	105076	157.4208192	1
0	105078	157.42086016	1
0	105080	157.42090112	1
0	105082	157.42094208	1
0	105084	157.42098304	1
0	105086	157.421024	1
0	105109	157.42157344	1
0	105121	157.4216144	1
0	105131	157.42165536	1
0	105142	157.42169632	1
0	105144	157.42173728	1
0	105146	157.42177824	1
0	105148	157.4218192	1
0	105150	157.42186016	1
0	105152	157.42190112	1
0	105154	157.42194208	1
0	105156	157.42198304	1
0	105158	157.422024	1
0	105181	157.42257344	1
0	105193	157.4226144	1
0	105203	157.42265536	1
0	105214	157.42269632	1
0	105216	157.42273728	1
0	105218	157.42277824	1
0	105220	157.4228192	1
0	105222	157.42286016	1
0	105224	157.42290112	1
0	105226	157.42294208	1
0	105228	157.42298304	1
0	105230	157.423024	1
0	105241	157.42357344	1
0	105253	157.4236144	1
0	105263	157.42365536	1
0	105274	157.42369632	1
0	105276	157.42373728	1
0	105278	157.42377824	1
0	105280	157.4238192	1
0	105282	157.42386016	1
0	105284	157.42390112	1
0	105286	157.42394208	1
0	105288	157.42398304	1
0	105290	157.424024	1
0	105293	157.42457344	1
0	105297	157.4246144	1
0	105303	157.42465536	1
0	105310	157.42469632	1
0	105312	157.42473728	1
0	105314	157.42477824	1
0	105316	157.4248192	1
0	105318	157.42486016	1
0	105320	157.42490112	1
0	105322	157.42494208	1
0	105324	157.42498304	1
0	105326	157.425024	1
0	105329	157.42557344	1
0	105333	157.4256144	1
0	105339	157.42565536	1
0	105346	157.42569632	1
0	105348	157.42573728	1
0	105350	157.42577824	1
0	105352	157.4258192	1
0	105354	157.42586016	1
0	105356	157.42590112	1
0	105358	157.42594208	1
0	105360	157.42598304	1
0	105362	157.426024	1
0	105481	158.42557344	1
0	105493	158.4256144	1
0	105502	158.42565536	1
0	105511	158.42569632	1
0	105512	158.42573728	1
0	105513	158.42577824	1
0	105514	158.4258192	1
0	105515	158.42586016	1
0	105516	158.42590112	1
0	105517	158.42594208	1
0	105518	158.42598304	1
0	105519	158.426024	1
0	105541	158.42657344	1
0	105553	158.4266144	1
0	105563	158.42665536	1
0	105574	158.42669632	1
0	105576	158.42673728	1
0	105578	158.42677824	1
0	105580	158.4268192	1
0	105582	158.42686016	1
0	105584	158.42690112	1
0	105586	158.42694208	1
0	105588	158.42698304	1
0	105590	158.427024	1
0	105613	158.42757344	1
0	105625	158.4276144	1
0	105635	158.42765536	1
0	105646	158.42769632	1
0	105648	158.42773728	1
0	105650	158.42777824	1
0	105652	158.4278192	1
0	105654	158.42786016	1
0	105656	158.42790112	1
0	105658	158.42794208	1
0	105660	158.42798304	1
0	105662	158.428024	1
0	105685	158.42857344	1
0	105697	158.4286144	1
0	105707	158.42865536	1
0	105718	158.42869632	1
0	105720	158.42873728	1
0	105722	158.42877824	1
0	105724	158.4288192	1
0	105726	158.42886016	1
0	105728	158.42890112	1
0	105730	158.42894208	1
0	105732	158.42898304	1
0	105734	158.429024	1
0	105757	158.42957344	1
0	105769	158.4296144	1
0	105779	158.42965536	1
0	105790	158.42969632	1
0	105792	158.42973728	1
0	105794	158.42977824	1
0	105796	158.4298192	1
0	105798	158.42986016	1
0	105800	158.42990112	1
0	105802	158.42994208	1
0	105804	158.42998304	1
0	105806	158.430024	1
0	105829	158.43057344	1
0	105841	158.4306144	1
0	105851	158.43065536	1
0	105862	158.43069632	1
0	105864	158.43073728	1
0	105866	158.43077824	1
0	105868	158.4308192	1
0	105870	158.43086016	1
0	105872	158.43090112	1
0	105874	158.43094208	1
0	105876	158.43098304	1
0	105878	158.431024	1
0	105901	158.43157344	1
0	105913	158.4316144	1
0	105923	158.43165536	1
0	105934	158.43169632	1
0	105936	158.43173728	1
0	105938	158.43177824	1
0	105940	158.4318192	1
0	105942	158.43186016	1
0	105944	158.43190112	1
0	105946	158.43194208	1
0	105948	158.43198304	1
0	105950	158.432024	1
0	105961	158.43257344	1
0	105973	158.4326144	1
0	105983	158.43265536	1
0	105994	158.43269632	1
0	105996	158.43273728	1
0	105998	158.43277824	1
0	106000	158.4328192	1
0	106002	158.43286016	1
0	106004	158.43290112	1
0	106006	158.43294208	1
0	106008	158.43298304	1
0	106010	158.433024	1
0	106013	158.43357344	1
0	106017	158.4336144	1
0	106023	158.43365536	1
0	106030	158.43369632	1
0	106032	158.43373728	1
0	106034	158.43377824	1
0	106036	158.4338192	1
0	106038	158.43386016	1
0	106040	158.43390112	1
0	106042	158.43394208	1
0	106044	158.43398304	1
0	106046	158.434024	1
0	106049	158.43457344	1
0	106053	158.4346144	1
0	106059	158.43465536	1
0	106066	158.43469632	1
0	106068	158.43473728	1
0	106070	158.43477824	1
0	106072	158.4348192	1
0	106074	158.43486016	1
0	106076	158.43490112	1
0	106078	158.43494208	1
0	106080	158.43498304	1
0	106082	158.435024	1
0	106201	159.43457344	1
0	106213	159.4346144	1
0	106222	159.43465536	1
0	106231	159.43469632	1
0	106232	159.43473728	1
0	106233	159.43477824	1
0	106234	159.4348192	1
0	106235	159.43486016	1
0	106236	159.43490112	1
0	106237	159.43494208	1
0	106238	159.43498304	1
0	106239	159.435024	1
0	106261	159.43557344	1
0	106273	159.4356144	1
0	106283	159.43565536	1
0	106294	159.43569632	1
0	106296	159.43573728	1
0	106298	159.43577824	1
0	106300	159.4358192	1
0	106302	159.43586016	1
0	106304	159.43590112	1
0	106306	159.43594208	1
0	106308	159.43598304	1
0	106310	159.436024	1
0	106333	159.43657344	1
0	106345	159.4366144	1
0	106355	159.43665536	1
0	106366	159.43669632	1
0	106368	159.43673728	1
0	106370	159.43677824	1
0	106372	159.4368192	1
0	106374	159.43686016	1
0	106376	159.43690112	1
0	106378	159.43694208	1
0	106380	159.43698304	1
0	106382	159.437024	1
0	106405	159.43757344	1
0	106417	159.4376144	1
0	106427	159.43765536	1
0	106438	159.43769632	1
0	106440	159.43773728	1
0	106442	159.43777824	1
0	106444	159.4378192	1
0	106446	159.43786016	1
0	106448	159.43790112	1
0	106450	159.43794208	1
0	106452	159.43798304	1
0	106454	159.438024	1
0	106477	159.43857344	1
0	106489	159.4386144	1
0	106499	159.43865536	1
0	106510	159.43869632	1
0	106512	159.43873728	1
0	106514	159.43877824	1
0	106516	159.4388192	1
0	106518	159.43886016	1
0	106520	159.43890112	1
0	106522	159.43894208	1
0	106524	159.43898304	1
0	106526	159.439024	1
0	106549	159.43957344	1
0	106561	159.4396144	1
0	106571	159.43965536	1
0	106582	159.43969632	1
0	106584	159.43973728	1
0	106586	159.43977824	1
0	106588	159.4398192	1
0	106590	159.43986016	1
0	106592	159.43990112	1
0	106594	159.43994208	1
0	106596	159.43998304	1
0	106598	159.440024	1
0	106621	159.44057344	1
0	106633	159.4406144	1
0	106643	159.44065536	1
0	106654	159.44069632	1
0	106656	159.44073728	1
0	106658	159.44077824	1
0	106660	159.4408192	1
0	106662	159.44086016	1
0	106664	159.44090112	1
0	106666	159.44094208	1
0	106668	159.44098304	1
0	106670	159.441024	1
0	106681	159.44157344	1
0	106693	159.4416144	1
0	106703	159.44165536	1
0	106714	159.44169632	1
0	106716	159.44173728	1
0	106718	159.44177824	1
0	106720	159.4418192	1
0	106722	159.44186016	1
0	106724	159.44190112	1
0	106726	159.44194208	1
0	106728	159.44198304	1
0	106730	159.442024	1
0	106733	159.44257344	1
0	106737	159.4426144	1
0	106743	159.44265536	1
0	106750	159.44269632	1
0	106752	159.44273728	1
0	106754	159.44277824	1
0	106756	159.4428192	1
0	106758	159.44286016	1
0	106760	159.44290112	1
0	106762	159.44294208	1
0	106764	159.44298304	1
0	106766	159.443024	1
0	106769	159.44357344	1
0	106773	159.4436144	1
0	106779	159.44365536	1
0	106786	159.44369632	1
0	106788	159.44373728	1
0	106790	159.44377824	1
0	106792	159.4438192	1
0	106794	159.44386016	1
0	106796	159.44390112	1
0	106798	159.44394208	1
0	106800	159.44398304	1
0	106802	159.444024	1
0	106921	160.44357344	1
0	106933	160.4436144	1
0	106942	160.44365536	1
0	106951	160.44369632	1
0	106952	160.44373728	1
0	106953	160.44377824	1
0	106954	160.4438192	1
0	106955	160.44386016	1
0	106956	160.44390112	1
0	106957	160.44394208	1
0	106958	160.44398304	1
0	106959	160.444024	1
0	106981	160.44457344	1
0	106993	160.4446144	1
0	107003	160.44465536	1
0	107014	160.44469632	1
0	107016	160.44473728	1
0	107018	160.44477824	1
0	107020	160.4448192	1
0	107022	160.44486016	1
0	107024	160.44490112	1
0	107026	160.44494208	1
0	107028	160.44498304	1
0	107030	160.445024	1
0	107053	160.44557344	1
0	107065	160.4456144	1
0	107075	160.44565536	1
0	107086	160.44569632	1
0	107088	160.44573728	1
0	107090	160.44577824	1
0	107092	160.4458192	1
0	107094	160.44586016	1
0	107096	160.44590112	1
0	107098	160.44594208	1
0	107100	160.44598304	1
0	107102	160.446024	1
0	107125	160.44657344	1
0	107137	160.4466144	1
0	107147	160.44665536	1
0	107158	160.44669632	1
0	107160	160.44673728	1
0	107162	160.44677824	1
0	107164	160.4468192	1
0	107166	160.44686016	1
0	107168	160.44690112	1
0	107170	160.44694208	1
0	107172	160.44698304	1
0	107174	160.447024	1
0	107197	160.44757344	1
0	107209	160.4476144	1
0	107219	160.44765536	1
0	107230	160.44769632	1
0	107232	160.44773728	1
0	107234	160.44777824	1
0	107236	160.4478192	1
0	107238	160.44786016	1
0	107240	160.44790112	1
0	107242	160.44794208	1
0	107244	160.44798304	1
0	107246	160.448024	1
0	107269	160.44857344	1
0	107281	160.4486144	1
0	107291	160.44865536	1
0	107302	160.44869632	1
0	107304	160.44873728	1
0	107306	160.44877824	1
0	107308	160.4488192	1
0	107310	160.44886016	1
0	107312	160.44890112	1
0	107314	160.44894208	1
0	107316	160.44898304	1
0	107318	160.449024	1
0	107341	160.44957344	1
0	107353	160.4496144	1
0	107363	160.44965536	1
0	107374	160.44969632	1
0	107376	160.44973728	1
0	107378	160.44977824	1
0	107380	160.4498192	1
0	107382	160.44986016	1
0	107384	160.44990112	1
0	107386	160.44994208	1
0	107388	160.44998304	1
0	107390	160.450024	1
0	107401	160.45057344	1
0	107413	160.4506144	1
0	107423	160.45065536	1
0	107434	160.45069632	1
0	107436	160.45073728	1
0	107438	160.45077824	1
0	107440	160.4508192	1
0	107442	160.45086016	1
0	107444	160.45090112	1
0	107446	160.45094208	1
0	107448	160.45098304	1
0	107450	160.451024	1
0	107453	160.45157344	1
0	107457	160.4516144	1
0	107463	160.45165536	1
0	107470	160.45169632	1
0	107472	160.45173728	1
0	107474	160.45177824	1
0	107476	160.4518192	1
0	107478	160.45186016	1
0	107480	160.45190112	1
0	107482	160.45194208	1
0	107484	160.45198304	1
0	107486	160.452024	1
0	107489	160.45257344	1
0	107493	160.4526144	1
0	107499	160.45265536	1
0	107506	160.45269632	1
0	107508	160.45273728	1
0	107510	160.45277824	1
0	107512	160.4528192	1
0	107514	160.45286016	1
0	107516	160.45290112	1
0	107518	160.45294208	1
0	107520	160.45298304	1
0	107522	160.453024	1
0	107641	161.45257344	1
0	107653	161.4526144	1
0	107662	161.45265536	1
0	107671	161.45269632	1
0	107672	161.45273728	1
0	107673	161.45277824	1
0	107674	161.4528192	1
0	107675	161.45286016	1
0	107676	161.45290112	1
0	107677	161.45294208	1
0	107678	161.45298304	1
0	107679	161.453024	1
0	107701	161.45357344	1
0	107713	161.4536144	1
0	107723	161.45365536	1
0	107734	161.45369632	1
0	107736	161.45373728	1
0	107738	161.45377824	1
0	107740	161.4538192	1
0	107742	161.45386016	1
0	107744	161.45390112	1
0	107746	161.45394208	1
0	107748	161.45398304	1
0	107750	161.454024	1
0	107773	161.45457344	1
0	107785	161.4546144	1
0	107795	161.45465536	1
0	107806	161.45469632	1
0	107808	161.45473728	1
0	107810	161.45477824	1
0	107812	161.4548192	1
0	107814	161.45486016	1
0	107816	161.45490112	1
0	107818	161.45494208	1
0	107820	161.45498304	1
0	107822	161.455024	1
0	107845	161.45557344	1
0	107857	161.4556144	1
0	107867	161.45565536	1
0	107878	161.45569632	1
0	107880	161.45573728	1
0	107882	161.45577824	1
0	107884	161.4558192	1
0	107886	161.45586016	1
0	107888	161.45590112	1
0	107890	161.45594208	1
0	107892	161.45598304	1
0	107894	161.456024	1
0	107917	161.45657344	1
0	107929	161.4566144	1
0	107939	161.45665536	1
0	107950	161.45669632	1
0	107952	161.45673728	1
0	107954	161.45677824	1
0	107956	161.4568192	1
0	107958	161.45686016	1
0	107960	161.45690112	1
0	107962	161.45694208	1
0	107964	161.45698304	1
0	107966	161.457024	1
0	107989	161.45757344	1
0	108001	161.4576144	1
0	108011	161.45765536	1
0	108022	161.45769632	1
0	108024	161.45773728	1
0	108026	161.45777824	1
0	108028	161.4578192	1
0	108030	161.45786016	1
0	108032	161.45790112	1
0	108034	161.45794208	1
0	108036	161.45798304	1
0	108038	161.458024	1
0	108061	161.45857344	1
0	108073	161.4586144	1
0	108083	161.45865536	1
0	108094	161.45869632	1
0	108096	161.45873728	1
0	108098	161.45877824	1
0	108100	161.4588192	1
0	108102	161.45886016	1
0	108104	161.45890112	1
0	108106	161.45894208	1
0	108108	161.45898304	1
0	108110	161.459024	1
0	108121	161.45957344	1
0	108133	161.4596144	1
0	108143	161.45965536	1
0	108154	161.45969632	1
0	108156	161.45973728	1
0	108158	161.45977824	1
0	108160	161.4598192	1
0	108162	161.45986016	1
0	108164	161.45990112	1
0	108166	161.45994208	1
0	108168	161.45998304	1
0	108170	161.460024	1
0	108173	161.46057344	1
0	108177	161.4606144	1
0	108183	161.46065536	1
0	108190	161.46069632	1
0	108192	161.46073728	1
0	108194	161.46077824	1
0	108196	161.4608192	1
0	108198	161.46086016	1
0	108200	161.46090112	1
0	108202	161.46094208	1
0	108204	161.46098304	1
0	108206	161.461024	1
0	108209	161.46157344	1
0	108213	161.4616144	1
0	108219	161.46165536	1
0	108226	161.46169632	1
0	108228	161.46173728	1
0	108230	161.46177824	1
0	108232	161.4618192	1
0	108234	161.46186016	1
0	108236	161.46190112	1
0	108238	161.46194208	1
0	108240	161.46198304	1
0	108242	161.462024	1
0	108361	162.46157344	1
0	108373	162.4616144	1
0	108382	162.46165536	1
0	108391	162.46169632	1
0	108392	162.46173728	1
0	108393	162.46177824	1
0	108394	162.4618192	1
0	108395	162.46186016	1
0	108396	162.46190112	1
0	108397	162.46194208	1
0	108398	162.46198304	1
0	108399	162.462024	1
0	108421	162.46257344	1
0	108433	162.4626144	1
0	108443	162.46265536	1
0	108454	162.46269632	1
0	108456	162.46273728	1
0	108458	162.46277824	1
0	108460	162.4628192	1
0	108462	162.46286016	1
0	108464	162.46290112	1
0	108466	162.46294208	1
0	108468	162.46298304	1
0	108470	162.463024	1
0	108493	162.46357344	1
0	108505	162.4636144	1
0	108515	162.46365536	1
0	108526	162.46369632	1
0	108528	162.46373728	1
0	108530	162.46377824	1
0	108532	162.4638192	1
0	108534	162.46386016	1
0	108536	162.46390112	1
0	108538	162.46394208	1
0	108540	162.46398304	1
0	108542	162.464024	1
0	108565	162.46457344	1
0	108577	162.4646144	1
0	108587	162.46465536	1
0	108598	162.46469632	1
0	108600	162.46473728	1
0	108602	162.46477824	1
0	108604	162.4648192	1
0	108606	162.46486016	1
0	108608	162.46490112	1
0	108610	162.46494208	1
0	108612	162.46498304	1
0	108614	162.465024	1
0	108637	162.46557344	1
0	108649	162.4656144	1
0	108659	162.46565536	1
0	108670	162.46569632	1
0	108672	162.46573728	1
0	108674	162.46577824	1
0	108676	162.4658192	1
0	108678	162.46586016	1
0	108680	162.46590112	1
0	108682	162.46594208	1
0	108684	162.46598304	1
0	108686	162.466024	1
0	108709	162.46657344	1
0	108721	162.4666144	1
0	108731	162.46665536	1
0	108742	162.46669632	1
0	108744	162.46673728	1
0	108746	162.46677824	1
0	108748	162.4668192	1
0	108750	162.46686016	1
0	108752	162.46690112	1
0	108754	162.46694208	1
0	108756	162.46698304	1
0	108758	162.467024	1
0	108781	162.46757344	1
0	108793	162.4676144	1
0	108803	162.46765536	1
0	108814	162.46769632	1
0	108816	162.46773728	1
0	108818	162.46777824	1
0	108820	162.4678192	1
0	108822	162.46786016	1
0	108824	162.46790112	1
0	108826	162.46794208	1
0	108828	162.46798304	1
0	108830	162.468024	1
0	108841	162.46857344	1
0	108853	162.4686144	1
0	108863	162.46865536	1
0	108874	162.46869632	1
0	108876	162.46873728	1
0	108878	162.46877824	1
0	108880	162.4688192	1
0	108882	162.46886016	1
0	108884	162.46890112	1
0	108886	162.46894208	1
0	108888	162.46898304	1
0	108890	162.469024	1
0	108893	162.46957344	1
0	108897	162.4696144	1
0	108903	162.46965536	1
0	108910	162.46969632	1
0	108912	162.46973728	1
0	108914	162.46977824	1
0	108916	162.4698192	1
0	108918	162.46986016	1
0	108920	162.46990112	1
0	108922	162.46994208	1
0	108924	162.46998304	1
0	108926	162.470024	1
0	108929	162.47057344	1
0	108933	162.4706144	1
0	108939	162.47065536	1
0	108946	162.47069632	1
0	108948	162.47073728	1
0	108950	162.47077824	1
0	108952	162.4708192	1
0	108954	162.47086016	1
0	108956	162.47090112	1
0	108958	162.47094208	1
0	108960	162.47098304	1
0	108962	162.471024	1
0	109081	163.47057344	1
0	109093	163.4706144	1
0	109102	163.47065536	1
0	109111	163.47069632	1
0	109112	163.47073728	1
0	109113	163.47077824	1
0	109114	163.4708192	1
0	109115	163.47086016	1
0	109116	163.47090112	1
0	109117	163.47094208	1
0	109118	163.47098304	1
0	109119	163.471024	1
0	109141	163.47157344	1
0	109153	163.4716144	1
0	109163	163.47165536	1
0	109174	163.47169632	1
0	109176	163.47173728	1
0	109178	163.47177824	1
0	109180	163.4718192	1
0	109182	163.47186016	1
0	109184	163.47190112	1
0	109186	163.47194208	1
0	109188	163.47198304	1
0	109190	163.472024	1
0	109213	163.47257344	1
0	109225	163.4726144	1
0	109235	163.47265536	1
0	109246	163.47269632	1
0	109248	163.47273728	1
0	109250	163.47277824	1
0	109252	163.4728192	1
0	109254	163.47286016	1
0	109256	163.47290112	1
0	109258	163.47294208	1
0	109260	163.47298304	1
0	109262	163.473024	1
0	109285	163.47357344	1
0	109297	163.4736144	1
0	109307	163.47365536	1
0	109318	163.47369632	1
0	109320	163.47373728	1
0	109322	163.47377824	1
0	109324	163.4738192	1
0	109326	163.47386016	1
0	109328	163.47390112	1
0	109330	163.47394208	1
0	109332	163.47398304	1
0	109334	163.474024	1
0	109357	163.47457344	1
0	109369	163.4746144	1
0	109379	163.47465536	1
0	109390	163.47469632	1
0	109392	163.47473728	1
0	109394	163.47477824	1
0	109396	163.4748192	1
0	109398	163.47486016	1
0	109400	163.47490112	1
0	109402	163.47494208	1
0	109404	163.47498304	1
0	109406	163.475024	1
0	109429	163.47557344	1
0	109441	163.4756144	1
0	109451	163.47565536	1
0	109462	163.47569632	1
0	109464	163.47573728	1
0	109466	163.47577824	1
0	109468	163.4758192	1
0	109470	163.47586016	1
0	109472	163.47590112	1
0	109474	163.47594208	1
0	109476	163.47598304	1
0	109478	163.476024	1
0	109501	163.47657344	1
0	109513	163.4766144	1
0	109523	163.47665536	1
0	109534	163.47669632	1
0	109536	163.47673728	1
0	109538	163.47677824	1
0	109540	163.4768192	1
0	109542	163.47686016	1
0	109544	163.47690112	1
0	109546	163.47694208	1
0	109548	163.47698304	1
0	109550	163.477024	1
0	109561	163.47757344	1
0	109573	163.4776144	1
0	109583	163.47765536	1
0	109594	163.47769632	1
0	109596	163.47773728	1
0	109598	163.47777824	1
0	109600	163.4778192	1
0	109602	163.47786016	1
0	109604	163.47790112	1
0	109606	163.47794208	1
0	109608	163.47798304	1
0	109610	163.478024	1
0	109613	163.47857344	1
0	109617	163.4786144	1
0	109623	163.47865536	1
0	109630	163.47869632	1
0	109632	163.47873728	1
0	109634	163.47877824	1
0	109636	163.4788192	1
0	109638	163.47886016	1
0	109640	163.47890112	1
0	109642	163.47894208	1
0	109644	163.47898304	1
0	109646	163.479024	1
0	109649	163.47957344	1
0	109653	163.4796144	1
0	109659	163.47965536	1
0	109666	163.47969632	1
0	109668	163.47973728	1
0	109670	163.47977824	1
0	109672	163.4798192	1
0	109674	163.47986016	1
0	109676	163.47990112	1
0	109678	163.47994208	1
0	109680	163.47998304	1
0	109682	163.480024	1
0	109801	164.47957344	1
0	109813	164.4796144	1
0	109822	164.47965536	1
0	109831	164.47969632	1
0	109832	164.47973728	1
0	109833	164.47977824	1
0	109834	164.4798192	1
0	109835	164.47986016	1
0	109836	164.47990112	1
0	109837	164.47994208	1
0	109838	164.47998304	1
0	109839	164.480024	1
0	109861	164.48057344	1
0	109873	164.4806144	1
0	109883	164.48065536	1
0	109894	164.48069632	1
0	109896	164.48073728	1
0	109898	164.48077824	1
0	109900	164.4808192	1
0	109902	164.48086016	1
0	109904	164.48090112	1
0	109906	164.48094208	1
0	109908	164.48098304	1
0	109910	164.481024	1
0	109933	164.48157344	1
0	109945	164.4816144	1
0	109955	164.48165536	1
0	109966	164.48169632	1
0	109968	164.48173728	1
0	109970	164.48177824	1
0	109972	164.4818192	1
0	109974	164.48186016	1
0	109976	164.48190112	1
0	109978	164.48194208	1
0	109980	164.48198304	1
0	109982	164.482024	1
0	110005	164.48257344	1
0	110017	164.4826144	1
0	110027	164.48265536	1
0	110038	164.48269632	1
0	110040	164.48273728	1
0	110042	164.48277824	1
0	110044	164.4828192	1
0	110046	164.48286016	1
0	110048	164.48290112	1
0	110050	164.48294208	1
0	110052	164.48298304	1
0	110054	164.483024	1
0	110077	164.48357344	1
0	110089	164.4836144	1
0	110099	164.48365536	1
0	110110	164.48369632	1
0	110112	164.48373728	1
0	110114	164.48377824	1
0	110116	164.4838192	1
0	110118	164.48386016	1
0	110120	164.48390112	1
0	110122	164.48394208	1
0	110124	164.48398304	1
0	110126	164.484024	1
0	110149	164.48457344	1
0	110161	164.4846144	1
0	110171	164.48465536	1
0	110182	164.48469632	1
0	110184	164.48473728	1
0	110186	164.48477824	1
0	110188	164.4848192	1
0	110190	164.48486016	1
0	110192	164.48490112	1
0	110194	164.48494208	1
0	110196	164.48498304	1
0	110198	164.485024	1
0	110221	164.48557344	1
0	110233	164.4856144	1
0	110243	164.48565536	1
0	110254	164.48569632	1
0	110256	164.48573728	1
0	110258	164.48577824	1
0	110260	164.4858192	1
0	110262	164.48586016	1
0	110264	164.48590112	1
0	110266	164.48594208	1
0	110268	164.48598304	1
0	110270	164.486024	1
0	110281	164.48657344	1
0	110293	164.4866144	1
0	110303	164.48665536	1
0	110314	164.48669632	1
0	110316	164.48673728	1
0	110318	164.48677824	1
0	110320	164.4868192	1
0	110322	164.48686016	1
0	110324	164.48690112	1
0	110326	164.48694208	1
0	110328	164.48698304	1
0	110330	164.487024	1
0	110333	164.48757344	1
0	110337	164.4876144	1
0	110343	164.48765536	1
0	110350	164.48769632	1
0	110352	164.48773728	1
0	110354	164.48777824	1
0	110356	164.4878192	1
0	110358	164.48786016	1
0	110360	164.48790112	1
0	110362	164.48794208	1
0	110364	164.48798304	1
0	110366	164.488024	1
0	110369	164.48857344	1
0	110373	164.4886144	1
0	110379	164.48865536	1
0	110386	164.48869632	1
0	110388	164.48873728	1
0	110390	164.48877824	1
0	110392	164.4888192	1
0	110394	164.48886016	1
0	110396	164.48890112	1
0	110398	164.48894208	1
0	110400	164.48898304	1
0	110402	164.489024	1
0	110521	165.48857344	1
0	110533	165.4886144	1
0	110542	165.48865536	1
0	110551	165.48869632	1
0	110552	165.48873728	1
0	110553	165.48877824	1
0	110554	165.4888192	1
0	110555	165.48886016	1
0	110556	165.48890112	1
0	110557	165.48894208	1
0	110558	165.48898304	1
0	110559	165.489024	1
0	110581	165.48957344	1
0	110593	165.4896144	1
0	110603	165.48965536	1
0	110614	165.48969632	1
0	110616	165.48973728	1
0	110618	165.48977824	1
0	110620	165.4898192	1
0	110622	165.48986016	1
0	110624	165.48990112	1
0	110626	165.48994208	1
0	110628	165.48998304	1
0	110630	165.490024	1
0	110653	165.49057344	1
0	110665	165.4906144	1
0	110675	165.49065536	1
0	110686	165.49069632	1
0	110688	165.49073728	1
0	110690	165.49077824	1
0	110692	165.4908192	1
0	110694	165.49086016	1
0	110696	165.49090112	1
0	110698	165.49094208	1
0	110700	165.49098304	1
0	110702	165.491024	1
0	110725	165.49157344	1
0	110737	165.4916144	1
0	110747	165.49165536	1
0	110758	165.49169632	1
0	110760	165.49173728	1
0	110762	165.49177824	1
0	110764	165.4918192	1
0	110766	165.49186016	1
0	110768	165.49190112	1
0	110770	165.49194208	1
0	110772	165.49198304	1
0	110774	165.492024	1
0	110797	165.49257344	1
0	110809	165.4926144	1
0	110819	165.49265536	1
0	110830	165.49269632	1
0	110832	165.49273728	1
0	110834	165.49277824	1
0	110836	165.4928192	1
0	110838	165.49286016	1
0	110840	165.49290112	1
0	110842	165.49294208	1
0	110844	165.49298304	1
0	110846	165.493024	1
0	110869	165.49357344	1
0	110881	165.4936144	1
0	110891	165.49365536	1
0	110902	165.49369632	1
0	110904	165.49373728	1
0	110906	165.49377824	1
0	110908	165.4938192	1
0	110910	165.49386016	1
0	110912	165.49390112	1
0	110914	165.49394208	1
0	110916	165.49398304	1
0	110918	165.494024	1
0	110941	165.49457344	1
0	110953	165.4946144	1
0	110963	165.49465536	1
0	110974	165.49469632	1
0	110976	165.49473728	1
0	110978	165.49477824	1
0	110980	165.4948192	1
0	110982	165.49486016	1
0	110984	165.49490112	1
0	110986	165.49494208	1
0	110988	165.49498304	1
0	110990	165.495024	1
0	111001	165.49557344	1
0	111013	165.4956144	1
0	111023	165.49565536	1
0	111034	165.49569632	1
0	111036	165.49573728	1
0	111038	165.49577824	1
0	111040	165.4958192	1
0	111042	165.49586016	1
0	111044	165.49590112	1
0	111046	165.49594208	1
0	111048	165.49598304	1
0	111050	165.496024	1
0	111053	165.49657344	1
0	111057	165.4966144	1
0	111063	165.49665536	1
0	111070	165.49669632	1
0	111072	165.49673728	1
0	111074	165.49677824	1
0	111076	165.4968192	1
0	111078	165.49686016	1
0	111080	165.49690112	1
0	111082	165.49694208	1
0	111084	165.49698304	1
0	111086	165.497024	1
0	111089	165.49757344	1
0	111093	165.4976144	1
0	111099	165.49765536	1
0	111106	165.49769632	1
0	111108	165.49773728	1
0	111110	165.49777824	1
0	111112	165.4978192	1
0	111114	165.49786016	1
0	111116	165.49790112	1
0	111118	165.49794208	1
0	111120	165.49798304	1
0	111122	165.498024	1
0	111241	166.49757344	1
0	111253	166.4976144	1
0	111262	166.49765536	1
0	111271	166.49769632	1
0	111272	166.49773728	1
0	111273	166.49777824	1
0	111274	166.4978192	1
0	111275	166.49786016	1
0	111276	166.49790112	1
0	111277	166.49794208	1
0	111278	166.49798304	1
0	111279	166.498024	1
0	111301	166.49857344	1
0	111313	166.4986144	1
0	111323	166.49865536	1
0	111334	166.49869632	1
0	111336	166.49873728	1
0	111338	166.49877824	1
0	111340	166.4988192	1
0	111342	166.49886016	1
0	111344	166.49890112	1
0	111346	166.49894208	1
0	111348	166.49898304	1
0	111350	166.499024	1
0	111373	166.49957344	1
0	111385	166.4996144	1
0	111395	166.49965536	1
0	111406	166.49969632	1
0	111408	166.49973728	1
0	111410	166.49977824	1
0	111412	166.4998192	1
0	111414	166.49986016	1
0	111416	166.49990112	1
0	111418	166.49994208	1
0	111420	166.49998304	1
0	111422	166.500024	1
0	111445	166.50057344	1
0	111457	166.5006144	1
0	111467	166.50065536	1
0	111478	166.50069632	1
0	111480	166.50073728	1
0	111482	166.50077824	1
0	111484	166.5008192	1
0	111486	166.50086016	1
0	111488	166.50090112	1
0	111490	166.50094208	1
0	111492	166.50098304	1
0	111494	166.501024	1
0	111517	166.50157344	1
0	111529	166.5016144	1
0	111539	166.50165536	1
0	111550	166.50169632	1
0	111552	166.50173728	1
0	111554	166.50177824	1
0	111556	166.5018192	1
0	111558	166.50186016	1
0	111560	166.50190112	1
0	111562	166.50194208	1
0	111564	166.50198304	1
0	111566	166.502024	1
0	111589	166.50257344	1
0	111601	166.5026144	1
0	111611	166.50265536	1
0	111622	166.50269632	1
0	111624	166.50273728	1
0	111626	166.50277824	1
0	111628	166.5028192	1
0	111630	166.50286016	1
0	111632	166.50290112	1
0	111634	166.50294208	1
0	111636	166.50298304	1
0	111638	166.503024	1
0	111661	166.50357344	1
0	111673	166.5036144	1
0	111683	166.50365536	1
0	111694	166.50369632	1
0	111696	166.50373728	1
0	111698	166.50377824	1
0	111700	166.5038192	1
0	111702	166.50386016	1
0	111704	166.50390112	1
0	111706	166.50394208	1
0	111708	166.50398304	1
0	111710	166.504024	1
0	111721	166.50457344	1
0	111733	166.5046144	1
0	111743	166.50465536	1
0	111754	166.50469632	1
0	111756	166.50473728	1
0	111758	166.50477824	1
0	111760	166.5048192	1
0	111762	166.50486016	1
0	111764	166.50490112	1
0	111766	166.50494208	1
0	111768	166.50498304	1
0	111770	166.505024	1
0	111773	166.50557344	1
0	111777	166.5056144	1
0	111783	166.50565536	1
0	111790	166.50569632	1
0	111792	166.50573728	1
0	111794	166.50577824	1
0	111796	166.5058192	1
0	111798	166.50586016	1
0	111800	166.50590112	1
0	111802	166.50594208	1
0	111804	166.50598304	1
0	111806	166.506024	1
0	111809	166.50657344	1
0	111813	166.5066144	1
0	111819	166.50665536	1
0	111826	166.50669632	1
0	111828	166.50673728	1
0	111830	166.50677824	1
0	111832	166.5068192	1
0	111834	166.50686016	1
0	111836	166.50690112	1
0	111838	166.50694208	1
0	111840	166.50698304	1
0	111842	166.507024	1
0	111961	167.50657344	1
0	111973	167.5066144	1
0	111982	167.50665536	1
0	111991	167.50669632	1
0	111992	167.50673728	1
0	111993	167.50677824	1
0	111994	167.5068192	1
0	111995	167.50686016	1
0	111996	167.50690112	1
0	111997	167.50694208	1
0	111998	167.50698304	1
0	111999	167.507024	1
0	112021	167.50757344	1
0	112033	167.5076144	1
0	112043	167.50765536	1
0	112054	167.50769632	1
0	112056	167.50773728	1
0	112058	167.50777824	1
0	112060	167.5078192	1
0	112062	167.50786016	1
0	112064	167.50790112	1
0	112066	167.50794208	1
0	112068	167.50798304	1
0	112070	167.508024	1
0	112093	167.50857344	1
0	112105	167.5086144	1
0	112115	167.50865536	1
0	112126	167.50869632	1
0	112128	167.50873728	1
0	112130	167.50877824	1
0	112132	167.5088192	1
0	112134	167.50886016	1
0	112136	167.50890112	1
0	112138	167.50894208	1
0	112140	167.50898304	1
0	112142	167.509024	1
0	112165	167.50957344	1
0	112177	167.5096144	1
0	112187	167.50965536	1
0	112198	167.50969632	1
0	112200	167.50973728	1
0	112202	167.50977824	1
0	112204	167.5098192	1
0	112206	167.50986016	1
0	112208	167.50990112	1
0	112210	167.50994208	1
0	112212	167.50998304	1
0	112214	167.510024	1
0	112237	167.51057344	1
0	112249	167.5106144	1
0	112259	167.51065536	1
0	112270	167.51069632	1
0	112272	167.51073728	1
0	112274	167.51077824	1
0	112276	167.5108192	1
0	112278	167.51086016	1
0	112280	167.51090112	1
0	112282	167.51094208	1
0	112284	167.51098304	1
0	112286	167.511024	1
0	112309	167.51157344	1
0	112321	167.5116144	1
0	112331	167.51165536	1
0	112342	167.51169632	1
0	112344	167.51173728	1
0	112346	167.51177824	1
0	112348	167.5118192	1
0	112350	167.51186016	1
0	112352	167.51190112	1
0	112354	167.51194208	1
0	112356	167.51198304	1
0	112358	167.512024	1
0	112381	167.51257344	1
0	112393	167.5126144	1
0	112403	167.51265536	1
0	112414	167.51269632	1
0	112416	167.51273728	1
0	112418	167.51277824	1
0	112420	167.5128192	1
0	112422	167.51286016	1
0	112424	167.51290112	1
0	112426	167.51294208	1
0	112428	167.51298304	1
0	112430	167.513024	1
0	112441	167.51357344	1
0	112453	167.5136144	1
0	112463	167.51365536	1
0	112474	167.51369632	1
0	112476	167.51373728	1
0	112478	167.51377824	1
0	112480	167.5138192	1
0	112482	167.51386016	1
0	112484	167.51390112	1
0	112486	167.51394208	1
0	112488	167.51398304	1
0	112490	167.514024	1
0	112493	167.51457344	1
0	112497	167.5146144	1
0	112503	167.51465536	1
0	112510	167.51469632	1
0	112512	167.51473728	1
0	112514	167.51477824	1
0	112516	167.5148192	1
0	112518	167.51486016	1
0	112520	167.51490112	1
0	112522	167.51494208	1
0	112524	167.51498304	1
0	112526	167.515024	1
0	112529	167.51557344	1
0	112533	167.5156144	1
0	112539	167.51565536	1
0	112546	167.51569632	1
0	112548	167.51573728	1
0	112550	167.51577824	1
0	112552	167.5158192	1
0	112554	167.51586016	1
0	112556	167.51590112	1
0	112558	167.51594208	1
0	112560	167.51598304	1
0	112562	167.516024	1
0	112681	168.51557344	1
0	112693	168.5156144	1
0	112702	168.51565536	1
0	112711	168.51569632	1
0	112712	168.51573728	1
0	112713	168.51577824	1
0	112714	168.5158192	1
0	112715	168.51586016	1
0	112716	168.51590112	1
0	112717	168.51594208	1
0	112718	168.51598304	1
0	112719	168.516024	1
0	112741	168.51657344	1
0	112753	168.5166144	1
0	112763	168.51665536	1
0	112774	168.51669632	1
0	112776	168.51673728	1
0	112778	168.51677824	1
0	112780	168.5168192	1
0	112782	168.51686016	1
0	112784	168.51690112	1
0	112786	168.51694208	1
0	112788	168.51698304	1
0	112790	168.517024	1
0	112813	168.51757344	1
0	112825	168.5176144	1
0	112835	168.51765536	1
0	112846	168.51769632	1
0	112848	168.51773728	1
0	112850	168.51777824	1
0	112852	168.5178192	1
0	112854	168.51786016	1
0	112856	168.51790112	1
0	112858	168.51794208	1
0	112860	168.51798304	1
0	112862	168.518024	1
0	112885	168.51857344	1
0	112897	168.5186144	1
0	112907	168.51865536	1
0	112918	168.51869632	1
0	112920	168.51873728	1
0	112922	168.51877824	1
0	112924	168.5188192	1
0	112926	168.51886016	1
0	112928	168.51890112	1
0	112930	168.51894208	1
0	112932	168.51898304	1
0	112934	168.519024	1
0	112957	168.51957344	1
0	112969	168.5196144	1
0	112979	168.51965536	1
0	112990	168.51969632	1
0	112992	168.51973728	1
0	112994	168.51977824	1
0	112996	168.5198192	1
0	112998	168.51986016	1
0	113000	168.51990112	1
0	113002	168.51994208	1
0	113004	168.51998304	1
0	113006	168.520024	1
0	113029	168.52057344	1
0	113041	168.5206144	1
0	113051	168.52065536	1
0	113062	168.52069632	1
0	113064	168.52073728	1
0	113066	168.52077824	1
0	113068	168.5208192	1
0	113070	168.52086016	1
0	113072	168.52090112	1
0	113074	168.52094208	1
0	113076	168.52098304	1
0	113078	168.521024	1
0	113101	168.52157344	1
0	113113	168.5216144	1
0	113123	168.52165536	1
0	113134	168.52169632	1
0	113136	168.52173728	1
0	113138	168.52177824	1
0	113140	168.5218192	1
0	113142	168.52186016	1
0	113144	168.52190112	1
0	113146	168.52194208	1
0	113148	168.52198304	1
0	113150	168.522024	1
0	113161	168.52257344	1
0	113173	168.5226144	1
0	113183	168.52265536	1
0	113194	168.52269632	1
0	113196	168.52273728	1
0	113198	168.52277824	1
0	113200	168.5228192	1
0	113202	168.52286016	1
0	113204	168.52290112	1
0	113206	168.52294208	1
0	113208	168.52298304	1
0	113210	168.523024	1
0	113213	168.52357344	1
0	113217	168.5236144	1
0	113223	168.52365536	1
0	113230	168.52369632	1
0	113232	168.52373728	1
0	113234	168.52377824	1
0	113236	168.5238192	1
0	113238	168.52386016	1
0	113240	168.52390112	1
0	113242	168.52394208	1
0	113244	168.52398304	1
0	113246	168.524024	1
0	113249	168.52457344	1
0	113253	168.5246144	1
0	113259	168.52465536	1
0	113266	168.52469632	1
0	113268	168.52473728	1
0	113270	168.52477824	1
0	113272	168.5248192	1
0	113274	168.52486016	1
0	113276	168.52490112	1
0	113278	168.52494208	1
0	113280	168.52498304	1
0	113282	168.525024	1
0	113401	169.52457344	1
0	113413	169.5246144	1
0	113422	169.52465536	1
0	113431	169.52469632	1
0	113432	169.52473728	1
0	113433	169.52477824	1
0	113434	169.5248192	1
0	113435	169.52486016	1
0	113436	169.52490112	1
0	113437	169.52494208	1
0	113438	169.52498304	1
0	113439	169.525024	1
0	113461	169.52557344	1
0	113473	169.5256144	1
0	113483	169.52565536	1
0	113494	169.52569632	1
0	113496	169.52573728	1
0	113498	169.52577824	1
0	113500	169.5258192	1
0	113502	169.52586016	1
0	113504	169.52590112	1
0	113506	169.52594208	1
0	113508	169.52598304	1
0	113510	169.526024	1
0	113533	169.52657344	1
0	113545	169.5266144	1
0	113555	169.52665536	1
0	113566	169.52669632	1
0	113568	169.52673728	1
0	113570	169.52677824	1
0	113572	169.5268192	1
0	113574	169.52686016	1
0	113576	169.52690112	1
0	113578	169.52694208	1
0	113580	169.52698304	1
0	113582	169.527024	1
0	113605	169.52757344	1
0	113617	169.5276144	1
0	113627	169.52765536	1
0	113638	169.52769632	1
0	113640	169.52773728	1
0	113642	169.52777824	1
0	113644	169.5278192	1
0	113646	169.52786016	1
0	113648	169.52790112	1
0	113650	169.52794208	1
0	113652	169.52798304	1
0	113654	169.528024	1
0	113677	169.52857344	1
0	113689	169.5286144	1
0	113699	169.52865536	1
0	113710	169.52869632	1
0	113712	169.52873728	1
0	113714	169.52877824	1
0	113716	169.5288192	1
0	113718	169.52886016	1
0	113720	169.52890112	1
0	113722	169.52894208	1
0	113724	169.52898304	1
0	113726	169.529024	1
0	113749	169.52957344	1
0	113761	169.5296144	1
0	113771	169.52965536	1
0	113782	169.52969632	1
0	113784	169.52973728	1
0	113786	169.52977824	1
0	113788	169.5298192	1
0	113790	169.52986016	1
0	113792	169.52990112	1
0	113794	169.52994208	1
0	113796	169.52998304	1
0	113798	169.530024	1
0	113821	169.53057344	1
0	113833	169.5306144	1
0	113843	169.53065536	1
0	113854	169.53069632	1
0	113856	169.53073728	1
0	113858	169.53077824	1
0	113860	169.5308192	1
0	113862	169.53086016	1
0	113864	169.53090112	1
0	113866	169.53094208	1
0	113868	169.53098304	1
0	113870	169.531024	1
0	113881	169.53157344	1
0	113893	169.5316144	1
0	113903	169.53165536	1
0	113914	169.53169632	1
0	113916	169.53173728	1
0	113918	169.53177824	1
0	113920	169.5318192	1
0	113922	169.53186016	1
0	113924	169.53190112	1
0	113926	169.53194208	1
0	113928	169.53198304	1
0	113930	169.532024	1
0	113933	169.53257344	1
0	113937	169.5326144	1
0	113943	169.53265536	1
0	113950	169.53269632	1
0	113952	169.53273728	1
0	113954	169.53277824	1
0	113956	169.5328192	1
0	113958	169.53286016	1
0	113960	169.53290112	1
0	113962	169.53294208	1
0	113964	169.53298304	1
0	113966	169.533024	1
0	113969	169.53357344	1
0	113973	169.5336144	1
0	113979	169.53365536	1
0	113986	169.53369632	1
0	113988	169.53373728	1
0	113990	169.53377824	1
0	113992	169.5338192	1
0	113994	169.53386016	1
0	113996	169.53390112	1
0	113998	169.53394208	1
0	114000	169.53398304	1
0	114002	169.534024	1
0	114121	170.53357344	1
0	114133	170.5336144	1
0	114142	170.53365536	1
0	114151	170.53369632	1
0	114152	170.53373728	1
0	114153	170.53377824	1
0	114154	170.5338192	1
0	114155	170.53386016	1
0	114156	170.53390112	1
0	114157	170.53394208	1
0	114158	170.53398304	1
0	114159	170.534024	1
0	114181	170.53457344	1
0	114193	170.5346144	1
0	114203	170.53465536	1
0	114214	170.53469632	1
0	114216	170.53473728	1
0	114218	170.53477824	1
0	114220	170.5348192	1
0	114222	170.53486016	1
0	114224	170.53490112	1
0	114226	170.53494208	1
0	114228	170.53498304	1
0	114230	170.535024	1
0	114253	170.53557344	1
0	114265	170.5356144	1
0	114275	170.53565536	1
0	114286	170.53569632	1
0	114288	170.53573728	1
0	114290	170.53577824	1
0	114292	170.5358192	1
0	114294	170.53586016	1
0	114296	170.53590112	1
0	114298	170.53594208	1
0	114300	170.53598304	1
0	114302	170.536024	1
0	114325	170.53657344	1
0	114337	170.5366144	1
0	114347	170.53665536	1
0	114358	170.53669632	1
0	114360	170.53673728	1
0	114362	170.53677824	1
0	114364	170.5368192	1
0	114366	170.53686016	1
0	114368	170.53690112	1
0	114370	170.53694208	1
0	114372	170.53698304	1
0	114374	170.537024	1
0	114397	170.53757344	1
0	114409	170.5376144	1
0	114419	170.53765536	1
0	114430	170.53769632	1
0	114432	170.53773728	1
0	114434	170.53777824	1
0	114436	170.5378192	1
0	114438	170.53786016	1
0	114440	170.53790112	1
0	114442	170.53794208	1
0	114444	170.53798304	1
0	114446	170.538024	1
0	114469	170.53857344	1
0	114481	170.5386144	1
0	114491	170.53865536	1
0	114502	170.53869632	1
0	114504	170.53873728	1
0	114506	170.53877824	1
0	114508	170.5388192	1
0	114510	170.53886016	1
0	114512	170.53890112	1
0	114514	170.53894208	1
0	114516	170.53898304	1
0	114518	170.539024	1
0	114541	170.53957344	1
0	114553	170.5396144	1
0	114563	170.53965536	1
0	114574	170.53969632	1
0	114576	170.53973728	1
0	114578	170.53977824	1
0	114580	170.5398192	1
0	114582	170.53986016	1
0	114584	170.53990112	1
0	114586	170.53994208	1
0	114588	170.53998304	1
0	114590	170.540024	1
0	114601	170.54057344	1
0	114613	170.5406144	1
0	114623	170.54065536	1
0	114634	170.54069632	1
0	114636	170.54073728	1
0	114638	170.54077824	1
0	114640	170.5408192	1
0	114642	170.54086016	1
0	114644	170.54090112	1
0	114646	170.54094208	1
0	114648	170.54098304	1
0	114650	170.541024	1
0	114653	170.54157344	1
0	114657	170.5416144	1
0	114663	170.54165536	1
0	114670	170.54169632	1
0	114672	170.54173728	1
0	114674	170.54177824	1
0	114676	170.5418192	1
0	114678	170.54186016	1
0	114680	170.54190112	1
0	114682	170.54194208	1
0	114684	170.54198304	1
0	114686	170.542024	1
0	114689	170.54257344	1
0	114693	170.5426144	1
0	114699	170.54265536	1
0	114706	170.54269632	1
0	114708	170.54273728	1
0	114710	170.54277824	1
0	114712	170.5428192	1
0	114714	170.54286016	1
0	114716	170.54290112	1
0	114718	170.54294208	1
0	114720	170.54298304	1
0	114722	170.543024	1
0	114841	171.54257344	1
0	114853	171.5426144	1
0	114862	171.54265536	1
0	114871	171.54269632	1
0	114872	171.54273728	1
0	114873	171.54277824	1
0	114874	171.5428192	1
0	114875	171.54286016	1
0	114876	171.54290112	1
0	114877	171.54294208	1
0	114878	171.54298304	1
0	114879	171.543024	1
0	114901	171.54357344	1
0	114913	171.5436144	1
0	114923	171.54365536	1
0	114934	171.54369632	1
0	114936	171.54373728	1
0	114938	171.54377824	1
0	114940	171.5438192	1
0	114942	171.54386016	1
0	114944	171.54390112	1
0	114946	171.54394208	1
0	114948	171.54398304	1
0	114950	171.544024	1
0	114973	171.54457344	1
0	114985	171.5446144	1
0	114995	171.54465536	1
0	115006	171.54469632	1
0	115008	171.54473728	1
0	115010	171.54477824	1
0	115012	171.5448192	1
0	115014	171.54486016	1
0	115016	171.54490112	1
0	115018	171.54494208	1
0	115020	171.54498304	1
0	115022	171.545024	1
0	115045	171.54557344	1
0	115057	171.5456144	1
0	115067	171.54565536	1
0	115078	171.54569632	1
0	115080	171.54573728	1
0	115082	171.54577824	1
0	115084	171.5458192	1
0	115086	171.54586016	1
0	115088	171.54590112	1
0	115090	171.54594208	1
0	115092	171.54598304	1
0	115094	171.546024	1
0	115117	171.54657344	1
0	115129	171.5466144	1
0	115139	171.54665536	1
0	115150	171.54669632	1
0	115152	171.54673728	1
0	115154	171.54677824	1
0	115156	171.5468192	1
0	115158	171.54686016	1
0	115160	171.54690112	1
0	115162	171.54694208	1
0	115164	171.54698304	1
0	115166	171.547024	1
0	115189	171.54757344	1
0	115201	171.5476144	1
0	115211	171.54765536	1
0	115222	171.54769632	1
0	115224	171.54773728	1
0	115226	171.54777824	1
0	115228	171.5478192	1
0	115230	171.54786016	1
0	115232	171.54790112	1
0	115234	171.54794208	1
0	115236	171.54798304	1
0	115238	171.548024	1
0	115261	171.54857344	1
0	115273	171.5486144	1
0	115283	171.54865536	1
0	115294	171.54869632	1
0	115296	171.54873728	1
0	115298	171.54877824	1
0	115300	171.5488192	1
0	115302	171.54886016	1
0	115304	171.54890112	1
0	115306	171.54894208	1
0	115308	171.54898304	1
0	115310	171.549024	1
0	115321	171.54957344	1
0	115333	171.5496144	1
0	115343	171.54965536	1
0	115354	171.54969632	1
0	115356	171.54973728	1
0	115358	171.54977824	1
0	115360	171.5498192	1
0	115362	171.54986016	1
0	115364	171.54990112	1
0	115366	171.54994208	1
0	115368	171.54998304	1
0	115370	171.550024	1
0	115373	171.55057344	1
0	115377	171.5506144	1
0	115383	171.55065536	1
0	115390	171.55069632	1
0	115392	171.55073728	1
0	115394	171.55077824	1
0	115396	171.5508192	1
0	115398	171.55086016	1
0	115400	171.55090112	1
0	115402	171.55094208	1
0	115404	171.55098304	1
0	115406	171.551024	1
0	115409	171.55157344	1
0	115413	171.5516144	1
0	115419	171.55165536	1
0	115426	171.55169632	1
0	115428	171.55173728	1
0	115430	171.55177824	1
0	115432	171.5518192	1
0	115434	171.55186016	1
0	115436	171.55190112	1
0	115438	171.55194208	1
0	115440	171.55198304	1
0	115442	171.552024	1
0	115561	172.55157344	1
0	115573	172.5516144	1
0	115582	172.55165536	1
0	115591	172.55169632	1
0	115592	172.55173728	1
0	115593	172.55177824	1
0	115594	172.5518192	1
0	115595	172.55186016	1
0	115596	172.55190112	1
0	115597	172.55194208	1
0	115598	172.55198304	1
0	115599	172.552024	1
0	115621	172.55257344	1
0	115633	172.5526144	1
0	115643	172.55265536	1
0	115654	172.55269632	1
0	115656	172.55273728	1
0	115658	172.55277824	1
0	115660	172.5528192	1
0	115662	172.55286016	1
0	115664	172.55290112	1
0	115666	172.55294208	1
0	115668	172.55298304	1
0	115670	172.553024	1
0	115693	172.55357344	1
0	115705	172.5536144	1
0	115715	172.55365536	1
0	115726	172.55369632	1
0	115728	172.55373728	1
0	115730	172.55377824	1
0	115732	172.5538192	1
0	115734	172.55386016	1
0	115736	172.55390112	1
0	115738	172.55394208	1
0	115740	172.55398304	1
0	115742	172.554024	1
0	115765	172.55457344	1
0	115777	172.5546144	1
0	115787	172.55465536	1
0	115798	172.55469632	1
0	115800	172.55473728	1
0	115802	172.55477824	1
0	115804	172.5548192	1
0	115806	172.55486016	1
0	115808	172.55490112	1
0	115810	172.55494208	1
0	115812	172.55498304	1
0	115814	172.555024	1
0	115837	172.55557344	1
0	115849	172.5556144	1
0	115859	172.55565536	1
0	115870	172.55569632	1
0	115872	172.55573728	1
0	115874	172.55577824	1
0	115876	172.5558192	1
0	115878	172.55586016	1
0	115880	172.55590112	1
0	115882	172.55594208	1
0	115884	172.55598304	1
0	115886	172.556024	1
0	115909	172.55657344	1
0	115921	172.5566144	1
0	115931	172.55665536	1
0	115942	172.55669632	1
0	115944	172.55673728	1
0	115946	172.55677824	1
0	115948	172.5568192	1
0	115950	172.55686016	1
0	115952	172.55690112	1
0	115954	172.55694208	1
0	115956	172.55698304	1
0	115958	172.557024	1
0	115981	172.55757344	1
0	115993	172.5576144	1
0	116003	172.55765536	1
0	116014	172.55769632	1
0	116016	172.55773728	1
0	116018	172.55777824	1
0	116020	172.5578192	1
0	116022	172.55786016	1
0	116024	172.55790112	1
0	116026	172.55794208	1
0	116028	172.55798304	1
0	116030	172.558024	1
0	116041	172.55857344	1
0	116053	172.5586144	1
0	116063	172.55865536	1
0	116074	172.55869632	1
0	116076	172.55873728	1
0	116078	172.55877824	1
0	116080	172.5588192	1
0	116082	172.55886016	1
0	116084	172.55890112	1
0	116086	172.55894208	1
0	116088	172.55898304	1
0	116090	172.559024	1
0	116093	172.55957344	1
0	116097	172.5596144	1
0	116103	172.55965536	1
0	116110	172.55969632	1
0	116112	172.55973728	1
0	116114	172.55977824	1
0	116116	172.5598192	1
0	116118	172.55986016	1
0	116120	172.55990112	1
0	116122	172.55994208	1
0	116124	172.55998304	1
0	116126	172.560024	1
0	116129	172.56057344	1
0	116133	172.5606144	1
0	116139	172.56065536	1
0	116146	172.56069632	1
0	116148	172.56073728	1
0	116150	172.56077824	1
0	116152	172.5608192	1
0	116154	172.56086016	1
0	116156	172.56090112	1
0	116158	172.56094208	1
0	116160	172.56098304	1
0	116162	172.561024	1
0	116281	173.56057344	1
0	116293	173.5606144	1
0	116302	173.56065536	1
0	116311	173.56069632	1
0	116312	173.56073728	1
0	116313	173.56077824	1
0	116314	173.5608192	1
0	116315	173.56086016	1
0	116316	173.56090112	1
0	116317	173.56094208	1
0	116318	173.56098304	1
0	116319	173.561024	1
0	116341	173.56157344	1
0	116353	173.5616144	1
0	116363	173.56165536	1
0	116374	173.56169632	1
0	116376	173.56173728	1
0	116378	173.56177824	1
0	116380	173.5618192	1
0	116382	173.56186016	1
0	116384	173.56190112	1
0	116386	173.56194208	1
0	116388	173.56198304	1
0	116390	173.562024	1
0	116413	173.56257344	1
0	116425	173.5626144	1
0	116435	173.56265536	1
0	116446	173.56269632	1
0	116448	173.56273728	1
0	116450	173.56277824	1
0	116452	173.5628192	1
0	116454	173.56286016	1
0	116456	173.56290112	1
0	116458	173.56294208	1
0	116460	173.56298304	1
0	116462	173.563024	1
0	116485	173.56357344	1
0	116497	173.5636144	1
0	116507	173.56365536	1
0	116518	173.56369632	1
0	116520	173.56373728	1
0	116522	173.56377824	1
0	116524	173.5638192	1
0	116526	173.56386016	1
0	116528	173.56390112	1
0	116530	173.56394208	1
0	116532	173.56398304	1
0	116534	173.564024	1
0	116557	173.56457344	1
0	116569	173.5646144	1
0	116579	173.56465536	1
0	116590	173.56469632	1
0	116592	173.56473728	1
0	116594	173.56477824	1
0	116596	173.5648192	1
0	116598	173.56486016	1
0	116600	173.56490112	1
0	116602	173.56494208	1
0	116604	173.56498304	1
0	116606	173.565024	1
0	116629	173.56557344	1
0	116641	173.5656144	1
0	116651	173.56565536	1
0	116662	173.56569632	1
0	116664	173.56573728	1
0	116666	173.56577824	1
0	116668	173.5658192	1
0	116670	173.56586016	1
0	116672	173.56590112	1
0	116674	173.56594208	1
0	116676	173.56598304	1
0	116678	173.566024	1
0	116701	173.56657344	1
0	116713	173.5666144	1
0	116723	173.56665536	1
0	116734	173.56669632	1
0	116736	173.56673728	1
0	116738	173.56677824	1
0	116740	173.5668192	1
0	116742	173.56686016	1
0	116744	173.56690112	1
0	116746	173.56694208	1
0	116748	173.56698304	1
0	116750	173.567024	1
0	116761	173.56757344	1
0	116773	173.5676144	1
0	116783	173.56765536	1
0	116794	173.56769632	1
0	116796	173.56773728	1
0	116798	173.56777824	1
0	116800	173.5678192	1
0	116802	173.56786016	1
0	116804	173.56790112	1
0	116806	173.56794208	1
0	116808	173.56798304	1
0	116810	173.568024	1
0	116813	173.56857344	1
0	116817	173.5686144	1
0	116823	173.56865536	1
0	116830	173.56869632	1
0	116832	173.56873728	1
0	116834	173.56877824	1
0	116836	173.5688192	1
0	116838	173.56886016	1
0	116840	173.56890112	1
0	116842	173.56894208	1
0	116844	173.56898304	1
0	116846	173.569024	1
0	116849	173.56957344	1
0	116853	173.5696144	1
0	116859	173.56965536	1
0	116866	173.56969632	1
0	116868	173.56973728	1
0	116870	173.56977824	1
0	116872	173.5698192	1
0	116874	173.56986016	1
0	116876	173.56990112	1
0	116878	173.56994208	1
0	116880	173.56998304	1
0	116882	173.570024	1
0	117001	174.56957344	1
0	117013	174.5696144	1
0	117022	174.56965536	1
0	117031	174.56969632	1
0	117032	174.56973728	1
0	117033	174.56977824	1
0	117034	174.5698192	1
0	117035	174.56986016	1
0	117036	174.56990112	1
0	117037	174.56994208	1
0	117038	174.56998304	1
0	117039	174.570024	1
0	117061	174.57057344	1
0	117073	174.5706144	1
0	117083	174.57065536	1
0	117094	174.57069632	1
0	117096	174.57073728	1
0	117098	174.57077824	1
0	117100	174.5708192	1
0	117102	174.57086016	1
0	117104	174.57090112	1
0	117106	174.57094208	1
0	117108	174.57098304	1
0	117110	174.571024	1
0	117133	174.57157344	1
0	117145	174.5716144	1
0	117155	174.57165536	1
0	117166	174.57169632	1
0	117168	174.57173728	1
0	117170	174.57177824	1
0	117172	174.5718192	1
0	117174	174.57186016	1
0	117176	174.57190112	1
0	117178	174.57194208	1
0	117180	174.57198304	1
0	117182	174.572024	1
0	117205	174.57257344	1
0	117217	174.5726144	1
0	117227	174.57265536	1
0	117238	174.57269632	1
0	117240	174.57273728	1
0	117242	174.57277824	1
0	117244	174.5728192	1
0	117246	174.57286016	1
0	117248	174.57290112	1
0	117250	174.57294208	1
0	117252	174.57298304	1
0	117254	174.573024	1
0	117277	174.57357344	1
0	117289	174.5736144	1
0	117299	174.57365536	1
0	117310	174.57369632	1
0	117312	174.57373728	1
0	117314	174.57377824	1
0	117316	174.5738192	1
0	117318	174.57386016	1
0	117320	174.57390112	1
0	117322	174.57394208	1
0	117324	174.57398304	1
0	117326	174.574024	1
0	117349	174.57457344	1
0	117361	174.5746144	1
0	117371	174.57465536	1
0	117382	174.57469632	1
0	117384	174.57473728	1
0	117386	174.57477824	1
0	117388	174.5748192	1
0	117390	174.57486016	1
0	117392	174.57490112	1
0	117394	174.57494208	1
0	117396	174.57498304	1
0	117398	174.575024	1
0	117421	174.57557344	1
0	117433	174.5756144	1
0	117443	174.57565536	1
0	117454	174.57569632	1
0	117456	174.57573728	1
0	117458	174.57577824	1
0	117460	174.5758192	1
0	117462	174.57586016	1
0	117464	174.57590112	1
0	117466	174.57594208	1
0	117468	174.57598304	1
0	117470	174.576024	1
0	117481	174.57657344	1
0	117493	174.5766144	1
0	117503	174.57665536	1
0	117514	174.57669632	1
0	117516	174.57673728	1
0	117518	174.57677824	1
0	117520	174.5768192	1
0	117522	174.57686016	1
0	117524	174.57690112	1
0	117526	174.57694208	1
0	117528	174.57698304	1
0	117530	174.577024	1
0	117533	174.57757344	1
0	117537	174.5776144	1
0	117543	174.57765536	1
0	117550	174.57769632	1
0	117552	174.57773728	1
0	117554	174.57777824	1
0	117556	174.5778192	1
0	117558	174.57786016	1
0	117560	174.57790112	1
0	117562	174.57794208	1
0	117564	174.57798304	1
0	117566	174.578024	1
0	117569	174.57857344	1
0	117573	174.5786144	1
0	117579	174.57865536	1
0	117586	174.57869632	1
0	117588	174.57873728	1
0	117590	174.57877824	1
0	117592	174.5788192	1
0	117594	174.57886016	1
0	117596	174.57890112	1
0	117598	174.57894208	1
0	117600	174.57898304	1
0	117602	174.579024	1
1	13	1.0010512	1
1	25	1.00105632	1
1	29	1.00106144	1
1	97	1.00707168	1
1	101	1.00709216	1
1	105	1.00711264	1
1	157	1.01953248	1
1	165	1.01957344	1
1	173	1.0196144	1
1	193	1.02053248	1
1	201	1.02057344	1
1	209	1.0206144	1
1	229	1.02153248	1
1	238	1.02157344	1
1	251	1.0216144	1
1	289	1.02253248	1
1	298	1.02257344	1
1	312	1.0226144	1
1	361	1.02353248	1
1	370	1.02357344	1
1	384	1.0236144	1
1	433	1.02453248	1
1	442	1.02457344	1
1	456	1.0246144	1
1	505	1.02553248	1
1	514	1.02557344	1
1	528	1.0256144	1
1	577	1.02653248	1
1	586	1.02657344	1
1	600	1.0266144	1
1	649	1.02753248	1
1	658	1.02757344	1
1	672	1.0276144	1
1	709	1.02853248	1
1	718	1.02857344	1
1	732	1.0286144	1
1	877	2.02853248	1
1	885	2.02857344	1
1	893	2.0286144	1
1	913	2.02953248	1
1	921	2.02957344	1
1	929	2.0296144	1
1	949	2.03053248	1
1	958	2.03057344	1
1	971	2.0306144	1
1	1009	2.03153248	1
1	1018	2.03157344	1
1	1032	2.0316144	1
1	1081	2.03253248	1
1	1090	2.03257344	1
1	1104	2.0326144	1
1	1153	2.03353248	1
1	1162	2.03357344	1
1	1176	2.0336144	1
1	1225	2.03453248	1
1	1234	2.03457344	1
1	1248	2.0346144	1
1	1297	2.03553248	1
1	1306	2.03557344	1
1	1320	2.0356144	1
1	1369	2.03653248	1
1	1378	2.03657344	1
1	1392	2.0366144	1
1	1429	2.03753248	1
1	1438	2.03757344	1
1	1452	2.0376144	1
1	1597	3.03753248	1
1	1605	3.03757344	1
1	1613	3.0376144	1
1	1633	3.03853248	1
1	1641	3.03857344	1
1	1649	3.0386144	1
1	1669	3.03953248	1
1	1678	3.03957344	1
1	1691	3.0396144	1
1	1729	3.04053248	1
1	1738	3.04057344	1
1	1752	3.0406144	1
1	1801	3.04153248	1
1	1810	3.04157344	1
1	1824	3.0416144	1
1	1873	3.04253248	1
1	1882	3.04257344	1
1	1896	3.0426144	1
1	1945	3.04353248	1
1	1954	3.04357344	1
1	1968	3.0436144	1
1	2017	3.04453248	1
1	2026	3.04457344	1
1	2040	3.0446144	1
1	2089	3.04553248	1
1	2098	3.04557344	1
1	2112	3.0456144	1
1	2149	3.04653248	1
1	2158	3.04657344	1
1	2172	3.0466144	1
1	2317	4.04653248	1
1	2325	4.04657344	1
1	2333	4.0466144	1
1	2353	4.04753248	1
1	2361	4.04757344	1
1	2369	4.0476144	1
1	2389	4.04853248	1
1	2398	4.04857344	1
1	2411	4.0486144	1
1	2449	4.04953248	1
1	2458	4.04957344	1
1	2472	4.0496144	1
1	2521	4.05053248	1
1	2530	4.05057344	1
1	2544	4.0506144	1
1	2593	4.05153248	1
1	2602	4.05157344	1
1	2616	4.0516144	1
1	2665	4.05253248	1
1	2674	4.05257344	1
1	2688	4.0526144	1
1	2737	4.05353248	1
1	2746	4.05357344	1
1	2760	4.0536144	1
1	2809	4.05453248	1
1	2818	4.05457344	1
1	2832	4.0546144	1
1	2869	4.05553248	1
1	2878	4.05557344	1
1	2892	4.0556144	1
1	3037	5.05553248	1
1	3045	5.05557344	1
1	3053	5.0556144	1
1	3073	5.05653248	1
1	3081	5.05657344	1
1	3089	5.0566144	1
1	3109	5.05753248	1
1	3118	5.05757344	1
1	3131	5.0576144	1
1	3169	5.05853248	1
1	3178	5.05857344	1
1	3192	5.0586144	1
1	3241	5.05953248	1
1	3250	5.05957344	1
1	3264	5.0596144	1
1	3313	5.06053248	1
1	3322	5.06057344	1
1	3336	5.0606144	1
1	3385	5.06153248	1
1	3394	5.06157344	1
1	3408	5.0616144	1
1	3457	5.06253248	1
1	3466	5.06257344	1
1	3480	5.0626144	1
1	3529	5.06353248	1
1	3538	5.06357344	1
1	3552	5.0636144	1
1	3589	5.06453248	1
1	3598	5.06457344	1
1	3612	5.0646144	1
1	3757	6.06453248	1
1	3765	6.06457344	1
1	3773	6.0646144	1
1	3793	6.06553248	1
1	3801	6.06557344	1
1	3809	6.0656144	1
1	3829	6.06653248	1
1	3838	6.06657344	1
1	3851	6.0666144	1
1	3889	6.06753248	1
1	3898	6.06757344	1
1	3912	6.0676144	1
1	3961	6.06853248	1
1	3970	6.06857344	1
1	3984	6.0686144	1
1	4033	6.06953248	1
1	4042	6.06957344	1
1	4056	6.0696144	1
1	4105	6.07053248	1
1	4114	6.07057344	1
1	4128	6.0706144	1
1	4177	6.07153248	1
1	4186	6.07157344	1
1	4200	6.0716144	1
1	4249	6.07253248	1
1	4258	6.07257344	1
1	4272	6.0726144	1
1	4309	6.07353248	1
1	4318	6.07357344	1
1	4332	6.0736144	1
1	4477	7.07353248	1
1	4485	7.07357344	1
1	4493	7.0736144	1
1	4513	7.07453248	1
1	4521	7.07457344	1
1	4529	7.0746144	1
1	4549	7.07553248	1
1	4558	7.07557344	1
1	4571	7.0756144	1
1	4609	7.07653248	1
1	4618	7.07657344	1
1	4632	7.0766144	1
1	4681	7.07753248	1
1	4690	7.07757344	1
1	4704	7.0776144	1
1	4753	7.07853248	1
1	4762	7.07857344	1
1	4776	7.0786144	1
1	4825	7.07953248	1
1	4834	7.07957344	1
1	4848	7.0796144	1
1	4897	7.08053248	1
1	4906	7.08057344	1
1	4920	7.0806144	1
1	4969	7.08153248	1
1	4978	7.08157344	1
1	4992	7.0816144	1
1	5029	7.08253248	1
1	5038	7.08257344	1
1	5052	7.0826144	1
1	5197	8.08253248	1
1	5205	8.08257344	1
1	5213	8.0826144	1
1	5233	8.08353248	1
1	5241	8.08357344	1
1	5249	8.0836144	1
1	5269	8.08453248	1
1	5278	8.08457344	1
1	5291	8.0846144	1
1	5329	8.08553248	1
1	5338	8.08557344	1
1	5352	8.0856144	1
1	5401	8.08653248	1
1	5410	8.08657344	1
1	5424	8.0866144	1
1	5473	8.08753248	1
1	5482	8.08757344	1
1	5496	8.0876144	1
1	5545	8.08853248	1
1	5554	8.08857344	1
1	5568	8.0886144	1
1	5617	8.08953248	1
1	5626	8.08957344	1
1	5640	8.0896144	1
1	5689	8.09053248	1
1	5698	8.09057344	1
1	5712	8.0906144	1
1	5749	8.09153248	1
1	5758	8.09157344	1
1	5772	8.0916144	1
1	5917	9.09153248	1
1	5925	9.09157344	1
1	5933	9.0916144	1
1	5953	9.09253248	1
1	5961	9.09257344	1
1	5969	9.0926144	1
1	5989	9.09353248	1
1	5998	9.09357344	1
1	6011	9.0936144	1
1	6049	9.09453248	1
1	6058	9.09457344	1
1	6072	9.0946144	1
1	6121	9.09553248	1
1	6130	9.09557344	1
1	6144	9.0956144	1
1	6193	9.09653248	1
1	6202	9.09657344	1
1	6216	9.0966144	1
1	6265	9.09753248	1
1	6274	9.09757344	1
1	6288	9.0976144	1
1	6337	9.09853248	1
1	6346	9.09857344	1
1	6360	9.0986144	1
1	6409	9.09953248	1
1	6418	9.09957344	1
1	6432	9.0996144	1
1	6469	9.10053248	1
1	6478	9.10057344	1
1	6492	9.1006144	1
1	6637	10.10053248	1
1	6645	10.10057344	1
1	6653	10.1006144	1
1	6673	10.10153248	1
1	6681	10.10157344	1
1	6689	10.1016144	1
1	6709	10.10253248	1
1	6718	10.10257344	1
1	6731	10.1026144	1
1	6769	10.10353248	1
1	6778	10.10357344	1
1	6792	10.1036144	1
1	6841	10.10453248	1
1	6850	10.10457344	1
1	6864	10.1046144	1
1	6913	10.10553248	1
1	6922	10.10557344	1
1	6936	10.1056144	1
1	6985	10.10653248	1
1	6994	10.10657344	1
1	7008	10.1066144	1
1	7057	10.10753248	1
1	7066	10.10757344	1
1	7080	10.1076144	1
1	7129	10.10853248	1
1	7138	10.10857344	1
1	7152	10.1086144	1
1	7189	10.10953248	1
1	7198	10.10957344	1
1	7212	10.1096144	1
1	7357	11.10953248	1
1	7365	11.10957344	1
1	7373	11.1096144	1
1	7393	11.11053248	1
1	7401	11.11057344	1
1	7409	11.1106144	1
1	7429	11.11153248	1
1	7438	11.11157344	1
1	7451	11.1116144	1
1	7489	11.11253248	1
1	7498	11.11257344	1
1	7512	11.1126144	1
1	7561	11.11353248	1
1	7570	11.11357344	1
1	7584	11.1136144	1
1	7633	11.11453248	1
1	7642	11.11457344	1
1	7656	11.1146144	1
1	7705	11.11553248	1
1	7714	11.11557344	1
1	7728	11.1156144	1
1	7777	11.11653248	1
1	7786	11.11657344	1
1	7800	11.1166144	1
1	7849	11.11753248	1
1	7858	11.11757344	1
1	7872	11.1176144	1
1	7909	11.11853248	1
1	7918	11.11857344	1
1	7932	11.1186144	1
1	8077	12.11853248	1
1	8085	12.11857344	1
1	8093	12.1186144	1
1	8113	12.11953248	1
1	8121	12.11957344	1
1	8129	12.1196144	1
1	8149	12.12053248	1
1	8158	12.12057344	1
1	8171	12.1206144	1
1	8209	12.12153248	1
1	8218	12.12157344	1
1	8232	12.1216144	1
1	8281	12.12253248	1
1	8290	12.12257344	1
1	8304	12.1226144	1
1	8353	12.12353248	1
1	8362	12.12357344	1
1	8376	12.1236144	1
1	8425	12.12453248	1
1	8434	12.12457344	1
1	8448	12.1246144	1
1	8497	12.12553248	1
1	8506	12.12557344	1
1	8520	12.1256144	1
1	8569	12.12653248	1
1	8578	12.12657344	1
1	8592	12.1266144	1
1	8629	12.12753248	1
1	8638	12.12757344	1
1	8652	12.1276144	1
1	8797	13.12753248	1
1	8805	13.12757344	1
1	8813	13.1276144	1
1	8833	13.12853248	1
1	8841	13.12857344	1
1	8849	13.1286144	1
1	8869	13.12953248	1
1	8878	13.12957344	1
1	8891	13.1296144	1
1	8929	13.13053248	1
1	8938	13.13057344	1
1	8952	13.1306144	1
1	9001	13.13153248	1
1	9010	13.13157344	1
1	9024	13.1316144	1
1	9073	13.13253248	1
1	9082	13.13257344	1
1	9096	13.1326144	1
1	9145	13.13353248	1
1	9154	13.13357344	1
1	9168	13.1336144	1
1	9217	13.13453248	1
1	9226	13.13457344	1
1	9240	13.1346144	1
1	9289	13.13553248	1
1	9298	13.13557344	1
1	9312	13.1356144	1
1	9349	13.13653248	1
1	9358	13.13657344	1
1	9372	13.1366144	1
1	9517	14.13653248	1
1	9525	14.13657344	1
1	9533	14.1366144	1
1	9553	14.13753248	1
1	9561	14.13757344	1
1	9569	14.1376144	1
1	9589	14.13853248	1
1	9598	14.13857344	1
1	9611	14.1386144	1
1	9649	14.13953248	1
1	9658	14.13957344	1
1	9672	14.1396144	1
1	9721	14.14053248	1
1	9730	14.14057344	1
1	9744	14.1406144	1
1	9793	14.14153248	1
1	9802	14.14157344	1
1	9816	14.1416144	1
1	9865	14.14253248	1
1	9874	14.14257344	1
1	9888	14.1426144	1
1	9937	14.14353248	1
1	9946	14.14357344	1
1	9960	14.1436144	1
1	10009	14.14453248	1
1	10018	14.14457344	1
1	10032	14.1446144	1
1	10069	14.14553248	1
1	10078	14.14557344	1
1	10092	14.1456144	1
1	10237	15.14553248	1
1	10245	15.14557344	1
1	10253	15.1456144	1
1	10273	15.14653248	1
1	10281	15.14657344	1
1	10289	15.1466144	1
1	10309	15.14753248	1
1	10318	15.14757344	1
1	10331	15.1476144	1
1	10369	15.14853248	1
1	10378	15.14857344	1
1	10392	15.1486144	1
1	10441	15.14953248	1
1	10450	15.14957344	1
1	10464	15.1496144	1
1	10513	15.15053248	1
1	10522	15.15057344	1
1	10536	15.1506144	1
1	10585	15.15153248	1
1	10594	15.15157344	1
1	10608	15.1516144	1
1	10657	15.15253248	1
1	10666	15.15257344	1
1	10680	15.1526144	1
1	10729	15.15353248	1
1	10738	15.15357344	1
1	10752	15.1536144	1
1	10789	15.15453248	1
1	10798	15.15457344	1
1	10812	15.1546144	1
1	10957	16.15453248	1
1	10965	16.15457344	1
1	10973	16.1546144	1
1	10993	16.15553248	1
1	11001	16.15557344	1
1	11009	16.1556144	1
1	11029	16.15653248	1
1	11038	16.15657344	1
1	11051	16.1566144	1
1	11089	16.15753248	1
1	11098	16.15757344	1
1	11112	16.1576144	1
1	11161	16.15853248	1
1	11170	16.15857344	1
1	11184	16.1586144	1
1	11233	16.15953248	1
1	11242	16.15957344	1
1	11256	16.1596144	1
1	11305	16.16053248	1
1	11314	16.16057344	1
1	11328	16.1606144	1
1	11377	16.16153248	1
1	11386	16.16157344	1
1	11400	16.1616144	1
1	11449	16.16253248	1
1	11458	16.16257344	1
1	11472	16.1626144	1
1	11509	16.16353248	1
1	11518	16.16357344	1
1	11532	16.1636144	1
1	11677	17.16353248	1
1	11685	17.16357344	1
1	11693	17.1636144	1
1	11713	17.16453248	1
1	11721	17.16457344	1
1	11729	17.1646144	1
1	11749	17.16553248	1
1	11758	17.16557344	1
1	11771	17.1656144	1
1	11809	17.16653248	1
1	11818	17.16657344	1
1	11832	17.1666144	1
1	11881	17.16753248	1
1	11890	17.16757344	1
1	11904	17.1676144	1
1	11953	17.16853248	1
1	11962	17.16857344	1
1	11976	17.1686144	1
1	12025	17.16953248	1
1	12034	17.16957344	1
1	12048	17.1696144	1
1	12097	17.17053248	1
1	12106	17.17057344	1
1	12120	17.1706144	1
1	12169	17.17153248	1
1	12178	17.17157344	1
1	12192	17.1716144	1
1	12229	17.17253248	1
1	12238	17.17257344	1
1	12252	17.1726144	1
1	12397	18.17253248	1
1	12405	18.17257344	1
1	12413	18.1726144	1
1	12433	18.17353248	1
1	12441	18.17357344	1
1	12449	18.1736144	1
1	12469	18.17453248	1
1	12478	18.17457344	1
1	12491	18.1746144	1
1	12529	18.17553248	1
1	12538	18.17557344	1
1	12552	18.1756144	1
1	12601	18.17653248	1
1	12610	18.17657344	1
1	12624	18.1766144	1
1	12673	18.17753248	1
1	12682	18.17757344	1
1	12696	18.1776144	1
1	12745	18.17853248	1
1	12754	18.17857344	1
1	12768	18.1786144	1
1	12817	18.17953248	1
1	12826	18.17957344	1
1	12840	18.1796144	1
1	12889	18.18053248	1
1	12898	18.18057344	1
1	12912	18.1806144	1
1	12949	18.18153248	1
1	12958	18.18157344	1
1	12972	18.1816144	1
1	13117	19.18153248	1
1	13125	19.18157344	1
1	13133	19.1816144	1
1	13153	19.18253248	1
1	13161	19.18257344	1
1	13169	19.1826144	1
1	13189	19.18353248	1
1	13198	19.18357344	1
1	13211	19.1836144	1
1	13249	19.18453248	1
1	13258	19.18457344	1
1	13272	19.1846144	1
1	13321	19.18553248	1
1	13330	19.18557344	1
1	13344	19.1856144	1
1	13393	19.18653248	1
1	13402	19.18657344	1
1	13416	19.1866144	1
1	13465	19.18753248	1
1	13474	19.18757344	1
1	13488	19.1876144	1
1	13537	19.18853248	1
1	13546	19.18857344	1
1	13560	19.1886144	1
1	13609	19.18953248	1
1	13618	19.18957344	1
1	13632	19.1896144	1
1	13669	19.19053248	1
1	13678	19.19057344	1
1	13692	19.1906144	1
1	13837	20.19053248	1
1	13845	20.19057344	1
1	13853	20.1906144	1
1	13873	20.19153248	1
1	13881	20.19157344	1
1	13889	20.1916144	1
1	13909	20.19253248	1
1	13918	20.19257344	1
1	13931	20.1926144	1
1	13969	20.19353248	1
1	13978	20.19357344	1
1	13992	20.1936144	1
1	14041	20.19453248	1
1	14050	20.19457344	1
1	14064	20.1946144	1
1	14113	20.19553248	1
1	14122	20.19557344	1
1	14136	20.1956144	1
1	14185	20.19653248	1
1	14194	20.19657344	1
1	14208	20.1966144	1
1	14257	20.19753248	1
1	14266	20.19757344	1
1	14280	20.1976144	1
1	14329	20.19853248	1
1	14338	20.19857344	1
1	14352	20.1986144	1
1	14389	20.19953248	1
1	14398	20.19957344	1
1	14412	20.1996144	1
1	14557	21.19953248	1
1	14565	21.19957344	1
1	14573	21.1996144	1
1	14593	21.20053248	1
1	14601	21.20057344	1
1	14609	21.2006144	1
1	14629	21.20153248	1
1	14638	21.20157344	1
1	14651	21.2016144	1
1	14689	21.20253248	1
1	14698	21.20257344	1
1	14712	21.2026144	1
1	14761	21.20353248	1
1	14770	21.20357344	1
1	14784	21.2036144	1
1	14833	21.20453248	1
1	14842	21.20457344	1
1	14856	21.2046144	1
1	14905	21.20553248	1
1	14914	21.20557344	1
1	14928	21.2056144	1
1	14977	21.20653248	1
1	14986	21.20657344	1
1	15000	21.2066144	1
1	15049	21.20753248	1
1	15058	21.20757344	1
1	15072	21.2076144	1
1	15109	21.20853248	1
1	15118	21.20857344	1
1	15132	21.2086144	1
1	15277	22.20853248	1
1	15285	22.20857344	1
1	15293	22.2086144	1
1	15313	22.20953248	1
1	15321	22.20957344	1
1	15329	22.2096144	1
1	15349	22.21053248	1
1	15358	22.21057344	1
1	15371	22.2106144	1
1	15409	22.21153248	1
1	15418	22.21157344	1
1	15432	22.2116144	1
1	15481	22.21253248	1
1	15490	22.21257344	1
1	15504	22.2126144	1
1	15553	22.21353248	1
1	15562	22.21357344	1
1	15576	22.2136144	1
1	15625	22.21453248	1
1	15634	22.21457344	1
1	15648	22.2146144	1
1	15697	22.21553248	1
1	15706	22.21557344	1
1	15720	22.2156144	1
1	15769	22.21653248	1
1	15778	22.21657344	1
1	15792	22.2166144	1
1	15829	22.21753248	1
1	15838	22.21757344	1
1	15852	22.2176144	1
1	15997	23.21753248	1
1	16005	23.21757344	1
1	16013	23.2176144	1
1	16033	23.21853248	1
1	16041	23.21857344	1
1	16049	23.2186144	1
1	16069	23.21953248	1
1	16078	23.21957344	1
1	16091	23.2196144	1
1	16129	23.22053248	1
1	16138	23.22057344	1
1	16152	23.2206144	1
1	16201	23.22153248	1
1	16210	23.22157344	1
1	16224	23.2216144	1
1	16273	23.22253248	1
1	16282	23.22257344	1
1	16296	23.2226144	1
1	16345	23.22353248	1
1	16354	23.22357344	1
1	16368	23.2236144	1
1	16417	23.22453248	1
1	16426	23.22457344	1
1	16440	23.2246144	1
1	16489	23.22553248	1
1	16498	23.22557344	1
1	16512	23.2256144	1
1	16549	23.22653248	1
1	16558	23.22657344	1
1	16572	23.2266144	1
1	16717	24.22653248	1
1	16725	24.22657344	1
1	16733	24.2266144	1
1	16753	24.22753248	1
1	16761	24.22757344	1
1	16769	24.2276144	1
1	16789	24.22853248	1
1	16798	24.22857344	1
1	16811	24.2286144	1
1	16849	24.22953248	1
1	16858	24.22957344	1
1	16872	24.2296144	1
1	16921	24.23053248	1
1	16930	24.23057344	1
1	16944	24.2306144	1
1	16993	24.23153248	1
1	17002	24.23157344	1
1	17016	24.2316144	1
1	17065	24.23253248	1
1	17074	24.23257344	1
1	17088	24.2326144	1
1	17137	24.23353248	1
1	17146	24.23357344	1
1	17160	24.2336144	1
1	17209	24.23453248	1
1	17218	24.23457344	1
1	17232	24.2346144	1
1	17269	24.23553248	1
1	17278	24.23557344	1
1	17292	24.2356144	1
1	17437	25.23553248	1
1	17445	25.23557344	1
1	17453	25.2356144	1
1	17473	25.23653248	1
1	17481	25.23657344	1
1	17489	25.2366144	1
1	17509	25.23753248	1
1	17518	25.23757344	1
1	17531	25.2376144	1
1	17569	25.23853248	1
1	17578	25.23857344	1
1	17592	25.2386144	1
1	17641	25.23953248	1
1	17650	25.23957344	1
1	17664	25.2396144	1
1	17713	25.24053248	1
1	17722	25.24057344	1
1	17736	25.2406144	1
1	17785	25.24153248	1
1	17794	25.24157344	1
1	17808	25.2416144	1
1	17857	25.24253248	1
1	17866	25.24257344	1
1	17880	25.2426144	1
1	17929	25.24353248	1
1	17938	25.24357344	1
1	17952	25.2436144	1
1	17989	25.24453248	1
1	17998	25.24457344	1
1	18012	25.2446144	1
1	18157	26.24453248	1
1	18165	26.24457344	1
1	18173	26.2446144	1
1	18193	26.24553248	1
1	18201	26.24557344	1
1	18209	26.2456144	1
1	18229	26.24653248	1
1	18238	26.24657344	1
1	18251	26.2466144	1
1	18289	26.24753248	1
1	18298	26.24757344	1
1	18312	26.2476144	1
1	18361	26.24853248	1
1	18370	26.24857344	1
1	18384	26.2486144	1
1	18433	26.24953248	1
1	18442	26.24957344	1
1	18456	26.2496144	1
1	18505	26.25053248	1
1	18514	26.25057344	1
1	18528	26.2506144	1
1	18577	26.25153248	1
1	18586	26.25157344	1
1	18600	26.2516144	1
1	18649	26.25253248	1
1	18658	26.25257344	1
1	18672	26.2526144	1
1	18709	26.25353248	1
1	18718	26.25357344	1
1	18732	26.2536144	1
1	18877	27.25353248	1
1	18885	27.25357344	1
1	18893	27.2536144	1
1	18913	27.25453248	1
1	18921	27.25457344	1
1	18929	27.2546144	1
1	18949	27.25553248	1
1	18958	27.25557344	1
1	18971	27.2556144	1
1	19009	27.25653248	1
1	19018	27.25657344	1
1	19032	27.2566144	1
1	19081	27.25753248	1
1	19090	27.25757344	1
1	19104	27.2576144	1
1	19153	27.25853248	1
1	19162	27.25857344	1
1	19176	27.2586144	1
1	19225	27.25953248	1
1	19234	27.25957344	1
1	19248	27.2596144	1
1	19297	27.26053248	1
1	19306	27.26057344	1
1	19320	27.2606144	1
1	19369	27.26153248	1
1	19378	27.26157344	1
1	19392	27.2616144	1
1	19429	27.26253248	1
1	19438	27.26257344	1
1	19452	27.2626144	1
1	19597	28.26253248	1
1	19605	28.26257344	1
1	19613	28.2626144	1
1	19633	28.26353248	1
1	19641	28.26357344	1
1	19649	28.2636144	1
1	19669	28.26453248	1
1	19678	28.26457344	1
1	19691	28.2646144	1
1	19729	28.26553248	1
1	19738	28.26557344	1
1	19752	28.2656144	1
1	19801	28.26653248	1
1	19810	28.26657344	1
1	19824	28.2666144	1
1	19873	28.26753248	1
1	19882	28.26757344	1
1	19896	28.2676144	1
1	19945	28.26853248	1
1	19954	28.26857344	1
1	19968	28.2686144	1
1	20017	28.26953248	1
1	20026	28.26957344	1
1	20040	28.2696144	1
1	20089	28.27053248	1
1	20098	28.27057344	1
1	20112	28.2706144	1
1	20149	28.27153248	1
1	20158	28.27157344	1
1	20172	28.2716144	1
1	20317	29.27153248	1
1	20325	29.27157344	1
1	20333	29.2716144	1
1	20353	29.27253248	1
1	20361	29.27257344	1
1	20369	29.2726144	1
1	20389	29.27353248	1
1	20398	29.27357344	1
1	20411	29.2736144	1
1	20449	29.27453248	1
1	20458	29.27457344	1
1	20472	29.2746144	1
1	20521	29.27553248	1
1	20530	29.27557344	1
1	20544	29.2756144	1
1	20593	29.27653248	1
1	20602	29.27657344	1
1	20616	29.2766144	1
1	20665	29.27753248	1
1	20674	29.27757344	1
1	20688	29.2776144	1
1	20737	29.27853248	1
1	20746	29.27857344	1
1	20760	29.2786144	1
1	20809	29.27953248	1
1	20818	29.27957344	1
1	20832	29.2796144	1
1	20869	29.28053248	1
1	20878	29.28057344	1
1	20892	29.2806144	1
1	21037	30.28053248	1
1	21045	30.28057344	1
1	21053	30.2806144	1
1	21073	30.28153248	1
1	21081	30.28157344	1
1	21089	30.2816144	1
1	21109	30.28253248	1
1	21118	30.28257344	1
1	21131	30.2826144	1
1	21169	30.28353248	1
1	21178	30.28357344	1
1	21192	30.2836144	1
1	21241	30.28453248	1
1	21250	30.28457344	1
1	21264	30.2846144	1
1	21313	30.28553248	1
1	21322	30.28557344	1
1	21336	30.2856144	1
1	21385	30.28653248	1
1	21394	30.28657344	1
1	21408	30.2866144	1
1	21457	30.28753248	1
1	21466	30.28757344	1
1	21480	30.2876144	1
1	21529	30.28853248	1
1	21538	30.28857344	1
1	21552	30.2886144	1
1	21589	30.28953248	1
1	21598	30.28957344	1
1	21612	30.2896144	1
1	21757	31.28953248	1
1	21765	31.28957344	1
1	21773	31.2896144	1
1	21793	31.29053248	1
1	21801	31.29057344	1
1	21809	31.2906144	1
1	21829	31.29153248	1
1	21838	31.29157344	1
1	21851	31.2916144	1
1	21889	31.29253248	1
1	21898	31.29257344	1
1	21912	31.2926144	1
1	21961	31.29353248	1
1	21970	31.29357344	1
1	21984	31.2936144	1
1	22033	31.29453248	1
1	22042	31.29457344	1
1	22056	31.2946144	1
1	22105	31.29553248	1
1	22114	31.29557344	1
1	22128	31.2956144	1
1	22177	31.29653248	1
1	22186	31.29657344	1
1	22200	31.2966144	1
1	22249	31.29753248	1
1	22258	31.29757344	1
1	22272	31.2976144	1
1	22309	31.29853248	1
1	22318	31.29857344	1
1	22332	31.2986144	1
1	22477	32.29853248	1
1	22485	32.29857344	1
1	22493	32.2986144	1
1	22513	32.29953248	1
1	22521	32.29957344	1
1	22529	32.2996144	1
1	22549	32.30053248	1
1	22558	32.30057344	1
1	22571	32.3006144	1
1	22609	32.30153248	1
1	22618	32.30157344	1
1	22632	32.3016144	1
1	22681	32.30253248	1
1	22690	32.30257344	1
1	22704	32.3026144	1
1	22753	32.30353248	1
1	22762	32.30357344	1
1	22776	32.3036144	1
1	22825	32.30453248	1
1	22834	32.30457344	1
1	22848	32.3046144	1
1	22897	32.30553248	1
1	22906	32.30557344	1
1	22920	32.3056144	1
1	22969	32.30653248	1
1	22978	32.30657344	1
1	22992	32.3066144	1
1	23029	32.30753248	1
1	23038	32.30757344	1
1	23052	32.3076144	1
1	23197	33.30753248	1
1	23205	33.30757344	1
1	23213	33.3076144	1
1	23233	33.30853248	1
1	23241	33.30857344	1
1	23249	33.3086144	1
1	23269	33.30953248	1
1	23278	33.30957344	1
1	23291	33.3096144	1
1	23329	33.31053248	1
1	23338	33.31057344	1
1	23352	33.3106144	1
1	23401	33.31153248	1
1	23410	33.31157344	1
1	23424	33.3116144	1
1	23473	33.31253248	1
1	23482	33.31257344	1
1	23496	33.3126144	1
1	23545	33.31353248	1
1	23554	33.31357344	1
1	23568	33.3136144	1
1	23617	33.31453248	1
1	23626	33.31457344	1
1	23640	33.3146144	1
1	23689	33.31553248	1
1	23698	33.31557344	1
1	23712	33.3156144	1
1	23749	33.31653248	1
1	23758	33.31657344	1
1	23772	33.3166144	1
1	23917	34.31653248	1
1	23925	34.31657344	1
1	23933	34.3166144	1
1	23953	34.31753248	1
1	23961	34.31757344	1
1	23969	34.3176144	1
1	23989	34.31853248	1
1	23998	34.31857344	1
1	24011	34.3186144	1
1	24049	34.31953248	1
1	24058	34.31957344	1
1	24072	34.3196144	1
1	24121	34.32053248	1
1	24130	34.32057344	1
1	24144	34.3206144	1
1	24193	34.32153248	1
1	24202	34.32157344	1
1	24216	34.3216144	1
1	24265	34.32253248	1
1	24274	34.32257344	1
1	24288	34.3226144	1
1	24337	34.32353248	1
1	24346	34.32357344	1
1	24360	34.3236144	1
1	24409	34.32453248	1
1	24418	34.32457344	1
1	24432	34.3246144	1
1	24469	34.32553248	1
1	24478	34.32557344	1
1	24492	34.3256144	1
1	24637	35.32553248	1
1	24645	35.32557344	1
1	24653	35.3256144	1
1	24673	35.32653248	1
1	24681	35.32657344	1
1	24689	35.3266144	1
1	24709	35.32753248	1
1	24718	35.32757344	1
1	24731	35.3276144	1
1	24769	35.32853248	1
1	24778	35.32857344	1
1	24792	35.3286144	1
1	24841	35.32953248	1
1	24850	35.32957344	1
1	24864	35.3296144	1
1	24913	35.33053248	1
1	24922	35.33057344	1
1	24936	35.3306144	1
1	24985	35.33153248	1
1	24994	35.33157344	1
1	25008	35.3316144	1
1	25057	35.33253248	1
1	25066	35.33257344	1
1	25080	35.3326144	1
1	25129	35.33353248	1
1	25138	35.33357344	1
1	25152	35.3336144	1
1	25189	35.33453248	1
1	25198	35.33457344	1
1	25212	35.3346144	1
1	25357	36.33453248	1
1	25365	36.33457344	1
1	25373	36.3346144	1
1	25393	36.33553248	1
1	25401	36.33557344	1
1	25409	36.3356144	1
1	25429	36.33653248	1
1	25438	36.33657344	1
1	25451	36.3366144	1
1	25489	36.33753248	1
1	25498	36.33757344	1
1	25512	36.3376144	1
1	25561	36.33853248	1
1	25570	36.33857344	1
1	25584	36.3386144	1
1	25633	36.33953248	1
1	25642	36.33957344	1
1	25656	36.3396144	1
1	25705	36.34053248	1
1	25714	36.34057344	1
1	25728	36.3406144	1
1	25777	36.34153248	1
1	25786	36.34157344	1
1	25800	36.3416144	1
1	25849	36.34253248	1
1	25858	36.34257344	1
1	25872	36.3426144	1
1	25909	36.34353248	1
1	25918	36.34357344	1
1	25932	36.3436144	1
1	26077	37.34353248	1
1	26085	37.34357344	1
1	26093	37.3436144	1
1	26113	37.34453248	1
1	26121	37.34457344	1
1	26129	37.3446144	1
1	26149	37.34553248	1
1	26158	37.34557344	1
1	26171	37.3456144	1
1	26209	37.34653248	1
1	26218	37.34657344	1
1	26232	37.3466144	1
1	26281	37.34753248	1
1	26290	37.34757344	1
1	26304	37.3476144	1
1	26353	37.34853248	1
1	26362	37.34857344	1
1	26376	37.3486144	1
1	26425	37.34953248	1
1	26434	37.34957344	1
1	26448	37.3496144	1
1	26497	37.35053248	1
1	26506	37.35057344	1
1	26520	37.3506144	1
1	26569	37.35153248	1
1	26578	37.35157344	1
1	26592	37.3516144	1
1	26629	37.35253248	1
1	26638	37.35257344	1
1	26652	37.3526144	1
1	26797	38.35253248	1
1	26805	38.35257344	1
1	26813	38.3526144	1
1	26833	38.35353248	1
1	26841	38.35357344	1
1	26849	38.3536144	1
1	26869	38.35453248	1
1	26878	38.35457344	1
1	26891	38.3546144	1
1	26929	38.35553248	1
1	26938	38.35557344	1
1	26952	38.3556144	1
1	27001	38.35653248	1
1	27010	38.35657344	1
1	27024	38.3566144	1
1	27073	38.35753248	1
1	27082	38.35757344	1
1	27096	38.3576144	1
1	27145	38.35853248	1
1	27154	38.35857344	1
1	27168	38.3586144	1
1	27217	38.35953248	1
1	27226	38.35957344	1
1	27240	38.3596144	1
1	27289	38.36053248	1
1	27298	38.36057344	1
1	27312	38.3606144	1
1	27349	38.36153248	1
1	27358	38.36157344	1
1	27372	38.3616144	1
1	27517	39.36153248	1
1	27525	39.36157344	1
1	27533	39.3616144	1
1	27553	39.36253248	1
1	27561	39.36257344	1
1	27569	39.3626144	1
1	27589	39.36353248	1
1	27598	39.36357344	1
1	27611	39.3636144	1
1	27649	39.36453248	1
1	27658	39.36457344	1
1	27672	39.3646144	1
1	27721	39.36553248	1
1	27730	39.36557344	1
1	27744	39.3656144	1
1	27793	39.36653248	1
1	27802	39.36657344	1
1	27816	39.3666144	1
1	27865	39.36753248	1
1	27874	39.36757344	1
1	27888	39.3676144	1
1	27937	39.36853248	1
1	27946	39.36857344	1
1	27960	39.3686144	1
1	28009	39.36953248	1
1	28018	39.36957344	1
1	28032	39.3696144	1
1	28069	39.37053248	1
1	28078	39.37057344	1
1	28092	39.3706144	1
1	28237	40.37053248	1
1	28245	40.37057344	1
1	28253	40.3706144	1
1	28273	40.37153248	1
1	28281	40.37157344	1
1	28289	40.3716144	1
1	28309	40.37253248	1
1	28318	40.37257344	1
1	28331	40.3726144	1
1	28369	40.37353248	1
1	28378	40.37357344	1
1	28392	40.3736144	1
1	28441	40.37453248	1
1	28450	40.37457344	1
1	28464	40.3746144	1
1	28513	40.37553248	1
1	28522	40.37557344	1
1	28536	40.3756144	1
1	28585	40.37653248	1
1	28594	40.37657344	1
1	28608	40.3766144	1
1	28657	40.37753248	1
1	28666	40.37757344	1
1	28680	40.3776144	1
1	28729	40.37853248	1
1	28738	40.37857344	1
1	28752	40.3786144	1
1	28789	40.37953248	1
1	28798	40.37957344	1
1	28812	40.3796144	1
1	28957	41.37953248	1
1	28965	41.37957344	1
1	28973	41.3796144	1
1	28993	41.38053248	1
1	29001	41.38057344	1
1	29009	41.3806144	1
1	29029	41.38153248	1
1	29038	41.38157344	1
1	29051	41.3816144	1
1	29089	41.38253248	1
1	29098	41.38257344	1
1	29112	41.3826144	1
1	29161	41.38353248	1
1	29170	41.38357344	1
1	29184	41.3836144	1
1	29233	41.38453248	1
1	29242	41.38457344	1
1	29256	41.3846144	1
1	29305	41.38553248	1
1	29314	41.38557344	1
1	29328	41.3856144	1
1	29377	41.38653248	1
1	29386	41.38657344	1
1	29400	41.3866144	1
1	29449	41.38753248	1
1	29458	41.38757344	1
1	29472	41.3876144	1
1	29509	41.38853248	1
1	29518	41.38857344	1
1	29532	41.3886144	1
1	29677	42.38853248	1
1	29685	42.38857344	1
1	29693	42.3886144	1
1	29713	42.38953248	1
1	29721	42.38957344	1
1	29729	42.3896144	1
1	29749	42.39053248	1
1	29758	42.39057344	1
1	29771	42.3906144	1
1	29809	42.39153248	1
1	29818	42.39157344	1
1	29832	42.3916144	1
1	29881	42.39253248	1
1	29890	42.39257344	1
1	29904	42.3926144	1
1	29953	42.39353248	1
1	29962	42.39357344	1
1	29976	42.3936144	1
1	30025	42.39453248	1
1	30034	42.39457344	1
1	30048	42.3946144	1
1	30097	42.39553248	1
1	30106	42.39557344	1
1	30120	42.3956144	1
1	30169	42.39653248	1
1	30178	42.39657344	1
1	30192	42.3966144	1
1	30229	42.39753248	1
1	30238	42.39757344	1
1	30252	42.3976144	1
1	30397	43.39753248	1
1	30405	43.39757344	1
1	30413	43.3976144	1
1	30433	43.39853248	1
1	30441	43.39857344	1
1	30449	43.3986144	1
1	30469	43.39953248	1
1	30478	43.39957344	1
1	30491	43.3996144	1
1	30529	43.40053248	1
1	30538	43.40057344	1
1	30552	43.4006144	1
1	30601	43.40153248	1
1	30610	43.40157344	1
1	30624	43.4016144	1
1	30673	43.40253248	1
1	30682	43.40257344	1
1	30696	43.4026144	1
1	30745	43.40353248	1
1	30754	43.40357344	1
1	30768	43.4036144	1
1	30817	43.40453248	1
1	30826	43.40457344	1
1	30840	43.4046144	1
1	30889	43.40553248	1
1	30898	43.40557344	1
1	30912	43.4056144	1
1	30949	43.40653248	1
1	30958	43.40657344	1
1	30972	43.4066144	1
1	31117	44.40653248	1
1	31125	44.40657344	1
1	31133	44.4066144	1
1	31153	44.40753248	1
1	31161	44.40757344	1
1	31169	44.4076144	1
1	31189	44.40853248	1
1	31198	44.40857344	1
1	31211	44.4086144	1
1	31249	44.40953248	1
1	31258	44.40957344	1
1	31272	44.4096144	1
1	31321	44.41053248	1
1	31330	44.41057344	1
1	31344	44.4106144	1
1	31393	44.41153248	1
1	31402	44.41157344	1
1	31416	44.4116144	1
1	31465	44.41253248	1
1	31474	44.41257344	1
1	31488	44.4126144	1
1	31537	44.41353248	1
1	31546	44.41357344	1
1	31560	44.4136144	1
1	31609	44.41453248	1
1	31618	44.41457344	1
1	31632	44.4146144	1
1	31669	44.41553248	1
1	31678	44.41557344	1
1	31692	44.4156144	1
1	31837	45.41553248	1
1	31845	45.41557344	1
1	31853	45.4156144	1
1	31873	45.41653248	1
1	31881	45.41657344	1
1	31889	45.4166144	1
1	31909	45.41753248	1
1	31918	45.41757344	1
1	31931	45.4176144	1
1	31969	45.41853248	1
1	31978	45.41857344	1
1	31992	45.4186144	1
1	32041	45.41953248	1
1	32050	45.41957344	1
1	32064	45.4196144	1
1	32113	45.42053248	1
1	32122	45.42057344	1
1	32136	45.4206144	1
1	32185	45.42153248	1
1	32194	45.42157344	1
1	32208	45.4216144	1
1	32257	45.42253248	1
1	32266	45.42257344	1
1	32280	45.4226144	1
1	32329	45.42353248	1
1	32338	45.42357344	1
1	32352	45.4236144	1
1	32389	45.42453248	1
1	32398	45.42457344	1
1	32412	45.4246144	1
1	32557	46.42453248	1
1	32565	46.42457344	1
1	32573	46.4246144	1
1	32593	46.42553248	1
1	32601	46.42557344	1
1	32609	46.4256144	1
1	32629	46.42653248	1
1	32638	46.42657344	1
1	32651	46.4266144	1
1	32689	46.42753248	1
1	32698	46.42757344	1
1	32712	46.4276144	1
1	32761	46.42853248	1
1	32770	46.42857344	1
1	32784	46.4286144	1
1	32833	46.42953248	1
1	32842	46.42957344	1
1	32856	46.4296144	1
1	32905	46.43053248	1
1	32914	46.43057344	1
1	32928	46.4306144	1
1	32977	46.43153248	1
1	32986	46.43157344	1
1	33000	46.4316144	1
1	33049	46.43253248	1
1	33058	46.43257344	1
1	33072	46.4326144	1
1	33109	46.43353248	1
1	33118	46.43357344	1
1	33132	46.4336144	1
1	33277	47.43353248	1
1	33285	47.43357344	1
1	33293	47.4336144	1
1	33313	47.43453248	1
1	33321	47.43457344	1
1	33329	47.4346144	1
1	33349	47.43553248	1
1	33358	47.43557344	1
1	33371	47.4356144	1
1	33409	47.43653248	1
1	33418	47.43657344	1
1	33432	47.4366144	1
1	33481	47.43753248	1
1	33490	47.43757344	1
1	33504	47.4376144	1
1	33553	47.43853248	1
1	33562	47.43857344	1
1	33576	47.4386144	1
1	33625	47.43953248	1
1	33634	47.43957344	1
1	33648	47.4396144	1
1	33697	47.44053248	1
1	33706	47.44057344	1
1	33720	47.4406144	1
1	33769	47.44153248	1
1	33778	47.44157344	1
1	33792	47.4416144	1
1	33829	47.44253248	1
1	33838	47.44257344	1
1	33852	47.4426144	1
1	33997	48.44253248	1
1	34005	48.44257344	1
1	34013	48.4426144	1
1	34033	48.44353248	1
1	34041	48.44357344	1
1	34049	48.4436144	1
1	34069	48.44453248	1
1	34078	48.44457344	1
1	34091	48.4446144	1
1	34129	48.44553248	1
1	34138	48.44557344	1
1	34152	48.4456144	1
1	34201	48.44653248	1
1	34210	48.44657344	1
1	34224	48.4466144	1
1	34273	48.44753248	1
1	34282	48.44757344	1
1	34296	48.4476144	1
1	34345	48.44853248	1
1	34354	48.44857344	1
1	34368	48.4486144	1
1	34417	48.44953248	1
1	34426	48.44957344	1
1	34440	48.4496144	1
1	34489	48.45053248	1
1	34498	48.45057344	1
1	34512	48.4506144	1
1	34549	48.45153248	1
1	34558	48.45157344	1
1	34572	48.4516144	1
1	34717	49.45153248	1
1	34725	49.45157344	1
1	34733	49.4516144	1
1	34753	49.45253248	1
1	34761	49.45257344	1
1	34769	49.4526144	1
1	34789	49.45353248	1
1	34798	49.45357344	1
1	34811	49.4536144	1
1	34849	49.45453248	1
1	34858	49.45457344	1
1	34872	49.4546144	1
1	34921	49.45553248	1
1	34930	49.45557344	1
1	34944	49.4556144	1
1	34993	49.45653248	1
1	35002	49.45657344	1
1	35016	49.4566144	1
1	35065	49.45753248	1
1	35074	49.45757344	1
1	35088	49.4576144	1
1	35137	49.45853248	1
1	35146	49.45857344	1
1	35160	49.4586144	1
1	35209	49.45953248	1
1	35218	49.45957344	1
1	35232	49.4596144	1
1	35269	49.46053248	1
1	35278	49.46057344	1
1	35292	49.4606144	1
1	35437	50.46053248	1
1	35445	50.46057344	1
1	35453	50.4606144	1
1	35473	50.46153248	1
1	35481	50.46157344	1
1	35489	50.4616144	1
1	35509	50.46253248	1
1	35518	50.46257344	1
1	35531	50.4626144	1
1	35569	50.46353248	1
1	35578	50.46357344	1
1	35592	50.4636144	1
1	35641	50.46453248	1
1	35650	50.46457344	1
1	35664	50.4646144	1
1	35713	50.46553248	1
1	35722	50.46557344	1
1	35736	50.4656144	1
1	35785	50.46653248	1
1	35794	50.46657344	1
1	35808	50.4666144	1
1	35857	50.46753248	1
1	35866	50.46757344	1
1	35880	50.4676144	1
1	35929	50.46853248	1
1	35938	50.46857344	1
1	35952	50.4686144	1
1	35989	50.46953248	1
1	35998	50.46957344	1
1	36012	50.4696144	1
1	36157	51.46953248	1
1	36165	51.46957344	1
1	36173	51.4696144	1
1	36193	51.47053248	1
1	36201	51.47057344	1
1	36209	51.4706144	1
1	36229	51.47153248	1
1	36238	51.47157344	1
1	36251	51.4716144	1
1	36289	51.47253248	1
1	36298	51.47257344	1
1	36312	51.4726144	1
1	36361	51.47353248	1
1	36370	51.47357344	1
1	36384	51.4736144	1
1	36433	51.47453248	1
1	36442	51.47457344	1
1	36456	51.4746144	1
1	36505	51.47553248	1
1	36514	51.47557344	1
1	36528	51.4756144	1
1	36577	51.47653248	1
1	36586	51.47657344	1
1	36600	51.4766144	1
1	36649	51.47753248	1
1	36658	51.47757344	1
1	36672	51.4776144	1
1	36709	51.47853248	1
1	36718	51.47857344	1
1	36732	51.4786144	1
1	36877	52.47853248	1
1	36885	52.47857344	1
1	36893	52.4786144	1
1	36913	52.47953248	1
1	36921	52.47957344	1
1	36929	52.4796144	1
1	36949	52.48053248	1
1	36958	52.48057344	1
1	36971	52.4806144	1
1	37009	52.48153248	1
1	37018	52.48157344	1
1	37032	52.4816144	1
1	37081	52.48253248	1
1	37090	52.48257344	1
1	37104	52.4826144	1
1	37153	52.48353248	1
1	37162	52.48357344	1
1	37176	52.4836144	1
1	37225	52.48453248	1
1	37234	52.48457344	1
1	37248	52.4846144	1
1	37297	52.48553248	1
1	37306	52.48557344	1
1	37320	52.4856144	1
1	37369	52.48653248	1
1	37378	52.48657344	1
1	37392	52.4866144	1
1	37429	52.48753248	1
1	37438	52.48757344	1
1	37452	52.4876144	1
1	37597	53.48753248	1
1	37605	53.48757344	1
1	37613	53.4876144	1
1	37633	53.48853248	1
1	37641	53.48857344	1
1	37649	53.4886144	1
1	37669	53.48953248	1
1	37678	53.48957344	1
1	37691	53.4896144	1
1	37729	53.49053248	1
1	37738	53.49057344	1
1	37752	53.4906144	1
1	37801	53.49153248	1
1	37810	53.49157344	1
1	37824	53.4916144	1
1	37873	53.49253248	1
1	37882	53.49257344	1
1	37896	53.4926144	1
1	37945	53.49353248	1
1	37954	53.49357344	1
1	37968	53.4936144	1
1	38017	53.49453248	1
1	38026	53.49457344	1
1	38040	53.4946144	1
1	38089	53.49553248	1
1	38098	53.49557344	1
1	38112	53.4956144	1
1	38149	53.49653248	1
1	38158	53.49657344	1
1	38172	53.4966144	1
1	38317	54.49653248	1
1	38325	54.49657344	1
1	38333	54.4966144	1
1	38353	54.49753248	1
1	38361	54.49757344	1
1	38369	54.4976144	1
1	38389	54.49853248	1
1	38398	54.49857344	1
1	38411	54.4986144	1
1	38449	54.49953248	1
1	38458	54.49957344	1
1	38472	54.4996144	1
1	38521	54.50053248	1
1	38530	54.50057344	1
1	38544	54.5006144	1
1	38593	54.50153248	1
1	38602	54.50157344	1
1	38616	54.5016144	1
1	38665	54.50253248	1
1	38674	54.50257344	1
1	38688	54.5026144	1
1	38737	54.50353248	1
1	38746	54.50357344	1
1	38760	54.5036144	1
1	38809	54.50453248	1
1	38818	54.50457344	1
1	38832	54.5046144	1
1	38869	54.50553248	1
1	38878	54.50557344	1
1	38892	54.5056144	1
1	39037	55.50553248	1
1	39045	55.50557344	1
1	39053	55.5056144	1
1	39073	55.50653248	1
1	39081	55.50657344	1
1	39089	55.5066144	1
1	39109	55.50753248	1
1	39118	55.50757344	1
1	39131	55.5076144	1
1	39169	55.50853248	1
1	39178	55.50857344	1
1	39192	55.5086144	1
1	39241	55.50953248	1
1	39250	55.50957344	1
1	39264	55.5096144	1
1	39313	55.51053248	1
1	39322	55.51057344	1
1	39336	55.5106144	1
1	39385	55.51153248	1
1	39394	55.51157344	1
1	39408	55.5116144	1
1	39457	55.51253248	1
1	39466	55.51257344	1
1	39480	55.5126144	1
1	39529	55.51353248	1
1	39538	55.51357344	1
1	39552	55.5136144	1
1	39589	55.51453248	1
1	39598	55.51457344	1
1	39612	55.5146144	1
1	39757	56.51453248	1
1	39765	56.51457344	1
1	39773	56.5146144	1
1	39793	56.51553248	1
1	39801	56.51557344	1
1	39809	56.5156144	1
1	39829	56.51653248	1
1	39838	56.51657344	1
1	39851	56.5166144	1
1	39889	56.51753248	1
1	39898	56.51757344	1
1	39912	56.5176144	1
1	39961	56.51853248	1
1	39970	56.51857344	1
1	39984	56.5186144	1
1	40033	56.51953248	1
1	40042	56.51957344	1
1	40056	56.5196144	1
1	40105	56.52053248	1
1	40114	56.52057344	1
1	40128	56.5206144	1
1	40177	56.52153248	1
1	40186	56.52157344	1
1	40200	56.5216144	1
1	40249	56.52253248	1
1	40258	56.52257344	1
1	40272	56.5226144	1
1	40309	56.52353248	1
1	40318	56.52357344	1
1	40332	56.5236144	1
1	40477	57.52353248	1
1	40485	57.52357344	1
1	40493	57.5236144	1
1	40513	57.52453248	1
1	40521	57.52457344	1
1	40529	57.5246144	1
1	40549	57.52553248	1
1	40558	57.52557344	1
1	40571	57.5256144	1
1	40609	57.52653248	1
1	40618	57.52657344	1
1	40632	57.5266144	1
1	40681	57.52753248	1
1	40690	57.52757344	1
1	40704	57.5276144	1
1	40753	57.52853248	1
1	40762	57.52857344	1
1	40776	57.5286144	1
1	40825	57.52953248	1
1	40834	57.52957344	1
1	40848	57.5296144	1
1	40897	57.53053248	1
1	40906	57.53057344	1
1	40920	57.5306144	1
1	40969	57.53153248	1
1	40978	57.53157344	1
1	40992	57.5316144	1
1	41029	57.53253248	1
1	41038	57.53257344	1
1	41052	57.5326144	1
1	41197	58.53253248	1
1	41205	58.53257344	1
1	41213	58.5326144	1
1	41233	58.53353248	1
1	41241	58.53357344	1
1	41249	58.5336144	1
1	41269	58.53453248	1
1	41278	58.53457344	1
1	41291	58.5346144	1
1	41329	58.53553248	1
1	41338	58.53557344	1
1	41352	58.5356144	1
1	41401	58.53653248	1
1	41410	58.53657344	1
1	41424	58.5366144	1
1	41473	58.53753248	1
1	41482	58.53757344	1
1	41496	58.5376144	1
1	41545	58.53853248	1
1	41554	58.53857344	1
1	41568	58.5386144	1
1	41617	58.53953248	1
1	41626	58.53957344	1
1	41640	58.5396144	1
1	41689	58.54053248	1
1	41698	58.54057344	1
1	41712	58.5406144	1
1	41749	58.54153248	1
1	41758	58.54157344	1
1	41772	58.5416144	1
1	41917	59.54153248	1
1	41925	59.54157344	1
1	41933	59.5416144	1
1	41953	59.54253248	1
1	41961	59.54257344	1
1	41969	59.5426144	1
1	41989	59.54353248	1
1	41998	59.54357344	1
1	42011	59.5436144	1
1	42049	59.54453248	1
1	42058	59.54457344	1
1	42072	59.5446144	1
1	42121	59.54553248	1
1	42130	59.54557344	1
1	42144	59.5456144	1
1	42193	59.54653248	1
1	42202	59.54657344	1
1	42216	59.5466144	1
1	42265	59.54753248	1
1	42274	59.54757344	1
1	42288	59.5476144	1
1	42337	59.54853248	1
1	42346	59.54857344	1
1	42360	59.5486144	1
1	42409	59.54953248	1
1	42418	59.54957344	1
1	42432	59.5496144	1
1	42469	59.55053248	1
1	42478	59.55057344	1
1	42492	59.5506144	1
1	78041	120.08153248	1
1	78049	120.08157344	1
1	78057	120.0816144	1
1	78077	120.08253248	1
1	78085	120.08257344	1
1	78093	120.0826144	1
1	78113	120.08353248	1
1	78122	120.08357344	1
1	78135	120.0836144	1
1	78173	120.08453248	1
1	78182	120.08457344	1
1	78196	120.0846144	1
1	78245	120.08553248	1
1	78254	120.08557344	1
1	78268	120.0856144	1
1	78317	120.08653248	1
1	78326	120.08657344	1
1	78340	120.0866144	1
1	78389	120.08753248	1
1	78398	120.08757344	1
1	78412	120.0876144	1
1	78461	120.08853248	1
1	78470	120.08857344	1
1	78484	120.0886144	1
1	78533	120.08953248	1
1	78542	120.08957344	1
1	78556	120.0896144	1
1	78593	120.09053248	1
1	78602	120.09057344	1
1	78616	120.0906144	1
1	78761	121.09053248	1
1	78769	121.09057344	1
1	78777	121.0906144	1
1	78797	121.09153248	1
1	78805	121.09157344	1
1	78813	121.0916144	1
1	78833	121.09253248	1
1	78842	121.09257344	1
1	78855	121.0926144	1
1	78893	121.09353248	1
1	78902	121.09357344	1
1	78916	121.0936144	1
1	78965	121.09453248	1
1	78974	121.09457344	1
1	78988	121.0946144	1
1	79037	121.09553248	1
1	79046	121.09557344	1
1	79060	121.0956144	1
1	79109	121.09653248	1
1	79118	121.09657344	1
1	79132	121.0966144	1
1	79181	121.09753248	1
1	79190	121.09757344	1
1	79204	121.0976144	1
1	79253	121.09853248	1
1	79262	121.09857344	1
1	79276	121.0986144	1
1	79313	121.09953248	1
1	79322	121.09957344	1
1	79336	121.0996144	1
1	79481	122.09953248	1
1	79489	122.09957344	1
1	79497	122.0996144	1
1	79517	122.10053248	1
1	79525	122.10057344	1
1	79533	122.1006144	1
1	79553	122.10153248	1
1	79562	122.10157344	1
1	79575	122.1016144	1
1	79613	122.10253248	1
1	79622	122.10257344	1
1	79636	122.1026144	1
1	79685	122.10353248	1
1	79694	122.10357344	1
1	79708	122.1036144	1
1	79757	122.10453248	1
1	79766	122.10457344	1
1	79780	122.1046144	1
1	79829	122.10553248	1
1	79838	122.10557344	1
1	79852	122.1056144	1
1	79901	122.10653248	1
1	79910	122.10657344	1
1	79924	122.1066144	1
1	79973	122.10753248	1
1	79982	122.10757344	1
1	79996	122.1076144	1
1	80033	122.10853248	1
1	80042	122.10857344	1
1	80056	122.1086144	1
1	80201	123.10853248	1
1	80209	123.10857344	1
1	80217	123.1086144	1
1	80237	123.10953248	1
1	80245	123.10957344	1
1	80253	123.1096144	1
1	80273	123.11053248	1
1	80282	123.11057344	1
1	80295	123.1106144	1
1	80333	123.11153248	1
1	80342	123.11157344	1
1	80356	123.1116144	1
1	80405	123.11253248	1
1	80414	123.11257344	1
1	80428	123.1126144	1
1	80477	123.11353248	1
1	80486	123.11357344	1
1	80500	123.1136144	1
1	80549	123.11453248	1
1	80558	123.11457344	1
1	80572	123.1146144	1
1	80621	123.11553248	1
1	80630	123.11557344	1
1	80644	123.1156144	1
1	80693	123.11653248	1
1	80702	123.11657344	1
1	80716	123.1166144	1
1	80753	123.11753248	1
1	80762	123.11757344	1
1	80776	123.1176144	1
1	80921	124.11753248	1
1	80929	124.11757344	1
1	80937	124.1176144	1
1	80957	124.11853248	1
1	80965	124.11857344	1
1	80973	124.1186144	1
1	80993	124.11953248	1
1	81002	124.11957344	1
1	81015	124.1196144	1
1	81053	124.12053248	1
1	81062	124.12057344	1
1	81076	124.1206144	1
1	81125	124.12153248	1
1	81134	124.12157344	1
1	81148	124.1216144	1
1	81197	124.12253248	1
1	81206	124.12257344	1
1	81220	124.1226144	1
1	81269	124.12353248	1
1	81278	124.12357344	1
1	81292	124.1236144	1
1	81341	124.12453248	1
1	81350	124.12457344	1
1	81364	124.1246144	1
1	81413	124.12553248	1
1	81422	124.12557344	1
1	81436	124.1256144	1
1	81473	124.12653248	1
1	81482	124.12657344	1
1	81496	124.1266144	1
1	81641	125.12653248	1
1	81649	125.12657344	1
1	81657	125.1266144	1
1	81677	125.12753248	1
1	81685	125.12757344	1
1	81693	125.1276144	1
1	81713	125.12853248	1
1	81722	125.12857344	1
1	81735	125.1286144	1
1	81773	125.12953248	1
1	81782	125.12957344	1
1	81796	125.1296144	1
1	81845	125.13053248	1
1	81854	125.13057344	1
1	81868	125.1306144	1
1	81917	125.13153248	1
1	81926	125.13157344	1
1	81940	125.1316144	1
1	81989	125.13253248	1
1	81998	125.13257344	1
1	82012	125.1326144	1
1	82061	125.13353248	1
1	82070	125.13357344	1
1	82084	125.1336144	1
1	82133	125.13453248	1
1	82142	125.13457344	1
1	82156	125.1346144	1
1	82193	125.13553248	1
1	82202	125.13557344	1
1	82216	125.1356144	1
1	82361	126.13553248	1
1	82369	126.13557344	1
1	82377	126.1356144	1
1	82397	126.13653248	1
1	82405	126.13657344	1
1	82413	126.1366144	1
1	82433	126.13753248	1
1	82442	126.13757344	1
1	82455	126.1376144	1
1	82493	126.13853248	1
1	82502	126.13857344	1
1	82516	126.1386144	1
1	82565	126.13953248	1
1	82574	126.13957344	1
1	82588	126.1396144	1
1	82637	126.14053248	1
1	82646	126.14057344	1
1	82660	126.1406144	1
1	82709	126.14153248	1
1	82718	126.14157344	1
1	82732	126.1416144	1
1	82781	126.14253248	1
1	82790	126.14257344	1
1	82804	126.1426144	1
1	82853	126.14353248	1
1	82862	126.14357344	1
1	82876	126.1436144	1
1	82913	126.14453248	1
1	82922	126.14457344	1
1	82936	126.1446144	1
1	83081	127.14453248	1
1	83089	127.14457344	1
1	83097	127.1446144	1
1	83117	127.14553248	1
1	83125	127.14557344	1
1	83133	127.1456144	1
1	83153	127.14653248	1
1	83162	127.14657344	1
1	83175	127.1466144	1
1	83213	127.14753248	1
1	83222	127.14757344	1
1	83236	127.1476144	1
1	83285	127.14853248	1
1	83294	127.14857344	1
1	83308	127.1486144	1
1	83357	127.14953248	1
1	83366	127.14957344	1
1	83380	127.1496144	1
1	83429	127.15053248	1
1	83438	127.15057344	1
1	83452	127.1506144	1
1	83501	127.15153248	1
1	83510	127.15157344	1
1	83524	127.1516144	1
1	83573	127.15253248	1
1	83582	127.15257344	1
1	83596	127.1526144	1
1	83633	127.15353248	1
1	83642	127.15357344	1
1	83656	127.1536144	1
1	83801	128.15353248	1
1	83809	128.15357344	1
1	83817	128.1536144	1
1	83837	128.15453248	1
1	83845	128.15457344	1
1	83853	128.1546144	1
1	83873	128.15553248	1
1	83882	128.15557344	1
1	83895	128.1556144	1
1	83933	128.15653248	1
1	83942	128.15657344	1
1	83956	128.1566144	1
1	84005	128.15753248	1
1	84014	128.15757344	1
1	84028	128.1576144	1
1	84077	128.15853248	1
1	84086	128.15857344	1
1	84100	128.1586144	1
1	84149	128.15953248	1
1	84158	128.15957344	1
1	84172	128.1596144	1
1	84221	128.16053248	1
1	84230	128.16057344	1
1	84244	128.1606144	1
1	84293	128.16153248	1
1	84302	128.16157344	1
1	84316	128.1616144	1
1	84353	128.16253248	1
1	84362	128.16257344	1
1	84376	128.1626144	1
1	84521	129.16253248	1
1	84529	129.16257344	1
1	84537	129.1626144	1
1	84557	129.16353248	1
1	84565	129.16357344	1
1	84573	129.1636144	1
1	84593	129.16453248	1
1	84602	129.16457344	1
1	84615	129.1646144	1
1	84653	129.16553248	1
1	84662	129.16557344	1
1	84676	129.1656144	1
1	84725	129.16653248	1
1	84734	129.16657344	1
1	84748	129.1666144	1
1	84797	129.16753248	1
1	84806	129.16757344	1
1	84820	129.1676144	1
1	84869	129.16853248	1
1	84878	129.16857344	1
1	84892	129.1686144	1
1	84941	129.16953248	1
1	84950	129.16957344	1
1	84964	129.1696144	1
1	85013	129.17053248	1
1	85022	129.17057344	1
1	85036	129.1706144	1
1	85073	129.17153248	1
1	85082	129.17157344	1
1	85096	129.1716144	1
1	85241	130.17153248	1
1	85249	130.17157344	1
1	85257	130.1716144	1
1	85277	130.17253248	1
1	85285	130.17257344	1
1	85293	130.1726144	1
1	85313	130.17353248	1
1	85322	130.17357344	1
1	85335	130.1736144	1
1	85373	130.17453248	1
1	85382	130.17457344	1
1	85396	130.1746144	1
1	85445	130.17553248	1
1	85454	130.17557344	1
1	85468	130.1756144	1
1	85517	130.17653248	1
1	85526	130.17657344	1
1	85540	130.1766144	1
1	85589	130.17753248	1
1	85598	130.17757344	1
1	85612	130.1776144	1
1	85661	130.17853248	1
1	85670	130.17857344	1
1	85684	130.1786144	1
1	85733	130.17953248	1
1	85742	130.17957344	1
1	85756	130.1796144	1
1	85793	130.18053248	1
1	85802	130.18057344	1
1	85816	130.1806144	1
1	85961	131.18053248	1
1	85969	131.18057344	1
1	85977	131.1806144	1
1	85997	131.18153248	1
1	86005	131.18157344	1
1	86013	131.1816144	1
1	86033	131.18253248	1
1	86042	131.18257344	1
1	86055	131.1826144	1
1	86093	131.18353248	1
1	86102	131.18357344	1
1	86116	131.1836144	1
1	86165	131.18453248	1
1	86174	131.18457344	1
1	86188	131.1846144	1
1	86237	131.18553248	1
1	86246	131.18557344	1
1	86260	131.1856144	1
1	86309	131.18653248	1
1	86318	131.18657344	1
1	86332	131.1866144	1
1	86381	131.18753248	1
1	86390	131.18757344	1
1	86404	131.1876144	1
1	86453	131.18853248	1
1	86462	131.18857344	1
1	86476	131.1886144	1
1	86513	131.18953248	1
1	86522	131.18957344	1
1	86536	131.1896144	1
1	86681	132.18953248	1
1	86689	132.18957344	1
1	86697	132.1896144	1
1	86717	132.19053248	1
1	86725	132.19057344	1
1	86733	132.1906144	1
1	86753	132.19153248	1
1	86762	132.19157344	1
1	86775	132.1916144	1
1	86813	132.19253248	1
1	86822	132.19257344	1
1	86836	132.1926144	1
1	86885	132.19353248	1
1	86894	132.19357344	1
1	86908	132.1936144	1
1	86957	132.19453248	1
1	86966	132.19457344	1
1	86980	132.1946144	1
1	87029	132.19553248	1
1	87038	132.19557344	1
1	87052	132.1956144	1
1	87101	132.19653248	1
1	87110	132.19657344	1
1	87124	132.1966144	1
1	87173	132.19753248	1
1	87182	132.19757344	1
1	87196	132.1976144	1
1	87233	132.19853248	1
1	87242	132.19857344	1
1	87256	132.1986144	1
1	87401	133.19853248	1
1	87409	133.19857344	1
1	87417	133.1986144	1
1	87437	133.19953248	1
1	87445	133.19957344	1
1	87453	133.1996144	1
1	87473	133.20053248	1
1	87482	133.20057344	1
1	87495	133.2006144	1
1	87533	133.20153248	1
1	87542	133.20157344	1
1	87556	133.2016144	1
1	87605	133.20253248	1
1	87614	133.20257344	1
1	87628	133.2026144	1
1	87677	133.20353248	1
1	87686	133.20357344	1
1	87700	133.2036144	1
1	87749	133.20453248	1
1	87758	133.20457344	1
1	87772	133.2046144	1
1	87821	133.20553248	1
1	87830	133.20557344	1
1	87844	133.2056144	1
1	87893	133.20653248	1
1	87902	133.20657344	1
1	87916	133.2066144	1
1	87953	133.20753248	1
1	87962	133.20757344	1
1	87976	133.2076144	1
1	88121	134.20753248	1
1	88129	134.20757344	1
1	88137	134.2076144	1
1	88157	134.20853248	1
1	88165	134.20857344	1
1	88173	134.2086144	1
1	88193	134.20953248	1
1	88202	134.20957344	1
1	88215	134.2096144	1
1	88253	134.21053248	1
1	88262	134.21057344	1
1	88276	134.2106144	1
1	88325	134.21153248	1
1	88334	134.21157344	1
1	88348	134.2116144	1
1	88397	134.21253248	1
1	88406	134.21257344	1
1	88420	134.2126144	1
1	88469	134.21353248	1
1	88478	134.21357344	1
1	88492	134.2136144	1
1	88541	134.21453248	1
1	88550	134.21457344	1
1	88564	134.2146144	1
1	88613	134.21553248	1
1	88622	134.21557344	1
1	88636	134.2156144	1
1	88673	134.21653248	1
1	88682	134.21657344	1
1	88696	134.2166144	1
1	88841	135.21653248	1
1	88849	135.21657344	1
1	88857	135.2166144	1
1	88877	135.21753248	1
1	88885	135.21757344	1
1	88893	135.2176144	1
1	88913	135.21853248	1
1	88922	135.21857344	1
1	88935	135.2186144	1
1	88973	135.21953248	1
1	88982	135.21957344	1
1	88996	135.2196144	1
1	89045	135.22053248	1
1	89054	135.22057344	1
1	89068	135.2206144	1
1	89117	135.22153248	1
1	89126	135.22157344	1
1	89140	135.2216144	1
1	89189	135.22253248	1
1	89198	135.22257344	1
1	89212	135.2226144	1
1	89261	135.22353248	1
1	89270	135.22357344	1
1	89284	135.2236144	1
1	89333	135.22453248	1
1	89342	135.22457344	1
1	89356	135.2246144	1
1	89393	135.22553248	1
1	89402	135.22557344	1
1	89416	135.2256144	1
1	89561	136.22553248	1
1	89569	136.22557344	1
1	89577	136.2256144	1
1	89597	136.22653248	1
1	89605	136.22657344	1
1	89613	136.2266144	1
1	89633	136.22753248	1
1	89642	136.22757344	1
1	89655	136.2276144	1
1	89693	136.22853248	1
1	89702	136.22857344	1
1	89716	136.2286144	1
1	89765	136.22953248	1
1	89774	136.22957344	1
1	89788	136.2296144	1
1	89837	136.23053248	1
1	89846	136.23057344	1
1	89860	136.2306144	1
1	89909	136.23153248	1
1	89918	136.23157344	1
1	89932	136.2316144	1
1	89981	136.23253248	1
1	89990	136.23257344	1
1	90004	136.2326144	1
1	90053	136.23353248	1
1	90062	136.23357344	1
1	90076	136.2336144	1
1	90113	136.23453248	1
1	90122	136.23457344	1
1	90136	136.2346144	1
1	90281	137.23453248	1
1	90289	137.23457344	1
1	90297	137.2346144	1
1	90317	137.23553248	1
1	90325	137.23557344	1
1	90333	137.2356144	1
1	90353	137.23653248	1
1	90362	137.23657344	1
1	90375	137.2366144	1
1	90413	137.23753248	1
1	90422	137.23757344	1
1	90436	137.2376144	1
1	90485	137.23853248	1
1	90494	137.23857344	1
1	90508	137.2386144	1
1	90557	137.23953248	1
1	90566	137.23957344	1
1	90580	137.2396144	1
1	90629	137.24053248	1
1	90638	137.24057344	1
1	90652	137.2406144	1
1	90701	137.24153248	1
1	90710	137.24157344	1
1	90724	137.2416144	1
1	90773	137.24253248	1
1	90782	137.24257344	1
1	90796	137.2426144	1
1	90833	137.24353248	1
1	90842	137.24357344	1
1	90856	137.2436144	1
1	91001	138.24353248	1
1	91009	138.24357344	1
1	91017	138.2436144	1
1	91037	138.24453248	1
1	91045	138.24457344	1
1	91053	138.2446144	1
1	91073	138.24553248	1
1	91082	138.24557344	1
1	91095	138.2456144	1
1	91133	138.24653248	1
1	91142	138.24657344	1
1	91156	138.2466144	1
1	91205	138.24753248	1
1	91214	138.24757344	1
1	91228	138.2476144	1
1	91277	138.24853248	1
1	91286	138.24857344	1
1	91300	138.2486144	1
1	91349	138.24953248	1
1	91358	138.24957344	1
1	91372	138.2496144	1
1	91421	138.25053248	1
1	91430	138.25057344	1
1	91444	138.2506144	1
1	91493	138.25153248	1
1	91502	138.25157344	1
1	91516	138.2516144	1
1	91553	138.25253248	1
1	91562	138.25257344	1
1	91576	138.2526144	1
1	91721	139.25253248	1
1	91729	139.25257344	1
1	91737	139.2526144	1
1	91757	139.25353248	1
1	91765	139.25357344	1
1	91773	139.2536144	1
1	91793	139.25453248	1
1	91802	139.25457344	1
1	91815	139.2546144	1
1	91853	139.25553248	1
1	91862	139.25557344	1
1	91876	139.2556144	1
1	91925	139.25653248	1
1	91934	139.25657344	1
1	91948	139.2566144	1
1	91997	139.25753248	1
1	92006	139.25757344	1
1	92020	139.2576144	1
1	92069	139.25853248	1
1	92078	139.25857344	1
1	92092	139.2586144	1
1	92141	139.25953248	1
1	92150	139.25957344	1
1	92164	139.2596144	1
1	92213	139.26053248	1
1	92222	139.26057344	1
1	92236	139.2606144	1
1	92273	139.26153248	1
1	92282	139.26157344	1
1	92296	139.2616144	1
1	92441	140.26153248	1
1	92449	140.26157344	1
1	92457	140.2616144	1
1	92477	140.26253248	1
1	92485	140.26257344	1
1	92493	140.2626144	1
1	92513	140.26353248	1
1	92522	140.26357344	1
1	92535	140.2636144	1
1	92573	140.26453248	1
1	92582	140.26457344	1
1	92596	140.2646144	1
1	92645	140.26553248	1
1	92654	140.26557344	1
1	92668	140.2656144	1
1	92717	140.26653248	1
1	92726	140.26657344	1
1	92740	140.2666144	1
1	92789	140.26753248	1
1	92798	140.26757344	1
1	92812	140.2676144	1
1	92861	140.26853248	1
1	92870	140.26857344	1
1	92884	140.2686144	1
1	92933	140.26953248	1
1	92942	140.26957344	1
1	92956	140.2696144	1
1	92993	140.27053248	1
1	93002	140.27057344	1
1	93016	140.2706144	1
1	93161	141.27053248	1
1	93169	141.27057344	1
1	93177	141.2706144	1
1	93197	141.27153248	1
1	93205	141.27157344	1
1	93213	141.2716144	1
1	93233	141.27253248	1
1	93242	141.27257344	1
1	93255	141.2726144	1
1	93293	141.27353248	1
1	93302	141.27357344	1
1	93316	141.2736144	1
1	93365	141.27453248	1
1	93374	141.27457344	1
1	93388	141.2746144	1
1	93437	141.27553248	1
1	93446	141.27557344	1
1	93460	141.2756144	1
1	93509	141.27653248	1
1	93518	141.27657344	1
1	93532	141.2766144	1
1	93581	141.27753248	1
1	93590	141.27757344	1
1	93604	141.2776144	1
1	93653	141.27853248	1
1	93662	141.27857344	1
1	93676	141.2786144	1
1	93713	141.27953248	1
1	93722	141.27957344	1
1	93736	141.2796144	1
1	93881	142.27953248	1
1	93889	142.27957344	1
1	93897	142.2796144	1
1	93917	142.28053248	1
1	93925	142.28057344	1
1	93933	142.2806144	1
1	93953	142.28153248	1
1	93962	142.28157344	1
1	93975	142.2816144	1
1	94013	142.28253248	1
1	94022	142.28257344	1
1	94036	142.2826144	1
1	94085	142.28353248	1
1	94094	142.28357344	1
1	94108	142.2836144	1
1	94157	142.28453248	1
1	94166	142.28457344	1
1	94180	142.2846144	1
1	94229	142.28553248	1
1	94238	142.28557344	1
1	94252	142.2856144	1
1	94301	142.28653248	1
1	94310	142.28657344	1
1	94324	142.2866144	1
1	94373	142.28753248	1
1	94382	142.28757344	1
1	94396	142.2876144	1
1	94433	142.28853248	1
1	94442	142.28857344	1
1	94456	142.2886144	1
1	94601	143.28853248	1
1	94609	143.28857344	1
1	94617	143.2886144	1
1	94637	143.28953248	1
1	94645	143.28957344	1
1	94653	143.2896144	1
1	94673	143.29053248	1
1	94682	143.29057344	1
1	94695	143.2906144	1
1	94733	143.29153248	1
1	94742	143.29157344	1
1	94756	143.2916144	1
1	94805	143.29253248	1
1	94814	143.29257344	1
1	94828	143.2926144	1
1	94877	143.29353248	1
1	94886	143.29357344	1
1	94900	143.2936144	1
1	94949	143.29453248	1
1	94958	143.29457344	1
1	94972	143.2946144	1
1	95021	143.29553248	1
1	95030	143.29557344	1
1	95044	143.2956144	1
1	95093	143.29653248	1
1	95102	143.29657344	1
1	95116	143.2966144	1
1	95153	143.29753248	1
1	95162	143.29757344	1
1	95176	143.2976144	1
1	95321	144.29753248	1
1	95329	144.29757344	1
1	95337	144.2976144	1
1	95357	144.29853248	1
1	95365	144.29857344	1
1	95373	144.2986144	1
1	95393	144.29953248	1
1	95402	144.29957344	1
1	95415	144.2996144	1
1	95453	144.30053248	1
1	95462	144.30057344	1
1	95476	144.3006144	1
1	95525	144.30153248	1
1	95534	144.30157344	1
1	95548	144.3016144	1
1	95597	144.30253248	1
1	95606	144.30257344	1
1	95620	144.3026144	1
1	95669	144.30353248	1
1	95678	144.30357344	1
1	95692	144.3036144	1
1	95741	144.30453248	1
1	95750	144.30457344	1
1	95764	144.3046144	1
1	95813	144.30553248	1
1	95822	144.30557344	1
1	95836	144.3056144	1
1	95873	144.30653248	1
1	95882	144.30657344	1
1	95896	144.3066144	1
1	96041	145.30653248	1
1	96049	145.30657344	1
1	96057	145.3066144	1
1	96077	145.30753248	1
1	96085	145.30757344	1
1	96093	145.3076144	1
1	96113	145.30853248	1
1	96122	145.30857344	1
1	96135	145.3086144	1
1	96173	145.30953248	1
1	96182	145.30957344	1
1	96196	145.3096144	1
1	96245	145.31053248	1
1	96254	145.31057344	1
1	96268	145.3106144	1
1	96317	145.31153248	1
1	96326	145.31157344	1
1	96340	145.3116144	1
1	96389	145.31253248	1
1	96398	145.31257344	1
1	96412	145.3126144	1
1	96461	145.31353248	1
1	96470	145.31357344	1
1	96484	145.3136144	1
1	96533	145.31453248	1
1	96542	145.31457344	1
1	96556	145.3146144	1
1	96593	145.31553248	1
1	96602	145.31557344	1
1	96616	145.3156144	1
1	96761	146.31553248	1
1	96769	146.31557344	1
1	96777	146.3156144	1
1	96797	146.31653248	1
1	96805	146.31657344	1
1	96813	146.3166144	1
1	96833	146.31753248	1
1	96842	146.31757344	1
1	96855	146.3176144	1
1	96893	146.31853248	1
1	96902	146.31857344	1
1	96916	146.3186144	1
1	96965	146.31953248	1
1	96974	146.31957344	1
1	96988	146.3196144	1
1	97037	146.32053248	1
1	97046	146.32057344	1
1	97060	146.3206144	1
1	97109	146.32153248	1
1	97118	146.32157344	1
1	97132	146.3216144	1
1	97181	146.32253248	1
1	97190	146.32257344	1
1	97204	146.3226144	1
1	97253	146.32353248	1
1	97262	146.32357344	1
1	97276	146.3236144	1
1	97313	146.32453248	1
1	97322	146.32457344	1
1	97336	146.3246144	1
1	97481	147.32453248	1
1	97489	147.32457344	1
1	97497	147.3246144	1
1	97517	147.32553248	1
1	97525	147.32557344	1
1	97533	147.3256144	1
1	97553	147.32653248	1
1	97562	147.32657344	1
1	97575	147.3266144	1
1	97613	147.32753248	1
1	97622	147.32757344	1
1	97636	147.3276144	1
1	97685	147.32853248	1
1	97694	147.32857344	1
1	97708	147.3286144	1
1	97757	147.32953248	1
1	97766	147.32957344	1
1	97780	147.3296144	1
1	97829	147.33053248	1
1	97838	147.33057344	1
1	97852	147.3306144	1
1	97901	147.33153248	1
1	97910	147.33157344	1
1	97924	147.3316144	1
1	97973	147.33253248	1
1	97982	147.33257344	1
1	97996	147.3326144	1
1	98033	147.33353248	1
1	98042	147.33357344	1
1	98056	147.3336144	1
1	98201	148.33353248	1
1	98209	148.33357344	1
1	98217	148.3336144	1
1	98237	148.33453248	1
1	98245	148.33457344	1
1	98253	148.3346144	1
1	98273	148.33553248	1
1	98282	148.33557344	1
1	98295	148.3356144	1
1	98333	148.33653248	1
1	98342	148.33657344	1
1	98356	148.3366144	1
1	98405	148.33753248	1
1	98414	148.33757344	1
1	98428	148.3376144	1
1	98477	148.33853248	1
1	98486	148.33857344	1
1	98500	148.3386144	1
1	98549	148.33953248	1
1	98558	148.33957344	1
1	98572	148.3396144	1
1	98621	148.34053248	1
1	98630	148.34057344	1
1	98644	148.3406144	1
1	98693	148.34153248	1
1	98702	148.34157344	1
1	98716	148.3416144	1
1	98753	148.34253248	1
1	98762	148.34257344	1
1	98776	148.3426144	1
1	98921	149.34253248	1
1	98929	149.34257344	1
1	98937	149.3426144	1
1	98957	149.34353248	1
1	98965	149.34357344	1
1	98973	149.3436144	1
1	98993	149.34453248	1
1	99002	149.34457344	1
1	99015	149.3446144	1
1	99053	149.34553248	1
1	99062	149.34557344	1
1	99076	149.3456144	1
1	99125	149.34653248	1
1	99134	149.34657344	1
1	99148	149.3466144	1
1	99197	149.34753248	1
1	99206	149.34757344	1
1	99220	149.3476144	1
1	99269	149.34853248	1
1	99278	149.34857344	1
1	99292	149.3486144	1
1	99341	149.34953248	1
1	99350	149.34957344	1
1	99364	149.3496144	1
1	99413	149.35053248	1
1	99422	149.35057344	1
1	99436	149.3506144	1
1	99473	149.35153248	1
1	99482	149.35157344	1
1	99496	149.3516144	1
1	99641	150.35153248	1
1	99649	150.35157344	1
1	99657	150.3516144	1
1	99677	150.35253248	1
1	99685	150.35257344	1
1	99693	150.3526144	1
1	99713	150.35353248	1
1	99722	150.35357344	1
1	99735	150.3536144	1
1	99773	150.35453248	1
1	99782	150.35457344	1
1	99796	150.3546144	1
1	99845	150.35553248	1
1	99854	150.35557344	1
1	99868	150.3556144	1
1	99917	150.35653248	1
1	99926	150.35657344	1
1	99940	150.3566144	1
1	99989	150.35753248	1
1	99998	150.35757344	1
1	100012	150.3576144	1
1	100061	150.35853248	1
1	100070	150.35857344	1
1	100084	150.3586144	1
1	100133	150.35953248	1
1	100142	150.35957344	1
1	100156	150.3596144	1
1	100193	150.36053248	1
1	100202	150.36057344	1
1	100216	150.3606144	1
1	100361	151.36053248	1
1	100369	151.36057344	1
1	100377	151.3606144	1
1	100397	151.36153248	1
1	100405	151.36157344	1
1	100413	151.3616144	1
1	100433	151.36253248	1
1	100442	151.36257344	1
1	100455	151.3626144	1
1	100493	151.36353248	1
1	100502	151.36357344	1
1	100516	151.3636144	1
1	100565	151.36453248	1
1	100574	151.36457344	1
1	100588	151.3646144	1
1	100637	151.36553248	1
1	100646	151.36557344	1
1	100660	151.3656144	1
1	100709	151.36653248	1
1	100718	151.36657344	1
1	100732	151.3666144	1
1	100781	151.36753248	1
1	100790	151.36757344	1
1	100804	151.3676144	1
1	100853	151.36853248	1
1	100862	151.36857344	1
1	100876	151.3686144	1
1	100913	151.36953248	1
1	100922	151.36957344	1
1	100936	151.3696144	1
1	101081	152.36953248	1
1	101089	152.36957344	1
1	101097	152.3696144	1
1	101117	152.37053248	1
1	101125	152.37057344	1
1	101133	152.3706144	1
1	101153	152.37153248	1
1	101162	152.37157344	1
1	101175	152.3716144	1
1	101213	152.37253248	1
1	101222	152.37257344	1
1	101236	152.3726144	1
1	101285	152.37353248	1
1	101294	152.37357344	1
1	101308	152.3736144	1
1	101357	152.37453248	1
1	101366	152.37457344	1
1	101380	152.3746144	1
1	101429	152.37553248	1
1	101438	152.37557344	1
1	101452	152.3756144	1
1	101501	152.37653248	1
1	101510	152.37657344	1
1	101524	152.3766144	1
1	101573	152.37753248	1
1	101582	152.37757344	1
1	101596	152.3776144	1
1	101633	152.37853248	1
1	101642	152.37857344	1
1	101656	152.3786144	1
1	101801	153.37853248	1
1	101809	153.37857344	1
1	101817	153.3786144	1
1	101837	153.37953248	1
1	101845	153.37957344	1
1	101853	153.3796144	1
1	101873	153.38053248	1
1	101882	153.38057344	1
1	101895	153.3806144	1
1	101933	153.38153248	1
1	101942	153.38157344	1
1	101956	153.3816144	1
1	102005	153.38253248	1
1	102014	153.38257344	1
1	102028	153.3826144	1
1	102077	153.38353248	1
1	102086	153.38357344	1
1	102100	153.3836144	1
1	102149	153.38453248	1
1	102158	153.38457344	1
1	102172	153.3846144	1
1	102221	153.38553248	1
1	102230	153.38557344	1
1	102244	153.3856144	1
1	102293	153.38653248	1
1	102302	153.38657344	1
1	102316	153.3866144	1
1	102353	153.38753248	1
1	102362	153.38757344	1
1	102376	153.3876144	1
1	102521	154.38753248	1
1	102529	154.38757344	1
1	102537	154.3876144	1
1	102557	154.38853248	1
1	102565	154.38857344	1
1	102573	154.3886144	1
1	102593	154.38953248	1
1	102602	154.38957344	1
1	102615	154.3896144	1
1	102653	154.39053248	1
1	102662	154.39057344	1
1	102676	154.3906144	1
1	102725	154.39153248	1
1	102734	154.39157344	1
1	102748	154.3916144	1
1	102797	154.39253248	1
1	102806	154.39257344	1
1	102820	154.3926144	1
1	102869	154.39353248	1
1	102878	154.39357344	1
1	102892	154.3936144	1
1	102941	154.39453248	1
1	102950	154.39457344	1
1	102964	154.3946144	1
1	103013	154.39553248	1
1	103022	154.39557344	1
1	103036	154.3956144	1
1	103073	154.39653248	1
1	103082	154.39657344	1
1	103096	154.3966144	1
1	103241	155.39653248	1
1	103249	155.39657344	1
1	103257	155.3966144	1
1	103277	155.39753248	1
1	103285	155.39757344	1
1	103293	155.3976144	1
1	103313	155.39853248	1
1	103322	155.39857344	1
1	103335	155.3986144	1
1	103373	155.39953248	1
1	103382	155.39957344	1
1	103396	155.3996144	1
1	103445	155.40053248	1
1	103454	155.40057344	1
1	103468	155.4006144	1
1	103517	155.40153248	1
1	103526	155.40157344	1
1	103540	155.4016144	1
1	103589	155.40253248	1
1	103598	155.40257344	1
1	103612	155.4026144	1
1	103661	155.40353248	1
1	103670	155.40357344	1
1	103684	155.4036144	1
1	103733	155.40453248	1
1	103742	155.40457344	1
1	103756	155.4046144	1
1	103793	155.40553248	1
1	103802	155.40557344	1
1	103816	155.4056144	1
1	103961	156.40553248	1
1	103969	156.40557344	1
1	103977	156.4056144	1
1	103997	156.40653248	1
1	104005	156.40657344	1
1	104013	156.4066144	1
1	104033	156.40753248	1
1	104042	156.40757344	1
1	104055	156.4076144	1
1	104093	156.40853248	1
1	104102	156.40857344	1
1	104116	156.4086144	1
1	104165	156.40953248	1
1	104174	156.40957344	1
1	104188	156.4096144	1
1	104237	156.41053248	1
1	104246	156.41057344	1
1	104260	156.4106144	1
1	104309	156.41153248	1
1	104318	156.41157344	1
1	104332	156.4116144	1
1	104381	156.41253248	1
1	104390	156.41257344	1
1	104404	156.4126144	1
1	104453	156.41353248	1
1	104462	156.41357344	1
1	104476	156.4136144	1
1	104513	156.41453248	1
1	104522	156.41457344	1
1	104536	156.4146144	1
1	104681	157.41453248	1
1	104689	157.41457344	1
1	104697	157.4146144	1
1	104717	157.41553248	1
1	104725	157.41557344	1
1	104733	157.4156144	1
1	104753	157.41653248	1
1	104762	157.41657344	1
1	104775	157.4166144	1
1	104813	157.41753248	1
1	104822	157.41757344	1
1	104836	157.4176144	1
1	104885	157.41853248	1
1	104894	157.41857344	1
1	104908	157.4186144	1
1	104957	157.41953248	1
1	104966	157.41957344	1
1	104980	157.4196144	1
1	105029	157.42053248	1
1	105038	157.42057344	1
1	105052	157.4206144	1
1	105101	157.42153248	1
1	105110	157.42157344	1
1	105124	157.4216144	1
1	105173	157.42253248	1
1	105182	157.42257344	1
1	105196	157.4226144	1
1	105233	157.42353248	1
1	105242	157.42357344	1
1	105256	157.4236144	1
1	105401	158.42353248	1
1	105409	158.42357344	1
1	105417	158.4236144	1
1	105437	158.42453248	1
1	105445	158.42457344	1
1	105453	158.4246144	1
1	105473	158.42553248	1
1	105482	158.42557344	1
1	105495	158.4256144	1
1	105533	158.42653248	1
1	105542	158.42657344	1
1	105556	158.4266144	1
1	105605	158.42753248	1
1	105614	158.42757344	1
1	105628	158.4276144	1
1	105677	158.42853248	1
1	105686	158.42857344	1
1	105700	158.4286144	1
1	105749	158.42953248	1
1	105758	158.42957344	1
1	105772	158.4296144	1
1	105821	158.43053248	1
1	105830	158.43057344	1
1	105844	158.4306144	1
1	105893	158.43153248	1
1	105902	158.43157344	1
1	105916	158.4316144	1
1	105953	158.43253248	1
1	105962	158.43257344	1
1	105976	158.4326144	1
1	106121	159.43253248	1
1	106129	159.43257344	1
1	106137	159.4326144	1
1	106157	159.43353248	1
1	106165	159.43357344	1
1	106173	159.4336144	1
1	106193	159.43453248	1
1	106202	159.43457344	1
1	106215	159.4346144	1
1	106253	159.43553248	1
1	106262	159.43557344	1
1	106276	159.4356144	1
1	106325	159.43653248	1
1	106334	159.43657344	1
1	106348	159.4366144	1
1	106397	159.43753248	1
1	106406	159.43757344	1
1	106420	159.4376144	1
1	106469	159.43853248	1
1	106478	159.43857344	1
1	106492	159.4386144	1
1	106541	159.43953248	1
1	106550	159.43957344	1
1	106564	159.4396144	1
1	106613	159.44053248	1
1	106622	159.44057344	1
1	106636	159.4406144	1
1	106673	159.44153248	1
1	106682	159.44157344	1
1	106696	159.4416144	1
1	106841	160.44153248	1
1	106849	160.44157344	1
1	106857	160.4416144	1
1	106877	160.44253248	1
1	106885	160.44257344	1
1	106893	160.4426144	1
1	106913	160.44353248	1
1	106922	160.44357344	1
1	106935	160.4436144	1
1	106973	160.44453248	1
1	106982	160.44457344	1
1	106996	160.4446144	1
1	107045	160.44553248	1
1	107054	160.44557344	1
1	107068	160.4456144	1
1	107117	160.44653248	1
1	107126	160.44657344	1
1	107140	160.4466144	1
1	107189	160.44753248	1
1	107198	160.44757344	1
1	107212	160.4476144	1
1	107261	160.44853248	1
1	107270	160.44857344	1
1	107284	160.4486144	1
1	107333	160.44953248	1
1	107342	160.44957344	1
1	107356	160.4496144	1
1	107393	160.45053248	1
1	107402	160.45057344	1
1	107416	160.4506144	1
1	107561	161.45053248	1
1	107569	161.45057344	1
1	107577	161.4506144	1
1	107597	161.45153248	1
1	107605	161.45157344	1
1	107613	161.4516144	1
1	107633	161.45253248	1
1	107642	161.45257344	1
1	107655	161.4526144	1
1	107693	161.45353248	1
1	107702	161.45357344	1
1	107716	161.4536144	1
1	107765	161.45453248	1
1	107774	161.45457344	1
1	107788	161.4546144	1
1	107837	161.45553248	1
1	107846	161.45557344	1
1	107860	161.4556144	1
1	107909	161.45653248	1
1	107918	161.45657344	1
1	107932	161.4566144	1
1	107981	161.45753248	1
1	107990	161.45757344	1
1	108004	161.4576144	1
1	108053	161.45853248	1
1	108062	161.45857344	1
1	108076	161.4586144	1
1	108113	161.45953248	1
1	108122	161.45957344	1
1	108136	161.4596144	1
1	108281	162.45953248	1
1	108289	162.45957344	1
1	108297	162.4596144	1
1	108317	162.46053248	1
1	108325	162.46057344	1
1	108333	162.4606144	1
1	108353	162.46153248	1
1	108362	162.46157344	1
1	108375	162.4616144	1
1	108413	162.46253248	1
1	108422	162.46257344	1
1	108436	162.4626144	1
1	108485	162.46353248	1
1	108494	162.46357344	1
1	108508	162.4636144	1
1	108557	162.46453248	1
1	108566	162.46457344	1
1	108580	162.4646144	1
1	108629	162.46553248	1
1	108638	162.46557344	1
1	108652	162.4656144	1
1	108701	162.46653248	1
1	108710	162.46657344	1
1	108724	162.4666144	1
1	108773	162.46753248	1
1	108782	162.46757344	1
1	108796	162.4676144	1
1	108833	162.46853248	1
1	108842	162.46857344	1
1	108856	162.4686144	1
1	109001	163.46853248	1
1	109009	163.46857344	1
1	109017	163.4686144	1
1	109037	163.46953248	1
1	109045	163.46957344	1
1	109053	163.4696144	1
1	109073	163.47053248	1
1	109082	163.47057344	1
1	109095	163.4706144	1
1	109133	163.47153248	1
1	109142	163.47157344	1
1	109156	163.4716144	1
1	109205	163.47253248	1
1	109214	163.47257344	1
1	109228	163.4726144	1
1	109277	163.47353248	1
1	109286	163.47357344	1
1	109300	163.4736144	1
1	109349	163.47453248	1
1	109358	163.47457344	1
1	109372	163.4746144	1
1	109421	163.47553248	1
1	109430	163.47557344	1
1	109444	163.4756144	1
1	109493	163.47653248	1
1	109502	163.47657344	1
1	109516	163.4766144	1
1	109553	163.47753248	1
1	109562	163.47757344	1
1	109576	163.4776144	1
1	109721	164.47753248	1
1	109729	164.47757344	1
1	109737	164.4776144	1
1	109757	164.47853248	1
1	109765	164.47857344	1
1	109773	164.4786144	1
1	109793	164.47953248	1
1	109802	164.47957344	1
1	109815	164.4796144	1
1	109853	164.48053248	1
1	109862	164.48057344	1
1	109876	164.4806144	1
1	109925	164.48153248	1
1	109934	164.48157344	1
1	109948	164.4816144	1
1	109997	164.48253248	1
1	110006	164.48257344	1
1	110020	164.4826144	1
1	110069	164.48353248	1
1	110078	164.48357344	1
1	110092	164.4836144	1
1	110141	164.48453248	1
1	110150	164.48457344	1
1	110164	164.4846144	1
1	110213	164.48553248	1
1	110222	164.48557344	1
1	110236	164.4856144	1
1	110273	164.48653248	1
1	110282	164.48657344	1
1	110296	164.4866144	1
1	110441	165.48653248	1
1	110449	165.48657344	1
1	110457	165.4866144	1
1	110477	165.48753248	1
1	110485	165.48757344	1
1	110493	165.4876144	1
1	110513	165.48853248	1
1	110522	165.48857344	1
1	110535	165.4886144	1
1	110573	165.48953248	1
1	110582	165.48957344	1
1	110596	165.4896144	1
1	110645	165.49053248	1
1	110654	165.49057344	1
1	110668	165.4906144	1
1	110717	165.49153248	1
1	110726	165.49157344	1
1	110740	165.4916144	1
1	110789	165.49253248	1
1	110798	165.49257344	1
1	110812	165.4926144	1
1	110861	165.49353248	1
1	110870	165.49357344	1
1	110884	165.4936144	1
1	110933	165.49453248	1
1	110942	165.49457344	1
1	110956	165.4946144	1
1	110993	165.49553248	1
1	111002	165.49557344	1
1	111016	165.4956144	1
1	111161	166.49553248	1
1	111169	166.49557344	1
1	111177	166.4956144	1
1	111197	166.49653248	1
1	111205	166.49657344	1
1	111213	166.4966144	1
1	111233	166.49753248	1
1	111242	166.49757344	1
1	111255	166.4976144	1
1	111293	166.49853248	1
1	111302	166.49857344	1
1	111316	166.4986144	1
1	111365	166.49953248	1
1	111374	166.49957344	1
1	111388	166.4996144	1
1	111437	166.50053248	1
1	111446	166.50057344	1
1	111460	166.5006144	1
1	111509	166.50153248	1
1	111518	166.50157344	1
1	111532	166.5016144	1
1	111581	166.50253248	1
1	111590	166.50257344	1
1	111604	166.5026144	1
1	111653	166.50353248	1
1	111662	166.50357344	1
1	111676	166.5036144	1
1	111713	166.50453248	1
1	111722	166.50457344	1
1	111736	166.5046144	1
1	111881	167.50453248	1
1	111889	167.50457344	1
1	111897	167.5046144	1
1	111917	167.50553248	1
1	111925	167.50557344	1
1	111933	167.5056144	1
1	111953	167.50653248	1
1	111962	167.50657344	1
1	111975	167.5066144	1
1	112013	167.50753248	1
1	112022	167.50757344	1
1	112036	167.5076144	1
1	112085	167.50853248	1
1	112094	167.50857344	1
1	112108	167.5086144	1
1	112157	167.50953248	1
1	112166	167.50957344	1
1	112180	167.5096144	1
1	112229	167.51053248	1
1	112238	167.51057344	1
1	112252	167.5106144	1
1	112301	167.51153248	1
1	112310	167.51157344	1
1	112324	167.5116144	1
1	112373	167.51253248	1
1	112382	167.51257344	1
1	112396	167.5126144	1
1	112433	167.51353248	1
1	112442	167.51357344	1
1	112456	167.5136144	1
1	112601	168.51353248	1
1	112609	168.51357344	1
1	112617	168.5136144	1
1	112637	168.51453248	1
1	112645	168.51457344	1
1	112653	168.5146144	1
1	112673	168.51553248	1
1	112682	168.51557344	1
1	112695	168.5156144	1
1	112733	168.51653248	1
1	112742	168.51657344	1
1	112756	168.5166144	1
1	112805	168.51753248	1
1	112814	168.51757344	1
1	112828	168.5176144	1
1	112877	168.51853248	1
1	112886	168.51857344	1
1	112900	168.5186144	1
1	112949	168.51953248	1
1	112958	168.51957344	1
1	112972	168.5196144	1
1	113021	168.52053248	1
1	113030	168.52057344	1
1	113044	168.5206144	1
1	113093	168.52153248	1
1	113102	168.52157344	1
1	113116	168.5216144	1
1	113153	168.52253248	1
1	113162	168.52257344	1
1	113176	168.5226144	1
1	113321	169.52253248	1
1	113329	169.52257344	1
1	113337	169.5226144	1
1	113357	169.52353248	1
1	113365	169.52357344	1
1	113373	169.5236144	1
1	113393	169.52453248	1
1	113402	169.52457344	1
1	113415	169.5246144	1
1	113453	169.52553248	1
1	113462	169.52557344	1
1	113476	169.5256144	1
1	113525	169.52653248	1
1	113534	169.52657344	1
1	113548	169.5266144	1
1	113597	169.52753248	1
1	113606	169.52757344	1
1	113620	169.5276144	1
1	113669	169.52853248	1
1	113678	169.52857344	1
1	113692	169.5286144	1
1	113741	169.52953248	1
1	113750	169.52957344	1
1	113764	169.5296144	1
1	113813	169.53053248	1
1	113822	169.53057344	1
1	113836	169.5306144	1
1	113873	169.53153248	1
1	113882	169.53157344	1
1	113896	169.5316144	1
1	114041	170.53153248	1
1	114049	170.53157344	1
1	114057	170.5316144	1
1	114077	170.53253248	1
1	114085	170.53257344	1
1	114093	170.5326144	1
1	114113	170.53353248	1
1	114122	170.53357344	1
1	114135	170.5336144	1
1	114173	170.53453248	1
1	114182	170.53457344	1
1	114196	170.5346144	1
1	114245	170.53553248	1
1	114254	170.53557344	1
1	114268	170.5356144	1
1	114317	170.53653248	1
1	114326	170.53657344	1
1	114340	170.5366144	1
1	114389	170.53753248	1
1	114398	170.53757344	1
1	114412	170.5376144	1
1	114461	170.53853248	1
1	114470	170.53857344	1
1	114484	170.5386144	1
1	114533	170.53953248	1
1	114542	170.53957344	1
1	114556	170.5396144	1
1	114593	170.54053248	1
1	114602	170.54057344	1
1	114616	170.5406144	1
1	114761	171.54053248	1
1	114769	171.54057344	1
1	114777	171.5406144	1
1	114797	171.54153248	1
1	114805	171.54157344	1
1	114813	171.5416144	1
1	114833	171.54253248	1
1	114842	171.54257344	1
1	114855	171.5426144	1
1	114893	171.54353248	1
1	114902	171.54357344	1
1	114916	171.5436144	1
1	114965	171.54453248	1
1	114974	171.54457344	1
1	114988	171.5446144	1
1	115037	171.54553248	1
1	115046	171.54557344	1
1	115060	171.5456144	1
1	115109	171.54653248	1
1	115118	171.54657344	1
1	115132	171.5466144	1
1	115181	171.54753248	1
1	115190	171.54757344	1
1	115204	171.5476144	1
1	115253	171.54853248	1
1	115262	171.54857344	1
1	115276	171.5486144	1
1	115313	171.54953248	1
1	115322	171.54957344	1
1	115336	171.5496144	1
1	115481	172.54953248	1
1	115489	172.54957344	1
1	115497	172.5496144	1
1	115517	172.55053248	1
1	115525	172.55057344	1
1	115533	172.5506144	1
1	115553	172.55153248	1
1	115562	172.55157344	1
1	115575	172.5516144	1
1	115613	172.55253248	1
1	115622	172.55257344	1
1	115636	172.5526144	1
1	115685	172.55353248	1
1	115694	172.55357344	1
1	115708	172.5536144	1
1	115757	172.55453248	1
1	115766	172.55457344	1
1	115780	172.5546144	1
1	115829	172.55553248	1
1	115838	172.55557344	1
1	115852	172.5556144	1
1	115901	172.55653248	1
1	115910	172.55657344	1
1	115924	172.5566144	1
1	115973	172.55753248	1
1	115982	172.55757344	1
1	115996	172.5576144	1
1	116033	172.55853248	1
1	116042	172.55857344	1
1	116056	172.5586144	1
1	116201	173.55853248	1
1	116209	173.55857344	1
1	116217	173.5586144	1
1	116237	173.55953248	1
1	116245	173.55957344	1
1	116253	173.5596144	1
1	116273	173.56053248	1
1	116282	173.56057344	1
1	116295	173.5606144	1
1	116333	173.56153248	1
1	116342	173.56157344	1
1	116356	173.5616144	1
1	116405	173.56253248	1
1	116414	173.56257344	1
1	116428	173.5626144	1
1	116477	173.56353248	1
1	116486	173.56357344	1
1	116500	173.5636144	1
1	116549	173.56453248	1
1	116558	173.56457344	1
1	116572	173.5646144	1
1	116621	173.56553248	1
1	116630	173.56557344	1
1	116644	173.5656144	1
1	116693	173.56653248	1
1	116702	173.56657344	1
1	116716	173.5666144	1
1	116753	173.56753248	1
1	116762	173.56757344	1
1	116776	173.5676144	1
1	116921	174.56753248	1
1	116929	174.56757344	1
1	116937	174.5676144	1
1	116957	174.56853248	1
1	116965	174.56857344	1
1	116973	174.5686144	1
1	116993	174.56953248	1
1	117002	174.56957344	1
1	117015	174.5696144	1
1	117053	174.57053248	1
1	117062	174.57057344	1
1	117076	174.5706144	1
1	117125	174.57153248	1
1	117134	174.57157344	1
1	117148	174.5716144	1
1	117197	174.57253248	1
1	117206	174.57257344	1
1	117220	174.5726144	1
1	117269	174.57353248	1
1	117278	174.57357344	1
1	117292	174.5736144	1
1	117341	174.57453248	1
1	117350	174.57457344	1
1	117364	174.5746144	1
1	117413	174.57553248	1
1	117422	174.57557344	1
1	117436	174.5756144	1
1	117473	174.57653248	1
1	117482	174.57657344	1
1	117496	174.5766144	1
2	16	1.0010512	1
2	26	1.00105632	1
2	30	1.00106144	1
2	98	1.0070768	1
2	102	1.00709728	1
2	106	1.00711776	1
2	158	1.0195376	1
2	167	1.01957856	1
2	174	1.01961952	1
2	194	1.0205376	1
2	203	1.02057856	1
2	210	1.02061952	1
2	230	1.0215376	1
2	241	1.02157856	1
2	253	1.02161952	1
2	290	1.0225376	1
2	301	1.02257856	1
2	314	1.02261952	1
2	362	1.0235376	1
2	373	1.02357856	1
2	386	1.02361952	1
2	434	1.0245376	1
2	445	1.02457856	1
2	458	1.02461952	1
2	506	1.0255376	1
2	517	1.02557856	1
2	530	1.02561952	1
2	578	1.0265376	1
2	589	1.02657856	1
2	602	1.02661952	1
2	650	1.0275376	1
2	661	1.02757856	1
2	674	1.02761952	1
2	710	1.0285376	1
2	721	1.02857856	1
2	734	1.02861952	1
2	878	2.0285376	1
2	887	2.02857856	1
2	894	2.02861952	1
2	914	2.0295376	1
2	923	2.02957856	1
2	930	2.02961952	1
2	950	2.0305376	1
2	961	2.03057856	1
2	973	2.03061952	1
2	1010	2.0315376	1
2	1021	2.03157856	1
2	1034	2.03161952	1
2	1082	2.0325376	1
2	1093	2.03257856	1
2	1106	2.03261952	1
2	1154	2.0335376	1
2	1165	2.03357856	1
2	1178	2.03361952	1
2	1226	2.0345376	1
2	1237	2.03457856	1
2	1250	2.03461952	1
2	1298	2.0355376	1
2	1309	2.03557856	1
2	1322	2.03561952	1
2	1370	2.0365376	1
2	1381	2.03657856	1
2	1394	2.03661952	1
2	1430	2.0375376	1
2	1441	2.03757856	1
2	1454	2.03761952	1
2	1598	3.0375376	1
2	1607	3.03757856	1
2	1614	3.03761952	1
2	1634	3.0385376	1
2	1643	3.03857856	1
2	1650	3.03861952	1
2	1670	3.0395376	1
2	1681	3.03957856	1
2	1693	3.03961952	1
2	1730	3.0405376	1
2	1741	3.04057856	1
2	1754	3.04061952	1
2	1802	3.0415376	1
2	1813	3.04157856	1
2	1826	3.04161952	1
2	1874	3.0425376	1
2	1885	3.04257856	1
2	1898	3.04261952	1
2	1946	3.0435376	1
2	1957	3.04357856	1
2	1970	3.04361952	1
2	2018	3.0445376	1
2	2029	3.04457856	1
2	2042	3.04461952	1
2	2090	3.0455376	1
2	2101	3.04557856	1
2	2114	3.04561952	1
2	2150	3.0465376	1
2	2161	3.04657856	1
2	2174	3.04661952	1
2	2318	4.0465376	1
2	2327	4.04657856	1
2	2334	4.04661952	1
2	2354	4.0475376	1
2	2363	4.04757856	1
2	2370	4.04761952	1
2	2390	4.0485376	1
2	2401	4.04857856	1
2	2413	4.04861952	1
2	2450	4.0495376	1
2	2461	4.04957856	1
2	2474	4.04961952	1
2	2522	4.0505376	1
2	2533	4.05057856	1
2	2546	4.05061952	1
2	2594	4.0515376	1
2	2605	4.05157856	1
2	2618	4.05161952	1
2	2666	4.0525376	1
2	2677	4.05257856	1
2	2690	4.05261952	1
2	2738	4.0535376	1
2	2749	4.05357856	1
2	2762	4.05361952	1
2	2810	4.0545376	1
2	2821	4.05457856	1
2	2834	4.05461952	1
2	2870	4.0555376	1
2	2881	4.05557856	1
2	2894	4.05561952	1
2	3038	5.0555376	1
2	3047	5.05557856	1
2	3054	5.05561952	1
2	3074	5.0565376	1
2	3083	5.05657856	1
2	3090	5.05661952	1
2	3110	5.0575376	1
2	3121	5.05757856	1
2	3133	5.05761952	1
2	3170	5.0585376	1
2	3181	5.05857856	1
2	3194	5.05861952	1
2	3242	5.0595376	1
2	3253	5.05957856	1
2	3266	5.05961952	1
2	3314	5.0605376	1
2	3325	5.06057856	1
2	3338	5.06061952	1
2	3386	5.0615376	1
2	3397	5.06157856	1
2	3410	5.06161952	1
2	3458	5.0625376	1
2	3469	5.06257856	1
2	3482	5.06261952	1
2	3530	5.0635376	1
2	3541	5.06357856	1
2	3554	5.06361952	1
2	3590	5.0645376	1
2	3601	5.06457856	1
2	3614	5.06461952	1
2	3758	6.0645376	1
2	3767	6.06457856	1
2	3774	6.06461952	1
2	3794	6.0655376	1
2	3803	6.06557856	1
2	3810	6.06561952	1
2	3830	6.0665376	1
2	3841	6.06657856	1
2	3853	6.06661952	1
2	3890	6.0675376	1
2	3901	6.06757856	1
2	3914	6.06761952	1
2	3962	6.0685376	1
2	3973	6.06857856	1
2	3986	6.06861952	1
2	4034	6.0695376	1
2	4045	6.06957856	1
2	4058	6.06961952	1
2	4106	6.0705376	1
2	4117	6.07057856	1
2	4130	6.07061952	1
2	4178	6.0715376	1
2	4189	6.07157856	1
2	4202	6.07161952	1
2	4250	6.0725376	1
2	4261	6.07257856	1
2	4274	6.07261952	1
2	4310	6.0735376	1
2	4321	6.07357856	1
2	4334	6.07361952	1
2	4478	7.0735376	1
2	4487	7.07357856	1
2	4494	7.07361952	1
2	4514	7.0745376	1
2	4523	7.07457856	1
2	4530	7.07461952	1
2	4550	7.0755376	1
2	4561	7.07557856	1
2	4573	7.07561952	1
2	4610	7.0765376	1
2	4621	7.07657856	1
2	4634	7.07661952	1
2	4682	7.0775376	1
2	4693	7.07757856	1
2	4706	7.07761952	1
2	4754	7.0785376	1
2	4765	7.07857856	1
2	4778	7.07861952	1
2	4826	7.0795376	1
2	4837	7.07957856	1
2	4850	7.07961952	1
2	4898	7.0805376	1
2	4909	7.08057856	1
2	4922	7.08061952	1
2	4970	7.0815376	1
2	4981	7.08157856	1
2	4994	7.08161952	1
2	5030	7.0825376	1
2	5041	7.08257856	1
2	5054	7.08261952	1
2	5198	8.0825376	1
2	5207	8.08257856	1
2	5214	8.08261952	1
2	5234	8.0835376	1
2	5243	8.08357856	1
2	5250	8.08361952	1
2	5270	8.0845376	1
2	5281	8.08457856	1
2	5293	8.08461952	1
2	5330	8.0855376	1
2	5341	8.08557856	1
2	5354	8.08561952	1
2	5402	8.0865376	1
2	5413	8.08657856	1
2	5426	8.08661952	1
2	5474	8.0875376	1
2	5485	8.08757856	1
2	5498	8.08761952	1
2	5546	8.0885376	1
2	5557	8.08857856	1
2	5570	8.08861952	1
2	5618	8.0895376	1
2	5629	8.08957856	1
2	5642	8.08961952	1
2	5690	8.0905376	1
2	5701	8.09057856	1
2	5714	8.09061952	1
2	5750	8.0915376	1
2	5761	8.09157856	1
2	5774	8.09161952	1
2	5918	9.0915376	1
2	5927	9.09157856	1
2	5934	9.09161952	1
2	5954	9.0925376	1
2	5963	9.09257856	1
2	5970	9.09261952	1
2	5990	9.0935376	1
2	6001	9.09357856	1
2	6013	9.09361952	1
2	6050	9.0945376	1
2	6061	9.09457856	1
2	6074	9.09461952	1
2	6122	9.0955376	1
2	6133	9.09557856	1
2	6146	9.09561952	1
2	6194	9.0965376	1
2	6205	9.09657856	1
2	6218	9.09661952	1
2	6266	9.0975376	1
2	6277	9.09757856	1
2	6290	9.09761952	1
2	6338	9.0985376	1
2	6349	9.09857856	1
2	6362	9.09861952	1
2	6410	9.0995376	1
2	6421	9.09957856	1
2	6434	9.09961952	1
2	6470	9.1005376	1
2	6481	9.10057856	1
2	6494	9.10061952	1
2	6638	10.1005376	1
2	6647	10.10057856	1
2	6654	10.10061952	1
2	6674	10.1015376	1
2	6683	10.10157856	1
2	6690	10.10161952	1
2	6710	10.1025376	1
2	6721	10.10257856	1
2	6733	10.10261952	1
2	6770	10.1035376	1
2	6781	10.10357856	1
2	6794	10.10361952	1
2	6842	10.1045376	1
2	6853	10.10457856	1
2	6866	10.10461952	1
2	6914	10.1055376	1
2	6925	10.10557856	1
2	6938	10.10561952	1
2	6986	10.1065376	1
2	6997	10.10657856	1
2	7010	10.10661952	1
2	7058	10.1075376	1
2	7069	10.10757856	1
2	7082	10.10761952	1
2	7130	10.1085376	1
2	7141	10.10857856	1
2	7154	10.10861952	1
2	7190	10.1095376	1
2	7201	10.10957856	1
2	7214	10.10961952	1
2	7358	11.1095376	1
2	7367	11.10957856	1
2	7374	11.10961952	1
2	7394	11.1105376	1
2	7403	11.11057856	1
2	7410	11.11061952	1
2	7430	11.1115376	1
2	7441	11.11157856	1
2	7453	11.11161952	1
2	7490	11.1125376	1
2	7501	11.11257856	1
2	7514	11.11261952	1
2	7562	11.1135376	1
2	7573	11.11357856	1
2	7586	11.11361952	1
2	7634	11.1145376	1
2	7645	11.11457856	1
2	7658	11.11461952	1
2	7706	11.1155376	1
2	7717	11.11557856	1
2	7730	11.11561952	1
2	7778	11.1165376	1
2	7789	11.11657856	1
2	7802	11.11661952	1
2	7850	11.1175376	1
2	7861	11.11757856	1
2	7874	11.11761952	1
2	7910	11.1185376	1
2	7921	11.11857856	1
2	7934	11.11861952	1
2	8078	12.1185376	1
2	8087	12.11857856	1
2	8094	12.11861952	1
2	8114	12.1195376	1
2	8123	12.11957856	1
2	8130	12.11961952	1
2	8150	12.1205376	1
2	8161	12.12057856	1
2	8173	12.12061952	1
2	8210	12.1215376	1
2	8221	12.12157856	1
2	8234	12.12161952	1
2	8282	12.1225376	1
2	8293	12.12257856	1
2	8306	12.12261952	1
2	8354	12.1235376	1
2	8365	12.12357856	1
2	8378	12.12361952	1
2	8426	12.1245376	1
2	8437	12.12457856	1
2	8450	12.12461952	1
2	8498	12.1255376	1
2	8509	12.12557856	1
2	8522	12.12561952	1
2	8570	12.1265376	1
2	8581	12.12657856	1
2	8594	12.12661952	1
2	8630	12.1275376	1
2	8641	12.12757856	1
2	8654	12.12761952	1
2	8798	13.1275376	1
2	8807	13.12757856	1
2	8814	13.12761952	1
2	8834	13.1285376	1
2	8843	13.12857856	1
2	8850	13.12861952	1
2	8870	13.1295376	1
2	8881	13.12957856	1
2	8893	13.12961952	1
2	8930	13.1305376	1
2	8941	13.13057856	1
2	8954	13.13061952	1
2	9002	13.1315376	1
2	9013	13.13157856	1
2	9026	13.13161952	1
2	9074	13.1325376	1
2	9085	13.13257856	1
2	9098	13.13261952	1
2	9146	13.1335376	1
2	9157	13.13357856	1
2	9170	13.13361952	1
2	9218	13.1345376	1
2	9229	13.13457856	1
2	9242	13.13461952	1
2	9290	13.1355376	1
2	9301	13.13557856	1
2	9314	13.13561952	1
2	9350	13.1365376	1
2	9361	13.13657856	1
2	9374	13.13661952	1
2	9518	14.1365376	1
2	9527	14.13657856	1
2	9534	14.13661952	1
2	9554	14.1375376	1
2	9563	14.13757856	1
2	9570	14.13761952	1
2	9590	14.1385376	1
2	9601	14.13857856	1
2	9613	14.13861952	1
2	9650	14.1395376	1
2	9661	14.13957856	1
2	9674	14.13961952	1
2	9722	14.1405376	1
2	9733	14.14057856	1
2	9746	14.14061952	1
2	9794	14.1415376	1
2	9805	14.14157856	1
2	9818	14.14161952	1
2	9866	14.1425376	1
2	9877	14.14257856	1
2	9890	14.14261952	1
2	9938	14.1435376	1
2	9949	14.14357856	1
2	9962	14.14361952	1
2	10010	14.1445376	1
2	10021	14.14457856	1
2	10034	14.14461952	1
2	10070	14.1455376	1
2	10081	14.14557856	1
2	10094	14.14561952	1
2	10238	15.1455376	1
2	10247	15.14557856	1
2	10254	15.14561952	1
2	10274	15.1465376	1
2	10283	15.14657856	1
2	10290	15.14661952	1
2	10310	15.1475376	1
2	10321	15.14757856	1
2	10333	15.14761952	1
2	10370	15.1485376	1
2	10381	15.14857856	1
2	10394	15.14861952	1
2	10442	15.1495376	1
2	10453	15.14957856	1
2	10466	15.14961952	1
2	10514	15.1505376	1
2	10525	15.15057856	1
2	10538	15.15061952	1
2	10586	15.1515376	1
2	10597	15.15157856	1
2	10610	15.15161952	1
2	10658	15.1525376	1
2	10669	15.15257856	1
2	10682	15.15261952	1
2	10730	15.1535376	1
2	10741	15.15357856	1
2	10754	15.15361952	1
2	10790	15.1545376	1
2	10801	15.15457856	1
2	10814	15.15461952	1
2	10958	16.1545376	1
2	10967	16.15457856	1
2	10974	16.15461952	1
2	10994	16.1555376	1
2	11003	16.15557856	1
2	11010	16.15561952	1
2	11030	16.1565376	1
2	11041	16.15657856	1
2	11053	16.15661952	1
2	11090	16.1575376	1
2	11101	16.15757856	1
2	11114	16.15761952	1
2	11162	16.1585376	1
2	11173	16.15857856	1
2	11186	16.15861952	1
2	11234	16.1595376	1
2	11245	16.15957856	1
2	11258	16.15961952	1
2	11306	16.1605376	1
2	11317	16.16057856	1
2	11330	16.16061952	1
2	11378	16.1615376	1
2	11389	16.16157856	1
2	11402	16.16161952	1
2	11450	16.1625376	1
2	11461	16.16257856	1
2	11474	16.16261952	1
2	11510	16.1635376	1
2	11521	16.16357856	1
2	11534	16.16361952	1
2	11678	17.1635376	1
2	11687	17.16357856	1
2	11694	17.16361952	1
2	11714	17.1645376	1
2	11723	17.16457856	1
2	11730	17.16461952	1
2	11750	17.1655376	1
2	11761	17.16557856	1
2	11773	17.16561952	1
2	11810	17.1665376	1
2	11821	17.16657856	1
2	11834	17.16661952	1
2	11882	17.1675376	1
2	11893	17.16757856	1
2	11906	17.16761952	1
2	11954	17.1685376	1
2	11965	17.16857856	1
2	11978	17.16861952	1
2	12026	17.1695376	1
2	12037	17.16957856	1
2	12050	17.16961952	1
2	12098	17.1705376	1
2	12109	17.17057856	1
2	12122	17.17061952	1
2	12170	17.1715376	1
2	12181	17.17157856	1
2	12194	17.17161952	1
2	12230	17.1725376	1
2	12241	17.17257856	1
2	12254	17.17261952	1
2	12398	18.1725376	1
2	12407	18.17257856	1
2	12414	18.17261952	1
2	12434	18.1735376	1
2	12443	18.17357856	1
2	12450	18.17361952	1
2	12470	18.1745376	1
2	12481	18.17457856	1
2	12493	18.17461952	1
2	12530	18.1755376	1
2	12541	18.17557856	1
2	12554	18.17561952	1
2	12602	18.1765376	1
2	12613	18.17657856	1
2	12626	18.17661952	1
2	12674	18.1775376	1
2	12685	18.17757856	1
2	12698	18.17761952	1
2	12746	18.1785376	1
2	12757	18.17857856	1
2	12770	18.17861952	1
2	12818	18.1795376	1
2	12829	18.17957856	1
2	12842	18.17961952	1
2	12890	18.1805376	1
2	12901	18.18057856	1
2	12914	18.18061952	1
2	12950	18.1815376	1
2	12961	18.18157856	1
2	12974	18.18161952	1
2	13118	19.1815376	1
2	13127	19.18157856	1
2	13134	19.18161952	1
2	13154	19.1825376	1
2	13163	19.18257856	1
2	13170	19.18261952	1
2	13190	19.1835376	1
2	13201	19.18357856	1
2	13213	19.18361952	1
2	13250	19.1845376	1
2	13261	19.18457856	1
2	13274	19.18461952	1
2	13322	19.1855376	1
2	13333	19.18557856	1
2	13346	19.18561952	1
2	13394	19.1865376	1
2	13405	19.18657856	1
2	13418	19.18661952	1
2	13466	19.1875376	1
2	13477	19.18757856	1
2	13490	19.18761952	1
2	13538	19.1885376	1
2	13549	19.18857856	1
2	13562	19.18861952	1
2	13610	19.1895376	1
2	13621	19.18957856	1
2	13634	19.18961952	1
2	13670	19.1905376	1
2	13681	19.19057856	1
2	13694	19.19061952	1
2	13838	20.1905376	1
2	13847	20.19057856	1
2	13854	20.19061952	1
2	13874	20.1915376	1
2	13883	20.19157856	1
2	13890	20.19161952	1
2	13910	20.1925376	1
2	13921	20.19257856	1
2	13933	20.19261952	1
2	13970	20.1935376	1
2	13981	20.19357856	1
2	13994	20.19361952	1
2	14042	20.1945376	1
2	14053	20.19457856	1
2	14066	20.19461952	1
2	14114	20.1955376	1
2	14125	20.19557856	1
2	14138	20.19561952	1
2	14186	20.1965376	1
2	14197	20.19657856	1
2	14210	20.19661952	1
2	14258	20.1975376	1
2	14269	20.19757856	1
2	14282	20.19761952	1
2	14330	20.1985376	1
2	14341	20.19857856	1
2	14354	20.19861952	1
2	14390	20.1995376	1
2	14401	20.19957856	1
2	14414	20.19961952	1
2	14558	21.1995376	1
2	14567	21.19957856	1
2	14574	21.19961952	1
2	14594	21.2005376	1
2	14603	21.20057856	1
2	14610	21.20061952	1
2	14630	21.2015376	1
2	14641	21.20157856	1
2	14653	21.20161952	1
2	14690	21.2025376	1
2	14701	21.20257856	1
2	14714	21.20261952	1
2	14762	21.2035376	1
2	14773	21.20357856	1
2	14786	21.20361952	1
2	14834	21.2045376	1
2	14845	21.20457856	1
2	14858	21.20461952	1
2	14906	21.2055376	1
2	14917	21.20557856	1
2	14930	21.20561952	1
2	14978	21.2065376	1
2	14989	21.20657856	1
2	15002	21.20661952	1
2	15050	21.2075376	1
2	15061	21.20757856	1
2	15074	21.20761952	1
2	15110	21.2085376	1
2	15121	21.20857856	1
2	15134	21.20861952	1
2	15278	22.2085376	1
2	15287	22.20857856	1
2	15294	22.20861952	1
2	15314	22.2095376	1
2	15323	22.20957856	1
2	15330	22.20961952	1
2	15350	22.2105376	1
2	15361	22.21057856	1
2	15373	22.21061952	1
2	15410	22.2115376	1
2	15421	22.21157856	1
2	15434	22.21161952	1
2	15482	22.2125376	1
2	15493	22.21257856	1
2	15506	22.21261952	1
2	15554	22.2135376	1
2	15565	22.21357856	1
2	15578	22.21361952	1
2	15626	22.2145376	1
2	15637	22.21457856	1
2	15650	22.21461952	1
2	15698	22.2155376	1
2	15709	22.21557856	1
2	15722	22.21561952	1
2	15770	22.2165376	1
2	15781	22.21657856	1
2	15794	22.21661952	1
2	15830	22.2175376	1
2	15841	22.21757856	1
2	15854	22.21761952	1
2	15998	23.2175376	1
2	16007	23.21757856	1
2	16014	23.21761952	1
2	16034	23.2185376	1
2	16043	23.21857856	1
2	16050	23.21861952	1
2	16070	23.2195376	1
2	16081	23.21957856	1
2	16093	23.21961952	1
2	16130	23.2205376	1
2	16141	23.22057856	1
2	16154	23.22061952	1
2	16202	23.2215376	1
2	16213	23.22157856	1
2	16226	23.22161952	1
2	16274	23.2225376	1
2	16285	23.22257856	1
2	16298	23.22261952	1
2	16346	23.2235376	1
2	16357	23.22357856	1
2	16370	23.22361952	1
2	16418	23.2245376	1
2	16429	23.22457856	1
2	16442	23.22461952	1
2	16490	23.2255376	1
2	16501	23.22557856	1
2	16514	23.22561952	1
2	16550	23.2265376	1
2	16561	23.22657856	1
2	16574	23.22661952	1
2	16718	24.2265376	1
2	16727	24.22657856	1
2	16734	24.22661952	1
2	16754	24.2275376	1
2	16763	24.22757856	1
2	16770	24.22761952	1
2	16790	24.2285376	1
2	16801	24.22857856	1
2	16813	24.22861952	1
2	16850	24.2295376	1
2	16861	24.22957856	1
2	16874	24.22961952	1
2	16922	24.2305376	1
2	16933	24.23057856	1
2	16946	24.23061952	1
2	16994	24.2315376	1
2	17005	24.23157856	1
2	17018	24.23161952	1
2	17066	24.2325376	1
2	17077	24.23257856	1
2	17090	24.23261952	1
2	17138	24.2335376	1
2	17149	24.23357856	1
2	17162	24.23361952	1
2	17210	24.2345376	1
2	17221	24.23457856	1
2	17234	24.23461952	1
2	17270	24.2355376	1
2	17281	24.23557856	1
2	17294	24.23561952	1
2	17438	25.2355376	1
2	17447	25.23557856	1
2	17454	25.23561952	1
2	17474	25.2365376	1
2	17483	25.23657856	1
2	17490	25.23661952	1
2	17510	25.2375376	1
2	17521	25.23757856	1
2	17533	25.23761952	1
2	17570	25.2385376	1
2	17581	25.23857856	1
2	17594	25.23861952	1
2	17642	25.2395376	1
2	17653	25.23957856	1
2	17666	25.23961952	1
2	17714	25.2405376	1
2	17725	25.24057856	1
2	17738	25.24061952	1
2	17786	25.2415376	1
2	17797	25.24157856	1
2	17810	25.24161952	1
2	17858	25.2425376	1
2	17869	25.24257856	1
2	17882	25.24261952	1
2	17930	25.2435376	1
2	17941	25.24357856	1
2	17954	25.24361952	1
2	17990	25.2445376	1
2	18001	25.24457856	1
2	18014	25.24461952	1
2	18158	26.2445376	1
2	18167	26.24457856	1
2	18174	26.24461952	1
2	18194	26.2455376	1
2	18203	26.24557856	1
2	18210	26.24561952	1
2	18230	26.2465376	1
2	18241	26.24657856	1
2	18253	26.24661952	1
2	18290	26.2475376	1
2	18301	26.24757856	1
2	18314	26.24761952	1
2	18362	26.2485376	1
2	18373	26.24857856	1
2	18386	26.24861952	1
2	18434	26.2495376	1
2	18445	26.24957856	1
2	18458	26.24961952	1
2	18506	26.2505376	1
2	18517	26.25057856	1
2	18530	26.25061952	1
2	18578	26.2515376	1
2	18589	26.25157856	1
2	18602	26.25161952	1
2	18650	26.2525376	1
2	18661	26.25257856	1
2	18674	26.25261952	1
2	18710	26.2535376	1
2	18721	26.25357856	1
2	18734	26.25361952	1
2	18878	27.2535376	1
2	18887	27.25357856	1
2	18894	27.25361952	1
2	18914	27.2545376	1
2	18923	27.25457856	1
2	18930	27.25461952	1
2	18950	27.2555376	1
2	18961	27.25557856	1
2	18973	27.25561952	1
2	19010	27.2565376	1
2	19021	27.25657856	1
2	19034	27.25661952	1
2	19082	27.2575376	1
2	19093	27.25757856	1
2	19106	27.25761952	1
2	19154	27.2585376	1
2	19165	27.25857856	1
2	19178	27.25861952	1
2	19226	27.2595376	1
2	19237	27.25957856	1
2	19250	27.25961952	1
2	19298	27.2605376	1
2	19309	27.26057856	1
2	19322	27.26061952	1
2	19370	27.2615376	1
2	19381	27.26157856	1
2	19394	27.26161952	1
2	19430	27.2625376	1
2	19441	27.26257856	1
2	19454	27.26261952	1
2	19598	28.2625376	1
2	19607	28.26257856	1
2	19614	28.26261952	1
2	19634	28.2635376	1
2	19643	28.26357856	1
2	19650	28.26361952	1
2	19670	28.2645376	1
2	19681	28.26457856	1
2	19693	28.26461952	1
2	19730	28.2655376	1
2	19741	28.26557856	1
2	19754	28.26561952	1
2	19802	28.2665376	1
2	19813	28.26657856	1
2	19826	28.26661952	1
2	19874	28.2675376	1
2	19885	28.26757856	1
2	19898	28.26761952	1
2	19946	28.2685376	1
2	19957	28.26857856	1
2	19970	28.26861952	1
2	20018	28.2695376	1
2	20029	28.26957856	1
2	20042	28.26961952	1
2	20090	28.2705376	1
2	20101	28.27057856	1
2	20114	28.27061952	1
2	20150	28.2715376	1
2	20161	28.27157856	1
2	20174	28.27161952	1
2	20318	29.2715376	1
2	20327	29.27157856	1
2	20334	29.27161952	1
2	20354	29.2725376	1
2	20363	29.27257856	1
2	20370	29.27261952	1
2	20390	29.2735376	1
2	20401	29.27357856	1
2	20413	29.27361952	1
2	20450	29.2745376	1
2	20461	29.27457856	1
2	20474	29.27461952	1
2	20522	29.2755376	1
2	20533	29.27557856	1
2	20546	29.27561952	1
2	20594	29.2765376	1
2	20605	29.27657856	1
2	20618	29.27661952	1
2	20666	29.2775376	1
2	20677	29.27757856	1
2	20690	29.27761952	1
2	20738	29.2785376	1
2	20749	29.27857856	1
2	20762	29.27861952	1
2	20810	29.2795376	1
2	20821	29.27957856	1
2	20834	29.27961952	1
2	20870	29.2805376	1
2	20881	29.28057856	1
2	20894	29.28061952	1
2	21038	30.2805376	1
2	21047	30.28057856	1
2	21054	30.28061952	1
2	21074	30.2815376	1
2	21083	30.28157856	1
2	21090	30.28161952	1
2	21110	30.2825376	1
2	21121	30.28257856	1
2	21133	30.28261952	1
2	21170	30.2835376	1
2	21181	30.28357856	1
2	21194	30.28361952	1
2	21242	30.2845376	1
2	21253	30.28457856	1
2	21266	30.28461952	1
2	21314	30.2855376	1
2	21325	30.28557856	1
2	21338	30.28561952	1
2	21386	30.2865376	1
2	21397	30.28657856	1
2	21410	30.28661952	1
2	21458	30.2875376	1
2	21469	30.28757856	1
2	21482	30.28761952	1
2	21530	30.2885376	1
2	21541	30.28857856	1
2	21554	30.28861952	1
2	21590	30.2895376	1
2	21601	30.28957856	1
2	21614	30.28961952	1
2	21758	31.2895376	1
2	21767	31.28957856	1
2	21774	31.28961952	1
2	21794	31.2905376	1
2	21803	31.29057856	1
2	21810	31.29061952	1
2	21830	31.2915376	1
2	21841	31.29157856	1
2	21853	31.29161952	1
2	21890	31.2925376	1
2	21901	31.29257856	1
2	21914	31.29261952	1
2	21962	31.2935376	1
2	21973	31.29357856	1
2	21986	31.29361952	1
2	22034	31.2945376	1
2	22045	31.29457856	1
2	22058	31.29461952	1
2	22106	31.2955376	1
2	22117	31.29557856	1
2	22130	31.29561952	1
2	22178	31.2965376	1
2	22189	31.29657856	1
2	22202	31.29661952	1
2	22250	31.2975376	1
2	22261	31.29757856	1
2	22274	31.29761952	1
2	22310	31.2985376	1
2	22321	31.29857856	1
2	22334	31.29861952	1
2	22478	32.2985376	1
2	22487	32.29857856	1
2	22494	32.29861952	1
2	22514	32.2995376	1
2	22523	32.29957856	1
2	22530	32.29961952	1
2	22550	32.3005376	1
2	22561	32.30057856	1
2	22573	32.30061952	1
2	22610	32.3015376	1
2	22621	32.30157856	1
2	22634	32.30161952	1
2	22682	32.3025376	1
2	22693	32.30257856	1
2	22706	32.30261952	1
2	22754	32.3035376	1
2	22765	32.30357856	1
2	22778	32.30361952	1
2	22826	32.3045376	1
2	22837	32.30457856	1
2	22850	32.30461952	1
2	22898	32.3055376	1
2	22909	32.30557856	1
2	22922	32.30561952	1
2	22970	32.3065376	1
2	22981	32.30657856	1
2	22994	32.30661952	1
2	23030	32.3075376	1
2	23041	32.30757856	1
2	23054	32.30761952	1
2	23198	33.3075376	1
2	23207	33.30757856	1
2	23214	33.30761952	1
2	23234	33.3085376	1
2	23243	33.30857856	1
2	23250	33.30861952	1
2	23270	33.3095376	1
2	23281	33.30957856	1
2	23293	33.30961952	1
2	23330	33.3105376	1
2	23341	33.31057856	1
2	23354	33.31061952	1
2	23402	33.3115376	1
2	23413	33.31157856	1
2	23426	33.31161952	1
2	23474	33.3125376	1
2	23485	33.31257856	1
2	23498	33.31261952	1
2	23546	33.3135376	1
2	23557	33.31357856	1
2	23570	33.31361952	1
2	23618	33.3145376	1
2	23629	33.31457856	1
2	23642	33.31461952	1
2	23690	33.3155376	1
2	23701	33.31557856	1
2	23714	33.31561952	1
2	23750	33.3165376	1
2	23761	33.31657856	1
2	23774	33.31661952	1
2	23918	34.3165376	1
2	23927	34.31657856	1
2	23934	34.31661952	1
2	23954	34.3175376	1
2	23963	34.31757856	1
2	23970	34.31761952	1
2	23990	34.3185376	1
2	24001	34.31857856	1
2	24013	34.31861952	1
2	24050	34.3195376	1
2	24061	34.31957856	1
2	24074	34.31961952	1
2	24122	34.3205376	1
2	24133	34.32057856	1
2	24146	34.32061952	1
2	24194	34.3215376	1
2	24205	34.32157856	1
2	24218	34.32161952	1
2	24266	34.3225376	1
2	24277	34.32257856	1
2	24290	34.32261952	1
2	24338	34.3235376	1
2	24349	34.32357856	1
2	24362	34.32361952	1
2	24410	34.3245376	1
2	24421	34.32457856	1
2	24434	34.32461952	1
2	24470	34.3255376	1
2	24481	34.32557856	1
2	24494	34.32561952	1
2	24638	35.3255376	1
2	24647	35.32557856	1
2	24654	35.32561952	1
2	24674	35.3265376	1
2	24683	35.32657856	1
2	24690	35.32661952	1
2	24710	35.3275376	1
2	24721	35.32757856	1
2	24733	35.32761952	1
2	24770	35.3285376	1
2	24781	35.32857856	1
2	24794	35.32861952	1
2	24842	35.3295376	1
2	24853	35.32957856	1
2	24866	35.32961952	1
2	24914	35.3305376	1
2	24925	35.33057856	1
2	24938	35.33061952	1
2	24986	35.3315376	1
2	24997	35.33157856	1
2	25010	35.33161952	1
2	25058	35.3325376	1
2	25069	35.33257856	1
2	25082	35.33261952	1
2	25130	35.3335376	1
2	25141	35.33357856	1
2	25154	35.33361952	1
2	25190	35.3345376	1
2	25201	35.33457856	1
2	25214	35.33461952	1
2	25358	36.3345376	1
2	25367	36.33457856	1
2	25374	36.33461952	1
2	25394	36.3355376	1
2	25403	36.33557856	1
2	25410	36.33561952	1
2	25430	36.3365376	1
2	25441	36.33657856	1
2	25453	36.33661952	1
2	25490	36.3375376	1
2	25501	36.33757856	1
2	25514	36.33761952	1
2	25562	36.3385376	1
2	25573	36.33857856	1
2	25586	36.33861952	1
2	25634	36.3395376	1
2	25645	36.33957856	1
2	25658	36.33961952	1
2	25706	36.3405376	1
2	25717	36.34057856	1
2	25730	36.34061952	1
2	25778	36.3415376	1
2	25789	36.34157856	1
2	25802	36.34161952	1
2	25850	36.3425376	1
2	25861	36.34257856	1
2	25874	36.34261952	1
2	25910	36.3435376	1
2	25921	36.34357856	1
2	25934	36.34361952	1
2	26078	37.3435376	1
2	26087	37.34357856	1
2	26094	37.34361952	1
2	26114	37.3445376	1
2	26123	37.34457856	1
2	26130	37.34461952	1
2	26150	37.3455376	1
2	26161	37.34557856	1
2	26173	37.34561952	1
2	26210	37.3465376	1
2	26221	37.34657856	1
2	26234	37.34661952	1
2	26282	37.3475376	1
2	26293	37.34757856	1
2	26306	37.34761952	1
2	26354	37.3485376	1
2	26365	37.34857856	1
2	26378	37.34861952	1
2	26426	37.3495376	1
2	26437	37.34957856	1
2	26450	37.34961952	1
2	26498	37.3505376	1
2	26509	37.35057856	1
2	26522	37.35061952	1
2	26570	37.3515376	1
2	26581	37.35157856	1
2	26594	37.35161952	1
2	26630	37.3525376	1
2	26641	37.35257856	1
2	26654	37.35261952	1
2	26798	38.3525376	1
2	26807	38.35257856	1
2	26814	38.35261952	1
2	26834	38.3535376	1
2	26843	38.35357856	1
2	26850	38.35361952	1
2	26870	38.3545376	1
2	26881	38.35457856	1
2	26893	38.35461952	1
2	26930	38.3555376	1
2	26941	38.35557856	1
2	26954	38.35561952	1
2	27002	38.3565376	1
2	27013	38.35657856	1
2	27026	38.35661952	1
2	27074	38.3575376	1
2	27085	38.35757856	1
2	27098	38.35761952	1
2	27146	38.3585376	1
2	27157	38.35857856	1
2	27170	38.35861952	1
2	27218	38.3595376	1
2	27229	38.35957856	1
2	27242	38.35961952	1
2	27290	38.3605376	1
2	27301	38.36057856	1
2	27314	38.36061952	1
2	27350	38.3615376	1
2	27361	38.36157856	1
2	27374	38.36161952	1
2	27518	39.3615376	1
2	27527	39.36157856	1
2	27534	39.36161952	1
2	27554	39.3625376	1
2	27563	39.36257856	1
2	27570	39.36261952	1
2	27590	39.3635376	1
2	27601	39.36357856	1
2	27613	39.36361952	1
2	27650	39.3645376	1
2	27661	39.36457856	1
2	27674	39.36461952	1
2	27722	39.3655376	1
2	27733	39.36557856	1
2	27746	39.36561952	1
2	27794	39.3665376	1
2	27805	39.36657856	1
2	27818	39.36661952	1
2	27866	39.3675376	1
2	27877	39.36757856	1
2	27890	39.36761952	1
2	27938	39.3685376	1
2	27949	39.36857856	1
2	27962	39.36861952	1
2	28010	39.3695376	1
2	28021	39.36957856	1
2	28034	39.36961952	1
2	28070	39.3705376	1
2	28081	39.37057856	1
2	28094	39.37061952	1
2	28238	40.3705376	1
2	28247	40.37057856	1
2	28254	40.37061952	1
2	28274	40.3715376	1
2	28283	40.37157856	1
2	28290	40.37161952	1
2	28310	40.3725376	1
2	28321	40.37257856	1
2	28333	40.37261952	1
2	28370	40.3735376	1
2	28381	40.37357856	1
2	28394	40.37361952	1
2	28442	40.3745376	1
2	28453	40.37457856	1
2	28466	40.37461952	1
2	28514	40.3755376	1
2	28525	40.37557856	1
2	28538	40.37561952	1
2	28586	40.3765376	1
2	28597	40.37657856	1
2	28610	40.37661952	1
2	28658	40.3775376	1
2	28669	40.37757856	1
2	28682	40.37761952	1
2	28730	40.3785376	1
2	28741	40.37857856	1
2	28754	40.37861952	1
2	28790	40.3795376	1
2	28801	40.37957856	1
2	28814	40.37961952	1
2	28958	41.3795376	1
2	28967	41.37957856	1
2	28974	41.37961952	1
2	28994	41.3805376	1
2	29003	41.38057856	1
2	29010	41.38061952	1
2	29030	41.3815376	1
2	29041	41.38157856	1
2	29053	41.38161952	1
2	29090	41.3825376	1
2	29101	41.38257856	1
2	29114	41.38261952	1
2	29162	41.3835376	1
2	29173	41.38357856	1
2	29186	41.38361952	1
2	29234	41.3845376	1
2	29245	41.38457856	1
2	29258	41.38461952	1
2	29306	41.3855376	1
2	29317	41.38557856	1
2	29330	41.38561952	1
2	29378	41.3865376	1
2	29389	41.38657856	1
2	29402	41.38661952	1
2	29450	41.3875376	1
2	29461	41.38757856	1
2	29474	41.38761952	1
2	29510	41.3885376	1
2	29521	41.38857856	1
2	29534	41.38861952	1
2	29678	42.3885376	1
2	29687	42.38857856	1
2	29694	42.38861952	1
2	29714	42.3895376	1
2	29723	42.38957856	1
2	29730	42.38961952	1
2	29750	42.3905376	1
2	29761	42.39057856	1
2	29773	42.39061952	1
2	29810	42.3915376	1
2	29821	42.39157856	1
2	29834	42.39161952	1
2	29882	42.3925376	1
2	29893	42.39257856	1
2	29906	42.39261952	1
2	29954	42.3935376	1
2	29965	42.39357856	1
2	29978	42.39361952	1
2	30026	42.3945376	1
2	30037	42.39457856	1
2	30050	42.39461952	1
2	30098	42.3955376	1
2	30109	42.39557856	1
2	30122	42.39561952	1
2	30170	42.3965376	1
2	30181	42.39657856	1
2	30194	42.39661952	1
2	30230	42.3975376	1
2	30241	42.39757856	1
2	30254	42.39761952	1
2	30398	43.3975376	1
2	30407	43.39757856	1
2	30414	43.39761952	1
2	30434	43.3985376	1
2	30443	43.39857856	1
2	30450	43.39861952	1
2	30470	43.3995376	1
2	30481	43.39957856	1
2	30493	43.39961952	1
2	30530	43.4005376	1
2	30541	43.40057856	1
2	30554	43.40061952	1
2	30602	43.4015376	1
2	30613	43.40157856	1
2	30626	43.40161952	1
2	30674	43.4025376	1
2	30685	43.40257856	1
2	30698	43.40261952	1
2	30746	43.4035376	1
2	30757	43.40357856	1
2	30770	43.40361952	1
2	30818	43.4045376	1
2	30829	43.40457856	1
2	30842	43.40461952	1
2	30890	43.4055376	1
2	30901	43.40557856	1
2	30914	43.40561952	1
2	30950	43.4065376	1
2	30961	43.40657856	1
2	30974	43.40661952	1
2	31118	44.4065376	1
2	31127	44.40657856	1
2	31134	44.40661952	1
2	31154	44.4075376	1
2	31163	44.40757856	1
2	31170	44.40761952	1
2	31190	44.4085376	1
2	31201	44.40857856	1
2	31213	44.40861952	1
2	31250	44.4095376	1
2	31261	44.40957856	1
2	31274	44.40961952	1
2	31322	44.4105376	1
2	31333	44.41057856	1
2	31346	44.41061952	1
2	31394	44.4115376	1
2	31405	44.41157856	1
2	31418	44.41161952	1
2	31466	44.4125376	1
2	31477	44.41257856	1
2	31490	44.41261952	1
2	31538	44.4135376	1
2	31549	44.41357856	1
2	31562	44.41361952	1
2	31610	44.4145376	1
2	31621	44.41457856	1
2	31634	44.41461952	1
2	31670	44.4155376	1
2	31681	44.41557856	1
2	31694	44.41561952	1
2	31838	45.4155376	1
2	31847	45.41557856	1
2	31854	45.41561952	1
2	31874	45.4165376	1
2	31883	45.41657856	1
2	31890	45.41661952	1
2	31910	45.4175376	1
2	31921	45.41757856	1
2	31933	45.41761952	1
2	31970	45.4185376	1
2	31981	45.41857856	1
2	31994	45.41861952	1
2	32042	45.4195376	1
2	32053	45.41957856	1
2	32066	45.41961952	1
2	32114	45.4205376	1
2	32125	45.42057856	1
2	32138	45.42061952	1
2	32186	45.4215376	1
2	32197	45.42157856	1
2	32210	45.42161952	1
2	32258	45.4225376	1
2	32269	45.42257856	1
2	32282	45.42261952	1
2	32330	45.4235376	1
2	32341	45.42357856	1
2	32354	45.42361952	1
2	32390	45.4245376	1
2	32401	45.42457856	1
2	32414	45.42461952	1
2	32558	46.4245376	1
2	32567	46.42457856	1
2	32574	46.42461952	1
2	32594	46.4255376	1
2	32603	46.42557856	1
2	32610	46.42561952	1
2	32630	46.4265376	1
2	32641	46.42657856	1
2	32653	46.42661952	1
2	32690	46.4275376	1
2	32701	46.42757856	1
2	32714	46.42761952	1
2	32762	46.4285376	1
2	32773	46.42857856	1
2	32786	46.42861952	1
2	32834	46.4295376	1
2	32845	46.42957856	1
2	32858	46.42961952	1
2	32906	46.4305376	1
2	32917	46.43057856	1
2	32930	46.43061952	1
2	32978	46.4315376	1
2	32989	46.43157856	1
2	33002	46.43161952	1
2	33050	46.4325376	1
2	33061	46.43257856	1
2	33074	46.43261952	1
2	33110	46.4335376	1
2	33121	46.43357856	1
2	33134	46.43361952	1
2	33278	47.4335376	1
2	33287	47.43357856	1
2	33294	47.43361952	1
2	33314	47.4345376	1
2	33323	47.43457856	1
2	33330	47.43461952	1
2	33350	47.4355376	1
2	33361	47.43557856	1
2	33373	47.43561952	1
2	33410	47.4365376	1
2	33421	47.43657856	1
2	33434	47.43661952	1
2	33482	47.4375376	1
2	33493	47.43757856	1
2	33506	47.43761952	1
2	33554	47.4385376	1
2	33565	47.43857856	1
2	33578	47.43861952	1
2	33626	47.4395376	1
2	33637	47.43957856	1
2	33650	47.43961952	1
2	33698	47.4405376	1
2	33709	47.44057856	1
2	33722	47.44061952	1
2	33770	47.4415376	1
2	33781	47.44157856	1
2	33794	47.44161952	1
2	33830	47.4425376	1
2	33841	47.44257856	1
2	33854	47.44261952	1
2	33998	48.4425376	1
2	34007	48.44257856	1
2	34014	48.44261952	1
2	34034	48.4435376	1
2	34043	48.44357856	1
2	34050	48.44361952	1
2	34070	48.4445376	1
2	34081	48.44457856	1
2	34093	48.44461952	1
2	34130	48.4455376	1
2	34141	48.44557856	1
2	34154	48.44561952	1
2	34202	48.4465376	1
2	34213	48.44657856	1
2	34226	48.44661952	1
2	34274	48.4475376	1
2	34285	48.44757856	1
2	34298	48.44761952	1
2	34346	48.4485376	1
2	34357	48.44857856	1
2	34370	48.44861952	1
2	34418	48.4495376	1
2	34429	48.44957856	1
2	34442	48.44961952	1
2	34490	48.4505376	1
2	34501	48.45057856	1
2	34514	48.45061952	1
2	34550	48.4515376	1
2	34561	48.45157856	1
2	34574	48.45161952	1
2	34718	49.4515376	1
2	34727	49.45157856	1
2	34734	49.45161952	1
2	34754	49.4525376	1
2	34763	49.45257856	1
2	34770	49.45261952	1
2	34790	49.4535376	1
2	34801	49.45357856	1
2	34813	49.45361952	1
2	34850	49.4545376	1
2	34861	49.45457856	1
2	34874	49.45461952	1
2	34922	49.4555376	1
2	34933	49.45557856	1
2	34946	49.45561952	1
2	34994	49.4565376	1
2	35005	49.45657856	1
2	35018	49.45661952	1
2	35066	49.4575376	1
2	35077	49.45757856	1
2	35090	49.45761952	1
2	35138	49.4585376	1
2	35149	49.45857856	1
2	35162	49.45861952	1
2	35210	49.4595376	1
2	35221	49.45957856	1
2	35234	49.45961952	1
2	35270	49.4605376	1
2	35281	49.46057856	1
2	35294	49.46061952	1
2	35438	50.4605376	1
2	35447	50.46057856	1
2	35454	50.46061952	1
2	35474	50.4615376	1
2	35483	50.46157856	1
2	35490	50.46161952	1
2	35510	50.4625376	1
2	35521	50.46257856	1
2	35533	50.46261952	1
2	35570	50.4635376	1
2	35581	50.46357856	1
2	35594	50.46361952	1
2	35642	50.4645376	1
2	35653	50.46457856	1
2	35666	50.46461952	1
2	35714	50.4655376	1
2	35725	50.46557856	1
2	35738	50.46561952	1
2	35786	50.4665376	1
2	35797	50.46657856	1
2	35810	50.46661952	1
2	35858	50.4675376	1
2	35869	50.46757856	1
2	35882	50.46761952	1
2	35930	50.4685376	1
2	35941	50.46857856	1
2	35954	50.46861952	1
2	35990	50.4695376	1
2	36001	50.46957856	1
2	36014	50.46961952	1
2	36158	51.4695376	1
2	36167	51.46957856	1
2	36174	51.46961952	1
2	36194	51.4705376	1
2	36203	51.47057856	1
2	36210	51.47061952	1
2	36230	51.4715376	1
2	36241	51.47157856	1
2	36253	51.47161952	1
2	36290	51.4725376	1
2	36301	51.47257856	1
2	36314	51.47261952	1
2	36362	51.4735376	1
2	36373	51.47357856	1
2	36386	51.47361952	1
2	36434	51.4745376	1
2	36445	51.47457856	1
2	36458	51.47461952	1
2	36506	51.4755376	1
2	36517	51.47557856	1
2	36530	51.47561952	1
2	36578	51.4765376	1
2	36589	51.47657856	1
2	36602	51.47661952	1
2	36650	51.4775376	1
2	36661	51.47757856	1
2	36674	51.47761952	1
2	36710	51.4785376	1
2	36721	51.47857856	1
2	36734	51.47861952	1
2	36878	52.4785376	1
2	36887	52.47857856	1
2	36894	52.47861952	1
2	36914	52.4795376	1
2	36923	52.47957856	1
2	36930	52.47961952	1
2	36950	52.4805376	1
2	36961	52.48057856	1
2	36973	52.48061952	1
2	37010	52.4815376	1
2	37021	52.48157856	1
2	37034	52.48161952	1
2	37082	52.4825376	1
2	37093	52.48257856	1
2	37106	52.48261952	1
2	37154	52.4835376	1
2	37165	52.48357856	1
2	37178	52.48361952	1
2	37226	52.4845376	1
2	37237	52.48457856	1
2	37250	52.48461952	1
2	37298	52.4855376	1
2	37309	52.48557856	1
2	37322	52.48561952	1
2	37370	52.4865376	1
2	37381	52.48657856	1
2	37394	52.48661952	1
2	37430	52.4875376	1
2	37441	52.48757856	1
2	37454	52.48761952	1
2	37598	53.4875376	1
2	37607	53.48757856	1
2	37614	53.48761952	1
2	37634	53.4885376	1
2	37643	53.48857856	1
2	37650	53.48861952	1
2	37670	53.4895376	1
2	37681	53.48957856	1
2	37693	53.48961952	1
2	37730	53.4905376	1
2	37741	53.49057856	1
2	37754	53.49061952	1
2	37802	53.4915376	1
2	37813	53.49157856	1
2	37826	53.49161952	1
2	37874	53.4925376	1
2	37885	53.49257856	1
2	37898	53.49261952	1
2	37946	53.4935376	1
2	37957	53.49357856	1
2	37970	53.49361952	1
2	38018	53.4945376	1
2	38029	53.49457856	1
2	38042	53.49461952	1
2	38090	53.4955376	1
2	38101	53.49557856	1
2	38114	53.49561952	1
2	38150	53.4965376	1
2	38161	53.49657856	1
2	38174	53.49661952	1
2	38318	54.4965376	1
2	38327	54.49657856	1
2	38334	54.49661952	1
2	38354	54.4975376	1
2	38363	54.49757856	1
2	38370	54.49761952	1
2	38390	54.4985376	1
2	38401	54.49857856	1
2	38413	54.49861952	1
2	38450	54.4995376	1
2	38461	54.49957856	1
2	38474	54.49961952	1
2	38522	54.5005376	1
2	38533	54.50057856	1
2	38546	54.50061952	1
2	38594	54.5015376	1
2	38605	54.50157856	1
2	38618	54.50161952	1
2	38666	54.5025376	1
2	38677	54.50257856	1
2	38690	54.50261952	1
2	38738	54.5035376	1
2	38749	54.50357856	1
2	38762	54.50361952	1
2	38810	54.5045376	1
2	38821	54.50457856	1
2	38834	54.50461952	1
2	38870	54.5055376	1
2	38881	54.50557856	1
2	38894	54.50561952	1
2	39038	55.5055376	1
2	39047	55.50557856	1
2	39054	55.50561952	1
2	39074	55.5065376	1
2	39083	55.50657856	1
2	39090	55.50661952	1
2	39110	55.5075376	1
2	39121	55.50757856	1
2	39133	55.50761952	1
2	39170	55.5085376	1
2	39181	55.50857856	1
2	39194	55.50861952	1
2	39242	55.5095376	1
2	39253	55.50957856	1
2	39266	55.50961952	1
2	39314	55.5105376	1
2	39325	55.51057856	1
2	39338	55.51061952	1
2	39386	55.5115376	1
2	39397	55.51157856	1
2	39410	55.51161952	1
2	39458	55.5125376	1
2	39469	55.51257856	1
2	39482	55.51261952	1
2	39530	55.5135376	1
2	39541	55.51357856	1
2	39554	55.51361952	1
2	39590	55.5145376	1
2	39601	55.51457856	1
2	39614	55.51461952	1
2	39758	56.5145376	1
2	39767	56.51457856	1
2	39774	56.51461952	1
2	39794	56.5155376	1
2	39803	56.51557856	1
2	39810	56.51561952	1
2	39830	56.5165376	1
2	39841	56.51657856	1
2	39853	56.51661952	1
2	39890	56.5175376	1
2	39901	56.51757856	1
2	39914	56.51761952	1
2	39962	56.5185376	1
2	39973	56.51857856	1
2	39986	56.51861952	1
2	40034	56.5195376	1
2	40045	56.51957856	1
2	40058	56.51961952	1
2	40106	56.5205376	1
2	40117	56.52057856	1
2	40130	56.52061952	1
2	40178	56.5215376	1
2	40189	56.52157856	1
2	40202	56.52161952	1
2	40250	56.5225376	1
2	40261	56.52257856	1
2	40274	56.52261952	1
2	40310	56.5235376	1
2	40321	56.52357856	1
2	40334	56.52361952	1
2	40478	57.5235376	1
2	40487	57.52357856	1
2	40494	57.52361952	1
2	40514	57.5245376	1
2	40523	57.52457856	1
2	40530	57.52461952	1
2	40550	57.5255376	1
2	40561	57.52557856	1
2	40573	57.52561952	1
2	40610	57.5265376	1
2	40621	57.52657856	1
2	40634	57.52661952	1
2	40682	57.5275376	1
2	40693	57.52757856	1
2	40706	57.52761952	1
2	40754	57.5285376	1
2	40765	57.52857856	1
2	40778	57.52861952	1
2	40826	57.5295376	1
2	40837	57.52957856	1
2	40850	57.52961952	1
2	40898	57.5305376	1
2	40909	57.53057856	1
2	40922	57.53061952	1
2	40970	57.5315376	1
2	40981	57.53157856	1
2	40994	57.53161952	1
2	41030	57.5325376	1
2	41041	57.53257856	1
2	41054	57.53261952	1
2	41198	58.5325376	1
2	41207	58.53257856	1
2	41214	58.53261952	1
2	41234	58.5335376	1
2	41243	58.53357856	1
2	41250	58.53361952	1
2	41270	58.5345376	1
2	41281	58.53457856	1
2	41293	58.53461952	1
2	41330	58.5355376	1
2	41341	58.53557856	1
2	41354	58.53561952	1
2	41402	58.5365376	1
2	41413	58.53657856	1
2	41426	58.53661952	1
2	41474	58.5375376	1
2	41485	58.53757856	1
2	41498	58.53761952	1
2	41546	58.5385376	1
2	41557	58.53857856	1
2	41570	58.53861952	1
2	41618	58.5395376	1
2	41629	58.53957856	1
2	41642	58.53961952	1
2	41690	58.5405376	1
2	41701	58.54057856	1
2	41714	58.54061952	1
2	41750	58.5415376	1
2	41761	58.54157856	1
2	41774	58.54161952	1
2	41918	59.5415376	1
2	41927	59.54157856	1
2	41934	59.54161952	1
2	41954	59.5425376	1
2	41963	59.54257856	1
2	41970	59.54261952	1
2	41990	59.5435376	1
2	42001	59.54357856	1
2	42013	59.54361952	1
2	42050	59.5445376	1
2	42061	59.54457856	1
2	42074	59.54461952	1
2	42122	59.5455376	1
2	42133	59.54557856	1
2	42146	59.54561952	1
2	42194	59.5465376	1
2	42205	59.54657856	1
2	42218	59.54661952	1
2	42266	59.5475376	1
2	42277	59.54757856	1
2	42290	59.54761952	1
2	42338	59.5485376	1
2	42349	59.54857856	1
2	42362	59.54861952	1
2	42410	59.5495376	1
2	42421	59.54957856	1
2	42434	59.54961952	1
2	42470	59.5505376	1
2	42481	59.55057856	1
2	42494	59.55061952	1
2	42640	60.5505376	1
2	42648	60.55057856	1
2	42654	60.55061952	1
2	42673	60.5515376	1
2	42681	60.55157856	1
2	42687	60.55161952	1
2	42706	60.5525376	1
2	42715	60.55257856	1
2	42725	60.55261952	1
2	42757	60.5535376	1
2	42766	60.55357856	1
2	42777	60.55361952	1
2	42817	60.5545376	1
2	42826	60.55457856	1
2	42837	60.55461952	1
2	42877	60.5555376	1
2	42886	60.55557856	1
2	42897	60.55561952	1
2	42937	60.5565376	1
2	42946	60.55657856	1
2	42957	60.55661952	1
2	42997	60.5575376	1
2	43006	60.55757856	1
2	43017	60.55761952	1
2	43057	60.5585376	1
2	43066	60.55857856	1
2	43077	60.55861952	1
2	43105	60.5595376	1
2	43114	60.55957856	1
2	43125	60.55961952	1
2	43240	61.5595376	1
2	43248	61.55957856	1
2	43254	61.55961952	1
2	43273	61.5605376	1
2	43281	61.56057856	1
2	43287	61.56061952	1
2	43306	61.5615376	1
2	43315	61.56157856	1
2	43325	61.56161952	1
2	43357	61.5625376	1
2	43366	61.56257856	1
2	43377	61.56261952	1
2	43417	61.5635376	1
2	43426	61.56357856	1
2	43437	61.56361952	1
2	43477	61.5645376	1
2	43486	61.56457856	1
2	43497	61.56461952	1
2	43537	61.5655376	1
2	43546	61.56557856	1
2	43557	61.56561952	1
2	43597	61.5665376	1
2	43606	61.56657856	1
2	43617	61.56661952	1
2	43657	61.5675376	1
2	43666	61.56757856	1
2	43677	61.56761952	1
2	43705	61.5685376	1
2	43714	61.56857856	1
2	43725	61.56861952	1
2	43840	62.5685376	1
2	43848	62.56857856	1
2	43854	62.56861952	1
2	43873	62.5695376	1
2	43881	62.56957856	1
2	43887	62.56961952	1
2	43906	62.5705376	1
2	43915	62.57057856	1
2	43925	62.57061952	1
2	43957	62.5715376	1
2	43966	62.57157856	1
2	43977	62.57161952	1
2	44017	62.5725376	1
2	44026	62.57257856	1
2	44037	62.57261952	1
2	44077	62.5735376	1
2	44086	62.57357856	1
2	44097	62.57361952	1
2	44137	62.5745376	1
2	44146	62.57457856	1
2	44157	62.57461952	1
2	44197	62.5755376	1
2	44206	62.57557856	1
2	44217	62.57561952	1
2	44257	62.5765376	1
2	44266	62.57657856	1
2	44277	62.57661952	1
2	44305	62.5775376	1
2	44314	62.57757856	1
2	44325	62.57761952	1
2	44440	63.5775376	1
2	44448	63.57757856	1
2	44454	63.57761952	1
2	44473	63.5785376	1
2	44481	63.57857856	1
2	44487	63.57861952	1
2	44506	63.5795376	1
2	44515	63.57957856	1
2	44525	63.57961952	1
2	44557	63.5805376	1
2	44566	63.58057856	1
2	44577	63.58061952	1
2	44617	63.5815376	1
2	44626	63.58157856	1
2	44637	63.58161952	1
2	44677	63.5825376	1
2	44686	63.58257856	1
2	44697	63.58261952	1
2	44737	63.5835376	1
2	44746	63.58357856	1
2	44757	63.58361952	1
2	44797	63.5845376	1
2	44806	63.58457856	1
2	44817	63.58461952	1
2	44857	63.5855376	1
2	44866	63.58557856	1
2	44877	63.58561952	1
2	44905	63.5865376	1
2	44914	63.58657856	1
2	44925	63.58661952	1
2	45040	64.5865376	1
2	45048	64.58657856	1
2	45054	64.58661952	1
2	45073	64.5875376	1
2	45081	64.58757856	1
2	45087	64.58761952	1
2	45106	64.5885376	1
2	45115	64.58857856	1
2	45125	64.58861952	1
2	45157	64.5895376	1
2	45166	64.58957856	1
2	45177	64.58961952	1
2	45217	64.5905376	1
2	45226	64.59057856	1
2	45237	64.59061952	1
2	45277	64.5915376	1
2	45286	64.59157856	1
2	45297	64.59161952	1
2	45337	64.5925376	1
2	45346	64.59257856	1
2	45357	64.59261952	1
2	45397	64.5935376	1
2	45406	64.59357856	1
2	45417	64.59361952	1
2	45457	64.5945376	1
2	45466	64.59457856	1
2	45477	64.59461952	1
2	45505	64.5955376	1
2	45514	64.59557856	1
2	45525	64.59561952	1
2	45640	65.5955376	1
2	45648	65.59557856	1
2	45654	65.59561952	1
2	45673	65.5965376	1
2	45681	65.59657856	1
2	45687	65.59661952	1
2	45706	65.5975376	1
2	45715	65.59757856	1
2	45725	65.59761952	1
2	45757	65.5985376	1
2	45766	65.59857856	1
2	45777	65.59861952	1
2	45817	65.5995376	1
2	45826	65.59957856	1
2	45837	65.59961952	1
2	45877	65.6005376	1
2	45886	65.60057856	1
2	45897	65.60061952	1
2	45937	65.6015376	1
2	45946	65.60157856	1
2	45957	65.60161952	1
2	45997	65.6025376	1
2	46006	65.60257856	1
2	46017	65.60261952	1
2	46057	65.6035376	1
2	46066	65.60357856	1
2	46077	65.60361952	1
2	46105	65.6045376	1
2	46114	65.60457856	1
2	46125	65.60461952	1
2	46240	66.6045376	1
2	46248	66.60457856	1
2	46254	66.60461952	1
2	46273	66.6055376	1
2	46281	66.60557856	1
2	46287	66.60561952	1
2	46306	66.6065376	1
2	46315	66.60657856	1
2	46325	66.60661952	1
2	46357	66.6075376	1
2	46366	66.60757856	1
2	46377	66.60761952	1
2	46417	66.6085376	1
2	46426	66.60857856	1
2	46437	66.60861952	1
2	46477	66.6095376	1
2	46486	66.60957856	1
2	46497	66.60961952	1
2	46537	66.6105376	1
2	46546	66.61057856	1
2	46557	66.61061952	1
2	46597	66.6115376	1
2	46606	66.61157856	1
2	46617	66.61161952	1
2	46657	66.6125376	1
2	46666	66.61257856	1
2	46677	66.61261952	1
2	46705	66.6135376	1
2	46714	66.61357856	1
2	46725	66.61361952	1
2	46840	67.6135376	1
2	46848	67.61357856	1
2	46854	67.61361952	1
2	46873	67.6145376	1
2	46881	67.61457856	1
2	46887	67.61461952	1
2	46906	67.6155376	1
2	46915	67.61557856	1
2	46925	67.61561952	1
2	46957	67.6165376	1
2	46966	67.61657856	1
2	46977	67.61661952	1
2	47017	67.6175376	1
2	47026	67.61757856	1
2	47037	67.61761952	1
2	47077	67.6185376	1
2	47086	67.61857856	1
2	47097	67.61861952	1
2	47137	67.6195376	1
2	47146	67.61957856	1
2	47157	67.61961952	1
2	47197	67.6205376	1
2	47206	67.62057856	1
2	47217	67.62061952	1
2	47257	67.6215376	1
2	47266	67.62157856	1
2	47277	67.62161952	1
2	47305	67.6225376	1
2	47314	67.62257856	1
2	47325	67.62261952	1
2	47440	68.6225376	1
2	47448	68.62257856	1
2	47454	68.62261952	1
2	47473	68.6235376	1
2	47481	68.62357856	1
2	47487	68.62361952	1
2	47506	68.6245376	1
2	47515	68.62457856	1
2	47525	68.62461952	1
2	47557	68.6255376	1
2	47566	68.62557856	1
2	47577	68.62561952	1
2	47617	68.6265376	1
2	47626	68.62657856	1
2	47637	68.62661952	1
2	47677	68.6275376	1
2	47686	68.62757856	1
2	47697	68.62761952	1
2	47737	68.6285376	1
2	47746	68.62857856	1
2	47757	68.62861952	1
2	47797	68.6295376	1
2	47806	68.62957856	1
2	47817	68.62961952	1
2	47857	68.6305376	1
2	47866	68.63057856	1
2	47877	68.63061952	1
2	47905	68.6315376	1
2	47914	68.63157856	1
2	47925	68.63161952	1
2	48040	69.6315376	1
2	48048	69.63157856	1
2	48054	69.63161952	1
2	48073	69.6325376	1
2	48081	69.63257856	1
2	48087	69.63261952	1
2	48106	69.6335376	1
2	48115	69.63357856	1
2	48125	69.63361952	1
2	48157	69.6345376	1
2	48166	69.63457856	1
2	48177	69.63461952	1
2	48217	69.6355376	1
2	48226	69.63557856	1
2	48237	69.63561952	1
2	48277	69.6365376	1
2	48286	69.63657856	1
2	48297	69.63661952	1
2	48337	69.6375376	1
2	48346	69.63757856	1
2	48357	69.63761952	1
2	48397	69.6385376	1
2	48406	69.63857856	1
2	48417	69.63861952	1
2	48457	69.6395376	1
2	48466	69.63957856	1
2	48477	69.63961952	1
2	48505	69.6405376	1
2	48514	69.64057856	1
2	48525	69.64061952	1
2	48640	70.6405376	1
2	48648	70.64057856	1
2	48654	70.64061952	1
2	48673	70.6415376	1
2	48681	70.64157856	1
2	48687	70.64161952	1
2	48706	70.6425376	1
2	48715	70.64257856	1
2	48725	70.64261952	1
2	48757	70.6435376	1
2	48766	70.64357856	1
2	48777	70.64361952	1
2	48817	70.6445376	1
2	48826	70.64457856	1
2	48837	70.64461952	1
2	48877	70.6455376	1
2	48886	70.64557856	1
2	48897	70.64561952	1
2	48937	70.6465376	1
2	48946	70.64657856	1
2	48957	70.64661952	1
2	48997	70.6475376	1
2	49006	70.64757856	1
2	49017	70.64761952	1
2	49057	70.6485376	1
2	49066	70.64857856	1
2	49077	70.64861952	1
2	49105	70.6495376	1
2	49114	70.64957856	1
2	49125	70.64961952	1
2	49240	71.6495376	1
2	49248	71.64957856	1
2	49254	71.64961952	1
2	49273	71.6505376	1
2	49281	71.65057856	1
2	49287	71.65061952	1
2	49306	71.6515376	1
2	49315	71.65157856	1
2	49325	71.65161952	1
2	49357	71.6525376	1
2	49366	71.65257856	1
2	49377	71.65261952	1
2	49417	71.6535376	1
2	49426	71.65357856	1
2	49437	71.65361952	1
2	49477	71.6545376	1
2	49486	71.65457856	1
2	49497	71.65461952	1
2	49537	71.6555376	1
2	49546	71.65557856	1
2	49557	71.65561952	1
2	49597	71.6565376	1
2	49606	71.65657856	1
2	49617	71.65661952	1
2	49657	71.6575376	1
2	49666	71.65757856	1
2	49677	71.65761952	1
2	49705	71.6585376	1
2	49714	71.65857856	1
2	49725	71.65861952	1
2	49840	72.6585376	1
2	49848	72.65857856	1
2	49854	72.65861952	1
2	49873	72.6595376	1
2	49881	72.65957856	1
2	49887	72.65961952	1
2	49906	72.6605376	1
2	49915	72.66057856	1
2	49925	72.66061952	1
2	49957	72.6615376	1
2	49966	72.66157856	1
2	49977	72.66161952	1
2	50017	72.6625376	1
2	50026	72.66257856	1
2	50037	72.66261952	1
2	50077	72.6635376	1
2	50086	72.66357856	1
2	50097	72.66361952	1
2	50137	72.6645376	1
2	50146	72.66457856	1
2	50157	72.66461952	1
2	50197	72.6655376	1
2	50206	72.66557856	1
2	50217	72.66561952	1
2	50257	72.6665376	1
2	50266	72.66657856	1
2	50277	72.66661952	1
2	50305	72.6675376	1
2	50314	72.66757856	1
2	50325	72.66761952	1
2	50440	73.6675376	1
2	50448	73.66757856	1
2	50454	73.66761952	1
2	50473	73.6685376	1
2	50481	73.66857856	1
2	50487	73.66861952	1
2	50506	73.6695376	1
2	50515	73.66957856	1
2	50525	73.66961952	1
2	50557	73.6705376	1
2	50566	73.67057856	1
2	50577	73.67061952	1
2	50617	73.6715376	1
2	50626	73.67157856	1
2	50637	73.67161952	1
2	50677	73.6725376	1
2	50686	73.67257856	1
2	50697	73.67261952	1
2	50737	73.6735376	1
2	50746	73.67357856	1
2	50757	73.67361952	1
2	50797	73.6745376	1
2	50806	73.67457856	1
2	50817	73.67461952	1
2	50857	73.6755376	1
2	50866	73.67557856	1
2	50877	73.67561952	1
2	50905	73.6765376	1
2	50914	73.67657856	1
2	50925	73.67661952	1
2	51040	74.6765376	1
2	51048	74.67657856	1
2	51054	74.67661952	1
2	51073	74.6775376	1
2	51081	74.67757856	1
2	51087	74.67761952	1
2	51106	74.6785376	1
2	51115	74.67857856	1
2	51125	74.67861952	1
2	51157	74.6795376	1
2	51166	74.67957856	1
2	51177	74.67961952	1
2	51217	74.6805376	1
2	51226	74.68057856	1
2	51237	74.68061952	1
2	51277	74.6815376	1
2	51286	74.68157856	1
2	51297	74.68161952	1
2	51337	74.6825376	1
2	51346	74.68257856	1
2	51357	74.68261952	1
2	51397	74.6835376	1
2	51406	74.68357856	1
2	51417	74.68361952	1
2	51457	74.6845376	1
2	51466	74.68457856	1
2	51477	74.68461952	1
2	51505	74.6855376	1
2	51514	74.68557856	1
2	51525	74.68561952	1
2	51640	75.6855376	1
2	51648	75.68557856	1
2	51654	75.68561952	1
2	51673	75.6865376	1
2	51681	75.68657856	1
2	51687	75.68661952	1
2	51706	75.6875376	1
2	51715	75.68757856	1
2	51725	75.68761952	1
2	51757	75.6885376	1
2	51766	75.68857856	1
2	51777	75.68861952	1
2	51817	75.6895376	1
2	51826	75.68957856	1
2	51837	75.68961952	1
2	51877	75.6905376	1
2	51886	75.69057856	1
2	51897	75.69061952	1
2	51937	75.6915376	1
2	51946	75.69157856	1
2	51957	75.69161952	1
2	51997	75.6925376	1
2	52006	75.69257856	1
2	52017	75.69261952	1
2	52057	75.6935376	1
2	52066	75.69357856	1
2	52077	75.69361952	1
2	52105	75.6945376	1
2	52114	75.69457856	1
2	52125	75.69461952	1
2	52240	76.6945376	1
2	52248	76.69457856	1
2	52254	76.69461952	1
2	52273	76.6955376	1
2	52281	76.69557856	1
2	52287	76.69561952	1
2	52306	76.6965376	1
2	52315	76.69657856	1
2	52325	76.69661952	1
2	52357	76.6975376	1
2	52366	76.69757856	1
2	52377	76.69761952	1
2	52417	76.6985376	1
2	52426	76.69857856	1
2	52437	76.69861952	1
2	52477	76.6995376	1
2	52486	76.69957856	1
2	52497	76.69961952	1
2	52537	76.7005376	1
2	52546	76.70057856	1
2	52557	76.70061952	1
2	52597	76.7015376	1
2	52606	76.70157856	1
2	52617	76.70161952	1
2	52657	76.7025376	1
2	52666	76.70257856	1
2	52677	76.70261952	1
2	52705	76.7035376	1
2	52714	76.70357856	1
2	52725	76.70361952	1
2	52840	77.7035376	1
2	52848	77.70357856	1
2	52854	77.70361952	1
2	52873	77.7045376	1
2	52881	77.70457856	1
2	52887	77.70461952	1
2	52906	77.7055376	1
2	52915	77.70557856	1
2	52925	77.70561952	1
2	52957	77.7065376	1
2	52966	77.70657856	1
2	52977	77.70661952	1
2	53017	77.7075376	1
2	53026	77.70757856	1
2	53037	77.70761952	1
2	53077	77.7085376	1
2	53086	77.70857856	1
2	53097	77.70861952	1
2	53137	77.7095376	1
2	53146	77.70957856	1
2	53157	77.70961952	1
2	53197	77.7105376	1
2	53206	77.71057856	1
2	53217	77.71061952	1
2	53257	77.7115376	1
2	53266	77.71157856	1
2	53277	77.71161952	1
2	53305	77.7125376	1
2	53314	77.71257856	1
2	53325	77.71261952	1
2	53440	78.7125376	1
2	53448	78.71257856	1
2	53454	78.71261952	1
2	53473	78.7135376	1
2	53481	78.71357856	1
2	53487	78.71361952	1
2	53506	78.7145376	1
2	53515	78.71457856	1
2	53525	78.71461952	1
2	53557	78.7155376	1
2	53566	78.71557856	1
2	53577	78.71561952	1
2	53617	78.7165376	1
2	53626	78.71657856	1
2	53637	78.71661952	1
2	53677	78.7175376	1
2	53686	78.71757856	1
2	53697	78.71761952	1
2	53737	78.7185376	1
2	53746	78.71857856	1
2	53757	78.71861952	1
2	53797	78.7195376	1
2	53806	78.71957856	1
2	53817	78.71961952	1
2	53857	78.7205376	1
2	53866	78.72057856	1
2	53877	78.72061952	1
2	53905	78.7215376	1
2	53914	78.72157856	1
2	53925	78.72161952	1
2	54040	79.7215376	1
2	54048	79.72157856	1
2	54054	79.72161952	1
2	54073	79.7225376	1
2	54081	79.72257856	1
2	54087	79.72261952	1
2	54106	79.7235376	1
2	54115	79.72357856	1
2	54125	79.72361952	1
2	54157	79.7245376	1
2	54166	79.72457856	1
2	54177	79.72461952	1
2	54217	79.7255376	1
2	54226	79.72557856	1
2	54237	79.72561952	1
2	54277	79.7265376	1
2	54286	79.72657856	1
2	54297	79.72661952	1
2	54337	79.7275376	1
2	54346	79.72757856	1
2	54357	79.72761952	1
2	54397	79.7285376	1
2	54406	79.72857856	1
2	54417	79.72861952	1
2	54457	79.7295376	1
2	54466	79.72957856	1
2	54477	79.72961952	1
2	54505	79.7305376	1
2	54514	79.73057856	1
2	54525	79.73061952	1
2	54640	80.7305376	1
2	54648	80.73057856	1
2	54654	80.73061952	1
2	54673	80.7315376	1
2	54681	80.73157856	1
2	54687	80.73161952	1
2	54706	80.7325376	1
2	54715	80.73257856	1
2	54725	80.73261952	1
2	54757	80.7335376	1
2	54766	80.73357856	1
2	54777	80.73361952	1
2	54817	80.7345376	1
2	54826	80.73457856	1
2	54837	80.73461952	1
2	54877	80.7355376	1
2	54886	80.73557856	1
2	54897	80.73561952	1
2	54937	80.7365376	1
2	54946	80.73657856	1
2	54957	80.73661952	1
2	54997	80.7375376	1
2	55006	80.73757856	1
2	55017	80.73761952	1
2	55057	80.7385376	1
2	55066	80.73857856	1
2	55077	80.73861952	1
2	55105	80.7395376	1
2	55114	80.73957856	1
2	55125	80.73961952	1
2	55240	81.7395376	1
2	55248	81.73957856	1
2	55254	81.73961952	1
2	55273	81.7405376	1
2	55281	81.74057856	1
2	55287	81.74061952	1
2	55306	81.7415376	1
2	55315	81.74157856	1
2	55325	81.74161952	1
2	55357	81.7425376	1
2	55366	81.74257856	1
2	55377	81.74261952	1
2	55417	81.7435376	1
2	55426	81.74357856	1
2	55437	81.74361952	1
2	55477	81.7445376	1
2	55486	81.74457856	1
2	55497	81.74461952	1
2	55537	81.7455376	1
2	55546	81.74557856	1
2	55557	81.74561952	1
2	55597	81.7465376	1
2	55606	81.74657856	1
2	55617	81.74661952	1
2	55657	81.7475376	1
2	55666	81.74757856	1
2	55677	81.74761952	1
2	55705	81.7485376	1
2	55714	81.74857856	1
2	55725	81.74861952	1
2	55840	82.7485376	1
2	55848	82.74857856	1
2	55854	82.74861952	1
2	55873	82.7495376	1
2	55881	82.74957856	1
2	55887	82.74961952	1
2	55906	82.7505376	1
2	55915	82.75057856	1
2	55925	82.75061952	1
2	55957	82.7515376	1
2	55966	82.75157856	1
2	55977	82.75161952	1
2	56017	82.7525376	1
2	56026	82.75257856	1
2	56037	82.75261952	1
2	56077	82.7535376	1
2	56086	82.75357856	1
2	56097	82.75361952	1
2	56137	82.7545376	1
2	56146	82.75457856	1
2	56157	82.75461952	1
2	56197	82.7555376	1
2	56206	82.75557856	1
2	56217	82.75561952	1
2	56257	82.7565376	1
2	56266	82.75657856	1
2	56277	82.75661952	1
2	56305	82.7575376	1
2	56314	82.75757856	1
2	56325	82.75761952	1
2	56440	83.7575376	1
2	56448	83.75757856	1
2	56454	83.75761952	1
2	56473	83.7585376	1
2	56481	83.75857856	1
2	56487	83.75861952	1
2	56506	83.7595376	1
2	56515	83.75957856	1
2	56525	83.75961952	1
2	56557	83.7605376	1
2	56566	83.76057856	1
2	56577	83.76061952	1
2	56617	83.7615376	1
2	56626	83.76157856	1
2	56637	83.76161952	1
2	56677	83.7625376	1
2	56686	83.76257856	1
2	56697	83.76261952	1
2	56737	83.7635376	1
2	56746	83.76357856	1
2	56757	83.76361952	1
2	56797	83.7645376	1
2	56806	83.76457856	1
2	56817	83.76461952	1
2	56857	83.7655376	1
2	56866	83.76557856	1
2	56877	83.76561952	1
2	56905	83.7665376	1
2	56914	83.76657856	1
2	56925	83.76661952	1
2	57040	84.7665376	1
2	57048	84.76657856	1
2	57054	84.76661952	1
2	57073	84.7675376	1
2	57081	84.76757856	1
2	57087	84.76761952	1
2	57106	84.7685376	1
2	57115	84.76857856	1
2	57125	84.76861952	1
2	57157	84.7695376	1
2	57166	84.76957856	1
2	57177	84.76961952	1
2	57217	84.7705376	1
2	57226	84.77057856	1
2	57237	84.77061952	1
2	57277	84.7715376	1
2	57286	84.77157856	1
2	57297	84.77161952	1
2	57337	84.7725376	1
2	57346	84.77257856	1
2	57357	84.77261952	1
2	57397	84.7735376	1
2	57406	84.77357856	1
2	57417	84.77361952	1
2	57457	84.7745376	1
2	57466	84.77457856	1
2	57477	84.77461952	1
2	57505	84.7755376	1
2	57514	84.77557856	1
2	57525	84.77561952	1
2	57640	85.7755376	1
2	57648	85.77557856	1
2	57654	85.77561952	1
2	57673	85.7765376	1
2	57681	85.77657856	1
2	57687	85.77661952	1
2	57706	85.7775376	1
2	57715	85.77757856	1
2	57725	85.77761952	1
2	57757	85.7785376	1
2	57766	85.77857856	1
2	57777	85.77861952	1
2	57817	85.7795376	1
2	57826	85.77957856	1
2	57837	85.77961952	1
2	57877	85.7805376	1
2	57886	85.78057856	1
2	57897	85.78061952	1
2	57937	85.7815376	1
2	57946	85.78157856	1
2	57957	85.78161952	1
2	57997	85.7825376	1
2	58006	85.78257856	1
2	58017	85.78261952	1
2	58057	85.7835376	1
2	58066	85.78357856	1
2	58077	85.78361952	1
2	58105	85.7845376	1
2	58114	85.78457856	1
2	58125	85.78461952	1
2	58240	86.7845376	1
2	58248	86.78457856	1
2	58254	86.78461952	1
2	58273	86.7855376	1
2	58281	86.78557856	1
2	58287	86.78561952	1
2	58306	86.7865376	1
2	58315	86.78657856	1
2	58325	86.78661952	1
2	58357	86.7875376	1
2	58366	86.78757856	1
2	58377	86.78761952	1
2	58417	86.7885376	1
2	58426	86.78857856	1
2	58437	86.78861952	1
2	58477	86.7895376	1
2	58486	86.78957856	1
2	58497	86.78961952	1
2	58537	86.7905376	1
2	58546	86.79057856	1
2	58557	86.79061952	1
2	58597	86.7915376	1
2	58606	86.79157856	1
2	58617	86.79161952	1
2	58657	86.7925376	1
2	58666	86.79257856	1
2	58677	86.79261952	1
2	58705	86.7935376	1
2	58714	86.79357856	1
2	58725	86.79361952	1
2	58840	87.7935376	1
2	58848	87.79357856	1
2	58854	87.79361952	1
2	58873	87.7945376	1
2	58881	87.79457856	1
2	58887	87.79461952	1
2	58906	87.7955376	1
2	58915	87.79557856	1
2	58925	87.79561952	1
2	58957	87.7965376	1
2	58966	87.79657856	1
2	58977	87.79661952	1
2	59017	87.7975376	1
2	59026	87.79757856	1
2	59037	87.79761952	1
2	59077	87.7985376	1
2	59086	87.79857856	1
2	59097	87.79861952	1
2	59137	87.7995376	1
2	59146	87.79957856	1
2	59157	87.79961952	1
2	59197	87.8005376	1
2	59206	87.80057856	1
2	59217	87.80061952	1
2	59257	87.8015376	1
2	59266	87.80157856	1
2	59277	87.80161952	1
2	59305	87.8025376	1
2	59314	87.80257856	1
2	59325	87.80261952	1
2	59440	88.8025376	1
2	59448	88.80257856	1
2	59454	88.80261952	1
2	59473	88.8035376	1
2	59481	88.80357856	1
2	59487	88.80361952	1
2	59506	88.8045376	1
2	59515	88.80457856	1
2	59525	88.80461952	1
2	59557	88.8055376	1
2	59566	88.80557856	1
2	59577	88.80561952	1
2	59617	88.8065376	1
2	59626	88.80657856	1
2	59637	88.80661952	1
2	59677	88.8075376	1
2	59686	88.80757856	1
2	59697	88.80761952	1
2	59737	88.8085376	1
2	59746	88.80857856	1
2	59757	88.80861952	1
2	59797	88.8095376	1
2	59806	88.80957856	1
2	59817	88.80961952	1
2	59857	88.8105376	1
2	59866	88.81057856	1
2	59877	88.81061952	1
2	59905	88.8115376	1
2	59914	88.81157856	1
2	59925	88.81161952	1
2	60040	89.8115376	1
2	60048	89.81157856	1
2	60054	89.81161952	1
2	60073	89.8125376	1
2	60081	89.81257856	1
2	60087	89.81261952	1
2	60106	89.8135376	1
2	60115	89.81357856	1
2	60125	89.81361952	1
2	60157	89.8145376	1
2	60166	89.81457856	1
2	60177	89.81461952	1
2	60217	89.8155376	1
2	60226	89.81557856	1
2	60237	89.81561952	1
2	60277	89.8165376	1
2	60286	89.81657856	1
2	60297	89.81661952	1
2	60337	89.8175376	1
2	60346	89.81757856	1
2	60357	89.81761952	1
2	60397	89.8185376	1
2	60406	89.81857856	1
2	60417	89.81861952	1
2	60457	89.8195376	1
2	60466	89.81957856	1
2	60477	89.81961952	1
2	60505	89.8205376	1
2	60514	89.82057856	1
2	60525	89.82061952	1
2	60640	90.8205376	1
2	60648	90.82057856	1
2	60654	90.82061952	1
2	60673	90.8215376	1
2	60681	90.82157856	1
2	60687	90.82161952	1
2	60706	90.8225376	1
2	60715	90.82257856	1
2	60725	90.82261952	1
2	60757	90.8235376	1
2	60766	90.82357856	1
2	60777	90.82361952	1
2	60817	90.8245376	1
2	60826	90.82457856	1
2	60837	90.82461952	1
2	60877	90.8255376	1
2	60886	90.82557856	1
2	60897	90.82561952	1
2	60937	90.8265376	1
2	60946	90.82657856	1
2	60957	90.82661952	1
2	60997	90.8275376	1
2	61006	90.82757856	1
2	61017	90.82761952	1
2	61057	90.8285376	1
2	61066	90.82857856	1
2	61077	90.82861952	1
2	61105	90.8295376	1
2	61114	90.82957856	1
2	61125	90.82961952	1
2	61240	91.8295376	1
2	61248	91.82957856	1
2	61254	91.82961952	1
2	61273	91.8305376	1
2	61281	91.83057856	1
2	61287	91.83061952	1
2	61306	91.8315376	1
2	61315	91.83157856	1
2	61325	91.83161952	1
2	61357	91.8325376	1
2	61366	91.83257856	1
2	61377	91.83261952	1
2	61417	91.8335376	1
2	61426	91.83357856	1
2	61437	91.83361952	1
2	61477	91.8345376	1
2	61486	91.83457856	1
2	61497	91.83461952	1
2	61537	91.8355376	1
2	61546	91.83557856	1
2	61557	91.83561952	1
2	61597	91.8365376	1
2	61606	91.83657856	1
2	61617	91.83661952	1
2	61657	91.8375376	1
2	61666	91.83757856	1
2	61677	91.83761952	1
2	61705	91.8385376	1
2	61714	91.83857856	1
2	61725	91.83861952	1
2	61840	92.8385376	1
2	61848	92.83857856	1
2	61854	92.83861952	1
2	61873	92.8395376	1
2	61881	92.83957856	1
2	61887	92.83961952	1
2	61906	92.8405376	1
2	61915	92.84057856	1
2	61925	92.84061952	1
2	61957	92.8415376	1
2	61966	92.84157856	1
2	61977	92.84161952	1
2	62017	92.8425376	1
2	62026	92.84257856	1
2	62037	92.84261952	1
2	62077	92.8435376	1
2	62086	92.84357856	1
2	62097	92.84361952	1
2	62137	92.8445376	1
2	62146	92.84457856	1
2	62157	92.84461952	1
2	62197	92.8455376	1
2	62206	92.84557856	1
2	62217	92.84561952	1
2	62257	92.8465376	1
2	62266	92.84657856	1
2	62277	92.84661952	1
2	62305	92.8475376	1
2	62314	92.84757856	1
2	62325	92.84761952	1
2	62440	93.8475376	1
2	62448	93.84757856	1
2	62454	93.84761952	1
2	62473	93.8485376	1
2	62481	93.84857856	1
2	62487	93.84861952	1
2	62506	93.8495376	1
2	62515	93.84957856	1
2	62525	93.84961952	1
2	62557	93.8505376	1
2	62566	93.85057856	1
2	62577	93.85061952	1
2	62617	93.8515376	1
2	62626	93.85157856	1
2	62637	93.85161952	1
2	62677	93.8525376	1
2	62686	93.85257856	1
2	62697	93.85261952	1
2	62737	93.8535376	1
2	62746	93.85357856	1
2	62757	93.85361952	1
2	62797	93.8545376	1
2	62806	93.85457856	1
2	62817	93.85461952	1
2	62857	93.8555376	1
2	62866	93.85557856	1
2	62877	93.85561952	1
2	62905	93.8565376	1
2	62914	93.85657856	1
2	62925	93.85661952	1
2	63040	94.8565376	1
2	63048	94.85657856	1
2	63054	94.85661952	1
2	63073	94.8575376	1
2	63081	94.85757856	1
2	63087	94.85761952	1
2	63106	94.8585376	1
2	63115	94.85857856	1
2	63125	94.85861952	1
2	63157	94.8595376	1
2	63166	94.85957856	1
2	63177	94.85961952	1
2	63217	94.8605376	1
2	63226	94.86057856	1
2	63237	94.86061952	1
2	63277	94.8615376	1
2	63286	94.86157856	1
2	63297	94.86161952	1
2	63337	94.8625376	1
2	63346	94.86257856	1
2	63357	94.86261952	1
2	63397	94.8635376	1
2	63406	94.86357856	1
2	63417	94.86361952	1
2	63457	94.8645376	1
2	63466	94.86457856	1
2	63477	94.86461952	1
2	63505	94.8655376	1
2	63514	94.86557856	1
2	63525	94.86561952	1
2	63640	95.8655376	1
2	63648	95.86557856	1
2	63654	95.86561952	1
2	63673	95.8665376	1
2	63681	95.86657856	1
2	63687	95.86661952	1
2	63706	95.8675376	1
2	63715	95.86757856	1
2	63725	95.86761952	1
2	63757	95.8685376	1
2	63766	95.86857856	1
2	63777	95.86861952	1
2	63817	95.8695376	1
2	63826	95.86957856	1
2	63837	95.86961952	1
2	63877	95.8705376	1
2	63886	95.87057856	1
2	63897	95.87061952	1
2	63937	95.8715376	1
2	63946	95.87157856	1
2	63957	95.87161952	1
2	63997	95.8725376	1
2	64006	95.87257856	1
2	64017	95.87261952	1
2	64057	95.8735376	1
2	64066	95.87357856	1
2	64077	95.87361952	1
2	64105	95.8745376	1
2	64114	95.87457856	1
2	64125	95.87461952	1
2	64240	96.8745376	1
2	64248	96.87457856	1
2	64254	96.87461952	1
2	64273	96.8755376	1
2	64281	96.87557856	1
2	64287	96.87561952	1
2	64306	96.8765376	1
2	64315	96.87657856	1
2	64325	96.87661952	1
2	64357	96.8775376	1
2	64366	96.87757856	1
2	64377	96.87761952	1
2	64417	96.8785376	1
2	64426	96.87857856	1
2	64437	96.87861952	1
2	64477	96.8795376	1
2	64486	96.87957856	1
2	64497	96.87961952	1
2	64537	96.8805376	1
2	64546	96.88057856	1
2	64557	96.88061952	1
2	64597	96.8815376	1
2	64606	96.88157856	1
2	64617	96.88161952	1
2	64657	96.8825376	1
2	64666	96.88257856	1
2	64677	96.88261952	1
2	64705	96.8835376	1
2	64714	96.88357856	1
2	64725	96.88361952	1
2	64840	97.8835376	1
2	64848	97.88357856	1
2	64854	97.88361952	1
2	64873	97.8845376	1
2	64881	97.88457856	1
2	64887	97.88461952	1
2	64906	97.8855376	1
2	64915	97.88557856	1
2	64925	97.88561952	1
2	64957	97.8865376	1
2	64966	97.88657856	1
2	64977	97.88661952	1
2	65017	97.8875376	1
2	65026	97.88757856	1
2	65037	97.88761952	1
2	65077	97.8885376	1
2	65086	97.88857856	1
2	65097	97.88861952	1
2	65137	97.8895376	1
2	65146	97.88957856	1
2	65157	97.88961952	1
2	65197	97.8905376	1
2	65206	97.89057856	1
2	65217	97.89061952	1
2	65257	97.8915376	1
2	65266	97.89157856	1
2	65277	97.89161952	1
2	65305	97.8925376	1
2	65314	97.89257856	1
2	65325	97.89261952	1
2	65440	98.8925376	1
2	65448	98.89257856	1
2	65454	98.89261952	1
2	65473	98.8935376	1
2	65481	98.89357856	1
2	65487	98.89361952	1
2	65506	98.8945376	1
2	65515	98.89457856	1
2	65525	98.89461952	1
2	65557	98.8955376	1
2	65566	98.89557856	1
2	65577	98.89561952	1
2	65617	98.8965376	1
2	65626	98.89657856	1
2	65637	98.89661952	1
2	65677	98.8975376	1
2	65686	98.89757856	1
2	65697	98.89761952	1
2	65737	98.8985376	1
2	65746	98.89857856	1
2	65757	98.89861952	1
2	65797	98.8995376	1
2	65806	98.89957856	1
2	65817	98.89961952	1
2	65857	98.9005376	1
2	65866	98.90057856	1
2	65877	98.90061952	1
2	65905	98.9015376	1
2	65914	98.90157856	1
2	65925	98.90161952	1
2	66040	99.9015376	1
2	66048	99.90157856	1
2	66054	99.90161952	1
2	66073	99.9025376	1
2	66081	99.90257856	1
2	66087	99.90261952	1
2	66106	99.9035376	1
2	66115	99.90357856	1
2	66125	99.90361952	1
2	66157	99.9045376	1
2	66166	99.90457856	1
2	66177	99.90461952	1
2	66217	99.9055376	1
2	66226	99.90557856	1
2	66237	99.90561952	1
2	66277	99.9065376	1
2	66286	99.90657856	1
2	66297	99.90661952	1
2	66337	99.9075376	1
2	66346	99.90757856	1
2	66357	99.90761952	1
2	66397	99.9085376	1
2	66406	99.90857856	1
2	66417	99.90861952	1
2	66457	99.9095376	1
2	66466	99.90957856	1
2	66477	99.90961952	1
2	66505	99.9105376	1
2	66514	99.91057856	1
2	66525	99.91061952	1
2	66640	100.9105376	1
2	66648	100.91057856	1
2	66654	100.91061952	1
2	66673	100.9115376	1
2	66681	100.91157856	1
2	66687	100.91161952	1
2	66706	100.9125376	1
2	66715	100.91257856	1
2	66725	100.91261952	1
2	66757	100.9135376	1
2	66766	100.91357856	1
2	66777	100.91361952	1
2	66817	100.9145376	1
2	66826	100.91457856	1
2	66837	100.91461952	1
2	66877	100.9155376	1
2	66886	100.91557856	1
2	66897	100.91561952	1
2	66937	100.9165376	1
2	66946	100.91657856	1
2	66957	100.91661952	1
2	66997	100.9175376	1
2	67006	100.91757856	1
2	67017	100.91761952	1
2	67057	100.9185376	1
2	67066	100.91857856	1
2	67077	100.91861952	1
2	67105	100.9195376	1
2	67114	100.91957856	1
2	67125	100.91961952	1
2	67240	101.9195376	1
2	67248	101.91957856	1
2	67254	101.91961952	1
2	67273	101.9205376	1
2	67281	101.92057856	1
2	67287	101.92061952	1
2	67306	101.9215376	1
2	67315	101.92157856	1
2	67325	101.92161952	1
2	67357	101.9225376	1
2	67366	101.92257856	1
2	67377	101.92261952	1
2	67417	101.9235376	1
2	67426	101.92357856	1
2	67437	101.92361952	1
2	67477	101.9245376	1
2	67486	101.92457856	1
2	67497	101.92461952	1
2	67537	101.9255376	1
2	67546	101.92557856	1
2	67557	101.92561952	1
2	67597	101.9265376	1
2	67606	101.92657856	1
2	67617	101.92661952	1
2	67657	101.9275376	1
2	67666	101.92757856	1
2	67677	101.92761952	1
2	67705	101.9285376	1
2	67714	101.92857856	1
2	67725	101.92861952	1
2	67840	102.9285376	1
2	67848	102.92857856	1
2	67854	102.92861952	1
2	67873	102.9295376	1
2	67881	102.92957856	1
2	67887	102.92961952	1
2	67906	102.9305376	1
2	67915	102.93057856	1
2	67925	102.93061952	1
2	67957	102.9315376	1
2	67966	102.93157856	1
2	67977	102.93161952	1
2	68017	102.9325376	1
2	68026	102.93257856	1
2	68037	102.93261952	1
2	68077	102.9335376	1
2	68086	102.93357856	1
2	68097	102.93361952	1
2	68137	102.9345376	1
2	68146	102.93457856	1
2	68157	102.93461952	1
2	68197	102.9355376	1
2	68206	102.93557856	1
2	68217	102.93561952	1
2	68257	102.9365376	1
2	68266	102.93657856	1
2	68277	102.93661952	1
2	68305	102.9375376	1
2	68314	102.93757856	1
2	68325	102.93761952	1
2	68440	103.9375376	1
2	68448	103.93757856	1
2	68454	103.93761952	1
2	68473	103.9385376	1
2	68481	103.93857856	1
2	68487	103.93861952	1
2	68506	103.9395376	1
2	68515	103.93957856	1
2	68525	103.93961952	1
2	68557	103.9405376	1
2	68566	103.94057856	1
2	68577	103.94061952	1
2	68617	103.9415376	1
2	68626	103.94157856	1
2	68637	103.94161952	1
2	68677	103.9425376	1
2	68686	103.94257856	1
2	68697	103.94261952	1
2	68737	103.9435376	1
2	68746	103.94357856	1
2	68757	103.94361952	1
2	68797	103.9445376	1
2	68806	103.94457856	1
2	68817	103.94461952	1
2	68857	103.9455376	1
2	68866	103.94557856	1
2	68877	103.94561952	1
2	68905	103.9465376	1
2	68914	103.94657856	1
2	68925	103.94661952	1
2	69040	104.9465376	1
2	69048	104.94657856	1
2	69054	104.94661952	1
2	69073	104.9475376	1
2	69081	104.94757856	1
2	69087	104.94761952	1
2	69106	104.9485376	1
2	69115	104.94857856	1
2	69125	104.94861952	1
2	69157	104.9495376	1
2	69166	104.94957856	1
2	69177	104.94961952	1
2	69217	104.9505376	1
2	69226	104.95057856	1
2	69237	104.95061952	1
2	69277	104.9515376	1
2	69286	104.95157856	1
2	69297	104.95161952	1
2	69337	104.9525376	1
2	69346	104.95257856	1
2	69357	104.95261952	1
2	69397	104.9535376	1
2	69406	104.95357856	1
2	69417	104.95361952	1
2	69457	104.9545376	1
2	69466	104.95457856	1
2	69477	104.95461952	1
2	69505	104.9555376	1
2	69514	104.95557856	1
2	69525	104.95561952	1
2	69640	105.9555376	1
2	69648	105.95557856	1
2	69654	105.95561952	1
2	69673	105.9565376	1
2	69681	105.95657856	1
2	69687	105.95661952	1
2	69706	105.9575376	1
2	69715	105.95757856	1
2	69725	105.95761952	1
2	69757	105.9585376	1
2	69766	105.95857856	1
2	69777	105.95861952	1
2	69817	105.9595376	1
2	69826	105.95957856	1
2	69837	105.95961952	1
2	69877	105.9605376	1
2	69886	105.96057856	1
2	69897	105.96061952	1
2	69937	105.9615376	1
2	69946	105.96157856	1
2	69957	105.96161952	1
2	69997	105.9625376	1
2	70006	105.96257856	1
2	70017	105.96261952	1
2	70057	105.9635376	1
2	70066	105.96357856	1
2	70077	105.96361952	1
2	70105	105.9645376	1
2	70114	105.96457856	1
2	70125	105.96461952	1
2	70240	106.9645376	1
2	70248	106.96457856	1
2	70254	106.96461952	1
2	70273	106.9655376	1
2	70281	106.96557856	1
2	70287	106.96561952	1
2	70306	106.9665376	1
2	70315	106.96657856	1
2	70325	106.96661952	1
2	70357	106.9675376	1
2	70366	106.96757856	1
2	70377	106.96761952	1
2	70417	106.9685376	1
2	70426	106.96857856	1
2	70437	106.96861952	1
2	70477	106.9695376	1
2	70486	106.96957856	1
2	70497	106.96961952	1
2	70537	106.9705376	1
2	70546	106.97057856	1
2	70557	106.97061952	1
2	70597	106.9715376	1
2	70606	106.97157856	1
2	70617	106.97161952	1
2	70657	106.9725376	1
2	70666	106.97257856	1
2	70677	106.97261952	1
2	70705	106.9735376	1
2	70714	106.97357856	1
2	70725	106.97361952	1
2	70840	107.9735376	1
2	70848	107.97357856	1
2	70854	107.97361952	1
2	70873	107.9745376	1
2	70881	107.97457856	1
2	70887	107.97461952	1
2	70906	107.9755376	1
2	70915	107.97557856	1
2	70925	107.97561952	1
2	70957	107.9765376	1
2	70966	107.97657856	1
2	70977	107.97661952	1
2	71017	107.9775376	1
2	71026	107.97757856	1
2	71037	107.97761952	1
2	71077	107.9785376	1
2	71086	107.97857856	1
2	71097	107.97861952	1
2	71137	107.9795376	1
2	71146	107.97957856	1
2	71157	107.97961952	1
2	71197	107.9805376	1
2	71206	107.98057856	1
2	71217	107.98061952	1
2	71257	107.9815376	1
2	71266	107.98157856	1
2	71277	107.98161952	1
2	71305	107.9825376	1
2	71314	107.98257856	1
2	71325	107.98261952	1
2	71440	108.9825376	1
2	71448	108.98257856	1
2	71454	108.98261952	1
2	71473	108.9835376	1
2	71481	108.98357856	1
2	71487	108.98361952	1
2	71506	108.9845376	1
2	71515	108.98457856	1
2	71525	108.98461952	1
2	71557	108.9855376	1
2	71566	108.98557856	1
2	71577	108.98561952	1
2	71617	108.9865376	1
2	71626	108.98657856	1
2	71637	108.98661952	1
2	71677	108.9875376	1
2	71686	108.98757856	1
2	71697	108.98761952	1
2	71737	108.9885376	1
2	71746	108.98857856	1
2	71757	108.98861952	1
2	71797	108.9895376	1
2	71806	108.98957856	1
2	71817	108.98961952	1
2	71857	108.9905376	1
2	71866	108.99057856	1
2	71877	108.99061952	1
2	71905	108.9915376	1
2	71914	108.99157856	1
2	71925	108.99161952	1
2	72040	109.9915376	1
2	72048	109.99157856	1
2	72054	109.99161952	1
2	72073	109.9925376	1
2	72081	109.99257856	1
2	72087	109.99261952	1
2	72106	109.9935376	1
2	72115	109.99357856	1
2	72125	109.99361952	1
2	72157	109.9945376	1
2	72166	109.99457856	1
2	72177	109.99461952	1
2	72217	109.9955376	1
2	72226	109.99557856	1
2	72237	109.99561952	1
2	72277	109.9965376	1
2	72286	109.99657856	1
2	72297	109.99661952	1
2	72337	109.9975376	1
2	72346	109.99757856	1
2	72357	109.99761952	1
2	72397	109.9985376	1
2	72406	109.99857856	1
2	72417	109.99861952	1
2	72457	109.9995376	1
2	72466	109.99957856	1
2	72477	109.99961952	1
2	72505	110.0005376	1
2	72514	110.00057856	1
2	72525	110.00061952	1
2	72640	111.0005376	1
2	72648	111.00057856	1
2	72654	111.00061952	1
2	72673	111.0015376	1
2	72681	111.00157856	1
2	72687	111.00161952	1
2	72706	111.0025376	1
2	72715	111.00257856	1
2	72725	111.00261952	1
2	72757	111.0035376	1
2	72766	111.00357856	1
2	72777	111.00361952	1
2	72817	111.0045376	1
2	72826	111.00457856	1
2	72837	111.00461952	1
2	72877	111.0055376	1
2	72886	111.00557856	1
2	72897	111.00561952	1
2	72937	111.0065376	1
2	72946	111.00657856	1
2	72957	111.00661952	1
2	72997	111.0075376	1
2	73006	111.00757856	1
2	73017	111.00761952	1
2	73057	111.0085376	1
2	73066	111.00857856	1
2	73077	111.00861952	1
2	73105	111.0095376	1
2	73114	111.00957856	1
2	73125	111.00961952	1
2	73240	112.0095376	1
2	73248	112.00957856	1
2	73254	112.00961952	1
2	73273	112.0105376	1
2	73281	112.01057856	1
2	73287	112.01061952	1
2	73306	112.0115376	1
2	73315	112.01157856	1
2	73325	112.01161952	1
2	73357	112.0125376	1
2	73366	112.01257856	1
2	73377	112.01261952	1
2	73417	112.0135376	1
2	73426	112.01357856	1
2	73437	112.01361952	1
2	73477	112.0145376	1
2	73486	112.01457856	1
2	73497	112.01461952	1
2	73537	112.0155376	1
2	73546	112.01557856	1
2	73557	112.01561952	1
2	73597	112.0165376	1
2	73606	112.01657856	1
2	73617	112.01661952	1
2	73657	112.0175376	1
2	73666	112.01757856	1
2	73677	112.01761952	1
2	73705	112.0185376	1
2	73714	112.01857856	1
2	73725	112.01861952	1
2	73840	113.0185376	1
2	73848	113.01857856	1
2	73854	113.01861952	1
2	73873	113.0195376	1
2	73881	113.01957856	1
2	73887	113.01961952	1
2	73906	113.0205376	1
2	73915	113.02057856	1
2	73925	113.02061952	1
2	73957	113.0215376	1
2	73966	113.02157856	1
2	73977	113.02161952	1
2	74017	113.0225376	1
2	74026	113.02257856	1
2	74037	113.02261952	1
2	74077	113.0235376	1
2	74086	113.02357856	1
2	74097	113.02361952	1
2	74137	113.0245376	1
2	74146	113.02457856	1
2	74157	113.02461952	1
2	74197	113.0255376	1
2	74206	113.02557856	1
2	74217	113.02561952	1
2	74257	113.0265376	1
2	74266	113.02657856	1
2	74277	113.02661952	1
2	74305	113.0275376	1
2	74314	113.02757856	1
2	74325	113.02761952	1
2	74440	114.0275376	1
2	74448	114.02757856	1
2	74454	114.02761952	1
2	74473	114.0285376	1
2	74481	114.02857856	1
2	74487	114.02861952	1
2	74506	114.0295376	1
2	74515	114.02957856	1
2	74525	114.02961952	1
2	74557	114.0305376	1
2	74566	114.03057856	1
2	74577	114.03061952	1
2	74617	114.0315376	1
2	74626	114.03157856	1
2	74637	114.03161952	1
2	74677	114.0325376	1
2	74686	114.03257856	1
2	74697	114.03261952	1
2	74737	114.0335376	1
2	74746	114.03357856	1
2	74757	114.03361952	1
2	74797	114.0345376	1
2	74806	114.03457856	1
2	74817	114.03461952	1
2	74857	114.0355376	1
2	74866	114.03557856	1
2	74877	114.03561952	1
2	74905	114.0365376	1
2	74914	114.03657856	1
2	74925	114.03661952	1
2	75040	115.0365376	1
2	75048	115.03657856	1
2	75054	115.03661952	1
2	75073	115.0375376	1
2	75081	115.03757856	1
2	75087	115.03761952	1
2	75106	115.0385376	1
2	75115	115.03857856	1
2	75125	115.03861952	1
2	75157	115.0395376	1
2	75166	115.03957856	1
2	75177	115.03961952	1
2	75217	115.0405376	1
2	75226	115.04057856	1
2	75237	115.04061952	1
2	75277	115.0415376	1
2	75286	115.04157856	1
2	75297	115.04161952	1
2	75337	115.0425376	1
2	75346	115.04257856	1
2	75357	115.04261952	1
2	75397	115.0435376	1
2	75406	115.04357856	1
2	75417	115.04361952	1
2	75457	115.0445376	1
2	75466	115.04457856	1
2	75477	115.04461952	1
2	75505	115.0455376	1
2	75514	115.04557856	1
2	75525	115.04561952	1
2	75640	116.0455376	1
2	75648	116.04557856	1
2	75654	116.04561952	1
2	75673	116.0465376	1
2	75681	116.04657856	1
2	75687	116.04661952	1
2	75706	116.0475376	1
2	75715	116.04757856	1
2	75725	116.04761952	1
2	75757	116.0485376	1
2	75766	116.04857856	1
2	75777	116.04861952	1
2	75817	116.0495376	1
2	75826	116.04957856	1
2	75837	116.04961952	1
2	75877	116.0505376	1
2	75886	116.05057856	1
2	75897	116.05061952	1
2	75937	116.0515376	1
2	75946	116.05157856	1
2	75957	116.05161952	1
2	75997	116.0525376	1
2	76006	116.05257856	1
2	76017	116.05261952	1
2	76057	116.0535376	1
2	76066	116.05357856	1
2	76077	116.05361952	1
2	76105	116.0545376	1
2	76114	116.05457856	1
2	76125	116.05461952	1
2	76240	117.0545376	1
2	76248	117.05457856	1
2	76254	117.05461952	1
2	76273	117.0555376	1
2	76281	117.05557856	1
2	76287	117.05561952	1
2	76306	117.0565376	1
2	76315	117.05657856	1
2	76325	117.05661952	1
2	76357	117.0575376	1
2	76366	117.05757856	1
2	76377	117.05761952	1
2	76417	117.0585376	1
2	76426	117.05857856	1
2	76437	117.05861952	1
2	76477	117.0595376	1
2	76486	117.05957856	1
2	76497	117.05961952	1
2	76537	117.0605376	1
2	76546	117.06057856	1
2	76557	117.06061952	1
2	76597	117.0615376	1
2	76606	117.06157856	1
2	76617	117.06161952	1
2	76657	117.0625376	1
2	76666	117.06257856	1
2	76677	117.06261952	1
2	76705	117.0635376	1
2	76714	117.06357856	1
2	76725	117.06361952	1
2	76840	118.0635376	1
2	76848	118.06357856	1
2	76854	118.06361952	1
2	76873	118.0645376	1
2	76881	118.06457856	1
2	76887	118.06461952	1
2	76906	118.0655376	1
2	76915	118.06557856	1
2	76925	118.06561952	1
2	76957	118.0665376	1
2	76966	118.06657856	1
2	76977	118.06661952	1
2	77017	118.0675376	1
2	77026	118.06757856	1
2	77037	118.06761952	1
2	77077	118.0685376	1
2	77086	118.06857856	1
2	77097	118.06861952	1
2	77137	118.0695376	1
2	77146	118.06957856	1
2	77157	118.06961952	1
2	77197	118.0705376	1
2	77206	118.07057856	1
2	77217	118.07061952	1
2	77257	118.0715376	1
2	77266	118.07157856	1
2	77277	118.07161952	1
2	77305	118.0725376	1
2	77314	118.07257856	1
2	77325	118.07261952	1
2	77440	119.0725376	1
2	77448	119.07257856	1
2	77454	119.07261952	1
2	77473	119.0735376	1
2	77481	119.07357856	1
2	77487	119.07361952	1
2	77506	119.0745376	1
2	77515	119.07457856	1
2	77525	119.07461952	1
2	77557	119.0755376	1
2	77566	119.07557856	1
2	77577	119.07561952	1
2	77617	119.0765376	1
2	77626	119.07657856	1
2	77637	119.07661952	1
2	77677	119.0775376	1
2	77686	119.07757856	1
2	77697	119.07761952	1
2	77737	119.0785376	1
2	77746	119.07857856	1
2	77757	119.07861952	1
2	77797	119.0795376	1
2	77806	119.07957856	1
2	77817	119.07961952	1
2	77857	119.0805376	1
2	77866	119.08057856	1
2	77877	119.08061952	1
2	77905	119.0815376	1
2	77914	119.08157856	1
2	77925	119.08161952	1
2	78042	120.0815376	1
2	78051	120.08157856	1
2	78058	120.08161952	1
2	78078	120.0825376	1
2	78087	120.08257856	1
2	78094	120.08261952	1
2	78114	120.0835376	1
2	78125	120.08357856	1
2	78137	120.08361952	1
2	78174	120.0845376	1
2	78185	120.08457856	1
2	78198	120.08461952	1
2	78246	120.0855376	1
2	78257	120.08557856	1
2	78270	120.08561952	1
2	78318	120.0865376	1
2	78329	120.08657856	1
2	78342	120.08661952	1
2	78390	120.0875376	1
2	78401	120.08757856	1
2	78414	120.08761952	1
2	78462	120.0885376	1
2	78473	120.08857856	1
2	78486	120.08861952	1
2	78534	120.0895376	1
2	78545	120.08957856	1
2	78558	120.08961952	1
2	78594	120.0905376	1
2	78605	120.09057856	1
2	78618	120.09061952	1
2	78762	121.0905376	1
2	78771	121.09057856	1
2	78778	121.09061952	1
2	78798	121.0915376	1
2	78807	121.09157856	1
2	78814	121.09161952	1
2	78834	121.0925376	1
2	78845	121.09257856	1
2	78857	121.09261952	1
2	78894	121.0935376	1
2	78905	121.09357856	1
2	78918	121.09361952	1
2	78966	121.0945376	1
2	78977	121.09457856	1
2	78990	121.09461952	1
2	79038	121.0955376	1
2	79049	121.09557856	1
2	79062	121.09561952	1
2	79110	121.0965376	1
2	79121	121.09657856	1
2	79134	121.09661952	1
2	79182	121.0975376	1
2	79193	121.09757856	1
2	79206	121.09761952	1
2	79254	121.0985376	1
2	79265	121.09857856	1
2	79278	121.09861952	1
2	79314	121.0995376	1
2	79325	121.09957856	1
2	79338	121.09961952	1
2	79482	122.0995376	1
2	79491	122.09957856	1
2	79498	122.09961952	1
2	79518	122.1005376	1
2	79527	122.10057856	1
2	79534	122.10061952	1
2	79554	122.1015376	1
2	79565	122.10157856	1
2	79577	122.10161952	1
2	79614	122.1025376	1
2	79625	122.10257856	1
2	79638	122.10261952	1
2	79686	122.1035376	1
2	79697	122.10357856	1
2	79710	122.10361952	1
2	79758	122.1045376	1
2	79769	122.10457856	1
2	79782	122.10461952	1
2	79830	122.1055376	1
2	79841	122.10557856	1
2	79854	122.10561952	1
2	79902	122.1065376	1
2	79913	122.10657856	1
2	79926	122.10661952	1
2	79974	122.1075376	1
2	79985	122.10757856	1
2	79998	122.10761952	1
2	80034	122.1085376	1
2	80045	122.10857856	1
2	80058	122.10861952	1
2	80202	123.1085376	1
2	80211	123.10857856	1
2	80218	123.10861952	1
2	80238	123.1095376	1
2	80247	123.10957856	1
2	80254	123.10961952	1
2	80274	123.1105376	1
2	80285	123.11057856	1
2	80297	123.11061952	1
2	80334	123.1115376	1
2	80345	123.11157856	1
2	80358	123.11161952	1
2	80406	123.1125376	1
2	80417	123.11257856	1
2	80430	123.11261952	1
2	80478	123.1135376	1
2	80489	123.11357856	1
2	80502	123.11361952	1
2	80550	123.1145376	1
2	80561	123.11457856	1
2	80574	123.11461952	1
2	80622	123.1155376	1
2	80633	123.11557856	1
2	80646	123.11561952	1
2	80694	123.1165376	1
2	80705	123.11657856	1
2	80718	123.11661952	1
2	80754	123.1175376	1
2	80765	123.11757856	1
2	80778	123.11761952	1
2	80922	124.1175376	1
2	80931	124.11757856	1
2	80938	124.11761952	1
2	80958	124.1185376	1
2	80967	124.11857856	1
2	80974	124.11861952	1
2	80994	124.1195376	1
2	81005	124.11957856	1
2	81017	124.11961952	1
2	81054	124.1205376	1
2	81065	124.12057856	1
2	81078	124.12061952	1
2	81126	124.1215376	1
2	81137	124.12157856	1
2	81150	124.12161952	1
2	81198	124.1225376	1
2	81209	124.12257856	1
2	81222	124.12261952	1
2	81270	124.1235376	1
2	81281	124.12357856	1
2	81294	124.12361952	1
2	81342	124.1245376	1
2	81353	124.12457856	1
2	81366	124.12461952	1
2	81414	124.1255376	1
2	81425	124.12557856	1
2	81438	124.12561952	1
2	81474	124.1265376	1
2	81485	124.12657856	1
2	81498	124.12661952	1
2	81642	125.1265376	1
2	81651	125.12657856	1
2	81658	125.12661952	1
2	81678	125.1275376	1
2	81687	125.12757856	1
2	81694	125.12761952	1
2	81714	125.1285376	1
2	81725	125.12857856	1
2	81737	125.12861952	1
2	81774	125.1295376	1
2	81785	125.12957856	1
2	81798	125.12961952	1
2	81846	125.1305376	1
2	81857	125.13057856	1
2	81870	125.13061952	1
2	81918	125.1315376	1
2	81929	125.13157856	1
2	81942	125.13161952	1
2	81990	125.1325376	1
2	82001	125.13257856	1
2	82014	125.13261952	1
2	82062	125.1335376	1
2	82073	125.13357856	1
2	82086	125.13361952	1
2	82134	125.1345376	1
2	82145	125.13457856	1
2	82158	125.13461952	1
2	82194	125.1355376	1
2	82205	125.13557856	1
2	82218	125.13561952	1
2	82362	126.1355376	1
2	82371	126.13557856	1
2	82378	126.13561952	1
2	82398	126.1365376	1
2	82407	126.13657856	1
2	82414	126.13661952	1
2	82434	126.1375376	1
2	82445	126.13757856	1
2	82457	126.13761952	1
2	82494	126.1385376	1
2	82505	126.13857856	1
2	82518	126.13861952	1
2	82566	126.1395376	1
2	82577	126.13957856	1
2	82590	126.13961952	1
2	82638	126.1405376	1
2	82649	126.14057856	1
2	82662	126.14061952	1
2	82710	126.1415376	1
2	82721	126.14157856	1
2	82734	126.14161952	1
2	82782	126.1425376	1
2	82793	126.14257856	1
2	82806	126.14261952	1
2	82854	126.1435376	1
2	82865	126.14357856	1
2	82878	126.14361952	1
2	82914	126.1445376	1
2	82925	126.14457856	1
2	82938	126.14461952	1
2	83082	127.1445376	1
2	83091	127.14457856	1
2	83098	127.14461952	1
2	83118	127.1455376	1
2	83127	127.14557856	1
2	83134	127.14561952	1
2	83154	127.1465376	1
2	83165	127.14657856	1
2	83177	127.14661952	1
2	83214	127.1475376	1
2	83225	127.14757856	1
2	83238	127.14761952	1
2	83286	127.1485376	1
2	83297	127.14857856	1
2	83310	127.14861952	1
2	83358	127.1495376	1
2	83369	127.14957856	1
2	83382	127.14961952	1
2	83430	127.1505376	1
2	83441	127.15057856	1
2	83454	127.15061952	1
2	83502	127.1515376	1
2	83513	127.15157856	1
2	83526	127.15161952	1
2	83574	127.1525376	1
2	83585	127.15257856	1
2	83598	127.15261952	1
2	83634	127.1535376	1
2	83645	127.15357856	1
2	83658	127.15361952	1
2	83802	128.1535376	1
2	83811	128.15357856	1
2	83818	128.15361952	1
2	83838	128.1545376	1
2	83847	128.15457856	1
2	83854	128.15461952	1
2	83874	128.1555376	1
2	83885	128.15557856	1
2	83897	128.15561952	1
2	83934	128.1565376	1
2	83945	128.15657856	1
2	83958	128.15661952	1
2	84006	128.1575376	1
2	84017	128.15757856	1
2	84030	128.15761952	1
2	84078	128.1585376	1
2	84089	128.15857856	1
2	84102	128.15861952	1
2	84150	128.1595376	1
2	84161	128.15957856	1
2	84174	128.15961952	1
2	84222	128.1605376	1
2	84233	128.16057856	1
2	84246	128.16061952	1
2	84294	128.1615376	1
2	84305	128.16157856	1
2	84318	128.16161952	1
2	84354	128.1625376	1
2	84365	128.16257856	1
2	84378	128.16261952	1
2	84522	129.1625376	1
2	84531	129.16257856	1
2	84538	129.16261952	1
2	84558	129.1635376	1
2	84567	129.16357856	1
2	84574	129.16361952	1
2	84594	129.1645376	1
2	84605	129.16457856	1
2	84617	129.16461952	1
2	84654	129.1655376	1
2	84665	129.16557856	1
2	84678	129.16561952	1
2	84726	129.1665376	1
2	84737	129.16657856	1
2	84750	129.16661952	1
2	84798	129.1675376	1
2	84809	129.16757856	1
2	84822	129.16761952	1
2	84870	129.1685376	1
2	84881	129.16857856	1
2	84894	129.16861952	1
2	84942	129.1695376	1
2	84953	129.16957856	1
2	84966	129.16961952	1
2	85014	129.1705376	1
2	85025	129.17057856	1
2	85038	129.17061952	1
2	85074	129.1715376	1
2	85085	129.17157856	1
2	85098	129.17161952	1
2	85242	130.1715376	1
2	85251	130.17157856	1
2	85258	130.17161952	1
2	85278	130.1725376	1
2	85287	130.17257856	1
2	85294	130.17261952	1
2	85314	130.1735376	1
2	85325	130.17357856	1
2	85337	130.17361952	1
2	85374	130.1745376	1
2	85385	130.17457856	1
2	85398	130.17461952	1
2	85446	130.1755376	1
2	85457	130.17557856	1
2	85470	130.17561952	1
2	85518	130.1765376	1
2	85529	130.17657856	1
2	85542	130.17661952	1
2	85590	130.1775376	1
2	85601	130.17757856	1
2	85614	130.17761952	1
2	85662	130.1785376	1
2	85673	130.17857856	1
2	85686	130.17861952	1
2	85734	130.1795376	1
2	85745	130.17957856	1
2	85758	130.17961952	1
2	85794	130.1805376	1
2	85805	130.18057856	1
2	85818	130.18061952	1
2	85962	131.1805376	1
2	85971	131.18057856	1
2	85978	131.18061952	1
2	85998	131.1815376	1
2	86007	131.18157856	1
2	86014	131.18161952	1
2	86034	131.1825376	1
2	86045	131.18257856	1
2	86057	131.18261952	1
2	86094	131.1835376	1
2	86105	131.18357856	1
2	86118	131.18361952	1
2	86166	131.1845376	1
2	86177	131.18457856	1
2	86190	131.18461952	1
2	86238	131.1855376	1
2	86249	131.18557856	1
2	86262	131.18561952	1
2	86310	131.1865376	1
2	86321	131.18657856	1
2	86334	131.18661952	1
2	86382	131.1875376	1
2	86393	131.18757856	1
2	86406	131.18761952	1
2	86454	131.1885376	1
2	86465	131.18857856	1
2	86478	131.18861952	1
2	86514	131.1895376	1
2	86525	131.18957856	1
2	86538	131.18961952	1
2	86682	132.1895376	1
2	86691	132.18957856	1
2	86698	132.18961952	1
2	86718	132.1905376	1
2	86727	132.19057856	1
2	86734	132.19061952	1
2	86754	132.1915376	1
2	86765	132.19157856	1
2	86777	132.19161952	1
2	86814	132.1925376	1
2	86825	132.19257856	1
2	86838	132.19261952	1
2	86886	132.1935376	1
2	86897	132.19357856	1
2	86910	132.19361952	1
2	86958	132.1945376	1
2	86969	132.19457856	1
2	86982	132.19461952	1
2	87030	132.1955376	1
2	87041	132.19557856	1
2	87054	132.19561952	1
2	87102	132.1965376	1
2	87113	132.19657856	1
2	87126	132.19661952	1
2	87174	132.1975376	1
2	87185	132.19757856	1
2	87198	132.19761952	1
2	87234	132.1985376	1
2	87245	132.19857856	1
2	87258	132.19861952	1
2	87402	133.1985376	1
2	87411	133.19857856	1
2	87418	133.19861952	1
2	87438	133.1995376	1
2	87447	133.19957856	1
2	87454	133.19961952	1
2	87474	133.2005376	1
2	87485	133.20057856	1
2	87497	133.20061952	1
2	87534	133.2015376	1
2	87545	133.20157856	1
2	87558	133.20161952	1
2	87606	133.2025376	1
2	87617	133.20257856	1
2	87630	133.20261952	1
2	87678	133.2035376	1
2	87689	133.20357856	1
2	87702	133.20361952	1
2	87750	133.2045376	1
2	87761	133.20457856	1
2	87774	133.20461952	1
2	87822	133.2055376	1
2	87833	133.20557856	1
2	87846	133.20561952	1
2	87894	133.2065376	1
2	87905	133.20657856	1
2	87918	133.20661952	1
2	87954	133.2075376	1
2	87965	133.20757856	1
2	87978	133.20761952	1
2	88122	134.2075376	1
2	88131	134.20757856	1
2	88138	134.20761952	1
2	88158	134.2085376	1
2	88167	134.20857856	1
2	88174	134.20861952	1
2	88194	134.2095376	1
2	88205	134.20957856	1
2	88217	134.20961952	1
2	88254	134.2105376	1
2	88265	134.21057856	1
2	88278	134.21061952	1
2	88326	134.2115376	1
2	88337	134.21157856	1
2	88350	134.21161952	1
2	88398	134.2125376	1
2	88409	134.21257856	1
2	88422	134.21261952	1
2	88470	134.2135376	1
2	88481	134.21357856	1
2	88494	134.21361952	1
2	88542	134.2145376	1
2	88553	134.21457856	1
2	88566	134.21461952	1
2	88614	134.2155376	1
2	88625	134.21557856	1
2	88638	134.21561952	1
2	88674	134.2165376	1
2	88685	134.21657856	1
2	88698	134.21661952	1
2	88842	135.2165376	1
2	88851	135.21657856	1
2	88858	135.21661952	1
2	88878	135.2175376	1
2	88887	135.21757856	1
2	88894	135.21761952	1
2	88914	135.2185376	1
2	88925	135.21857856	1
2	88937	135.21861952	1
2	88974	135.2195376	1
2	88985	135.21957856	1
2	88998	135.21961952	1
2	89046	135.2205376	1
2	89057	135.22057856	1
2	89070	135.22061952	1
2	89118	135.2215376	1
2	89129	135.22157856	1
2	89142	135.22161952	1
2	89190	135.2225376	1
2	89201	135.22257856	1
2	89214	135.22261952	1
2	89262	135.2235376	1
2	89273	135.22357856	1
2	89286	135.22361952	1
2	89334	135.2245376	1
2	89345	135.22457856	1
2	89358	135.22461952	1
2	89394	135.2255376	1
2	89405	135.22557856	1
2	89418	135.22561952	1
2	89562	136.2255376	1
2	89571	136.22557856	1
2	89578	136.22561952	1
2	89598	136.2265376	1
2	89607	136.22657856	1
2	89614	136.22661952	1
2	89634	136.2275376	1
2	89645	136.22757856	1
2	89657	136.22761952	1
2	89694	136.2285376	1
2	89705	136.22857856	1
2	89718	136.22861952	1
2	89766	136.2295376	1
2	89777	136.22957856	1
2	89790	136.22961952	1
2	89838	136.2305376	1
2	89849	136.23057856	1
2	89862	136.23061952	1
2	89910	136.2315376	1
2	89921	136.23157856	1
2	89934	136.23161952	1
2	89982	136.2325376	1
2	89993	136.23257856	1
2	90006	136.23261952	1
2	90054	136.2335376	1
2	90065	136.23357856	1
2	90078	136.23361952	1
2	90114	136.2345376	1
2	90125	136.23457856	1
2	90138	136.23461952	1
2	90282	137.2345376	1
2	90291	137.23457856	1
2	90298	137.23461952	1
2	90318	137.2355376	1
2	90327	137.23557856	1
2	90334	137.23561952	1
2	90354	137.2365376	1
2	90365	137.23657856	1
2	90377	137.23661952	1
2	90414	137.2375376	1
2	90425	137.23757856	1
2	90438	137.23761952	1
2	90486	137.2385376	1
2	90497	137.23857856	1
2	90510	137.23861952	1
2	90558	137.2395376	1
2	90569	137.23957856	1
2	90582	137.23961952	1
2	90630	137.2405376	1
2	90641	137.24057856	1
2	90654	137.24061952	1
2	90702	137.2415376	1
2	90713	137.24157856	1
2	90726	137.24161952	1
2	90774	137.2425376	1
2	90785	137.24257856	1
2	90798	137.24261952	1
2	90834	137.2435376	1
2	90845	137.24357856	1
2	90858	137.24361952	1
2	91002	138.2435376	1
2	91011	138.24357856	1
2	91018	138.24361952	1
2	91038	138.2445376	1
2	91047	138.24457856	1
2	91054	138.24461952	1
2	91074	138.2455376	1
2	91085	138.24557856	1
2	91097	138.24561952	1
2	91134	138.2465376	1
2	91145	138.24657856	1
2	91158	138.24661952	1
2	91206	138.2475376	1
2	91217	138.24757856	1
2	91230	138.24761952	1
2	91278	138.2485376	1
2	91289	138.24857856	1
2	91302	138.24861952	1
2	91350	138.2495376	1
2	91361	138.24957856	1
2	91374	138.24961952	1
2	91422	138.2505376	1
2	91433	138.25057856	1
2	91446	138.25061952	1
2	91494	138.2515376	1
2	91505	138.25157856	1
2	91518	138.25161952	1
2	91554	138.2525376	1
2	91565	138.25257856	1
2	91578	138.25261952	1
2	91722	139.2525376	1
2	91731	139.25257856	1
2	91738	139.25261952	1
2	91758	139.2535376	1
2	91767	139.25357856	1
2	91774	139.25361952	1
2	91794	139.2545376	1
2	91805	139.25457856	1
2	91817	139.25461952	1
2	91854	139.2555376	1
2	91865	139.25557856	1
2	91878	139.25561952	1
2	91926	139.2565376	1
2	91937	139.25657856	1
2	91950	139.25661952	1
2	91998	139.2575376	1
2	92009	139.25757856	1
2	92022	139.25761952	1
2	92070	139.2585376	1
2	92081	139.25857856	1
2	92094	139.25861952	1
2	92142	139.2595376	1
2	92153	139.25957856	1
2	92166	139.25961952	1
2	92214	139.2605376	1
2	92225	139.26057856	1
2	92238	139.26061952	1
2	92274	139.2615376	1
2	92285	139.26157856	1
2	92298	139.26161952	1
2	92442	140.2615376	1
2	92451	140.26157856	1
2	92458	140.26161952	1
2	92478	140.2625376	1
2	92487	140.26257856	1
2	92494	140.26261952	1
2	92514	140.2635376	1
2	92525	140.26357856	1
2	92537	140.26361952	1
2	92574	140.2645376	1
2	92585	140.26457856	1
2	92598	140.26461952	1
2	92646	140.2655376	1
2	92657	140.26557856	1
2	92670	140.26561952	1
2	92718	140.2665376	1
2	92729	140.26657856	1
2	92742	140.26661952	1
2	92790	140.2675376	1
2	92801	140.26757856	1
2	92814	140.26761952	1
2	92862	140.2685376	1
2	92873	140.26857856	1
2	92886	140.26861952	1
2	92934	140.2695376	1
2	92945	140.26957856	1
2	92958	140.26961952	1
2	92994	140.2705376	1
2	93005	140.27057856	1
2	93018	140.27061952	1
2	93162	141.2705376	1
2	93171	141.27057856	1
2	93178	141.27061952	1
2	93198	141.2715376	1
2	93207	141.27157856	1
2	93214	141.27161952	1
2	93234	141.2725376	1
2	93245	141.27257856	1
2	93257	141.27261952	1
2	93294	141.2735376	1
2	93305	141.27357856	1
2	93318	141.27361952	1
2	93366	141.2745376	1
2	93377	141.27457856	1
2	93390	141.27461952	1
2	93438	141.2755376	1
2	93449	141.27557856	1
2	93462	141.27561952	1
2	93510	141.2765376	1
2	93521	141.27657856	1
2	93534	141.27661952	1
2	93582	141.2775376	1
2	93593	141.27757856	1
2	93606	141.27761952	1
2	93654	141.2785376	1
2	93665	141.27857856	1
2	93678	141.27861952	1
2	93714	141.2795376	1
2	93725	141.27957856	1
2	93738	141.27961952	1
2	93882	142.2795376	1
2	93891	142.27957856	1
2	93898	142.27961952	1
2	93918	142.2805376	1
2	93927	142.28057856	1
2	93934	142.28061952	1
2	93954	142.2815376	1
2	93965	142.28157856	1
2	93977	142.28161952	1
2	94014	142.2825376	1
2	94025	142.28257856	1
2	94038	142.28261952	1
2	94086	142.2835376	1
2	94097	142.28357856	1
2	94110	142.28361952	1
2	94158	142.2845376	1
2	94169	142.28457856	1
2	94182	142.28461952	1
2	94230	142.2855376	1
2	94241	142.28557856	1
2	94254	142.28561952	1
2	94302	142.2865376	1
2	94313	142.28657856	1
2	94326	142.28661952	1
2	94374	142.2875376	1
2	94385	142.28757856	1
2	94398	142.28761952	1
2	94434	142.2885376	1
2	94445	142.28857856	1
2	94458	142.28861952	1
2	94602	143.2885376	1
2	94611	143.28857856	1
2	94618	143.28861952	1
2	94638	143.2895376	1
2	94647	143.28957856	1
2	94654	143.28961952	1
2	94674	143.2905376	1
2	94685	143.29057856	1
2	94697	143.29061952	1
2	94734	143.2915376	1
2	94745	143.29157856	1
2	94758	143.29161952	1
2	94806	143.2925376	1
2	94817	143.29257856	1
2	94830	143.29261952	1
2	94878	143.2935376	1
2	94889	143.29357856	1
2	94902	143.29361952	1
2	94950	143.2945376	1
2	94961	143.29457856	1
2	94974	143.29461952	1
2	95022	143.2955376	1
2	95033	143.29557856	1
2	95046	143.29561952	1
2	95094	143.2965376	1
2	95105	143.29657856	1
2	95118	143.29661952	1
2	95154	143.2975376	1
2	95165	143.29757856	1
2	95178	143.29761952	1
2	95322	144.2975376	1
2	95331	144.29757856	1
2	95338	144.29761952	1
2	95358	144.2985376	1
2	95367	144.29857856	1
2	95374	144.29861952	1
2	95394	144.2995376	1
2	95405	144.29957856	1
2	95417	144.29961952	1
2	95454	144.3005376	1
2	95465	144.30057856	1
2	95478	144.30061952	1
2	95526	144.3015376	1
2	95537	144.30157856	1
2	95550	144.30161952	1
2	95598	144.3025376	1
2	95609	144.30257856	1
2	95622	144.30261952	1
2	95670	144.3035376	1
2	95681	144.30357856	1
2	95694	144.30361952	1
2	95742	144.3045376	1
2	95753	144.30457856	1
2	95766	144.30461952	1
2	95814	144.3055376	1
2	95825	144.30557856	1
2	95838	144.30561952	1
2	95874	144.3065376	1
2	95885	144.30657856	1
2	95898	144.30661952	1
2	96042	145.3065376	1
2	96051	145.30657856	1
2	96058	145.30661952	1
2	96078	145.3075376	1
2	96087	145.30757856	1
2	96094	145.30761952	1
2	96114	145.3085376	1
2	96125	145.30857856	1
2	96137	145.30861952	1
2	96174	145.3095376	1
2	96185	145.30957856	1
2	96198	145.30961952	1
2	96246	145.3105376	1
2	96257	145.31057856	1
2	96270	145.31061952	1
2	96318	145.3115376	1
2	96329	145.31157856	1
2	96342	145.31161952	1
2	96390	145.3125376	1
2	96401	145.31257856	1
2	96414	145.31261952	1
2	96462	145.3135376	1
2	96473	145.31357856	1
2	96486	145.31361952	1
2	96534	145.3145376	1
2	96545	145.31457856	1
2	96558	145.31461952	1
2	96594	145.3155376	1
2	96605	145.31557856	1
2	96618	145.31561952	1
2	96762	146.3155376	1
2	96771	146.31557856	1
2	96778	146.31561952	1
2	96798	146.3165376	1
2	96807	146.31657856	1
2	96814	146.31661952	1
2	96834	146.3175376	1
2	96845	146.31757856	1
2	96857	146.31761952	1
2	96894	146.3185376	1
2	96905	146.31857856	1
2	96918	146.31861952	1
2	96966	146.3195376	1
2	96977	146.31957856	1
2	96990	146.31961952	1
2	97038	146.3205376	1
2	97049	146.32057856	1
2	97062	146.32061952	1
2	97110	146.3215376	1
2	97121	146.32157856	1
2	97134	146.32161952	1
2	97182	146.3225376	1
2	97193	146.32257856	1
2	97206	146.32261952	1
2	97254	146.3235376	1
2	97265	146.32357856	1
2	97278	146.32361952	1
2	97314	146.3245376	1
2	97325	146.32457856	1
2	97338	146.32461952	1
2	97482	147.3245376	1
2	97491	147.32457856	1
2	97498	147.32461952	1
2	97518	147.3255376	1
2	97527	147.32557856	1
2	97534	147.32561952	1
2	97554	147.3265376	1
2	97565	147.32657856	1
2	97577	147.32661952	1
2	97614	147.3275376	1
2	97625	147.32757856	1
2	97638	147.32761952	1
2	97686	147.3285376	1
2	97697	147.32857856	1
2	97710	147.32861952	1
2	97758	147.3295376	1
2	97769	147.32957856	1
2	97782	147.32961952	1
2	97830	147.3305376	1
2	97841	147.33057856	1
2	97854	147.33061952	1
2	97902	147.3315376	1
2	97913	147.33157856	1
2	97926	147.33161952	1
2	97974	147.3325376	1
2	97985	147.33257856	1
2	97998	147.33261952	1
2	98034	147.3335376	1
2	98045	147.33357856	1
2	98058	147.33361952	1
2	98202	148.3335376	1
2	98211	148.33357856	1
2	98218	148.33361952	1
2	98238	148.3345376	1
2	98247	148.33457856	1
2	98254	148.33461952	1
2	98274	148.3355376	1
2	98285	148.33557856	1
2	98297	148.33561952	1
2	98334	148.3365376	1
2	98345	148.33657856	1
2	98358	148.33661952	1
2	98406	148.3375376	1
2	98417	148.33757856	1
2	98430	148.33761952	1
2	98478	148.3385376	1
2	98489	148.33857856	1
2	98502	148.33861952	1
2	98550	148.3395376	1
2	98561	148.33957856	1
2	98574	148.33961952	1
2	98622	148.3405376	1
2	98633	148.34057856	1
2	98646	148.34061952	1
2	98694	148.3415376	1
2	98705	148.34157856	1
2	98718	148.34161952	1
2	98754	148.3425376	1
2	98765	148.34257856	1
2	98778	148.34261952	1
2	98922	149.3425376	1
2	98931	149.34257856	1
2	98938	149.34261952	1
2	98958	149.3435376	1
2	98967	149.34357856	1
2	98974	149.34361952	1
2	98994	149.3445376	1
2	99005	149.34457856	1
2	99017	149.34461952	1
2	99054	149.3455376	1
2	99065	149.34557856	1
2	99078	149.34561952	1
2	99126	149.3465376	1
2	99137	149.34657856	1
2	99150	149.34661952	1
2	99198	149.3475376	1
2	99209	149.34757856	1
2	99222	149.34761952	1
2	99270	149.3485376	1
2	99281	149.34857856	1
2	99294	149.34861952	1
2	99342	149.3495376	1
2	99353	149.34957856	1
2	99366	149.34961952	1
2	99414	149.3505376	1
2	99425	149.35057856	1
2	99438	149.35061952	1
2	99474	149.3515376	1
2	99485	149.35157856	1
2	99498	149.35161952	1
2	99642	150.3515376	1
2	99651	150.35157856	1
2	99658	150.35161952	1
2	99678	150.3525376	1
2	99687	150.35257856	1
2	99694	150.35261952	1
2	99714	150.3535376	1
2	99725	150.35357856	1
2	99737	150.35361952	1
2	99774	150.3545376	1
2	99785	150.35457856	1
2	99798	150.35461952	1
2	99846	150.3555376	1
2	99857	150.35557856	1
2	99870	150.35561952	1
2	99918	150.3565376	1
2	99929	150.35657856	1
2	99942	150.35661952	1
2	99990	150.3575376	1
2	100001	150.35757856	1
2	100014	150.35761952	1
2	100062	150.3585376	1
2	100073	150.35857856	1
2	100086	150.35861952	1
2	100134	150.3595376	1
2	100145	150.35957856	1
2	100158	150.35961952	1
2	100194	150.3605376	1
2	100205	150.36057856	1
2	100218	150.36061952	1
2	100362	151.3605376	1
2	100371	151.36057856	1
2	100378	151.36061952	1
2	100398	151.3615376	1
2	100407	151.36157856	1
2	100414	151.36161952	1
2	100434	151.3625376	1
2	100445	151.36257856	1
2	100457	151.36261952	1
2	100494	151.3635376	1
2	100505	151.36357856	1
2	100518	151.36361952	1
2	100566	151.3645376	1
2	100577	151.36457856	1
2	100590	151.36461952	1
2	100638	151.3655376	1
2	100649	151.36557856	1
2	100662	151.36561952	1
2	100710	151.3665376	1
2	100721	151.36657856	1
2	100734	151.36661952	1
2	100782	151.3675376	1
2	100793	151.36757856	1
2	100806	151.36761952	1
2	100854	151.3685376	1
2	100865	151.36857856	1
2	100878	151.36861952	1
2	100914	151.3695376	1
2	100925	151.36957856	1
2	100938	151.36961952	1
2	101082	152.3695376	1
2	101091	152.36957856	1
2	101098	152.36961952	1
2	101118	152.3705376	1
2	101127	152.37057856	1
2	101134	152.37061952	1
2	101154	152.3715376	1
2	101165	152.37157856	1
2	101177	152.37161952	1
2	101214	152.3725376	1
2	101225	152.37257856	1
2	101238	152.37261952	1
2	101286	152.3735376	1
2	101297	152.37357856	1
2	101310	152.37361952	1
2	101358	152.3745376	1
2	101369	152.37457856	1
2	101382	152.37461952	1
2	101430	152.3755376	1
2	101441	152.37557856	1
2	101454	152.37561952	1
2	101502	152.3765376	1
2	101513	152.37657856	1
2	101526	152.37661952	1
2	101574	152.3775376	1
2	101585	152.37757856	1
2	101598	152.37761952	1
2	101634	152.3785376	1
2	101645	152.37857856	1
2	101658	152.37861952	1
2	101802	153.3785376	1
2	101811	153.37857856	1
2	101818	153.37861952	1
2	101838	153.3795376	1
2	101847	153.37957856	1
2	101854	153.37961952	1
2	101874	153.3805376	1
2	101885	153.38057856	1
2	101897	153.38061952	1
2	101934	153.3815376	1
2	101945	153.38157856	1
2	101958	153.38161952	1
2	102006	153.3825376	1
2	102017	153.38257856	1
2	102030	153.38261952	1
2	102078	153.3835376	1
2	102089	153.38357856	1
2	102102	153.38361952	1
2	102150	153.3845376	1
2	102161	153.38457856	1
2	102174	153.38461952	1
2	102222	153.3855376	1
2	102233	153.38557856	1
2	102246	153.38561952	1
2	102294	153.3865376	1
2	102305	153.38657856	1
2	102318	153.38661952	1
2	102354	153.3875376	1
2	102365	153.38757856	1
2	102378	153.38761952	1
2	102522	154.3875376	1
2	102531	154.38757856	1
2	102538	154.38761952	1
2	102558	154.3885376	1
2	102567	154.38857856	1
2	102574	154.38861952	1
2	102594	154.3895376	1
2	102605	154.38957856	1
2	102617	154.38961952	1
2	102654	154.3905376	1
2	102665	154.39057856	1
2	102678	154.39061952	1
2	102726	154.3915376	1
2	102737	154.39157856	1
2	102750	154.39161952	1
2	102798	154.3925376	1
2	102809	154.39257856	1
2	102822	154.39261952	1
2	102870	154.3935376	1
2	102881	154.39357856	1
2	102894	154.39361952	1
2	102942	154.3945376	1
2	102953	154.39457856	1
2	102966	154.39461952	1
2	103014	154.3955376	1
2	103025	154.39557856	1
2	103038	154.39561952	1
2	103074	154.3965376	1
2	103085	154.39657856	1
2	103098	154.39661952	1
2	103242	155.3965376	1
2	103251	155.39657856	1
2	103258	155.39661952	1
2	103278	155.3975376	1
2	103287	155.39757856	1
2	103294	155.39761952	1
2	103314	155.3985376	1
2	103325	155.39857856	1
2	103337	155.39861952	1
2	103374	155.3995376	1
2	103385	155.39957856	1
2	103398	155.39961952	1
2	103446	155.4005376	1
2	103457	155.40057856	1
2	103470	155.40061952	1
2	103518	155.4015376	1
2	103529	155.40157856	1
2	103542	155.40161952	1
2	103590	155.4025376	1
2	103601	155.40257856	1
2	103614	155.40261952	1
2	103662	155.4035376	1
2	103673	155.40357856	1
2	103686	155.40361952	1
2	103734	155.4045376	1
2	103745	155.40457856	1
2	103758	155.40461952	1
2	103794	155.4055376	1
2	103805	155.40557856	1
2	103818	155.40561952	1
2	103962	156.4055376	1
2	103971	156.40557856	1
2	103978	156.40561952	1
2	103998	156.4065376	1
2	104007	156.40657856	1
2	104014	156.40661952	1
2	104034	156.4075376	1
2	104045	156.40757856	1
2	104057	156.40761952	1
2	104094	156.4085376	1
2	104105	156.40857856	1
2	104118	156.40861952	1
2	104166	156.4095376	1
2	104177	156.40957856	1
2	104190	156.40961952	1
2	104238	156.4105376	1
2	104249	156.41057856	1
2	104262	156.41061952	1
2	104310	156.4115376	1
2	104321	156.41157856	1
2	104334	156.41161952	1
2	104382	156.4125376	1
2	104393	156.41257856	1
2	104406	156.41261952	1
2	104454	156.4135376	1
2	104465	156.41357856	1
2	104478	156.41361952	1
2	104514	156.4145376	1
2	104525	156.41457856	1
2	104538	156.41461952	1
2	104682	157.4145376	1
2	104691	157.41457856	1
2	104698	157.41461952	1
2	104718	157.4155376	1
2	104727	157.41557856	1
2	104734	157.41561952	1
2	104754	157.4165376	1
2	104765	157.41657856	1
2	104777	157.41661952	1
2	104814	157.4175376	1
2	104825	157.41757856	1
2	104838	157.41761952	1
2	104886	157.4185376	1
2	104897	157.41857856	1
2	104910	157.41861952	1
2	104958	157.4195376	1
2	104969	157.41957856	1
2	104982	157.41961952	1
2	105030	157.4205376	1
2	105041	157.42057856	1
2	105054	157.42061952	1
2	105102	157.4215376	1
2	105113	157.42157856	1
2	105126	157.42161952	1
2	105174	157.4225376	1
2	105185	157.42257856	1
2	105198	157.42261952	1
2	105234	157.4235376	1
2	105245	157.42357856	1
2	105258	157.42361952	1
2	105402	158.4235376	1
2	105411	158.42357856	1
2	105418	158.42361952	1
2	105438	158.4245376	1
2	105447	158.42457856	1
2	105454	158.42461952	1
2	105474	158.4255376	1
2	105485	158.42557856	1
2	105497	158.42561952	1
2	105534	158.4265376	1
2	105545	158.42657856	1
2	105558	158.42661952	1
2	105606	158.4275376	1
2	105617	158.42757856	1
2	105630	158.42761952	1
2	105678	158.4285376	1
2	105689	158.42857856	1
2	105702	158.42861952	1
2	105750	158.4295376	1
2	105761	158.42957856	1
2	105774	158.42961952	1
2	105822	158.4305376	1
2	105833	158.43057856	1
2	105846	158.43061952	1
2	105894	158.4315376	1
2	105905	158.43157856	1
2	105918	158.43161952	1
2	105954	158.4325376	1
2	105965	158.43257856	1
2	105978	158.43261952	1
2	106122	159.4325376	1
2	106131	159.43257856	1
2	106138	159.43261952	1
2	106158	159.4335376	1
2	106167	159.43357856	1
2	106174	159.43361952	1
2	106194	159.4345376	1
2	106205	159.43457856	1
2	106217	159.43461952	1
2	106254	159.4355376	1
2	106265	159.43557856	1
2	106278	159.43561952	1
2	106326	159.4365376	1
2	106337	159.43657856	1
2	106350	159.43661952	1
2	106398	159.4375376	1
2	106409	159.43757856	1
2	106422	159.43761952	1
2	106470	159.4385376	1
2	106481	159.43857856	1
2	106494	159.43861952	1
2	106542	159.4395376	1
2	106553	159.43957856	1
2	106566	159.43961952	1
2	106614	159.4405376	1
2	106625	159.44057856	1
2	106638	159.44061952	1
2	106674	159.4415376	1
2	106685	159.44157856	1
2	106698	159.44161952	1
2	106842	160.4415376	1
2	106851	160.44157856	1
2	106858	160.44161952	1
2	106878	160.4425376	1
2	106887	160.44257856	1
2	106894	160.44261952	1
2	106914	160.4435376	1
2	106925	160.44357856	1
2	106937	160.44361952	1
2	106974	160.4445376	1
2	106985	160.44457856	1
2	106998	160.44461952	1
2	107046	160.4455376	1
2	107057	160.44557856	1
2	107070	160.44561952	1
2	107118	160.4465376	1
2	107129	160.44657856	1
2	107142	160.44661952	1
2	107190	160.4475376	1
2	107201	160.44757856	1
2	107214	160.44761952	1
2	107262	160.4485376	1
2	107273	160.44857856	1
2	107286	160.44861952	1
2	107334	160.4495376	1
2	107345	160.44957856	1
2	107358	160.44961952	1
2	107394	160.4505376	1
2	107405	160.45057856	1
2	107418	160.45061952	1
2	107562	161.4505376	1
2	107571	161.45057856	1
2	107578	161.45061952	1
2	107598	161.4515376	1
2	107607	161.45157856	1
2	107614	161.45161952	1
2	107634	161.4525376	1
2	107645	161.45257856	1
2	107657	161.45261952	1
2	107694	161.4535376	1
2	107705	161.45357856	1
2	107718	161.45361952	1
2	107766	161.4545376	1
2	107777	161.45457856	1
2	107790	161.45461952	1
2	107838	161.4555376	1
2	107849	161.45557856	1
2	107862	161.45561952	1
2	107910	161.4565376	1
2	107921	161.45657856	1
2	107934	161.45661952	1
2	107982	161.4575376	1
2	107993	161.45757856	1
2	108006	161.45761952	1
2	108054	161.4585376	1
2	108065	161.45857856	1
2	108078	161.45861952	1
2	108114	161.4595376	1
2	108125	161.45957856	1
2	108138	161.45961952	1
2	108282	162.4595376	1
2	108291	162.45957856	1
2	108298	162.45961952	1
2	108318	162.4605376	1
2	108327	162.46057856	1
2	108334	162.46061952	1
2	108354	162.4615376	1
2	108365	162.46157856	1
2	108377	162.46161952	1
2	108414	162.4625376	1
2	108425	162.46257856	1
2	108438	162.46261952	1
2	108486	162.4635376	1
2	108497	162.46357856	1
2	108510	162.46361952	1
2	108558	162.4645376	1
2	108569	162.46457856	1
2	108582	162.46461952	1
2	108630	162.4655376	1
2	108641	162.46557856	1
2	108654	162.46561952	1
2	108702	162.4665376	1
2	108713	162.46657856	1
2	108726	162.46661952	1
2	108774	162.4675376	1
2	108785	162.46757856	1
2	108798	162.46761952	1
2	108834	162.4685376	1
2	108845	162.46857856	1
2	108858	162.46861952	1
2	109002	163.4685376	1
2	109011	163.46857856	1
2	109018	163.46861952	1
2	109038	163.4695376	1
2	109047	163.46957856	1
2	109054	163.46961952	1
2	109074	163.4705376	1
2	109085	163.47057856	1
2	109097	163.47061952	1
2	109134	163.4715376	1
2	109145	163.47157856	1
2	109158	163.47161952	1
2	109206	163.4725376	1
2	109217	163.47257856	1
2	109230	163.47261952	1
2	109278	163.4735376	1
2	109289	163.47357856	1
2	109302	163.47361952	1
2	109350	163.4745376	1
2	109361	163.47457856	1
2	109374	163.47461952	1
2	109422	163.4755376	1
2	109433	163.47557856	1
2	109446	163.47561952	1
2	109494	163.4765376	1
2	109505	163.47657856	1
2	109518	163.47661952	1
2	109554	163.4775376	1
2	109565	163.47757856	1
2	109578	163.47761952	1
2	109722	164.4775376	1
2	109731	164.47757856	1
2	109738	164.47761952	1
2	109758	164.4785376	1
2	109767	164.47857856	1
2	109774	164.47861952	1
2	109794	164.4795376	1
2	109805	164.47957856	1
2	109817	164.47961952	1
2	109854	164.4805376	1
2	109865	164.48057856	1
2	109878	164.48061952	1
2	109926	164.4815376	1
2	109937	164.48157856	1
2	109950	164.48161952	1
2	109998	164.4825376	1
2	110009	164.48257856	1
2	110022	164.48261952	1
2	110070	164.4835376	1
2	110081	164.48357856	1
2	110094	164.48361952	1
2	110142	164.4845376	1
2	110153	164.48457856	1
2	110166	164.48461952	1
2	110214	164.4855376	1
2	110225	164.48557856	1
2	110238	164.48561952	1
2	110274	164.4865376	1
2	110285	164.48657856	1
2	110298	164.48661952	1
2	110442	165.4865376	1
2	110451	165.48657856	1
2	110458	165.48661952	1
2	110478	165.4875376	1
2	110487	165.48757856	1
2	110494	165.48761952	1
2	110514	165.4885376	1
2	110525	165.48857856	1
2	110537	165.48861952	1
2	110574	165.4895376	1
2	110585	165.48957856	1
2	110598	165.48961952	1
2	110646	165.4905376	1
2	110657	165.49057856	1
2	110670	165.49061952	1
2	110718	165.4915376	1
2	110729	165.49157856	1
2	110742	165.49161952	1
2	110790	165.4925376	1
2	110801	165.49257856	1
2	110814	165.49261952	1
2	110862	165.4935376	1
2	110873	165.49357856	1
2	110886	165.49361952	1
2	110934	165.4945376	1
2	110945	165.49457856	1
2	110958	165.49461952	1
2	110994	165.4955376	1
2	111005	165.49557856	1
2	111018	165.49561952	1
2	111162	166.4955376	1
2	111171	166.49557856	1
2	111178	166.49561952	1
2	111198	166.4965376	1
2	111207	166.49657856	1
2	111214	166.49661952	1
2	111234	166.4975376	1
2	111245	166.49757856	1
2	111257	166.49761952	1
2	111294	166.4985376	1
2	111305	166.49857856	1
2	111318	166.49861952	1
2	111366	166.4995376	1
2	111377	166.49957856	1
2	111390	166.49961952	1
2	111438	166.5005376	1
2	111449	166.50057856	1
2	111462	166.50061952	1
2	111510	166.5015376	1
2	111521	166.50157856	1
2	111534	166.50161952	1
2	111582	166.5025376	1
2	111593	166.50257856	1
2	111606	166.50261952	1
2	111654	166.5035376	1
2	111665	166.50357856	1
2	111678	166.50361952	1
2	111714	166.5045376	1
2	111725	166.50457856	1
2	111738	166.50461952	1
2	111882	167.5045376	1
2	111891	167.50457856	1
2	111898	167.50461952	1
2	111918	167.5055376	1
2	111927	167.50557856	1
2	111934	167.50561952	1
2	111954	167.5065376	1
2	111965	167.50657856	1
2	111977	167.50661952	1
2	112014	167.5075376	1
2	112025	167.50757856	1
2	112038	167.50761952	1
2	112086	167.5085376	1
2	112097	167.50857856	1
2	112110	167.50861952	1
2	112158	167.5095376	1
2	112169	167.50957856	1
2	112182	167.50961952	1
2	112230	167.5105376	1
2	112241	167.51057856	1
2	112254	167.51061952	1
2	112302	167.5115376	1
2	112313	167.51157856	1
2	112326	167.51161952	1
2	112374	167.5125376	1
2	112385	167.51257856	1
2	112398	167.51261952	1
2	112434	167.5135376	1
2	112445	167.51357856	1
2	112458	167.51361952	1
2	112602	168.5135376	1
2	112611	168.51357856	1
2	112618	168.51361952	1
2	112638	168.5145376	1
2	112647	168.51457856	1
2	112654	168.51461952	1
2	112674	168.5155376	1
2	112685	168.51557856	1
2	112697	168.51561952	1
2	112734	168.5165376	1
2	112745	168.51657856	1
2	112758	168.51661952	1
2	112806	168.5175376	1
2	112817	168.51757856	1
2	112830	168.51761952	1
2	112878	168.5185376	1
2	112889	168.51857856	1
2	112902	168.51861952	1
2	112950	168.5195376	1
2	112961	168.51957856	1
2	112974	168.51961952	1
2	113022	168.5205376	1
2	113033	168.52057856	1
2	113046	168.52061952	1
2	113094	168.5215376	1
2	113105	168.52157856	1
2	113118	168.52161952	1
2	113154	168.5225376	1
2	113165	168.52257856	1
2	113178	168.52261952	1
2	113322	169.5225376	1
2	113331	169.52257856	1
2	113338	169.52261952	1
2	113358	169.5235376	1
2	113367	169.52357856	1
2	113374	169.52361952	1
2	113394	169.5245376	1
2	113405	169.52457856	1
2	113417	169.52461952	1
2	113454	169.5255376	1
2	113465	169.52557856	1
2	113478	169.52561952	1
2	113526	169.5265376	1
2	113537	169.52657856	1
2	113550	169.52661952	1
2	113598	169.5275376	1
2	113609	169.52757856	1
2	113622	169.52761952	1
2	113670	169.5285376	1
2	113681	169.52857856	1
2	113694	169.52861952	1
2	113742	169.5295376	1
2	113753	169.52957856	1
2	113766	169.52961952	1
2	113814	169.5305376	1
2	113825	169.53057856	1
2	113838	169.53061952	1
2	113874	169.5315376	1
2	113885	169.53157856	1
2	113898	169.53161952	1
2	114042	170.5315376	1
2	114051	170.53157856	1
2	114058	170.53161952	1
2	114078	170.5325376	1
2	114087	170.53257856	1
2	114094	170.53261952	1
2	114114	170.5335376	1
2	114125	170.53357856	1
2	114137	170.53361952	1
2	114174	170.5345376	1
2	114185	170.53457856	1
2	114198	170.53461952	1
2	114246	170.5355376	1
2	114257	170.53557856	1
2	114270	170.53561952	1
2	114318	170.5365376	1
2	114329	170.53657856	1
2	114342	170.53661952	1
2	114390	170.5375376	1
2	114401	170.53757856	1
2	114414	170.53761952	1
2	114462	170.5385376	1
2	114473	170.53857856	1
2	114486	170.53861952	1
2	114534	170.5395376	1
2	114545	170.53957856	1
2	114558	170.53961952	1
2	114594	170.5405376	1
2	114605	170.54057856	1
2	114618	170.54061952	1
2	114762	171.5405376	1
2	114771	171.54057856	1
2	114778	171.54061952	1
2	114798	171.5415376	1
2	114807	171.54157856	1
2	114814	171.54161952	1
2	114834	171.5425376	1
2	114845	171.54257856	1
2	114857	171.54261952	1
2	114894	171.5435376	1
2	114905	171.54357856	1
2	114918	171.54361952	1
2	114966	171.5445376	1
2	114977	171.54457856	1
2	114990	171.54461952	1
2	115038	171.5455376	1
2	115049	171.54557856	1
2	115062	171.54561952	1
2	115110	171.5465376	1
2	115121	171.54657856	1
2	115134	171.54661952	1
2	115182	171.5475376	1
2	115193	171.54757856	1
2	115206	171.54761952	1
2	115254	171.5485376	1
2	115265	171.54857856	1
2	115278	171.54861952	1
2	115314	171.5495376	1
2	115325	171.54957856	1
2	115338	171.54961952	1
2	115482	172.5495376	1
2	115491	172.54957856	1
2	115498	172.54961952	1
2	115518	172.5505376	1
2	115527	172.55057856	1
2	115534	172.55061952	1
2	115554	172.5515376	1
2	115565	172.55157856	1
2	115577	172.55161952	1
2	115614	172.5525376	1
2	115625	172.55257856	1
2	115638	172.55261952	1
2	115686	172.5535376	1
2	115697	172.55357856	1
2	115710	172.55361952	1
2	115758	172.5545376	1
2	115769	172.55457856	1
2	115782	172.55461952	1
2	115830	172.5555376	1
2	115841	172.55557856	1
2	115854	172.55561952	1
2	115902	172.5565376	1
2	115913	172.55657856	1
2	115926	172.55661952	1
2	115974	172.5575376	1
2	115985	172.55757856	1
2	115998	172.55761952	1
2	116034	172.5585376	1
2	116045	172.55857856	1
2	116058	172.55861952	1
2	116202	173.5585376	1
2	116211	173.55857856	1
2	116218	173.55861952	1
2	116238	173.5595376	1
2	116247	173.55957856	1
2	116254	173.55961952	1
2	116274	173.5605376	1
2	116285	173.56057856	1
2	116297	173.56061952	1
2	116334	173.5615376	1
2	116345	173.56157856	1
2	116358	173.56161952	1
2	116406	173.5625376	1
2	116417	173.56257856	1
2	116430	173.56261952	1
2	116478	173.5635376	1
2	116489	173.56357856	1
2	116502	173.56361952	1
2	116550	173.5645376	1
2	116561	173.56457856	1
2	116574	173.56461952	1
2	116622	173.5655376	1
2	116633	173.56557856	1
2	116646	173.56561952	1
2	116694	173.5665376	1
2	116705	173.56657856	1
2	116718	173.56661952	1
2	116754	173.5675376	1
2	116765	173.56757856	1
2	116778	173.56761952	1
2	116922	174.5675376	1
2	116931	174.56757856	1
2	116938	174.56761952	1
2	116958	174.5685376	1
2	116967	174.56857856	1
2	116974	174.56861952	1
2	116994	174.5695376	1
2	117005	174.56957856	1
2	117017	174.56961952	1
2	117054	174.5705376	1
2	117065	174.57057856	1
2	117078	174.57061952	1
2	117126	174.5715376	1
2	117137	174.57157856	1
2	117150	174.57161952	1
2	117198	174.5725376	1
2	117209	174.57257856	1
2	117222	174.57261952	1
2	117270	174.5735376	1
2	117281	174.57357856	1
2	117294	174.57361952	1
2	117342	174.5745376	1
2	117353	174.57457856	1
2	117366	174.57461952	1
2	117414	174.5755376	1
2	117425	174.57557856	1
2	117438	174.57561952	1
2	117474	174.5765376	1
2	117485	174.57657856	1
2	117498	174.57661952	1
3	19	1.0010512	1
3	27	1.00105632	1
3	31	1.00106144	1
3	99	1.00708192	1
3	103	1.0071024	1
3	107	1.00712288	1
3	159	1.01954272	1
3	169	1.01958368	1
3	175	1.01962464	1
3	195	1.02054272	1
3	205	1.02058368	1
3	211	1.02062464	1
3	231	1.02154272	1
3	244	1.02158368	1
3	255	1.02162464	1
3	291	1.02254272	1
3	304	1.02258368	1
3	316	1.02262464	1
3	363	1.02354272	1
3	376	1.02358368	1
3	388	1.02362464	1
3	435	1.02454272	1
3	448	1.02458368	1
3	460	1.02462464	1
3	507	1.02554272	1
3	520	1.02558368	1
3	532	1.02562464	1
3	579	1.02654272	1
3	592	1.02658368	1
3	604	1.02662464	1
3	651	1.02754272	1
3	664	1.02758368	1
3	676	1.02762464	1
3	711	1.02854272	1
3	724	1.02858368	1
3	736	1.02862464	1
3	879	2.02854272	1
3	889	2.02858368	1
3	895	2.02862464	1
3	915	2.02954272	1
3	925	2.02958368	1
3	931	2.02962464	1
3	951	2.03054272	1
3	964	2.03058368	1
3	975	2.03062464	1
3	1011	2.03154272	1
3	1024	2.03158368	1
3	1036	2.03162464	1
3	1083	2.03254272	1
3	1096	2.03258368	1
3	1108	2.03262464	1
3	1155	2.03354272	1
3	1168	2.03358368	1
3	1180	2.03362464	1
3	1227	2.03454272	1
3	1240	2.03458368	1
3	1252	2.03462464	1
3	1299	2.03554272	1
3	1312	2.03558368	1
3	1324	2.03562464	1
3	1371	2.03654272	1
3	1384	2.03658368	1
3	1396	2.03662464	1
3	1431	2.03754272	1
3	1444	2.03758368	1
3	1456	2.03762464	1
3	1599	3.03754272	1
3	1609	3.03758368	1
3	1615	3.03762464	1
3	1635	3.03854272	1
3	1645	3.03858368	1
3	1651	3.03862464	1
3	1671	3.03954272	1
3	1684	3.03958368	1
3	1695	3.03962464	1
3	1731	3.04054272	1
3	1744	3.04058368	1
3	1756	3.04062464	1
3	1803	3.04154272	1
3	1816	3.04158368	1
3	1828	3.04162464	1
3	1875	3.04254272	1
3	1888	3.04258368	1
3	1900	3.04262464	1
3	1947	3.04354272	1
3	1960	3.04358368	1
3	1972	3.04362464	1
3	2019	3.04454272	1
3	2032	3.04458368	1
3	2044	3.04462464	1
3	2091	3.04554272	1
3	2104	3.04558368	1
3	2116	3.04562464	1
3	2151	3.04654272	1
3	2164	3.04658368	1
3	2176	3.04662464	1
3	2319	4.04654272	1
3	2329	4.04658368	1
3	2335	4.04662464	1
3	2355	4.04754272	1
3	2365	4.04758368	1
3	2371	4.04762464	1
3	2391	4.04854272	1
3	2404	4.04858368	1
3	2415	4.04862464	1
3	2451	4.04954272	1
3	2464	4.04958368	1
3	2476	4.04962464	1
3	2523	4.05054272	1
3	2536	4.05058368	1
3	2548	4.05062464	1
3	2595	4.05154272	1
3	2608	4.05158368	1
3	2620	4.05162464	1
3	2667	4.05254272	1
3	2680	4.05258368	1
3	2692	4.05262464	1
3	2739	4.05354272	1
3	2752	4.05358368	1
3	2764	4.05362464	1
3	2811	4.05454272	1
3	2824	4.05458368	1
3	2836	4.05462464	1
3	2871	4.05554272	1
3	2884	4.05558368	1
3	2896	4.05562464	1
3	3039	5.05554272	1
3	3049	5.05558368	1
3	3055	5.05562464	1
3	3075	5.05654272	1
3	3085	5.05658368	1
3	3091	5.05662464	1
3	3111	5.05754272	1
3	3124	5.05758368	1
3	3135	5.05762464	1
3	3171	5.05854272	1
3	3184	5.05858368	1
3	3196	5.05862464	1
3	3243	5.05954272	1
3	3256	5.05958368	1
3	3268	5.05962464	1
3	3315	5.06054272	1
3	3328	5.06058368	1
3	3340	5.06062464	1
3	3387	5.06154272	1
3	3400	5.06158368	1
3	3412	5.06162464	1
3	3459	5.06254272	1
3	3472	5.06258368	1
3	3484	5.06262464	1
3	3531	5.06354272	1
3	3544	5.06358368	1
3	3556	5.06362464	1
3	3591	5.06454272	1
3	3604	5.06458368	1
3	3616	5.06462464	1
3	3759	6.06454272	1
3	3769	6.06458368	1
3	3775	6.06462464	1
3	3795	6.06554272	1
3	3805	6.06558368	1
3	3811	6.06562464	1
3	3831	6.06654272	1
3	3844	6.06658368	1
3	3855	6.06662464	1
3	3891	6.06754272	1
3	3904	6.06758368	1
3	3916	6.06762464	1
3	3963	6.06854272	1
3	3976	6.06858368	1
3	3988	6.06862464	1
3	4035	6.06954272	1
3	4048	6.06958368	1
3	4060	6.06962464	1
3	4107	6.07054272	1
3	4120	6.07058368	1
3	4132	6.07062464	1
3	4179	6.07154272	1
3	4192	6.07158368	1
3	4204	6.07162464	1
3	4251	6.07254272	1
3	4264	6.07258368	1
3	4276	6.07262464	1
3	4311	6.07354272	1
3	4324	6.07358368	1
3	4336	6.07362464	1
3	4479	7.07354272	1
3	4489	7.07358368	1
3	4495	7.07362464	1
3	4515	7.07454272	1
3	4525	7.07458368	1
3	4531	7.07462464	1
3	4551	7.07554272	1
3	4564	7.07558368	1
3	4575	7.07562464	1
3	4611	7.07654272	1
3	4624	7.07658368	1
3	4636	7.07662464	1
3	4683	7.07754272	1
3	4696	7.07758368	1
3	4708	7.07762464	1
3	4755	7.07854272	1
3	4768	7.07858368	1
3	4780	7.07862464	1
3	4827	7.07954272	1
3	4840	7.07958368	1
3	4852	7.07962464	1
3	4899	7.08054272	1
3	4912	7.08058368	1
3	4924	7.08062464	1
3	4971	7.08154272	1
3	4984	7.08158368	1
3	4996	7.08162464	1
3	5031	7.08254272	1
3	5044	7.08258368	1
3	5056	7.08262464	1
3	5199	8.08254272	1
3	5209	8.08258368	1
3	5215	8.08262464	1
3	5235	8.08354272	1
3	5245	8.08358368	1
3	5251	8.08362464	1
3	5271	8.08454272	1
3	5284	8.08458368	1
3	5295	8.08462464	1
3	5331	8.08554272	1
3	5344	8.08558368	1
3	5356	8.08562464	1
3	5403	8.08654272	1
3	5416	8.08658368	1
3	5428	8.08662464	1
3	5475	8.08754272	1
3	5488	8.08758368	1
3	5500	8.08762464	1
3	5547	8.08854272	1
3	5560	8.08858368	1
3	5572	8.08862464	1
3	5619	8.08954272	1
3	5632	8.08958368	1
3	5644	8.08962464	1
3	5691	8.09054272	1
3	5704	8.09058368	1
3	5716	8.09062464	1
3	5751	8.09154272	1
3	5764	8.09158368	1
3	5776	8.09162464	1
3	5919	9.09154272	1
3	5929	9.09158368	1
3	5935	9.09162464	1
3	5955	9.09254272	1
3	5965	9.09258368	1
3	5971	9.09262464	1
3	5991	9.09354272	1
3	6004	9.09358368	1
3	6015	9.09362464	1
3	6051	9.09454272	1
3	6064	9.09458368	1
3	6076	9.09462464	1
3	6123	9.09554272	1
3	6136	9.09558368	1
3	6148	9.09562464	1
3	6195	9.09654272	1
3	6208	9.09658368	1
3	6220	9.09662464	1
3	6267	9.09754272	1
3	6280	9.09758368	1
3	6292	9.09762464	1
3	6339	9.09854272	1
3	6352	9.09858368	1
3	6364	9.09862464	1
3	6411	9.09954272	1
3	6424	9.09958368	1
3	6436	9.09962464	1
3	6471	9.10054272	1
3	6484	9.10058368	1
3	6496	9.10062464	1
3	6639	10.10054272	1
3	6649	10.10058368	1
3	6655	10.10062464	1
3	6675	10.10154272	1
3	6685	10.10158368	1
3	6691	10.10162464	1
3	6711	10.10254272	1
3	6724	10.10258368	1
3	6735	10.10262464	1
3	6771	10.10354272	1
3	6784	10.10358368	1
3	6796	10.10362464	1
3	6843	10.10454272	1
3	6856	10.10458368	1
3	6868	10.10462464	1
3	6915	10.10554272	1
3	6928	10.10558368	1
3	6940	10.10562464	1
3	6987	10.10654272	1
3	7000	10.10658368	1
3	7012	10.10662464	1
3	7059	10.10754272	1
3	7072	10.10758368	1
3	7084	10.10762464	1
3	7131	10.10854272	1
3	7144	10.10858368	1
3	7156	10.10862464	1
3	7191	10.10954272	1
3	7204	10.10958368	1
3	7216	10.10962464	1
3	7359	11.10954272	1
3	7369	11.10958368	1
3	7375	11.10962464	1
3	7395	11.11054272	1
3	7405	11.11058368	1
3	7411	11.11062464	1
3	7431	11.11154272	1
3	7444	11.11158368	1
3	7455	11.11162464	1
3	7491	11.11254272	1
3	7504	11.11258368	1
3	7516	11.11262464	1
3	7563	11.11354272	1
3	7576	11.11358368	1
3	7588	11.11362464	1
3	7635	11.11454272	1
3	7648	11.11458368	1
3	7660	11.11462464	1
3	7707	11.11554272	1
3	7720	11.11558368	1
3	7732	11.11562464	1
3	7779	11.11654272	1
3	7792	11.11658368	1
3	7804	11.11662464	1
3	7851	11.11754272	1
3	7864	11.11758368	1
3	7876	11.11762464	1
3	7911	11.11854272	1
3	7924	11.11858368	1
3	7936	11.11862464	1
3	8079	12.11854272	1
3	8089	12.11858368	1
3	8095	12.11862464	1
3	8115	12.11954272	1
3	8125	12.11958368	1
3	8131	12.11962464	1
3	8151	12.12054272	1
3	8164	12.12058368	1
3	8175	12.12062464	1
3	8211	12.12154272	1
3	8224	12.12158368	1
3	8236	12.12162464	1
3	8283	12.12254272	1
3	8296	12.12258368	1
3	8308	12.12262464	1
3	8355	12.12354272	1
3	8368	12.12358368	1
3	8380	12.12362464	1
3	8427	12.12454272	1
3	8440	12.12458368	1
3	8452	12.12462464	1
3	8499	12.12554272	1
3	8512	12.12558368	1
3	8524	12.12562464	1
3	8571	12.12654272	1
3	8584	12.12658368	1
3	8596	12.12662464	1
3	8631	12.12754272	1
3	8644	12.12758368	1
3	8656	12.12762464	1
3	8799	13.12754272	1
3	8809	13.12758368	1
3	8815	13.12762464	1
3	8835	13.12854272	1
3	8845	13.12858368	1
3	8851	13.12862464	1
3	8871	13.12954272	1
3	8884	13.12958368	1
3	8895	13.12962464	1
3	8931	13.13054272	1
3	8944	13.13058368	1
3	8956	13.13062464	1
3	9003	13.13154272	1
3	9016	13.13158368	1
3	9028	13.13162464	1
3	9075	13.13254272	1
3	9088	13.13258368	1
3	9100	13.13262464	1
3	9147	13.13354272	1
3	9160	13.13358368	1
3	9172	13.13362464	1
3	9219	13.13454272	1
3	9232	13.13458368	1
3	9244	13.13462464	1
3	9291	13.13554272	1
3	9304	13.13558368	1
3	9316	13.13562464	1
3	9351	13.13654272	1
3	9364	13.13658368	1
3	9376	13.13662464	1
3	9519	14.13654272	1
3	9529	14.13658368	1
3	9535	14.13662464	1
3	9555	14.13754272	1
3	9565	14.13758368	1
3	9571	14.13762464	1
3	9591	14.13854272	1
3	9604	14.13858368	1
3	9615	14.13862464	1
3	9651	14.13954272	1
3	9664	14.13958368	1
3	9676	14.13962464	1
3	9723	14.14054272	1
3	9736	14.14058368	1
3	9748	14.14062464	1
3	9795	14.14154272	1
3	9808	14.14158368	1
3	9820	14.14162464	1
3	9867	14.14254272	1
3	9880	14.14258368	1
3	9892	14.14262464	1
3	9939	14.14354272	1
3	9952	14.14358368	1
3	9964	14.14362464	1
3	10011	14.14454272	1
3	10024	14.14458368	1
3	10036	14.14462464	1
3	10071	14.14554272	1
3	10084	14.14558368	1
3	10096	14.14562464	1
3	10239	15.14554272	1
3	10249	15.14558368	1
3	10255	15.14562464	1
3	10275	15.14654272	1
3	10285	15.14658368	1
3	10291	15.14662464	1
3	10311	15.14754272	1
3	10324	15.14758368	1
3	10335	15.14762464	1
3	10371	15.14854272	1
3	10384	15.14858368	1
3	10396	15.14862464	1
3	10443	15.14954272	1
3	10456	15.14958368	1
3	10468	15.14962464	1
3	10515	15.15054272	1
3	10528	15.15058368	1
3	10540	15.15062464	1
3	10587	15.15154272	1
3	10600	15.15158368	1
3	10612	15.15162464	1
3	10659	15.15254272	1
3	10672	15.15258368	1
3	10684	15.15262464	1
3	10731	15.15354272	1
3	10744	15.15358368	1
3	10756	15.15362464	1
3	10791	15.15454272	1
3	10804	15.15458368	1
3	10816	15.15462464	1
3	10959	16.15454272	1
3	10969	16.15458368	1
3	10975	16.15462464	1
3	10995	16.15554272	1
3	11005	16.15558368	1
3	11011	16.15562464	1
3	11031	16.15654272	1
3	11044	16.15658368	1
3	11055	16.15662464	1
3	11091	16.15754272	1
3	11104	16.15758368	1
3	11116	16.15762464	1
3	11163	16.15854272	1
3	11176	16.15858368	1
3	11188	16.15862464	1
3	11235	16.15954272	1
3	11248	16.15958368	1
3	11260	16.15962464	1
3	11307	16.16054272	1
3	11320	16.16058368	1
3	11332	16.16062464	1
3	11379	16.16154272	1
3	11392	16.16158368	1
3	11404	16.16162464	1
3	11451	16.16254272	1
3	11464	16.16258368	1
3	11476	16.16262464	1
3	11511	16.16354272	1
3	11524	16.16358368	1
3	11536	16.16362464	1
3	11679	17.16354272	1
3	11689	17.16358368	1
3	11695	17.16362464	1
3	11715	17.16454272	1
3	11725	17.16458368	1
3	11731	17.16462464	1
3	11751	17.16554272	1
3	11764	17.16558368	1
3	11775	17.16562464	1
3	11811	17.16654272	1
3	11824	17.16658368	1
3	11836	17.16662464	1
3	11883	17.16754272	1
3	11896	17.16758368	1
3	11908	17.16762464	1
3	11955	17.16854272	1
3	11968	17.16858368	1
3	11980	17.16862464	1
3	12027	17.16954272	1
3	12040	17.16958368	1
3	12052	17.16962464	1
3	12099	17.17054272	1
3	12112	17.17058368	1
3	12124	17.17062464	1
3	12171	17.17154272	1
3	12184	17.17158368	1
3	12196	17.17162464	1
3	12231	17.17254272	1
3	12244	17.17258368	1
3	12256	17.17262464	1
3	12399	18.17254272	1
3	12409	18.17258368	1
3	12415	18.17262464	1
3	12435	18.17354272	1
3	12445	18.17358368	1
3	12451	18.17362464	1
3	12471	18.17454272	1
3	12484	18.17458368	1
3	12495	18.17462464	1
3	12531	18.17554272	1
3	12544	18.17558368	1
3	12556	18.17562464	1
3	12603	18.17654272	1
3	12616	18.17658368	1
3	12628	18.17662464	1
3	12675	18.17754272	1
3	12688	18.17758368	1
3	12700	18.17762464	1
3	12747	18.17854272	1
3	12760	18.17858368	1
3	12772	18.17862464	1
3	12819	18.17954272	1
3	12832	18.17958368	1
3	12844	18.17962464	1
3	12891	18.18054272	1
3	12904	18.18058368	1
3	12916	18.18062464	1
3	12951	18.18154272	1
3	12964	18.18158368	1
3	12976	18.18162464	1
3	13119	19.18154272	1
3	13129	19.18158368	1
3	13135	19.18162464	1
3	13155	19.18254272	1
3	13165	19.18258368	1
3	13171	19.18262464	1
3	13191	19.18354272	1
3	13204	19.18358368	1
3	13215	19.18362464	1
3	13251	19.18454272	1
3	13264	19.18458368	1
3	13276	19.18462464	1
3	13323	19.18554272	1
3	13336	19.18558368	1
3	13348	19.18562464	1
3	13395	19.18654272	1
3	13408	19.18658368	1
3	13420	19.18662464	1
3	13467	19.18754272	1
3	13480	19.18758368	1
3	13492	19.18762464	1
3	13539	19.18854272	1
3	13552	19.18858368	1
3	13564	19.18862464	1
3	13611	19.18954272	1
3	13624	19.18958368	1
3	13636	19.18962464	1
3	13671	19.19054272	1
3	13684	19.19058368	1
3	13696	19.19062464	1
3	13839	20.19054272	1
3	13849	20.19058368	1
3	13855	20.19062464	1
3	13875	20.19154272	1
3	13885	20.19158368	1
3	13891	20.19162464	1
3	13911	20.19254272	1
3	13924	20.19258368	1
3	13935	20.19262464	1
3	13971	20.19354272	1
3	13984	20.19358368	1
3	13996	20.19362464	1
3	14043	20.19454272	1
3	14056	20.19458368	1
3	14068	20.19462464	1
3	14115	20.19554272	1
3	14128	20.19558368	1
3	14140	20.19562464	1
3	14187	20.19654272	1
3	14200	20.19658368	1
3	14212	20.19662464	1
3	14259	20.19754272	1
3	14272	20.19758368	1
3	14284	20.19762464	1
3	14331	20.19854272	1
3	14344	20.19858368	1
3	14356	20.19862464	1
3	14391	20.19954272	1
3	14404	20.19958368	1
3	14416	20.19962464	1
3	14559	21.19954272	1
3	14569	21.19958368	1
3	14575	21.19962464	1
3	14595	21.20054272	1
3	14605	21.20058368	1
3	14611	21.20062464	1
3	14631	21.20154272	1
3	14644	21.20158368	1
3	14655	21.20162464	1
3	14691	21.20254272	1
3	14704	21.20258368	1
3	14716	21.20262464	1
3	14763	21.20354272	1
3	14776	21.20358368	1
3	14788	21.20362464	1
3	14835	21.20454272	1
3	14848	21.20458368	1
3	14860	21.20462464	1
3	14907	21.20554272	1
3	14920	21.20558368	1
3	14932	21.20562464	1
3	14979	21.20654272	1
3	14992	21.20658368	1
3	15004	21.20662464	1
3	15051	21.20754272	1
3	15064	21.20758368	1
3	15076	21.20762464	1
3	15111	21.20854272	1
3	15124	21.20858368	1
3	15136	21.20862464	1
3	15279	22.20854272	1
3	15289	22.20858368	1
3	15295	22.20862464	1
3	15315	22.20954272	1
3	15325	22.20958368	1
3	15331	22.20962464	1
3	15351	22.21054272	1
3	15364	22.21058368	1
3	15375	22.21062464	1
3	15411	22.21154272	1
3	15424	22.21158368	1
3	15436	22.21162464	1
3	15483	22.21254272	1
3	15496	22.21258368	1
3	15508	22.21262464	1
3	15555	22.21354272	1
3	15568	22.21358368	1
3	15580	22.21362464	1
3	15627	22.21454272	1
3	15640	22.21458368	1
3	15652	22.21462464	1
3	15699	22.21554272	1
3	15712	22.21558368	1
3	15724	22.21562464	1
3	15771	22.21654272	1
3	15784	22.21658368	1
3	15796	22.21662464	1
3	15831	22.21754272	1
3	15844	22.21758368	1
3	15856	22.21762464	1
3	15999	23.21754272	1
3	16009	23.21758368	1
3	16015	23.21762464	1
3	16035	23.21854272	1
3	16045	23.21858368	1
3	16051	23.21862464	1
3	16071	23.21954272	1
3	16084	23.21958368	1
3	16095	23.21962464	1
3	16131	23.22054272	1
3	16144	23.22058368	1
3	16156	23.22062464	1
3	16203	23.22154272	1
3	16216	23.22158368	1
3	16228	23.22162464	1
3	16275	23.22254272	1
3	16288	23.22258368	1
3	16300	23.22262464	1
3	16347	23.22354272	1
3	16360	23.22358368	1
3	16372	23.22362464	1
3	16419	23.22454272	1
3	16432	23.22458368	1
3	16444	23.22462464	1
3	16491	23.22554272	1
3	16504	23.22558368	1
3	16516	23.22562464	1
3	16551	23.22654272	1
3	16564	23.22658368	1
3	16576	23.22662464	1
3	16719	24.22654272	1
3	16729	24.22658368	1
3	16735	24.22662464	1
3	16755	24.22754272	1
3	16765	24.22758368	1
3	16771	24.22762464	1
3	16791	24.22854272	1
3	16804	24.22858368	1
3	16815	24.22862464	1
3	16851	24.22954272	1
3	16864	24.22958368	1
3	16876	24.22962464	1
3	16923	24.23054272	1
3	16936	24.23058368	1
3	16948	24.23062464	1
3	16995	24.23154272	1
3	17008	24.23158368	1
3	17020	24.23162464	1
3	17067	24.23254272	1
3	17080	24.23258368	1
3	17092	24.23262464	1
3	17139	24.23354272	1
3	17152	24.23358368	1
3	17164	24.23362464	1
3	17211	24.23454272	1
3	17224	24.23458368	1
3	17236	24.23462464	1
3	17271	24.23554272	1
3	17284	24.23558368	1
3	17296	24.23562464	1
3	17439	25.23554272	1
3	17449	25.23558368	1
3	17455	25.23562464	1
3	17475	25.23654272	1
3	17485	25.23658368	1
3	17491	25.23662464	1
3	17511	25.23754272	1
3	17524	25.23758368	1
3	17535	25.23762464	1
3	17571	25.23854272	1
3	17584	25.23858368	1
3	17596	25.23862464	1
3	17643	25.23954272	1
3	17656	25.23958368	1
3	17668	25.23962464	1
3	17715	25.24054272	1
3	17728	25.24058368	1
3	17740	25.24062464	1
3	17787	25.24154272	1
3	17800	25.24158368	1
3	17812	25.24162464	1
3	17859	25.24254272	1
3	17872	25.24258368	1
3	17884	25.24262464	1
3	17931	25.24354272	1
3	17944	25.24358368	1
3	17956	25.24362464	1
3	17991	25.24454272	1
3	18004	25.24458368	1
3	18016	25.24462464	1
3	18159	26.24454272	1
3	18169	26.24458368	1
3	18175	26.24462464	1
3	18195	26.24554272	1
3	18205	26.24558368	1
3	18211	26.24562464	1
3	18231	26.24654272	1
3	18244	26.24658368	1
3	18255	26.24662464	1
3	18291	26.24754272	1
3	18304	26.24758368	1
3	18316	26.24762464	1
3	18363	26.24854272	1
3	18376	26.24858368	1
3	18388	26.24862464	1
3	18435	26.24954272	1
3	18448	26.24958368	1
3	18460	26.24962464	1
3	18507	26.25054272	1
3	18520	26.25058368	1
3	18532	26.25062464	1
3	18579	26.25154272	1
3	18592	26.25158368	1
3	18604	26.25162464	1
3	18651	26.25254272	1
3	18664	26.25258368	1
3	18676	26.25262464	1
3	18711	26.25354272	1
3	18724	26.25358368	1
3	18736	26.25362464	1
3	18879	27.25354272	1
3	18889	27.25358368	1
3	18895	27.25362464	1
3	18915	27.25454272	1
3	18925	27.25458368	1
3	18931	27.25462464	1
3	18951	27.25554272	1
3	18964	27.25558368	1
3	18975	27.25562464	1
3	19011	27.25654272	1
3	19024	27.25658368	1
3	19036	27.25662464	1
3	19083	27.25754272	1
3	19096	27.25758368	1
3	19108	27.25762464	1
3	19155	27.25854272	1
3	19168	27.25858368	1
3	19180	27.25862464	1
3	19227	27.25954272	1
3	19240	27.25958368	1
3	19252	27.25962464	1
3	19299	27.26054272	1
3	19312	27.26058368	1
3	19324	27.26062464	1
3	19371	27.26154272	1
3	19384	27.26158368	1
3	19396	27.26162464	1
3	19431	27.26254272	1
3	19444	27.26258368	1
3	19456	27.26262464	1
3	19599	28.26254272	1
3	19609	28.26258368	1
3	19615	28.26262464	1
3	19635	28.26354272	1
3	19645	28.26358368	1
3	19651	28.26362464	1
3	19671	28.26454272	1
3	19684	28.26458368	1
3	19695	28.26462464	1
3	19731	28.26554272	1
3	19744	28.26558368	1
3	19756	28.26562464	1
3	19803	28.26654272	1
3	19816	28.26658368	1
3	19828	28.26662464	1
3	19875	28.26754272	1
3	19888	28.26758368	1
3	19900	28.26762464	1
3	19947	28.26854272	1
3	19960	28.26858368	1
3	19972	28.26862464	1
3	20019	28.26954272	1
3	20032	28.26958368	1
3	20044	28.26962464	1
3	20091	28.27054272	1
3	20104	28.27058368	1
3	20116	28.27062464	1
3	20151	28.27154272	1
3	20164	28.27158368	1
3	20176	28.27162464	1
3	20319	29.27154272	1
3	20329	29.27158368	1
3	20335	29.27162464	1
3	20355	29.27254272	1
3	20365	29.27258368	1
3	20371	29.27262464	1
3	20391	29.27354272	1
3	20404	29.27358368	1
3	20415	29.27362464	1
3	20451	29.27454272	1
3	20464	29.27458368	1
3	20476	29.27462464	1
3	20523	29.27554272	1
3	20536	29.27558368	1
3	20548	29.27562464	1
3	20595	29.27654272	1
3	20608	29.27658368	1
3	20620	29.27662464	1
3	20667	29.27754272	1
3	20680	29.27758368	1
3	20692	29.27762464	1
3	20739	29.27854272	1
3	20752	29.27858368	1
3	20764	29.27862464	1
3	20811	29.27954272	1
3	20824	29.27958368	1
3	20836	29.27962464	1
3	20871	29.28054272	1
3	20884	29.28058368	1
3	20896	29.28062464	1
3	21039	30.28054272	1
3	21049	30.28058368	1
3	21055	30.28062464	1
3	21075	30.28154272	1
3	21085	30.28158368	1
3	21091	30.28162464	1
3	21111	30.28254272	1
3	21124	30.28258368	1
3	21135	30.28262464	1
3	21171	30.28354272	1
3	21184	30.28358368	1
3	21196	30.28362464	1
3	21243	30.28454272	1
3	21256	30.28458368	1
3	21268	30.28462464	1
3	21315	30.28554272	1
3	21328	30.28558368	1
3	21340	30.28562464	1
3	21387	30.28654272	1
3	21400	30.28658368	1
3	21412	30.28662464	1
3	21459	30.28754272	1
3	21472	30.28758368	1
3	21484	30.28762464	1
3	21531	30.28854272	1
3	21544	30.28858368	1
3	21556	30.28862464	1
3	21591	30.28954272	1
3	21604	30.28958368	1
3	21616	30.28962464	1
3	21759	31.28954272	1
3	21769	31.28958368	1
3	21775	31.28962464	1
3	21795	31.29054272	1
3	21805	31.29058368	1
3	21811	31.29062464	1
3	21831	31.29154272	1
3	21844	31.29158368	1
3	21855	31.29162464	1
3	21891	31.29254272	1
3	21904	31.29258368	1
3	21916	31.29262464	1
3	21963	31.29354272	1
3	21976	31.29358368	1
3	21988	31.29362464	1
3	22035	31.29454272	1
3	22048	31.29458368	1
3	22060	31.29462464	1
3	22107	31.29554272	1
3	22120	31.29558368	1
3	22132	31.29562464	1
3	22179	31.29654272	1
3	22192	31.29658368	1
3	22204	31.29662464	1
3	22251	31.29754272	1
3	22264	31.29758368	1
3	22276	31.29762464	1
3	22311	31.29854272	1
3	22324	31.29858368	1
3	22336	31.29862464	1
3	22479	32.29854272	1
3	22489	32.29858368	1
3	22495	32.29862464	1
3	22515	32.29954272	1
3	22525	32.29958368	1
3	22531	32.29962464	1
3	22551	32.30054272	1
3	22564	32.30058368	1
3	22575	32.30062464	1
3	22611	32.30154272	1
3	22624	32.30158368	1
3	22636	32.30162464	1
3	22683	32.30254272	1
3	22696	32.30258368	1
3	22708	32.30262464	1
3	22755	32.30354272	1
3	22768	32.30358368	1
3	22780	32.30362464	1
3	22827	32.30454272	1
3	22840	32.30458368	1
3	22852	32.30462464	1
3	22899	32.30554272	1
3	22912	32.30558368	1
3	22924	32.30562464	1
3	22971	32.30654272	1
3	22984	32.30658368	1
3	22996	32.30662464	1
3	23031	32.30754272	1
3	23044	32.30758368	1
3	23056	32.30762464	1
3	23199	33.30754272	1
3	23209	33.30758368	1
3	23215	33.30762464	1
3	23235	33.30854272	1
3	23245	33.30858368	1
3	23251	33.30862464	1
3	23271	33.30954272	1
3	23284	33.30958368	1
3	23295	33.30962464	1
3	23331	33.31054272	1
3	23344	33.31058368	1
3	23356	33.31062464	1
3	23403	33.31154272	1
3	23416	33.31158368	1
3	23428	33.31162464	1
3	23475	33.31254272	1
3	23488	33.31258368	1
3	23500	33.31262464	1
3	23547	33.31354272	1
3	23560	33.31358368	1
3	23572	33.31362464	1
3	23619	33.31454272	1
3	23632	33.31458368	1
3	23644	33.31462464	1
3	23691	33.31554272	1
3	23704	33.31558368	1
3	23716	33.31562464	1
3	23751	33.31654272	1
3	23764	33.31658368	1
3	23776	33.31662464	1
3	23919	34.31654272	1
3	23929	34.31658368	1
3	23935	34.31662464	1
3	23955	34.31754272	1
3	23965	34.31758368	1
3	23971	34.31762464	1
3	23991	34.31854272	1
3	24004	34.31858368	1
3	24015	34.31862464	1
3	24051	34.31954272	1
3	24064	34.31958368	1
3	24076	34.31962464	1
3	24123	34.32054272	1
3	24136	34.32058368	1
3	24148	34.32062464	1
3	24195	34.32154272	1
3	24208	34.32158368	1
3	24220	34.32162464	1
3	24267	34.32254272	1
3	24280	34.32258368	1
3	24292	34.32262464	1
3	24339	34.32354272	1
3	24352	34.32358368	1
3	24364	34.32362464	1
3	24411	34.32454272	1
3	24424	34.32458368	1
3	24436	34.32462464	1
3	24471	34.32554272	1
3	24484	34.32558368	1
3	24496	34.32562464	1
3	24639	35.32554272	1
3	24649	35.32558368	1
3	24655	35.32562464	1
3	24675	35.32654272	1
3	24685	35.32658368	1
3	24691	35.32662464	1
3	24711	35.32754272	1
3	24724	35.32758368	1
3	24735	35.32762464	1
3	24771	35.32854272	1
3	24784	35.32858368	1
3	24796	35.32862464	1
3	24843	35.32954272	1
3	24856	35.32958368	1
3	24868	35.32962464	1
3	24915	35.33054272	1
3	24928	35.33058368	1
3	24940	35.33062464	1
3	24987	35.33154272	1
3	25000	35.33158368	1
3	25012	35.33162464	1
3	25059	35.33254272	1
3	25072	35.33258368	1
3	25084	35.33262464	1
3	25131	35.33354272	1
3	25144	35.33358368	1
3	25156	35.33362464	1
3	25191	35.33454272	1
3	25204	35.33458368	1
3	25216	35.33462464	1
3	25359	36.33454272	1
3	25369	36.33458368	1
3	25375	36.33462464	1
3	25395	36.33554272	1
3	25405	36.33558368	1
3	25411	36.33562464	1
3	25431	36.33654272	1
3	25444	36.33658368	1
3	25455	36.33662464	1
3	25491	36.33754272	1
3	25504	36.33758368	1
3	25516	36.33762464	1
3	25563	36.33854272	1
3	25576	36.33858368	1
3	25588	36.33862464	1
3	25635	36.33954272	1
3	25648	36.33958368	1
3	25660	36.33962464	1
3	25707	36.34054272	1
3	25720	36.34058368	1
3	25732	36.34062464	1
3	25779	36.34154272	1
3	25792	36.34158368	1
3	25804	36.34162464	1
3	25851	36.34254272	1
3	25864	36.34258368	1
3	25876	36.34262464	1
3	25911	36.34354272	1
3	25924	36.34358368	1
3	25936	36.34362464	1
3	26079	37.34354272	1
3	26089	37.34358368	1
3	26095	37.34362464	1
3	26115	37.34454272	1
3	26125	37.34458368	1
3	26131	37.34462464	1
3	26151	37.34554272	1
3	26164	37.34558368	1
3	26175	37.34562464	1
3	26211	37.34654272	1
3	26224	37.34658368	1
3	26236	37.34662464	1
3	26283	37.34754272	1
3	26296	37.34758368	1
3	26308	37.34762464	1
3	26355	37.34854272	1
3	26368	37.34858368	1
3	26380	37.34862464	1
3	26427	37.34954272	1
3	26440	37.34958368	1
3	26452	37.34962464	1
3	26499	37.35054272	1
3	26512	37.35058368	1
3	26524	37.35062464	1
3	26571	37.35154272	1
3	26584	37.35158368	1
3	26596	37.35162464	1
3	26631	37.35254272	1
3	26644	37.35258368	1
3	26656	37.35262464	1
3	26799	38.35254272	1
3	26809	38.35258368	1
3	26815	38.35262464	1
3	26835	38.35354272	1
3	26845	38.35358368	1
3	26851	38.35362464	1
3	26871	38.35454272	1
3	26884	38.35458368	1
3	26895	38.35462464	1
3	26931	38.35554272	1
3	26944	38.35558368	1
3	26956	38.35562464	1
3	27003	38.35654272	1
3	27016	38.35658368	1
3	27028	38.35662464	1
3	27075	38.35754272	1
3	27088	38.35758368	1
3	27100	38.35762464	1
3	27147	38.35854272	1
3	27160	38.35858368	1
3	27172	38.35862464	1
3	27219	38.35954272	1
3	27232	38.35958368	1
3	27244	38.35962464	1
3	27291	38.36054272	1
3	27304	38.36058368	1
3	27316	38.36062464	1
3	27351	38.36154272	1
3	27364	38.36158368	1
3	27376	38.36162464	1
3	27519	39.36154272	1
3	27529	39.36158368	1
3	27535	39.36162464	1
3	27555	39.36254272	1
3	27565	39.36258368	1
3	27571	39.36262464	1
3	27591	39.36354272	1
3	27604	39.36358368	1
3	27615	39.36362464	1
3	27651	39.36454272	1
3	27664	39.36458368	1
3	27676	39.36462464	1
3	27723	39.36554272	1
3	27736	39.36558368	1
3	27748	39.36562464	1
3	27795	39.36654272	1
3	27808	39.36658368	1
3	27820	39.36662464	1
3	27867	39.36754272	1
3	27880	39.36758368	1
3	27892	39.36762464	1
3	27939	39.36854272	1
3	27952	39.36858368	1
3	27964	39.36862464	1
3	28011	39.36954272	1
3	28024	39.36958368	1
3	28036	39.36962464	1
3	28071	39.37054272	1
3	28084	39.37058368	1
3	28096	39.37062464	1
3	28239	40.37054272	1
3	28249	40.37058368	1
3	28255	40.37062464	1
3	28275	40.37154272	1
3	28285	40.37158368	1
3	28291	40.37162464	1
3	28311	40.37254272	1
3	28324	40.37258368	1
3	28335	40.37262464	1
3	28371	40.37354272	1
3	28384	40.37358368	1
3	28396	40.37362464	1
3	28443	40.37454272	1
3	28456	40.37458368	1
3	28468	40.37462464	1
3	28515	40.37554272	1
3	28528	40.37558368	1
3	28540	40.37562464	1
3	28587	40.37654272	1
3	28600	40.37658368	1
3	28612	40.37662464	1
3	28659	40.37754272	1
3	28672	40.37758368	1
3	28684	40.37762464	1
3	28731	40.37854272	1
3	28744	40.37858368	1
3	28756	40.37862464	1
3	28791	40.37954272	1
3	28804	40.37958368	1
3	28816	40.37962464	1
3	28959	41.37954272	1
3	28969	41.37958368	1
3	28975	41.37962464	1
3	28995	41.38054272	1
3	29005	41.38058368	1
3	29011	41.38062464	1
3	29031	41.38154272	1
3	29044	41.38158368	1
3	29055	41.38162464	1
3	29091	41.38254272	1
3	29104	41.38258368	1
3	29116	41.38262464	1
3	29163	41.38354272	1
3	29176	41.38358368	1
3	29188	41.38362464	1
3	29235	41.38454272	1
3	29248	41.38458368	1
3	29260	41.38462464	1
3	29307	41.38554272	1
3	29320	41.38558368	1
3	29332	41.38562464	1
3	29379	41.38654272	1
3	29392	41.38658368	1
3	29404	41.38662464	1
3	29451	41.38754272	1
3	29464	41.38758368	1
3	29476	41.38762464	1
3	29511	41.38854272	1
3	29524	41.38858368	1
3	29536	41.38862464	1
3	29679	42.38854272	1
3	29689	42.38858368	1
3	29695	42.38862464	1
3	29715	42.38954272	1
3	29725	42.38958368	1
3	29731	42.38962464	1
3	29751	42.39054272	1
3	29764	42.39058368	1
3	29775	42.39062464	1
3	29811	42.39154272	1
3	29824	42.39158368	1
3	29836	42.39162464	1
3	29883	42.39254272	1
3	29896	42.39258368	1
3	29908	42.39262464	1
3	29955	42.39354272	1
3	29968	42.39358368	1
3	29980	42.39362464	1
3	30027	42.39454272	1
3	30040	42.39458368	1
3	30052	42.39462464	1
3	30099	42.39554272	1
3	30112	42.39558368	1
3	30124	42.39562464	1
3	30171	42.39654272	1
3	30184	42.39658368	1
3	30196	42.39662464	1
3	30231	42.39754272	1
3	30244	42.39758368	1
3	30256	42.39762464	1
3	30399	43.39754272	1
3	30409	43.39758368	1
3	30415	43.39762464	1
3	30435	43.39854272	1
3	30445	43.39858368	1
3	30451	43.39862464	1
3	30471	43.39954272	1
3	30484	43.39958368	1
3	30495	43.39962464	1
3	30531	43.40054272	1
3	30544	43.40058368	1
3	30556	43.40062464	1
3	30603	43.40154272	1
3	30616	43.40158368	1
3	30628	43.40162464	1
3	30675	43.40254272	1
3	30688	43.40258368	1
3	30700	43.40262464	1
3	30747	43.40354272	1
3	30760	43.40358368	1
3	30772	43.40362464	1
3	30819	43.40454272	1
3	30832	43.40458368	1
3	30844	43.40462464	1
3	30891	43.40554272	1
3	30904	43.40558368	1
3	30916	43.40562464	1
3	30951	43.40654272	1
3	30964	43.40658368	1
3	30976	43.40662464	1
3	31119	44.40654272	1
3	31129	44.40658368	1
3	31135	44.40662464	1
3	31155	44.40754272	1
3	31165	44.40758368	1
3	31171	44.40762464	1
3	31191	44.40854272	1
3	31204	44.40858368	1
3	31215	44.40862464	1
3	31251	44.40954272	1
3	31264	44.40958368	1
3	31276	44.40962464	1
3	31323	44.41054272	1
3	31336	44.41058368	1
3	31348	44.41062464	1
3	31395	44.41154272	1
3	31408	44.41158368	1
3	31420	44.41162464	1
3	31467	44.41254272	1
3	31480	44.41258368	1
3	31492	44.41262464	1
3	31539	44.41354272	1
3	31552	44.41358368	1
3	31564	44.41362464	1
3	31611	44.41454272	1
3	31624	44.41458368	1
3	31636	44.41462464	1
3	31671	44.41554272	1
3	31684	44.41558368	1
3	31696	44.41562464	1
3	31839	45.41554272	1
3	31849	45.41558368	1
3	31855	45.41562464	1
3	31875	45.41654272	1
3	31885	45.41658368	1
3	31891	45.41662464	1
3	31911	45.41754272	1
3	31924	45.41758368	1
3	31935	45.41762464	1
3	31971	45.41854272	1
3	31984	45.41858368	1
3	31996	45.41862464	1
3	32043	45.41954272	1
3	32056	45.41958368	1
3	32068	45.41962464	1
3	32115	45.42054272	1
3	32128	45.42058368	1
3	32140	45.42062464	1
3	32187	45.42154272	1
3	32200	45.42158368	1
3	32212	45.42162464	1
3	32259	45.42254272	1
3	32272	45.42258368	1
3	32284	45.42262464	1
3	32331	45.42354272	1
3	32344	45.42358368	1
3	32356	45.42362464	1
3	32391	45.42454272	1
3	32404	45.42458368	1
3	32416	45.42462464	1
3	32559	46.42454272	1
3	32569	46.42458368	1
3	32575	46.42462464	1
3	32595	46.42554272	1
3	32605	46.42558368	1
3	32611	46.42562464	1
3	32631	46.42654272	1
3	32644	46.42658368	1
3	32655	46.42662464	1
3	32691	46.42754272	1
3	32704	46.42758368	1
3	32716	46.42762464	1
3	32763	46.42854272	1
3	32776	46.42858368	1
3	32788	46.42862464	1
3	32835	46.42954272	1
3	32848	46.42958368	1
3	32860	46.42962464	1
3	32907	46.43054272	1
3	32920	46.43058368	1
3	32932	46.43062464	1
3	32979	46.43154272	1
3	32992	46.43158368	1
3	33004	46.43162464	1
3	33051	46.43254272	1
3	33064	46.43258368	1
3	33076	46.43262464	1
3	33111	46.43354272	1
3	33124	46.43358368	1
3	33136	46.43362464	1
3	33279	47.43354272	1
3	33289	47.43358368	1
3	33295	47.43362464	1
3	33315	47.43454272	1
3	33325	47.43458368	1
3	33331	47.43462464	1
3	33351	47.43554272	1
3	33364	47.43558368	1
3	33375	47.43562464	1
3	33411	47.43654272	1
3	33424	47.43658368	1
3	33436	47.43662464	1
3	33483	47.43754272	1
3	33496	47.43758368	1
3	33508	47.43762464	1
3	33555	47.43854272	1
3	33568	47.43858368	1
3	33580	47.43862464	1
3	33627	47.43954272	1
3	33640	47.43958368	1
3	33652	47.43962464	1
3	33699	47.44054272	1
3	33712	47.44058368	1
3	33724	47.44062464	1
3	33771	47.44154272	1
3	33784	47.44158368	1
3	33796	47.44162464	1
3	33831	47.44254272	1
3	33844	47.44258368	1
3	33856	47.44262464	1
3	33999	48.44254272	1
3	34009	48.44258368	1
3	34015	48.44262464	1
3	34035	48.44354272	1
3	34045	48.44358368	1
3	34051	48.44362464	1
3	34071	48.44454272	1
3	34084	48.44458368	1
3	34095	48.44462464	1
3	34131	48.44554272	1
3	34144	48.44558368	1
3	34156	48.44562464	1
3	34203	48.44654272	1
3	34216	48.44658368	1
3	34228	48.44662464	1
3	34275	48.44754272	1
3	34288	48.44758368	1
3	34300	48.44762464	1
3	34347	48.44854272	1
3	34360	48.44858368	1
3	34372	48.44862464	1
3	34419	48.44954272	1
3	34432	48.44958368	1
3	34444	48.44962464	1
3	34491	48.45054272	1
3	34504	48.45058368	1
3	34516	48.45062464	1
3	34551	48.45154272	1
3	34564	48.45158368	1
3	34576	48.45162464	1
3	34719	49.45154272	1
3	34729	49.45158368	1
3	34735	49.45162464	1
3	34755	49.45254272	1
3	34765	49.45258368	1
3	34771	49.45262464	1
3	34791	49.45354272	1
3	34804	49.45358368	1
3	34815	49.45362464	1
3	34851	49.45454272	1
3	34864	49.45458368	1
3	34876	49.45462464	1
3	34923	49.45554272	1
3	34936	49.45558368	1
3	34948	49.45562464	1
3	34995	49.45654272	1
3	35008	49.45658368	1
3	35020	49.45662464	1
3	35067	49.45754272	1
3	35080	49.45758368	1
3	35092	49.45762464	1
3	35139	49.45854272	1
3	35152	49.45858368	1
3	35164	49.45862464	1
3	35211	49.45954272	1
3	35224	49.45958368	1
3	35236	49.45962464	1
3	35271	49.46054272	1
3	35284	49.46058368	1
3	35296	49.46062464	1
3	35439	50.46054272	1
3	35449	50.46058368	1
3	35455	50.46062464	1
3	35475	50.46154272	1
3	35485	50.46158368	1
3	35491	50.46162464	1
3	35511	50.46254272	1
3	35524	50.46258368	1
3	35535	50.46262464	1
3	35571	50.46354272	1
3	35584	50.46358368	1
3	35596	50.46362464	1
3	35643	50.46454272	1
3	35656	50.46458368	1
3	35668	50.46462464	1
3	35715	50.46554272	1
3	35728	50.46558368	1
3	35740	50.46562464	1
3	35787	50.46654272	1
3	35800	50.46658368	1
3	35812	50.46662464	1
3	35859	50.46754272	1
3	35872	50.46758368	1
3	35884	50.46762464	1
3	35931	50.46854272	1
3	35944	50.46858368	1
3	35956	50.46862464	1
3	35991	50.46954272	1
3	36004	50.46958368	1
3	36016	50.46962464	1
3	36159	51.46954272	1
3	36169	51.46958368	1
3	36175	51.46962464	1
3	36195	51.47054272	1
3	36205	51.47058368	1
3	36211	51.47062464	1
3	36231	51.47154272	1
3	36244	51.47158368	1
3	36255	51.47162464	1
3	36291	51.47254272	1
3	36304	51.47258368	1
3	36316	51.47262464	1
3	36363	51.47354272	1
3	36376	51.47358368	1
3	36388	51.47362464	1
3	36435	51.47454272	1
3	36448	51.47458368	1
3	36460	51.47462464	1
3	36507	51.47554272	1
3	36520	51.47558368	1
3	36532	51.47562464	1
3	36579	51.47654272	1
3	36592	51.47658368	1
3	36604	51.47662464	1
3	36651	51.47754272	1
3	36664	51.47758368	1
3	36676	51.47762464	1
3	36711	51.47854272	1
3	36724	51.47858368	1
3	36736	51.47862464	1
3	36879	52.47854272	1
3	36889	52.47858368	1
3	36895	52.47862464	1
3	36915	52.47954272	1
3	36925	52.47958368	1
3	36931	52.47962464	1
3	36951	52.48054272	1
3	36964	52.48058368	1
3	36975	52.48062464	1
3	37011	52.48154272	1
3	37024	52.48158368	1
3	37036	52.48162464	1
3	37083	52.48254272	1
3	37096	52.48258368	1
3	37108	52.48262464	1
3	37155	52.48354272	1
3	37168	52.48358368	1
3	37180	52.48362464	1
3	37227	52.48454272	1
3	37240	52.48458368	1
3	37252	52.48462464	1
3	37299	52.48554272	1
3	37312	52.48558368	1
3	37324	52.48562464	1
3	37371	52.48654272	1
3	37384	52.48658368	1
3	37396	52.48662464	1
3	37431	52.48754272	1
3	37444	52.48758368	1
3	37456	52.48762464	1
3	37599	53.48754272	1
3	37609	53.48758368	1
3	37615	53.48762464	1
3	37635	53.48854272	1
3	37645	53.48858368	1
3	37651	53.48862464	1
3	37671	53.48954272	1
3	37684	53.48958368	1
3	37695	53.48962464	1
3	37731	53.49054272	1
3	37744	53.49058368	1
3	37756	53.49062464	1
3	37803	53.49154272	1
3	37816	53.49158368	1
3	37828	53.49162464	1
3	37875	53.49254272	1
3	37888	53.49258368	1
3	37900	53.49262464	1
3	37947	53.49354272	1
3	37960	53.49358368	1
3	37972	53.49362464	1
3	38019	53.49454272	1
3	38032	53.49458368	1
3	38044	53.49462464	1
3	38091	53.49554272	1
3	38104	53.49558368	1
3	38116	53.49562464	1
3	38151	53.49654272	1
3	38164	53.49658368	1
3	38176	53.49662464	1
3	38319	54.49654272	1
3	38329	54.49658368	1
3	38335	54.49662464	1
3	38355	54.49754272	1
3	38365	54.49758368	1
3	38371	54.49762464	1
3	38391	54.49854272	1
3	38404	54.49858368	1
3	38415	54.49862464	1
3	38451	54.49954272	1
3	38464	54.49958368	1
3	38476	54.49962464	1
3	38523	54.50054272	1
3	38536	54.50058368	1
3	38548	54.50062464	1
3	38595	54.50154272	1
3	38608	54.50158368	1
3	38620	54.50162464	1
3	38667	54.50254272	1
3	38680	54.50258368	1
3	38692	54.50262464	1
3	38739	54.50354272	1
3	38752	54.50358368	1
3	38764	54.50362464	1
3	38811	54.50454272	1
3	38824	54.50458368	1
3	38836	54.50462464	1
3	38871	54.50554272	1
3	38884	54.50558368	1
3	38896	54.50562464	1
3	39039	55.50554272	1
3	39049	55.50558368	1
3	39055	55.50562464	1
3	39075	55.50654272	1
3	39085	55.50658368	1
3	39091	55.50662464	1
3	39111	55.50754272	1
3	39124	55.50758368	1
3	39135	55.50762464	1
3	39171	55.50854272	1
3	39184	55.50858368	1
3	39196	55.50862464	1
3	39243	55.50954272	1
3	39256	55.50958368	1
3	39268	55.50962464	1
3	39315	55.51054272	1
3	39328	55.51058368	1
3	39340	55.51062464	1
3	39387	55.51154272	1
3	39400	55.51158368	1
3	39412	55.51162464	1
3	39459	55.51254272	1
3	39472	55.51258368	1
3	39484	55.51262464	1
3	39531	55.51354272	1
3	39544	55.51358368	1
3	39556	55.51362464	1
3	39591	55.51454272	1
3	39604	55.51458368	1
3	39616	55.51462464	1
3	39759	56.51454272	1
3	39769	56.51458368	1
3	39775	56.51462464	1
3	39795	56.51554272	1
3	39805	56.51558368	1
3	39811	56.51562464	1
3	39831	56.51654272	1
3	39844	56.51658368	1
3	39855	56.51662464	1
3	39891	56.51754272	1
3	39904	56.51758368	1
3	39916	56.51762464	1
3	39963	56.51854272	1
3	39976	56.51858368	1
3	39988	56.51862464	1
3	40035	56.51954272	1
3	40048	56.51958368	1
3	40060	56.51962464	1
3	40107	56.52054272	1
3	40120	56.52058368	1
3	40132	56.52062464	1
3	40179	56.52154272	1
3	40192	56.52158368	1
3	40204	56.52162464	1
3	40251	56.52254272	1
3	40264	56.52258368	1
3	40276	56.52262464	1
3	40311	56.52354272	1
3	40324	56.52358368	1
3	40336	56.52362464	1
3	40479	57.52354272	1
3	40489	57.52358368	1
3	40495	57.52362464	1
3	40515	57.52454272	1
3	40525	57.52458368	1
3	40531	57.52462464	1
3	40551	57.52554272	1
3	40564	57.52558368	1
3	40575	57.52562464	1
3	40611	57.52654272	1
3	40624	57.52658368	1
3	40636	57.52662464	1
3	40683	57.52754272	1
3	40696	57.52758368	1
3	40708	57.52762464	1
3	40755	57.52854272	1
3	40768	57.52858368	1
3	40780	57.52862464	1
3	40827	57.52954272	1
3	40840	57.52958368	1
3	40852	57.52962464	1
3	40899	57.53054272	1
3	40912	57.53058368	1
3	40924	57.53062464	1
3	40971	57.53154272	1
3	40984	57.53158368	1
3	40996	57.53162464	1
3	41031	57.53254272	1
3	41044	57.53258368	1
3	41056	57.53262464	1
3	41199	58.53254272	1
3	41209	58.53258368	1
3	41215	58.53262464	1
3	41235	58.53354272	1
3	41245	58.53358368	1
3	41251	58.53362464	1
3	41271	58.53454272	1
3	41284	58.53458368	1
3	41295	58.53462464	1
3	41331	58.53554272	1
3	41344	58.53558368	1
3	41356	58.53562464	1
3	41403	58.53654272	1
3	41416	58.53658368	1
3	41428	58.53662464	1
3	41475	58.53754272	1
3	41488	58.53758368	1
3	41500	58.53762464	1
3	41547	58.53854272	1
3	41560	58.53858368	1
3	41572	58.53862464	1
3	41619	58.53954272	1
3	41632	58.53958368	1
3	41644	58.53962464	1
3	41691	58.54054272	1
3	41704	58.54058368	1
3	41716	58.54062464	1
3	41751	58.54154272	1
3	41764	58.54158368	1
3	41776	58.54162464	1
3	41919	59.54154272	1
3	41929	59.54158368	1
3	41935	59.54162464	1
3	41955	59.54254272	1
3	41965	59.54258368	1
3	41971	59.54262464	1
3	41991	59.54354272	1
3	42004	59.54358368	1
3	42015	59.54362464	1
3	42051	59.54454272	1
3	42064	59.54458368	1
3	42076	59.54462464	1
3	42123	59.54554272	1
3	42136	59.54558368	1
3	42148	59.54562464	1
3	42195	59.54654272	1
3	42208	59.54658368	1
3	42220	59.54662464	1
3	42267	59.54754272	1
3	42280	59.54758368	1
3	42292	59.54762464	1
3	42339	59.54854272	1
3	42352	59.54858368	1
3	42364	59.54862464	1
3	42411	59.54954272	1
3	42424	59.54958368	1
3	42436	59.54962464	1
3	42471	59.55054272	1
3	42484	59.55058368	1
3	42496	59.55062464	1
3	42641	60.55054272	1
3	42650	60.55058368	1
3	42655	60.55062464	1
3	42674	60.55154272	1
3	42683	60.55158368	1
3	42688	60.55162464	1
3	42707	60.55254272	1
3	42718	60.55258368	1
3	42727	60.55262464	1
3	42758	60.55354272	1
3	42769	60.55358368	1
3	42779	60.55362464	1
3	42818	60.55454272	1
3	42829	60.55458368	1
3	42839	60.55462464	1
3	42878	60.55554272	1
3	42889	60.55558368	1
3	42899	60.55562464	1
3	42938	60.55654272	1
3	42949	60.55658368	1
3	42959	60.55662464	1
3	42998	60.55754272	1
3	43009	60.55758368	1
3	43019	60.55762464	1
3	43058	60.55854272	1
3	43069	60.55858368	1
3	43079	60.55862464	1
3	43106	60.55954272	1
3	43117	60.55958368	1
3	43127	60.55962464	1
3	43241	61.55954272	1
3	43250	61.55958368	1
3	43255	61.55962464	1
3	43274	61.56054272	1
3	43283	61.56058368	1
3	43288	61.56062464	1
3	43307	61.56154272	1
3	43318	61.56158368	1
3	43327	61.56162464	1
3	43358	61.56254272	1
3	43369	61.56258368	1
3	43379	61.56262464	1
3	43418	61.56354272	1
3	43429	61.56358368	1
3	43439	61.56362464	1
3	43478	61.56454272	1
3	43489	61.56458368	1
3	43499	61.56462464	1
3	43538	61.56554272	1
3	43549	61.56558368	1
3	43559	61.56562464	1
3	43598	61.56654272	1
3	43609	61.56658368	1
3	43619	61.56662464	1
3	43658	61.56754272	1
3	43669	61.56758368	1
3	43679	61.56762464	1
3	43706	61.56854272	1
3	43717	61.56858368	1
3	43727	61.56862464	1
3	43841	62.56854272	1
3	43850	62.56858368	1
3	43855	62.56862464	1
3	43874	62.56954272	1
3	43883	62.56958368	1
3	43888	62.56962464	1
3	43907	62.57054272	1
3	43918	62.57058368	1
3	43927	62.57062464	1
3	43958	62.57154272	1
3	43969	62.57158368	1
3	43979	62.57162464	1
3	44018	62.57254272	1
3	44029	62.57258368	1
3	44039	62.57262464	1
3	44078	62.57354272	1
3	44089	62.57358368	1
3	44099	62.57362464	1
3	44138	62.57454272	1
3	44149	62.57458368	1
3	44159	62.57462464	1
3	44198	62.57554272	1
3	44209	62.57558368	1
3	44219	62.57562464	1
3	44258	62.57654272	1
3	44269	62.57658368	1
3	44279	62.57662464	1
3	44306	62.57754272	1
3	44317	62.57758368	1
3	44327	62.57762464	1
3	44441	63.57754272	1
3	44450	63.57758368	1
3	44455	63.57762464	1
3	44474	63.57854272	1
3	44483	63.57858368	1
3	44488	63.57862464	1
3	44507	63.57954272	1
3	44518	63.57958368	1
3	44527	63.57962464	1
3	44558	63.58054272	1
3	44569	63.58058368	1
3	44579	63.58062464	1
3	44618	63.58154272	1
3	44629	63.58158368	1
3	44639	63.58162464	1
3	44678	63.58254272	1
3	44689	63.58258368	1
3	44699	63.58262464	1
3	44738	63.58354272	1
3	44749	63.58358368	1
3	44759	63.58362464	1
3	44798	63.58454272	1
3	44809	63.58458368	1
3	44819	63.58462464	1
3	44858	63.58554272	1
3	44869	63.58558368	1
3	44879	63.58562464	1
3	44906	63.58654272	1
3	44917	63.58658368	1
3	44927	63.58662464	1
3	45041	64.58654272	1
3	45050	64.58658368	1
3	45055	64.58662464	1
3	45074	64.58754272	1
3	45083	64.58758368	1
3	45088	64.58762464	1
3	45107	64.58854272	1
3	45118	64.58858368	1
3	45127	64.58862464	1
3	45158	64.58954272	1
3	45169	64.58958368	1
3	45179	64.58962464	1
3	45218	64.59054272	1
3	45229	64.59058368	1
3	45239	64.59062464	1
3	45278	64.59154272	1
3	45289	64.59158368	1
3	45299	64.59162464	1
3	45338	64.59254272	1
3	45349	64.59258368	1
3	45359	64.59262464	1
3	45398	64.59354272	1
3	45409	64.59358368	1
3	45419	64.59362464	1
3	45458	64.59454272	1
3	45469	64.59458368	1
3	45479	64.59462464	1
3	45506	64.59554272	1
3	45517	64.59558368	1
3	45527	64.59562464	1
3	45641	65.59554272	1
3	45650	65.59558368	1
3	45655	65.59562464	1
3	45674	65.59654272	1
3	45683	65.59658368	1
3	45688	65.59662464	1
3	45707	65.59754272	1
3	45718	65.59758368	1
3	45727	65.59762464	1
3	45758	65.59854272	1
3	45769	65.59858368	1
3	45779	65.59862464	1
3	45818	65.59954272	1
3	45829	65.59958368	1
3	45839	65.59962464	1
3	45878	65.60054272	1
3	45889	65.60058368	1
3	45899	65.60062464	1
3	45938	65.60154272	1
3	45949	65.60158368	1
3	45959	65.60162464	1
3	45998	65.60254272	1
3	46009	65.60258368	1
3	46019	65.60262464	1
3	46058	65.60354272	1
3	46069	65.60358368	1
3	46079	65.60362464	1
3	46106	65.60454272	1
3	46117	65.60458368	1
3	46127	65.60462464	1
3	46241	66.60454272	1
3	46250	66.60458368	1
3	46255	66.60462464	1
3	46274	66.60554272	1
3	46283	66.60558368	1
3	46288	66.60562464	1
3	46307	66.60654272	1
3	46318	66.60658368	1
3	46327	66.60662464	1
3	46358	66.60754272	1
3	46369	66.60758368	1
3	46379	66.60762464	1
3	46418	66.60854272	1
3	46429	66.60858368	1
3	46439	66.60862464	1
3	46478	66.60954272	1
3	46489	66.60958368	1
3	46499	66.60962464	1
3	46538	66.61054272	1
3	46549	66.61058368	1
3	46559	66.61062464	1
3	46598	66.61154272	1
3	46609	66.61158368	1
3	46619	66.61162464	1
3	46658	66.61254272	1
3	46669	66.61258368	1
3	46679	66.61262464	1
3	46706	66.61354272	1
3	46717	66.61358368	1
3	46727	66.61362464	1
3	46841	67.61354272	1
3	46850	67.61358368	1
3	46855	67.61362464	1
3	46874	67.61454272	1
3	46883	67.61458368	1
3	46888	67.61462464	1
3	46907	67.61554272	1
3	46918	67.61558368	1
3	46927	67.61562464	1
3	46958	67.61654272	1
3	46969	67.61658368	1
3	46979	67.61662464	1
3	47018	67.61754272	1
3	47029	67.61758368	1
3	47039	67.61762464	1
3	47078	67.61854272	1
3	47089	67.61858368	1
3	47099	67.61862464	1
3	47138	67.61954272	1
3	47149	67.61958368	1
3	47159	67.61962464	1
3	47198	67.62054272	1
3	47209	67.62058368	1
3	47219	67.62062464	1
3	47258	67.62154272	1
3	47269	67.62158368	1
3	47279	67.62162464	1
3	47306	67.62254272	1
3	47317	67.62258368	1
3	47327	67.62262464	1
3	47441	68.62254272	1
3	47450	68.62258368	1
3	47455	68.62262464	1
3	47474	68.62354272	1
3	47483	68.62358368	1
3	47488	68.62362464	1
3	47507	68.62454272	1
3	47518	68.62458368	1
3	47527	68.62462464	1
3	47558	68.62554272	1
3	47569	68.62558368	1
3	47579	68.62562464	1
3	47618	68.62654272	1
3	47629	68.62658368	1
3	47639	68.62662464	1
3	47678	68.62754272	1
3	47689	68.62758368	1
3	47699	68.62762464	1
3	47738	68.62854272	1
3	47749	68.62858368	1
3	47759	68.62862464	1
3	47798	68.62954272	1
3	47809	68.62958368	1
3	47819	68.62962464	1
3	47858	68.63054272	1
3	47869	68.63058368	1
3	47879	68.63062464	1
3	47906	68.63154272	1
3	47917	68.63158368	1
3	47927	68.63162464	1
3	48041	69.63154272	1
3	48050	69.63158368	1
3	48055	69.63162464	1
3	48074	69.63254272	1
3	48083	69.63258368	1
3	48088	69.63262464	1
3	48107	69.63354272	1
3	48118	69.63358368	1
3	48127	69.63362464	1
3	48158	69.63454272	1
3	48169	69.63458368	1
3	48179	69.63462464	1
3	48218	69.63554272	1
3	48229	69.63558368	1
3	48239	69.63562464	1
3	48278	69.63654272	1
3	48289	69.63658368	1
3	48299	69.63662464	1
3	48338	69.63754272	1
3	48349	69.63758368	1
3	48359	69.63762464	1
3	48398	69.63854272	1
3	48409	69.63858368	1
3	48419	69.63862464	1
3	48458	69.63954272	1
3	48469	69.63958368	1
3	48479	69.63962464	1
3	48506	69.64054272	1
3	48517	69.64058368	1
3	48527	69.64062464	1
3	48641	70.64054272	1
3	48650	70.64058368	1
3	48655	70.64062464	1
3	48674	70.64154272	1
3	48683	70.64158368	1
3	48688	70.64162464	1
3	48707	70.64254272	1
3	48718	70.64258368	1
3	48727	70.64262464	1
3	48758	70.64354272	1
3	48769	70.64358368	1
3	48779	70.64362464	1
3	48818	70.64454272	1
3	48829	70.64458368	1
3	48839	70.64462464	1
3	48878	70.64554272	1
3	48889	70.64558368	1
3	48899	70.64562464	1
3	48938	70.64654272	1
3	48949	70.64658368	1
3	48959	70.64662464	1
3	48998	70.64754272	1
3	49009	70.64758368	1
3	49019	70.64762464	1
3	49058	70.64854272	1
3	49069	70.64858368	1
3	49079	70.64862464	1
3	49106	70.64954272	1
3	49117	70.64958368	1
3	49127	70.64962464	1
3	49241	71.64954272	1
3	49250	71.64958368	1
3	49255	71.64962464	1
3	49274	71.65054272	1
3	49283	71.65058368	1
3	49288	71.65062464	1
3	49307	71.65154272	1
3	49318	71.65158368	1
3	49327	71.65162464	1
3	49358	71.65254272	1
3	49369	71.65258368	1
3	49379	71.65262464	1
3	49418	71.65354272	1
3	49429	71.65358368	1
3	49439	71.65362464	1
3	49478	71.65454272	1
3	49489	71.65458368	1
3	49499	71.65462464	1
3	49538	71.65554272	1
3	49549	71.65558368	1
3	49559	71.65562464	1
3	49598	71.65654272	1
3	49609	71.65658368	1
3	49619	71.65662464	1
3	49658	71.65754272	1
3	49669	71.65758368	1
3	49679	71.65762464	1
3	49706	71.65854272	1
3	49717	71.65858368	1
3	49727	71.65862464	1
3	49841	72.65854272	1
3	49850	72.65858368	1
3	49855	72.65862464	1
3	49874	72.65954272	1
3	49883	72.65958368	1
3	49888	72.65962464	1
3	49907	72.66054272	1
3	49918	72.66058368	1
3	49927	72.66062464	1
3	49958	72.66154272	1
3	49969	72.66158368	1
3	49979	72.66162464	1
3	50018	72.66254272	1
3	50029	72.66258368	1
3	50039	72.66262464	1
3	50078	72.66354272	1
3	50089	72.66358368	1
3	50099	72.66362464	1
3	50138	72.66454272	1
3	50149	72.66458368	1
3	50159	72.66462464	1
3	50198	72.66554272	1
3	50209	72.66558368	1
3	50219	72.66562464	1
3	50258	72.66654272	1
3	50269	72.66658368	1
3	50279	72.66662464	1
3	50306	72.66754272	1
3	50317	72.66758368	1
3	50327	72.66762464	1
3	50441	73.66754272	1
3	50450	73.66758368	1
3	50455	73.66762464	1
3	50474	73.66854272	1
3	50483	73.66858368	1
3	50488	73.66862464	1
3	50507	73.66954272	1
3	50518	73.66958368	1
3	50527	73.66962464	1
3	50558	73.67054272	1
3	50569	73.67058368	1
3	50579	73.67062464	1
3	50618	73.67154272	1
3	50629	73.67158368	1
3	50639	73.67162464	1
3	50678	73.67254272	1
3	50689	73.67258368	1
3	50699	73.67262464	1
3	50738	73.67354272	1
3	50749	73.67358368	1
3	50759	73.67362464	1
3	50798	73.67454272	1
3	50809	73.67458368	1
3	50819	73.67462464	1
3	50858	73.67554272	1
3	50869	73.67558368	1
3	50879	73.67562464	1
3	50906	73.67654272	1
3	50917	73.67658368	1
3	50927	73.67662464	1
3	51041	74.67654272	1
3	51050	74.67658368	1
3	51055	74.67662464	1
3	51074	74.67754272	1
3	51083	74.67758368	1
3	51088	74.67762464	1
3	51107	74.67854272	1
3	51118	74.67858368	1
3	51127	74.67862464	1
3	51158	74.67954272	1
3	51169	74.67958368	1
3	51179	74.67962464	1
3	51218	74.68054272	1
3	51229	74.68058368	1
3	51239	74.68062464	1
3	51278	74.68154272	1
3	51289	74.68158368	1
3	51299	74.68162464	1
3	51338	74.68254272	1
3	51349	74.68258368	1
3	51359	74.68262464	1
3	51398	74.68354272	1
3	51409	74.68358368	1
3	51419	74.68362464	1
3	51458	74.68454272	1
3	51469	74.68458368	1
3	51479	74.68462464	1
3	51506	74.68554272	1
3	51517	74.68558368	1
3	51527	74.68562464	1
3	51641	75.68554272	1
3	51650	75.68558368	1
3	51655	75.68562464	1
3	51674	75.68654272	1
3	51683	75.68658368	1
3	51688	75.68662464	1
3	51707	75.68754272	1
3	51718	75.68758368	1
3	51727	75.68762464	1
3	51758	75.68854272	1
3	51769	75.68858368	1
3	51779	75.68862464	1
3	51818	75.68954272	1
3	51829	75.68958368	1
3	51839	75.68962464	1
3	51878	75.69054272	1
3	51889	75.69058368	1
3	51899	75.69062464	1
3	51938	75.69154272	1
3	51949	75.69158368	1
3	51959	75.69162464	1
3	51998	75.69254272	1
3	52009	75.69258368	1
3	52019	75.69262464	1
3	52058	75.69354272	1
3	52069	75.69358368	1
3	52079	75.69362464	1
3	52106	75.69454272	1
3	52117	75.69458368	1
3	52127	75.69462464	1
3	52241	76.69454272	1
3	52250	76.69458368	1
3	52255	76.69462464	1
3	52274	76.69554272	1
3	52283	76.69558368	1
3	52288	76.69562464	1
3	52307	76.69654272	1
3	52318	76.69658368	1
3	52327	76.69662464	1
3	52358	76.69754272	1
3	52369	76.69758368	1
3	52379	76.69762464	1
3	52418	76.69854272	1
3	52429	76.69858368	1
3	52439	76.69862464	1
3	52478	76.69954272	1
3	52489	76.69958368	1
3	52499	76.69962464	1
3	52538	76.70054272	1
3	52549	76.70058368	1
3	52559	76.70062464	1
3	52598	76.70154272	1
3	52609	76.70158368	1
3	52619	76.70162464	1
3	52658	76.70254272	1
3	52669	76.70258368	1
3	52679	76.70262464	1
3	52706	76.70354272	1
3	52717	76.70358368	1
3	52727	76.70362464	1
3	52841	77.70354272	1
3	52850	77.70358368	1
3	52855	77.70362464	1
3	52874	77.70454272	1
3	52883	77.70458368	1
3	52888	77.70462464	1
3	52907	77.70554272	1
3	52918	77.70558368	1
3	52927	77.70562464	1
3	52958	77.70654272	1
3	52969	77.70658368	1
3	52979	77.70662464	1
3	53018	77.70754272	1
3	53029	77.70758368	1
3	53039	77.70762464	1
3	53078	77.70854272	1
3	53089	77.70858368	1
3	53099	77.70862464	1
3	53138	77.70954272	1
3	53149	77.70958368	1
3	53159	77.70962464	1
3	53198	77.71054272	1
3	53209	77.71058368	1
3	53219	77.71062464	1
3	53258	77.71154272	1
3	53269	77.71158368	1
3	53279	77.71162464	1
3	53306	77.71254272	1
3	53317	77.71258368	1
3	53327	77.71262464	1
3	53441	78.71254272	1
3	53450	78.71258368	1
3	53455	78.71262464	1
3	53474	78.71354272	1
3	53483	78.71358368	1
3	53488	78.71362464	1
3	53507	78.71454272	1
3	53518	78.71458368	1
3	53527	78.71462464	1
3	53558	78.71554272	1
3	53569	78.71558368	1
3	53579	78.71562464	1
3	53618	78.71654272	1
3	53629	78.71658368	1
3	53639	78.71662464	1
3	53678	78.71754272	1
3	53689	78.71758368	1
3	53699	78.71762464	1
3	53738	78.71854272	1
3	53749	78.71858368	1
3	53759	78.71862464	1
3	53798	78.71954272	1
3	53809	78.71958368	1
3	53819	78.71962464	1
3	53858	78.72054272	1
3	53869	78.72058368	1
3	53879	78.72062464	1
3	53906	78.72154272	1
3	53917	78.72158368	1
3	53927	78.72162464	1
3	54041	79.72154272	1
3	54050	79.72158368	1
3	54055	79.72162464	1
3	54074	79.72254272	1
3	54083	79.72258368	1
3	54088	79.72262464	1
3	54107	79.72354272	1
3	54118	79.72358368	1
3	54127	79.72362464	1
3	54158	79.72454272	1
3	54169	79.72458368	1
3	54179	79.72462464	1
3	54218	79.72554272	1
3	54229	79.72558368	1
3	54239	79.72562464	1
3	54278	79.72654272	1
3	54289	79.72658368	1
3	54299	79.72662464	1
3	54338	79.72754272	1
3	54349	79.72758368	1
3	54359	79.72762464	1
3	54398	79.72854272	1
3	54409	79.72858368	1
3	54419	79.72862464	1
3	54458	79.72954272	1
3	54469	79.72958368	1
3	54479	79.72962464	1
3	54506	79.73054272	1
3	54517	79.73058368	1
3	54527	79.73062464	1
3	54641	80.73054272	1
3	54650	80.73058368	1
3	54655	80.73062464	1
3	54674	80.73154272	1
3	54683	80.73158368	1
3	54688	80.73162464	1
3	54707	80.73254272	1
3	54718	80.73258368	1
3	54727	80.73262464	1
3	54758	80.73354272	1
3	54769	80.73358368	1
3	54779	80.73362464	1
3	54818	80.73454272	1
3	54829	80.73458368	1
3	54839	80.73462464	1
3	54878	80.73554272	1
3	54889	80.73558368	1
3	54899	80.73562464	1
3	54938	80.73654272	1
3	54949	80.73658368	1
3	54959	80.73662464	1
3	54998	80.73754272	1
3	55009	80.73758368	1
3	55019	80.73762464	1
3	55058	80.73854272	1
3	55069	80.73858368	1
3	55079	80.73862464	1
3	55106	80.73954272	1
3	55117	80.73958368	1
3	55127	80.73962464	1
3	55241	81.73954272	1
3	55250	81.73958368	1
3	55255	81.73962464	1
3	55274	81.74054272	1
3	55283	81.74058368	1
3	55288	81.74062464	1
3	55307	81.74154272	1
3	55318	81.74158368	1
3	55327	81.74162464	1
3	55358	81.74254272	1
3	55369	81.74258368	1
3	55379	81.74262464	1
3	55418	81.74354272	1
3	55429	81.74358368	1
3	55439	81.74362464	1
3	55478	81.74454272	1
3	55489	81.74458368	1
3	55499	81.74462464	1
3	55538	81.74554272	1
3	55549	81.74558368	1
3	55559	81.74562464	1
3	55598	81.74654272	1
3	55609	81.74658368	1
3	55619	81.74662464	1
3	55658	81.74754272	1
3	55669	81.74758368	1
3	55679	81.74762464	1
3	55706	81.74854272	1
3	55717	81.74858368	1
3	55727	81.74862464	1
3	55841	82.74854272	1
3	55850	82.74858368	1
3	55855	82.74862464	1
3	55874	82.74954272	1
3	55883	82.74958368	1
3	55888	82.74962464	1
3	55907	82.75054272	1
3	55918	82.75058368	1
3	55927	82.75062464	1
3	55958	82.75154272	1
3	55969	82.75158368	1
3	55979	82.75162464	1
3	56018	82.75254272	1
3	56029	82.75258368	1
3	56039	82.75262464	1
3	56078	82.75354272	1
3	56089	82.75358368	1
3	56099	82.75362464	1
3	56138	82.75454272	1
3	56149	82.75458368	1
3	56159	82.75462464	1
3	56198	82.75554272	1
3	56209	82.75558368	1
3	56219	82.75562464	1
3	56258	82.75654272	1
3	56269	82.75658368	1
3	56279	82.75662464	1
3	56306	82.75754272	1
3	56317	82.75758368	1
3	56327	82.75762464	1
3	56441	83.75754272	1
3	56450	83.75758368	1
3	56455	83.75762464	1
3	56474	83.75854272	1
3	56483	83.75858368	1
3	56488	83.75862464	1
3	56507	83.75954272	1
3	56518	83.75958368	1
3	56527	83.75962464	1
3	56558	83.76054272	1
3	56569	83.76058368	1
3	56579	83.76062464	1
3	56618	83.76154272	1
3	56629	83.76158368	1
3	56639	83.76162464	1
3	56678	83.76254272	1
3	56689	83.76258368	1
3	56699	83.76262464	1
3	56738	83.76354272	1
3	56749	83.76358368	1
3	56759	83.76362464	1
3	56798	83.76454272	1
3	56809	83.76458368	1
3	56819	83.76462464	1
3	56858	83.76554272	1
3	56869	83.76558368	1
3	56879	83.76562464	1
3	56906	83.76654272	1
3	56917	83.76658368	1
3	56927	83.76662464	1
3	57041	84.76654272	1
3	57050	84.76658368	1
3	57055	84.76662464	1
3	57074	84.76754272	1
3	57083	84.76758368	1
3	57088	84.76762464	1
3	57107	84.76854272	1
3	57118	84.76858368	1
3	57127	84.76862464	1
3	57158	84.76954272	1
3	57169	84.76958368	1
3	57179	84.76962464	1
3	57218	84.77054272	1
3	57229	84.77058368	1
3	57239	84.77062464	1
3	57278	84.77154272	1
3	57289	84.77158368	1
3	57299	84.77162464	1
3	57338	84.77254272	1
3	57349	84.77258368	1
3	57359	84.77262464	1
3	57398	84.77354272	1
3	57409	84.77358368	1
3	57419	84.77362464	1
3	57458	84.77454272	1
3	57469	84.77458368	1
3	57479	84.77462464	1
3	57506	84.77554272	1
3	57517	84.77558368	1
3	57527	84.77562464	1
3	57641	85.77554272	1
3	57650	85.77558368	1
3	57655	85.77562464	1
3	57674	85.77654272	1
3	57683	85.77658368	1
3	57688	85.77662464	1
3	57707	85.77754272	1
3	57718	85.77758368	1
3	57727	85.77762464	1
3	57758	85.77854272	1
3	57769	85.77858368	1
3	57779	85.77862464	1
3	57818	85.77954272	1
3	57829	85.77958368	1
3	57839	85.77962464	1
3	57878	85.78054272	1
3	57889	85.78058368	1
3	57899	85.78062464	1
3	57938	85.78154272	1
3	57949	85.78158368	1
3	57959	85.78162464	1
3	57998	85.78254272	1
3	58009	85.78258368	1
3	58019	85.78262464	1
3	58058	85.78354272	1
3	58069	85.78358368	1
3	58079	85.78362464	1
3	58106	85.78454272	1
3	58117	85.78458368	1
3	58127	85.78462464	1
3	58241	86.78454272	1
3	58250	86.78458368	1
3	58255	86.78462464	1
3	58274	86.78554272	1
3	58283	86.78558368	1
3	58288	86.78562464	1
3	58307	86.78654272	1
3	58318	86.78658368	1
3	58327	86.78662464	1
3	58358	86.78754272	1
3	58369	86.78758368	1
3	58379	86.78762464	1
3	58418	86.78854272	1
3	58429	86.78858368	1
3	58439	86.78862464	1
3	58478	86.78954272	1
3	58489	86.78958368	1
3	58499	86.78962464	1
3	58538	86.79054272	1
3	58549	86.79058368	1
3	58559	86.79062464	1
3	58598	86.79154272	1
3	58609	86.79158368	1
3	58619	86.79162464	1
3	58658	86.79254272	1
3	58669	86.79258368	1
3	58679	86.79262464	1
3	58706	86.79354272	1
3	58717	86.79358368	1
3	58727	86.79362464	1
3	58841	87.79354272	1
3	58850	87.79358368	1
3	58855	87.79362464	1
3	58874	87.79454272	1
3	58883	87.79458368	1
3	58888	87.79462464	1
3	58907	87.79554272	1
3	58918	87.79558368	1
3	58927	87.79562464	1
3	58958	87.79654272	1
3	58969	87.79658368	1
3	58979	87.79662464	1
3	59018	87.79754272	1
3	59029	87.79758368	1
3	59039	87.79762464	1
3	59078	87.79854272	1
3	59089	87.79858368	1
3	59099	87.79862464	1
3	59138	87.79954272	1
3	59149	87.79958368	1
3	59159	87.79962464	1
3	59198	87.80054272	1
3	59209	87.80058368	1
3	59219	87.80062464	1
3	59258	87.80154272	1
3	59269	87.80158368	1
3	59279	87.80162464	1
3	59306	87.80254272	1
3	59317	87.80258368	1
3	59327	87.80262464	1
3	59441	88.80254272	1
3	59450	88.80258368	1
3	59455	88.80262464	1
3	59474	88.80354272	1
3	59483	88.80358368	1
3	59488	88.80362464	1
3	59507	88.80454272	1
3	59518	88.80458368	1
3	59527	88.80462464	1
3	59558	88.80554272	1
3	59569	88.80558368	1
3	59579	88.80562464	1
3	59618	88.80654272	1
3	59629	88.80658368	1
3	59639	88.80662464	1
3	59678	88.80754272	1
3	59689	88.80758368	1
3	59699	88.80762464	1
3	59738	88.80854272	1
3	59749	88.80858368	1
3	59759	88.80862464	1
3	59798	88.80954272	1
3	59809	88.80958368	1
3	59819	88.80962464	1
3	59858	88.81054272	1
3	59869	88.81058368	1
3	59879	88.81062464	1
3	59906	88.81154272	1
3	59917	88.81158368	1
3	59927	88.81162464	1
3	60041	89.81154272	1
3	60050	89.81158368	1
3	60055	89.81162464	1
3	60074	89.81254272	1
3	60083	89.81258368	1
3	60088	89.81262464	1
3	60107	89.81354272	1
3	60118	89.81358368	1
3	60127	89.81362464	1
3	60158	89.81454272	1
3	60169	89.81458368	1
3	60179	89.81462464	1
3	60218	89.81554272	1
3	60229	89.81558368	1
3	60239	89.81562464	1
3	60278	89.81654272	1
3	60289	89.81658368	1
3	60299	89.81662464	1
3	60338	89.81754272	1
3	60349	89.81758368	1
3	60359	89.81762464	1
3	60398	89.81854272	1
3	60409	89.81858368	1
3	60419	89.81862464	1
3	60458	89.81954272	1
3	60469	89.81958368	1
3	60479	89.81962464	1
3	60506	89.82054272	1
3	60517	89.82058368	1
3	60527	89.82062464	1
3	60641	90.82054272	1
3	60650	90.82058368	1
3	60655	90.82062464	1
3	60674	90.82154272	1
3	60683	90.82158368	1
3	60688	90.82162464	1
3	60707	90.82254272	1
3	60718	90.82258368	1
3	60727	90.82262464	1
3	60758	90.82354272	1
3	60769	90.82358368	1
3	60779	90.82362464	1
3	60818	90.82454272	1
3	60829	90.82458368	1
3	60839	90.82462464	1
3	60878	90.82554272	1
3	60889	90.82558368	1
3	60899	90.82562464	1
3	60938	90.82654272	1
3	60949	90.82658368	1
3	60959	90.82662464	1
3	60998	90.82754272	1
3	61009	90.82758368	1
3	61019	90.82762464	1
3	61058	90.82854272	1
3	61069	90.82858368	1
3	61079	90.82862464	1
3	61106	90.82954272	1
3	61117	90.82958368	1
3	61127	90.82962464	1
3	61241	91.82954272	1
3	61250	91.82958368	1
3	61255	91.82962464	1
3	61274	91.83054272	1
3	61283	91.83058368	1
3	61288	91.83062464	1
3	61307	91.83154272	1
3	61318	91.83158368	1
3	61327	91.83162464	1
3	61358	91.83254272	1
3	61369	91.83258368	1
3	61379	91.83262464	1
3	61418	91.83354272	1
3	61429	91.83358368	1
3	61439	91.83362464	1
3	61478	91.83454272	1
3	61489	91.83458368	1
3	61499	91.83462464	1
3	61538	91.83554272	1
3	61549	91.83558368	1
3	61559	91.83562464	1
3	61598	91.83654272	1
3	61609	91.83658368	1
3	61619	91.83662464	1
3	61658	91.83754272	1
3	61669	91.83758368	1
3	61679	91.83762464	1
3	61706	91.83854272	1
3	61717	91.83858368	1
3	61727	91.83862464	1
3	61841	92.83854272	1
3	61850	92.83858368	1
3	61855	92.83862464	1
3	61874	92.83954272	1
3	61883	92.83958368	1
3	61888	92.83962464	1
3	61907	92.84054272	1
3	61918	92.84058368	1
3	61927	92.84062464	1
3	61958	92.84154272	1
3	61969	92.84158368	1
3	61979	92.84162464	1
3	62018	92.84254272	1
3	62029	92.84258368	1
3	62039	92.84262464	1
3	62078	92.84354272	1
3	62089	92.84358368	1
3	62099	92.84362464	1
3	62138	92.84454272	1
3	62149	92.84458368	1
3	62159	92.84462464	1
3	62198	92.84554272	1
3	62209	92.84558368	1
3	62219	92.84562464	1
3	62258	92.84654272	1
3	62269	92.84658368	1
3	62279	92.84662464	1
3	62306	92.84754272	1
3	62317	92.84758368	1
3	62327	92.84762464	1
3	62441	93.84754272	1
3	62450	93.84758368	1
3	62455	93.84762464	1
3	62474	93.84854272	1
3	62483	93.84858368	1
3	62488	93.84862464	1
3	62507	93.84954272	1
3	62518	93.84958368	1
3	62527	93.84962464	1
3	62558	93.85054272	1
3	62569	93.85058368	1
3	62579	93.85062464	1
3	62618	93.85154272	1
3	62629	93.85158368	1
3	62639	93.85162464	1
3	62678	93.85254272	1
3	62689	93.85258368	1
3	62699	93.85262464	1
3	62738	93.85354272	1
3	62749	93.85358368	1
3	62759	93.85362464	1
3	62798	93.85454272	1
3	62809	93.85458368	1
3	62819	93.85462464	1
3	62858	93.85554272	1
3	62869	93.85558368	1
3	62879	93.85562464	1
3	62906	93.85654272	1
3	62917	93.85658368	1
3	62927	93.85662464	1
3	63041	94.85654272	1
3	63050	94.85658368	1
3	63055	94.85662464	1
3	63074	94.85754272	1
3	63083	94.85758368	1
3	63088	94.85762464	1
3	63107	94.85854272	1
3	63118	94.85858368	1
3	63127	94.85862464	1
3	63158	94.85954272	1
3	63169	94.85958368	1
3	63179	94.85962464	1
3	63218	94.86054272	1
3	63229	94.86058368	1
3	63239	94.86062464	1
3	63278	94.86154272	1
3	63289	94.86158368	1
3	63299	94.86162464	1
3	63338	94.86254272	1
3	63349	94.86258368	1
3	63359	94.86262464	1
3	63398	94.86354272	1
3	63409	94.86358368	1
3	63419	94.86362464	1
3	63458	94.86454272	1
3	63469	94.86458368	1
3	63479	94.86462464	1
3	63506	94.86554272	1
3	63517	94.86558368	1
3	63527	94.86562464	1
3	63641	95.86554272	1
3	63650	95.86558368	1
3	63655	95.86562464	1
3	63674	95.86654272	1
3	63683	95.86658368	1
3	63688	95.86662464	1
3	63707	95.86754272	1
3	63718	95.86758368	1
3	63727	95.86762464	1
3	63758	95.86854272	1
3	63769	95.86858368	1
3	63779	95.86862464	1
3	63818	95.86954272	1
3	63829	95.86958368	1
3	63839	95.86962464	1
3	63878	95.87054272	1
3	63889	95.87058368	1
3	63899	95.87062464	1
3	63938	95.87154272	1
3	63949	95.87158368	1
3	63959	95.87162464	1
3	63998	95.87254272	1
3	64009	95.87258368	1
3	64019	95.87262464	1
3	64058	95.87354272	1
3	64069	95.87358368	1
3	64079	95.87362464	1
3	64106	95.87454272	1
3	64117	95.87458368	1
3	64127	95.87462464	1
3	64241	96.87454272	1
3	64250	96.87458368	1
3	64255	96.87462464	1
3	64274	96.87554272	1
3	64283	96.87558368	1
3	64288	96.87562464	1
3	64307	96.87654272	1
3	64318	96.87658368	1
3	64327	96.87662464	1
3	64358	96.87754272	1
3	64369	96.87758368	1
3	64379	96.87762464	1
3	64418	96.87854272	1
3	64429	96.87858368	1
3	64439	96.87862464	1
3	64478	96.87954272	1
3	64489	96.87958368	1
3	64499	96.87962464	1
3	64538	96.88054272	1
3	64549	96.88058368	1
3	64559	96.88062464	1
3	64598	96.88154272	1
3	64609	96.88158368	1
3	64619	96.88162464	1
3	64658	96.88254272	1
3	64669	96.88258368	1
3	64679	96.88262464	1
3	64706	96.88354272	1
3	64717	96.88358368	1
3	64727	96.88362464	1
3	64841	97.88354272	1
3	64850	97.88358368	1
3	64855	97.88362464	1
3	64874	97.88454272	1
3	64883	97.88458368	1
3	64888	97.88462464	1
3	64907	97.88554272	1
3	64918	97.88558368	1
3	64927	97.88562464	1
3	64958	97.88654272	1
3	64969	97.88658368	1
3	64979	97.88662464	1
3	65018	97.88754272	1
3	65029	97.88758368	1
3	65039	97.88762464	1
3	65078	97.88854272	1
3	65089	97.88858368	1
3	65099	97.88862464	1
3	65138	97.88954272	1
3	65149	97.88958368	1
3	65159	97.88962464	1
3	65198	97.89054272	1
3	65209	97.89058368	1
3	65219	97.89062464	1
3	65258	97.89154272	1
3	65269	97.89158368	1
3	65279	97.89162464	1
3	65306	97.89254272	1
3	65317	97.89258368	1
3	65327	97.89262464	1
3	65441	98.89254272	1
3	65450	98.89258368	1
3	65455	98.89262464	1
3	65474	98.89354272	1
3	65483	98.89358368	1
3	65488	98.89362464	1
3	65507	98.89454272	1
3	65518	98.89458368	1
3	65527	98.89462464	1
3	65558	98.89554272	1
3	65569	98.89558368	1
3	65579	98.89562464	1
3	65618	98.89654272	1
3	65629	98.89658368	1
3	65639	98.89662464	1
3	65678	98.89754272	1
3	65689	98.89758368	1
3	65699	98.89762464	1
3	65738	98.89854272	1
3	65749	98.89858368	1
3	65759	98.89862464	1
3	65798	98.89954272	1
3	65809	98.89958368	1
3	65819	98.89962464	1
3	65858	98.90054272	1
3	65869	98.90058368	1
3	65879	98.90062464	1
3	65906	98.90154272	1
3	65917	98.90158368	1
3	65927	98.90162464	1
3	66041	99.90154272	1
3	66050	99.90158368	1
3	66055	99.90162464	1
3	66074	99.90254272	1
3	66083	99.90258368	1
3	66088	99.90262464	1
3	66107	99.90354272	1
3	66118	99.90358368	1
3	66127	99.90362464	1
3	66158	99.90454272	1
3	66169	99.90458368	1
3	66179	99.90462464	1
3	66218	99.90554272	1
3	66229	99.90558368	1
3	66239	99.90562464	1
3	66278	99.90654272	1
3	66289	99.90658368	1
3	66299	99.90662464	1
3	66338	99.90754272	1
3	66349	99.90758368	1
3	66359	99.90762464	1
3	66398	99.90854272	1
3	66409	99.90858368	1
3	66419	99.90862464	1
3	66458	99.90954272	1
3	66469	99.90958368	1
3	66479	99.90962464	1
3	66506	99.91054272	1
3	66517	99.91058368	1
3	66527	99.91062464	1
3	66641	100.91054272	1
3	66650	100.91058368	1
3	66655	100.91062464	1
3	66674	100.91154272	1
3	66683	100.91158368	1
3	66688	100.91162464	1
3	66707	100.91254272	1
3	66718	100.91258368	1
3	66727	100.91262464	1
3	66758	100.91354272	1
3	66769	100.91358368	1
3	66779	100.91362464	1
3	66818	100.91454272	1
3	66829	100.91458368	1
3	66839	100.91462464	1
3	66878	100.91554272	1
3	66889	100.91558368	1
3	66899	100.91562464	1
3	66938	100.91654272	1
3	66949	100.91658368	1
3	66959	100.91662464	1
3	66998	100.91754272	1
3	67009	100.91758368	1
3	67019	100.91762464	1
3	67058	100.91854272	1
3	67069	100.91858368	1
3	67079	100.91862464	1
3	67106	100.91954272	1
3	67117	100.91958368	1
3	67127	100.91962464	1
3	67241	101.91954272	1
3	67250	101.91958368	1
3	67255	101.91962464	1
3	67274	101.92054272	1
3	67283	101.92058368	1
3	67288	101.92062464	1
3	67307	101.92154272	1
3	67318	101.92158368	1
3	67327	101.92162464	1
3	67358	101.92254272	1
3	67369	101.92258368	1
3	67379	101.92262464	1
3	67418	101.92354272	1
3	67429	101.92358368	1
3	67439	101.92362464	1
3	67478	101.92454272	1
3	67489	101.92458368	1
3	67499	101.92462464	1
3	67538	101.92554272	1
3	67549	101.92558368	1
3	67559	101.92562464	1
3	67598	101.92654272	1
3	67609	101.92658368	1
3	67619	101.92662464	1
3	67658	101.92754272	1
3	67669	101.92758368	1
3	67679	101.92762464	1
3	67706	101.92854272	1
3	67717	101.92858368	1
3	67727	101.92862464	1
3	67841	102.92854272	1
3	67850	102.92858368	1
3	67855	102.92862464	1
3	67874	102.92954272	1
3	67883	102.92958368	1
3	67888	102.92962464	1
3	67907	102.93054272	1
3	67918	102.93058368	1
3	67927	102.93062464	1
3	67958	102.93154272	1
3	67969	102.93158368	1
3	67979	102.93162464	1
3	68018	102.93254272	1
3	68029	102.93258368	1
3	68039	102.93262464	1
3	68078	102.93354272	1
3	68089	102.93358368	1
3	68099	102.93362464	1
3	68138	102.93454272	1
3	68149	102.93458368	1
3	68159	102.93462464	1
3	68198	102.93554272	1
3	68209	102.93558368	1
3	68219	102.93562464	1
3	68258	102.93654272	1
3	68269	102.93658368	1
3	68279	102.93662464	1
3	68306	102.93754272	1
3	68317	102.93758368	1
3	68327	102.93762464	1
3	68441	103.93754272	1
3	68450	103.93758368	1
3	68455	103.93762464	1
3	68474	103.93854272	1
3	68483	103.93858368	1
3	68488	103.93862464	1
3	68507	103.93954272	1
3	68518	103.93958368	1
3	68527	103.93962464	1
3	68558	103.94054272	1
3	68569	103.94058368	1
3	68579	103.94062464	1
3	68618	103.94154272	1
3	68629	103.94158368	1
3	68639	103.94162464	1
3	68678	103.94254272	1
3	68689	103.94258368	1
3	68699	103.94262464	1
3	68738	103.94354272	1
3	68749	103.94358368	1
3	68759	103.94362464	1
3	68798	103.94454272	1
3	68809	103.94458368	1
3	68819	103.94462464	1
3	68858	103.94554272	1
3	68869	103.94558368	1
3	68879	103.94562464	1
3	68906	103.94654272	1
3	68917	103.94658368	1
3	68927	103.94662464	1
3	69041	104.94654272	1
3	69050	104.94658368	1
3	69055	104.94662464	1
3	69074	104.94754272	1
3	69083	104.94758368	1
3	69088	104.94762464	1
3	69107	104.94854272	1
3	69118	104.94858368	1
3	69127	104.94862464	1
3	69158	104.94954272	1
3	69169	104.94958368	1
3	69179	104.94962464	1
3	69218	104.95054272	1
3	69229	104.95058368	1
3	69239	104.95062464	1
3	69278	104.95154272	1
3	69289	104.95158368	1
3	69299	104.95162464	1
3	69338	104.95254272	1
3	69349	104.95258368	1
3	69359	104.95262464	1
3	69398	104.95354272	1
3	69409	104.95358368	1
3	69419	104.95362464	1
3	69458	104.95454272	1
3	69469	104.95458368	1
3	69479	104.95462464	1
3	69506	104.95554272	1
3	69517	104.95558368	1
3	69527	104.95562464	1
3	69641	105.95554272	1
3	69650	105.95558368	1
3	69655	105.95562464	1
3	69674	105.95654272	1
3	69683	105.95658368	1
3	69688	105.95662464	1
3	69707	105.95754272	1
3	69718	105.95758368	1
3	69727	105.95762464	1
3	69758	105.95854272	1
3	69769	105.95858368	1
3	69779	105.95862464	1
3	69818	105.95954272	1
3	69829	105.95958368	1
3	69839	105.95962464	1
3	69878	105.96054272	1
3	69889	105.96058368	1
3	69899	105.96062464	1
3	69938	105.96154272	1
3	69949	105.96158368	1
3	69959	105.96162464	1
3	69998	105.96254272	1
3	70009	105.96258368	1
3	70019	105.96262464	1
3	70058	105.96354272	1
3	70069	105.96358368	1
3	70079	105.96362464	1
3	70106	105.96454272	1
3	70117	105.96458368	1
3	70127	105.96462464	1
3	70241	106.96454272	1
3	70250	106.96458368	1
3	70255	106.96462464	1
3	70274	106.96554272	1
3	70283	106.96558368	1
3	70288	106.96562464	1
3	70307	106.96654272	1
3	70318	106.96658368	1
3	70327	106.96662464	1
3	70358	106.96754272	1
3	70369	106.96758368	1
3	70379	106.96762464	1
3	70418	106.96854272	1
3	70429	106.96858368	1
3	70439	106.96862464	1
3	70478	106.96954272	1
3	70489	106.96958368	1
3	70499	106.96962464	1
3	70538	106.97054272	1
3	70549	106.97058368	1
3	70559	106.97062464	1
3	70598	106.97154272	1
3	70609	106.97158368	1
3	70619	106.97162464	1
3	70658	106.97254272	1
3	70669	106.97258368	1
3	70679	106.97262464	1
3	70706	106.97354272	1
3	70717	106.97358368	1
3	70727	106.97362464	1
3	70841	107.97354272	1
3	70850	107.97358368	1
3	70855	107.97362464	1
3	70874	107.97454272	1
3	70883	107.97458368	1
3	70888	107.97462464	1
3	70907	107.97554272	1
3	70918	107.97558368	1
3	70927	107.97562464	1
3	70958	107.97654272	1
3	70969	107.97658368	1
3	70979	107.97662464	1
3	71018	107.97754272	1
3	71029	107.97758368	1
3	71039	107.97762464	1
3	71078	107.97854272	1
3	71089	107.97858368	1
3	71099	107.97862464	1
3	71138	107.97954272	1
3	71149	107.97958368	1
3	71159	107.97962464	1
3	71198	107.98054272	1
3	71209	107.98058368	1
3	71219	107.98062464	1
3	71258	107.98154272	1
3	71269	107.98158368	1
3	71279	107.98162464	1
3	71306	107.98254272	1
3	71317	107.98258368	1
3	71327	107.98262464	1
3	71441	108.98254272	1
3	71450	108.98258368	1
3	71455	108.98262464	1
3	71474	108.98354272	1
3	71483	108.98358368	1
3	71488	108.98362464	1
3	71507	108.98454272	1
3	71518	108.98458368	1
3	71527	108.98462464	1
3	71558	108.98554272	1
3	71569	108.98558368	1
3	71579	108.98562464	1
3	71618	108.98654272	1
3	71629	108.98658368	1
3	71639	108.98662464	1
3	71678	108.98754272	1
3	71689	108.98758368	1
3	71699	108.98762464	1
3	71738	108.98854272	1
3	71749	108.98858368	1
3	71759	108.98862464	1
3	71798	108.98954272	1
3	71809	108.98958368	1
3	71819	108.98962464	1
3	71858	108.99054272	1
3	71869	108.99058368	1
3	71879	108.99062464	1
3	71906	108.99154272	1
3	71917	108.99158368	1
3	71927	108.99162464	1
3	72041	109.99154272	1
3	72050	109.99158368	1
3	72055	109.99162464	1
3	72074	109.99254272	1
3	72083	109.99258368	1
3	72088	109.99262464	1
3	72107	109.99354272	1
3	72118	109.99358368	1
3	72127	109.99362464	1
3	72158	109.99454272	1
3	72169	109.99458368	1
3	72179	109.99462464	1
3	72218	109.99554272	1
3	72229	109.99558368	1
3	72239	109.99562464	1
3	72278	109.99654272	1
3	72289	109.99658368	1
3	72299	109.99662464	1
3	72338	109.99754272	1
3	72349	109.99758368	1
3	72359	109.99762464	1
3	72398	109.99854272	1
3	72409	109.99858368	1
3	72419	109.99862464	1
3	72458	109.99954272	1
3	72469	109.99958368	1
3	72479	109.99962464	1
3	72506	110.00054272	1
3	72517	110.00058368	1
3	72527	110.00062464	1
3	72641	111.00054272	1
3	72650	111.00058368	1
3	72655	111.00062464	1
3	72674	111.00154272	1
3	72683	111.00158368	1
3	72688	111.00162464	1
3	72707	111.00254272	1
3	72718	111.00258368	1
3	72727	111.00262464	1
3	72758	111.00354272	1
3	72769	111.00358368	1
3	72779	111.00362464	1
3	72818	111.00454272	1
3	72829	111.00458368	1
3	72839	111.00462464	1
3	72878	111.00554272	1
3	72889	111.00558368	1
3	72899	111.00562464	1
3	72938	111.00654272	1
3	72949	111.00658368	1
3	72959	111.00662464	1
3	72998	111.00754272	1
3	73009	111.00758368	1
3	73019	111.00762464	1
3	73058	111.00854272	1
3	73069	111.00858368	1
3	73079	111.00862464	1
3	73106	111.00954272	1
3	73117	111.00958368	1
3	73127	111.00962464	1
3	73241	112.00954272	1
3	73250	112.00958368	1
3	73255	112.00962464	1
3	73274	112.01054272	1
3	73283	112.01058368	1
3	73288	112.01062464	1
3	73307	112.01154272	1
3	73318	112.01158368	1
3	73327	112.01162464	1
3	73358	112.01254272	1
3	73369	112.01258368	1
3	73379	112.01262464	1
3	73418	112.01354272	1
3	73429	112.01358368	1
3	73439	112.01362464	1
3	73478	112.01454272	1
3	73489	112.01458368	1
3	73499	112.01462464	1
3	73538	112.01554272	1
3	73549	112.01558368	1
3	73559	112.01562464	1
3	73598	112.01654272	1
3	73609	112.01658368	1
3	73619	112.01662464	1
3	73658	112.01754272	1
3	73669	112.01758368	1
3	73679	112.01762464	1
3	73706	112.01854272	1
3	73717	112.01858368	1
3	73727	112.01862464	1
3	73841	113.01854272	1
3	73850	113.01858368	1
3	73855	113.01862464	1
3	73874	113.01954272	1
3	73883	113.01958368	1
3	73888	113.01962464	1
3	73907	113.02054272	1
3	73918	113.02058368	1
3	73927	113.02062464	1
3	73958	113.02154272	1
3	73969	113.02158368	1
3	73979	113.02162464	1
3	74018	113.02254272	1
3	74029	113.02258368	1
3	74039	113.02262464	1
3	74078	113.02354272	1
3	74089	113.02358368	1
3	74099	113.02362464	1
3	74138	113.02454272	1
3	74149	113.02458368	1
3	74159	113.02462464	1
3	74198	113.02554272	1
3	74209	113.02558368	1
3	74219	113.02562464	1
3	74258	113.02654272	1
3	74269	113.02658368	1
3	74279	113.02662464	1
3	74306	113.02754272	1
3	74317	113.02758368	1
3	74327	113.02762464	1
3	74441	114.02754272	1
3	74450	114.02758368	1
3	74455	114.02762464	1
3	74474	114.02854272	1
3	74483	114.02858368	1
3	74488	114.02862464	1
3	74507	114.02954272	1
3	74518	114.02958368	1
3	74527	114.02962464	1
3	74558	114.03054272	1
3	74569	114.03058368	1
3	74579	114.03062464	1
3	74618	114.03154272	1
3	74629	114.03158368	1
3	74639	114.03162464	1
3	74678	114.03254272	1
3	74689	114.03258368	1
3	74699	114.03262464	1
3	74738	114.03354272	1
3	74749	114.03358368	1
3	74759	114.03362464	1
3	74798	114.03454272	1
3	74809	114.03458368	1
3	74819	114.03462464	1
3	74858	114.03554272	1
3	74869	114.03558368	1
3	74879	114.03562464	1
3	74906	114.03654272	1
3	74917	114.03658368	1
3	74927	114.03662464	1
3	75041	115.03654272	1
3	75050	115.03658368	1
3	75055	115.03662464	1
3	75074	115.03754272	1
3	75083	115.03758368	1
3	75088	115.03762464	1
3	75107	115.03854272	1
3	75118	115.03858368	1
3	75127	115.03862464	1
3	75158	115.03954272	1
3	75169	115.03958368	1
3	75179	115.03962464	1
3	75218	115.04054272	1
3	75229	115.04058368	1
3	75239	115.04062464	1
3	75278	115.04154272	1
3	75289	115.04158368	1
3	75299	115.04162464	1
3	75338	115.04254272	1
3	75349	115.04258368	1
3	75359	115.04262464	1
3	75398	115.04354272	1
3	75409	115.04358368	1
3	75419	115.04362464	1
3	75458	115.04454272	1
3	75469	115.04458368	1
3	75479	115.04462464	1
3	75506	115.04554272	1
3	75517	115.04558368	1
3	75527	115.04562464	1
3	75641	116.04554272	1
3	75650	116.04558368	1
3	75655	116.04562464	1
3	75674	116.04654272	1
3	75683	116.04658368	1
3	75688	116.04662464	1
3	75707	116.04754272	1
3	75718	116.04758368	1
3	75727	116.04762464	1
3	75758	116.04854272	1
3	75769	116.04858368	1
3	75779	116.04862464	1
3	75818	116.04954272	1
3	75829	116.04958368	1
3	75839	116.04962464	1
3	75878	116.05054272	1
3	75889	116.05058368	1
3	75899	116.05062464	1
3	75938	116.05154272	1
3	75949	116.05158368	1
3	75959	116.05162464	1
3	75998	116.05254272	1
3	76009	116.05258368	1
3	76019	116.05262464	1
3	76058	116.05354272	1
3	76069	116.05358368	1
3	76079	116.05362464	1
3	76106	116.05454272	1
3	76117	116.05458368	1
3	76127	116.05462464	1
3	76241	117.05454272	1
3	76250	117.05458368	1
3	76255	117.05462464	1
3	76274	117.05554272	1
3	76283	117.05558368	1
3	76288	117.05562464	1
3	76307	117.05654272	1
3	76318	117.05658368	1
3	76327	117.05662464	1
3	76358	117.05754272	1
3	76369	117.05758368	1
3	76379	117.05762464	1
3	76418	117.05854272	1
3	76429	117.05858368	1
3	76439	117.05862464	1
3	76478	117.05954272	1
3	76489	117.05958368	1
3	76499	117.05962464	1
3	76538	117.06054272	1
3	76549	117.06058368	1
3	76559	117.06062464	1
3	76598	117.06154272	1
3	76609	117.06158368	1
3	76619	117.06162464	1
3	76658	117.06254272	1
3	76669	117.06258368	1
3	76679	117.06262464	1
3	76706	117.06354272	1
3	76717	117.06358368	1
3	76727	117.06362464	1
3	76841	118.06354272	1
3	76850	118.06358368	1
3	76855	118.06362464	1
3	76874	118.06454272	1
3	76883	118.06458368	1
3	76888	118.06462464	1
3	76907	118.06554272	1
3	76918	118.06558368	1
3	76927	118.06562464	1
3	76958	118.06654272	1
3	76969	118.06658368	1
3	76979	118.06662464	1
3	77018	118.06754272	1
3	77029	118.06758368	1
3	77039	118.06762464	1
3	77078	118.06854272	1
3	77089	118.06858368	1
3	77099	118.06862464	1
3	77138	118.06954272	1
3	77149	118.06958368	1
3	77159	118.06962464	1
3	77198	118.07054272	1
3	77209	118.07058368	1
3	77219	118.07062464	1
3	77258	118.07154272	1
3	77269	118.07158368	1
3	77279	118.07162464	1
3	77306	118.07254272	1
3	77317	118.07258368	1
3	77327	118.07262464	1
3	77441	119.07254272	1
3	77450	119.07258368	1
3	77455	119.07262464	1
3	77474	119.07354272	1
3	77483	119.07358368	1
3	77488	119.07362464	1
3	77507	119.07454272	1
3	77518	119.07458368	1
3	77527	119.07462464	1
3	77558	119.07554272	1
3	77569	119.07558368	1
3	77579	119.07562464	1
3	77618	119.07654272	1
3	77629	119.07658368	1
3	77639	119.07662464	1
3	77678	119.07754272	1
3	77689	119.07758368	1
3	77699	119.07762464	1
3	77738	119.07854272	1
3	77749	119.07858368	1
3	77759	119.07862464	1
3	77798	119.07954272	1
3	77809	119.07958368	1
3	77819	119.07962464	1
3	77858	119.08054272	1
3	77869	119.08058368	1
3	77879	119.08062464	1
3	77906	119.08154272	1
3	77917	119.08158368	1
3	77927	119.08162464	1
3	78043	120.08154272	1
3	78053	120.08158368	1
3	78059	120.08162464	1
3	78079	120.08254272	1
3	78089	120.08258368	1
3	78095	120.08262464	1
3	78115	120.08354272	1
3	78128	120.08358368	1
3	78139	120.08362464	1
3	78175	120.08454272	1
3	78188	120.08458368	1
3	78200	120.08462464	1
3	78247	120.08554272	1
3	78260	120.08558368	1
3	78272	120.08562464	1
3	78319	120.08654272	1
3	78332	120.08658368	1
3	78344	120.08662464	1
3	78391	120.08754272	1
3	78404	120.08758368	1
3	78416	120.08762464	1
3	78463	120.08854272	1
3	78476	120.08858368	1
3	78488	120.08862464	1
3	78535	120.08954272	1
3	78548	120.08958368	1
3	78560	120.08962464	1
3	78595	120.09054272	1
3	78608	120.09058368	1
3	78620	120.09062464	1
3	78763	121.09054272	1
3	78773	121.09058368	1
3	78779	121.09062464	1
3	78799	121.09154272	1
3	78809	121.09158368	1
3	78815	121.09162464	1
3	78835	121.09254272	1
3	78848	121.09258368	1
3	78859	121.09262464	1
3	78895	121.09354272	1
3	78908	121.09358368	1
3	78920	121.09362464	1
3	78967	121.09454272	1
3	78980	121.09458368	1
3	78992	121.09462464	1
3	79039	121.09554272	1
3	79052	121.09558368	1
3	79064	121.09562464	1
3	79111	121.09654272	1
3	79124	121.09658368	1
3	79136	121.09662464	1
3	79183	121.09754272	1
3	79196	121.09758368	1
3	79208	121.09762464	1
3	79255	121.09854272	1
3	79268	121.09858368	1
3	79280	121.09862464	1
3	79315	121.09954272	1
3	79328	121.09958368	1
3	79340	121.09962464	1
3	79483	122.09954272	1
3	79493	122.09958368	1
3	79499	122.09962464	1
3	79519	122.10054272	1
3	79529	122.10058368	1
3	79535	122.10062464	1
3	79555	122.10154272	1
3	79568	122.10158368	1
3	79579	122.10162464	1
3	79615	122.10254272	1
3	79628	122.10258368	1
3	79640	122.10262464	1
3	79687	122.10354272	1
3	79700	122.10358368	1
3	79712	122.10362464	1
3	79759	122.10454272	1
3	79772	122.10458368	1
3	79784	122.10462464	1
3	79831	122.10554272	1
3	79844	122.10558368	1
3	79856	122.10562464	1
3	79903	122.10654272	1
3	79916	122.10658368	1
3	79928	122.10662464	1
3	79975	122.10754272	1
3	79988	122.10758368	1
3	80000	122.10762464	1
3	80035	122.10854272	1
3	80048	122.10858368	1
3	80060	122.10862464	1
3	80203	123.10854272	1
3	80213	123.10858368	1
3	80219	123.10862464	1
3	80239	123.10954272	1
3	80249	123.10958368	1
3	80255	123.10962464	1
3	80275	123.11054272	1
3	80288	123.11058368	1
3	80299	123.11062464	1
3	80335	123.11154272	1
3	80348	123.11158368	1
3	80360	123.11162464	1
3	80407	123.11254272	1
3	80420	123.11258368	1
3	80432	123.11262464	1
3	80479	123.11354272	1
3	80492	123.11358368	1
3	80504	123.11362464	1
3	80551	123.11454272	1
3	80564	123.11458368	1
3	80576	123.11462464	1
3	80623	123.11554272	1
3	80636	123.11558368	1
3	80648	123.11562464	1
3	80695	123.11654272	1
3	80708	123.11658368	1
3	80720	123.11662464	1
3	80755	123.11754272	1
3	80768	123.11758368	1
3	80780	123.11762464	1
3	80923	124.11754272	1
3	80933	124.11758368	1
3	80939	124.11762464	1
3	80959	124.11854272	1
3	80969	124.11858368	1
3	80975	124.11862464	1
3	80995	124.11954272	1
3	81008	124.11958368	1
3	81019	124.11962464	1
3	81055	124.12054272	1
3	81068	124.12058368	1
3	81080	124.12062464	1
3	81127	124.12154272	1
3	81140	124.12158368	1
3	81152	124.12162464	1
3	81199	124.12254272	1
3	81212	124.12258368	1
3	81224	124.12262464	1
3	81271	124.12354272	1
3	81284	124.12358368	1
3	81296	124.12362464	1
3	81343	124.12454272	1
3	81356	124.12458368	1
3	81368	124.12462464	1
3	81415	124.12554272	1
3	81428	124.12558368	1
3	81440	124.12562464	1
3	81475	124.12654272	1
3	81488	124.12658368	1
3	81500	124.12662464	1
3	81643	125.12654272	1
3	81653	125.12658368	1
3	81659	125.12662464	1
3	81679	125.12754272	1
3	81689	125.12758368	1
3	81695	125.12762464	1
3	81715	125.12854272	1
3	81728	125.12858368	1
3	81739	125.12862464	1
3	81775	125.12954272	1
3	81788	125.12958368	1
3	81800	125.12962464	1
3	81847	125.13054272	1
3	81860	125.13058368	1
3	81872	125.13062464	1
3	81919	125.13154272	1
3	81932	125.13158368	1
3	81944	125.13162464	1
3	81991	125.13254272	1
3	82004	125.13258368	1
3	82016	125.13262464	1
3	82063	125.13354272	1
3	82076	125.13358368	1
3	82088	125.13362464	1
3	82135	125.13454272	1
3	82148	125.13458368	1
3	82160	125.13462464	1
3	82195	125.13554272	1
3	82208	125.13558368	1
3	82220	125.13562464	1
3	82363	126.13554272	1
3	82373	126.13558368	1
3	82379	126.13562464	1
3	82399	126.13654272	1
3	82409	126.13658368	1
3	82415	126.13662464	1
3	82435	126.13754272	1
3	82448	126.13758368	1
3	82459	126.13762464	1
3	82495	126.13854272	1
3	82508	126.13858368	1
3	82520	126.13862464	1
3	82567	126.13954272	1
3	82580	126.13958368	1
3	82592	126.13962464	1
3	82639	126.14054272	1
3	82652	126.14058368	1
3	82664	126.14062464	1
3	82711	126.14154272	1
3	82724	126.14158368	1
3	82736	126.14162464	1
3	82783	126.14254272	1
3	82796	126.14258368	1
3	82808	126.14262464	1
3	82855	126.14354272	1
3	82868	126.14358368	1
3	82880	126.14362464	1
3	82915	126.14454272	1
3	82928	126.14458368	1
3	82940	126.14462464	1
3	83083	127.14454272	1
3	83093	127.14458368	1
3	83099	127.14462464	1
3	83119	127.14554272	1
3	83129	127.14558368	1
3	83135	127.14562464	1
3	83155	127.14654272	1
3	83168	127.14658368	1
3	83179	127.14662464	1
3	83215	127.14754272	1
3	83228	127.14758368	1
3	83240	127.14762464	1
3	83287	127.14854272	1
3	83300	127.14858368	1
3	83312	127.14862464	1
3	83359	127.14954272	1
3	83372	127.14958368	1
3	83384	127.14962464	1
3	83431	127.15054272	1
3	83444	127.15058368	1
3	83456	127.15062464	1
3	83503	127.15154272	1
3	83516	127.15158368	1
3	83528	127.15162464	1
3	83575	127.15254272	1
3	83588	127.15258368	1
3	83600	127.15262464	1
3	83635	127.15354272	1
3	83648	127.15358368	1
3	83660	127.15362464	1
3	83803	128.15354272	1
3	83813	128.15358368	1
3	83819	128.15362464	1
3	83839	128.15454272	1
3	83849	128.15458368	1
3	83855	128.15462464	1
3	83875	128.15554272	1
3	83888	128.15558368	1
3	83899	128.15562464	1
3	83935	128.15654272	1
3	83948	128.15658368	1
3	83960	128.15662464	1
3	84007	128.15754272	1
3	84020	128.15758368	1
3	84032	128.15762464	1
3	84079	128.15854272	1
3	84092	128.15858368	1
3	84104	128.15862464	1
3	84151	128.15954272	1
3	84164	128.15958368	1
3	84176	128.15962464	1
3	84223	128.16054272	1
3	84236	128.16058368	1
3	84248	128.16062464	1
3	84295	128.16154272	1
3	84308	128.16158368	1
3	84320	128.16162464	1
3	84355	128.16254272	1
3	84368	128.16258368	1
3	84380	128.16262464	1
3	84523	129.16254272	1
3	84533	129.16258368	1
3	84539	129.16262464	1
3	84559	129.16354272	1
3	84569	129.16358368	1
3	84575	129.16362464	1
3	84595	129.16454272	1
3	84608	129.16458368	1
3	84619	129.16462464	1
3	84655	129.16554272	1
3	84668	129.16558368	1
3	84680	129.16562464	1
3	84727	129.16654272	1
3	84740	129.16658368	1
3	84752	129.16662464	1
3	84799	129.16754272	1
3	84812	129.16758368	1
3	84824	129.16762464	1
3	84871	129.16854272	1
3	84884	129.16858368	1
3	84896	129.16862464	1
3	84943	129.16954272	1
3	84956	129.16958368	1
3	84968	129.16962464	1
3	85015	129.17054272	1
3	85028	129.17058368	1
3	85040	129.17062464	1
3	85075	129.17154272	1
3	85088	129.17158368	1
3	85100	129.17162464	1
3	85243	130.17154272	1
3	85253	130.17158368	1
3	85259	130.17162464	1
3	85279	130.17254272	1
3	85289	130.17258368	1
3	85295	130.17262464	1
3	85315	130.17354272	1
3	85328	130.17358368	1
3	85339	130.17362464	1
3	85375	130.17454272	1
3	85388	130.17458368	1
3	85400	130.17462464	1
3	85447	130.17554272	1
3	85460	130.17558368	1
3	85472	130.17562464	1
3	85519	130.17654272	1
3	85532	130.17658368	1
3	85544	130.17662464	1
3	85591	130.17754272	1
3	85604	130.17758368	1
3	85616	130.17762464	1
3	85663	130.17854272	1
3	85676	130.17858368	1
3	85688	130.17862464	1
3	85735	130.17954272	1
3	85748	130.17958368	1
3	85760	130.17962464	1
3	85795	130.18054272	1
3	85808	130.18058368	1
3	85820	130.18062464	1
3	85963	131.18054272	1
3	85973	131.18058368	1
3	85979	131.18062464	1
3	85999	131.18154272	1
3	86009	131.18158368	1
3	86015	131.18162464	1
3	86035	131.18254272	1
3	86048	131.18258368	1
3	86059	131.18262464	1
3	86095	131.18354272	1
3	86108	131.18358368	1
3	86120	131.18362464	1
3	86167	131.18454272	1
3	86180	131.18458368	1
3	86192	131.18462464	1
3	86239	131.18554272	1
3	86252	131.18558368	1
3	86264	131.18562464	1
3	86311	131.18654272	1
3	86324	131.18658368	1
3	86336	131.18662464	1
3	86383	131.18754272	1
3	86396	131.18758368	1
3	86408	131.18762464	1
3	86455	131.18854272	1
3	86468	131.18858368	1
3	86480	131.18862464	1
3	86515	131.18954272	1
3	86528	131.18958368	1
3	86540	131.18962464	1
3	86683	132.18954272	1
3	86693	132.18958368	1
3	86699	132.18962464	1
3	86719	132.19054272	1
3	86729	132.19058368	1
3	86735	132.19062464	1
3	86755	132.19154272	1
3	86768	132.19158368	1
3	86779	132.19162464	1
3	86815	132.19254272	1
3	86828	132.19258368	1
3	86840	132.19262464	1
3	86887	132.19354272	1
3	86900	132.19358368	1
3	86912	132.19362464	1
3	86959	132.19454272	1
3	86972	132.19458368	1
3	86984	132.19462464	1
3	87031	132.19554272	1
3	87044	132.19558368	1
3	87056	132.19562464	1
3	87103	132.19654272	1
3	87116	132.19658368	1
3	87128	132.19662464	1
3	87175	132.19754272	1
3	87188	132.19758368	1
3	87200	132.19762464	1
3	87235	132.19854272	1
3	87248	132.19858368	1
3	87260	132.19862464	1
3	87403	133.19854272	1
3	87413	133.19858368	1
3	87419	133.19862464	1
3	87439	133.19954272	1
3	87449	133.19958368	1
3	87455	133.19962464	1
3	87475	133.20054272	1
3	87488	133.20058368	1
3	87499	133.20062464	1
3	87535	133.20154272	1
3	87548	133.20158368	1
3	87560	133.20162464	1
3	87607	133.20254272	1
3	87620	133.20258368	1
3	87632	133.20262464	1
3	87679	133.20354272	1
3	87692	133.20358368	1
3	87704	133.20362464	1
3	87751	133.20454272	1
3	87764	133.20458368	1
3	87776	133.20462464	1
3	87823	133.20554272	1
3	87836	133.20558368	1
3	87848	133.20562464	1
3	87895	133.20654272	1
3	87908	133.20658368	1
3	87920	133.20662464	1
3	87955	133.20754272	1
3	87968	133.20758368	1
3	87980	133.20762464	1
3	88123	134.20754272	1
3	88133	134.20758368	1
3	88139	134.20762464	1
3	88159	134.20854272	1
3	88169	134.20858368	1
3	88175	134.20862464	1
3	88195	134.20954272	1
3	88208	134.20958368	1
3	88219	134.20962464	1
3	88255	134.21054272	1
3	88268	134.21058368	1
3	88280	134.21062464	1
3	88327	134.21154272	1
3	88340	134.21158368	1
3	88352	134.21162464	1
3	88399	134.21254272	1
3	88412	134.21258368	1
3	88424	134.21262464	1
3	88471	134.21354272	1
3	88484	134.21358368	1
3	88496	134.21362464	1
3	88543	134.21454272	1
3	88556	134.21458368	1
3	88568	134.21462464	1
3	88615	134.21554272	1
3	88628	134.21558368	1
3	88640	134.21562464	1
3	88675	134.21654272	1
3	88688	134.21658368	1
3	88700	134.21662464	1
3	88843	135.21654272	1
3	88853	135.21658368	1
3	88859	135.21662464	1
3	88879	135.21754272	1
3	88889	135.21758368	1
3	88895	135.21762464	1
3	88915	135.21854272	1
3	88928	135.21858368	1
3	88939	135.21862464	1
3	88975	135.21954272	1
3	88988	135.21958368	1
3	89000	135.21962464	1
3	89047	135.22054272	1
3	89060	135.22058368	1
3	89072	135.22062464	1
3	89119	135.22154272	1
3	89132	135.22158368	1
3	89144	135.22162464	1
3	89191	135.22254272	1
3	89204	135.22258368	1
3	89216	135.22262464	1
3	89263	135.22354272	1
3	89276	135.22358368	1
3	89288	135.22362464	1
3	89335	135.22454272	1
3	89348	135.22458368	1
3	89360	135.22462464	1
3	89395	135.22554272	1
3	89408	135.22558368	1
3	89420	135.22562464	1
3	89563	136.22554272	1
3	89573	136.22558368	1
3	89579	136.22562464	1
3	89599	136.22654272	1
3	89609	136.22658368	1
3	89615	136.22662464	1
3	89635	136.22754272	1
3	89648	136.22758368	1
3	89659	136.22762464	1
3	89695	136.22854272	1
3	89708	136.22858368	1
3	89720	136.22862464	1
3	89767	136.22954272	1
3	89780	136.22958368	1
3	89792	136.22962464	1
3	89839	136.23054272	1
3	89852	136.23058368	1
3	89864	136.23062464	1
3	89911	136.23154272	1
3	89924	136.23158368	1
3	89936	136.23162464	1
3	89983	136.23254272	1
3	89996	136.23258368	1
3	90008	136.23262464	1
3	90055	136.23354272	1
3	90068	136.23358368	1
3	90080	136.23362464	1
3	90115	136.23454272	1
3	90128	136.23458368	1
3	90140	136.23462464	1
3	90283	137.23454272	1
3	90293	137.23458368	1
3	90299	137.23462464	1
3	90319	137.23554272	1
3	90329	137.23558368	1
3	90335	137.23562464	1
3	90355	137.23654272	1
3	90368	137.23658368	1
3	90379	137.23662464	1
3	90415	137.23754272	1
3	90428	137.23758368	1
3	90440	137.23762464	1
3	90487	137.23854272	1
3	90500	137.23858368	1
3	90512	137.23862464	1
3	90559	137.23954272	1
3	90572	137.23958368	1
3	90584	137.23962464	1
3	90631	137.24054272	1
3	90644	137.24058368	1
3	90656	137.24062464	1
3	90703	137.24154272	1
3	90716	137.24158368	1
3	90728	137.24162464	1
3	90775	137.24254272	1
3	90788	137.24258368	1
3	90800	137.24262464	1
3	90835	137.24354272	1
3	90848	137.24358368	1
3	90860	137.24362464	1
3	91003	138.24354272	1
3	91013	138.24358368	1
3	91019	138.24362464	1
3	91039	138.24454272	1
3	91049	138.24458368	1
3	91055	138.24462464	1
3	91075	138.24554272	1
3	91088	138.24558368	1
3	91099	138.24562464	1
3	91135	138.24654272	1
3	91148	138.24658368	1
3	91160	138.24662464	1
3	91207	138.24754272	1
3	91220	138.24758368	1
3	91232	138.24762464	1
3	91279	138.24854272	1
3	91292	138.24858368	1
3	91304	138.24862464	1
3	91351	138.24954272	1
3	91364	138.24958368	1
3	91376	138.24962464	1
3	91423	138.25054272	1
3	91436	138.25058368	1
3	91448	138.25062464	1
3	91495	138.25154272	1
3	91508	138.25158368	1
3	91520	138.25162464	1
3	91555	138.25254272	1
3	91568	138.25258368	1
3	91580	138.25262464	1
3	91723	139.25254272	1
3	91733	139.25258368	1
3	91739	139.25262464	1
3	91759	139.25354272	1
3	91769	139.25358368	1
3	91775	139.25362464	1
3	91795	139.25454272	1
3	91808	139.25458368	1
3	91819	139.25462464	1
3	91855	139.25554272	1
3	91868	139.25558368	1
3	91880	139.25562464	1
3	91927	139.25654272	1
3	91940	139.25658368	1
3	91952	139.25662464	1
3	91999	139.25754272	1
3	92012	139.25758368	1
3	92024	139.25762464	1
3	92071	139.25854272	1
3	92084	139.25858368	1
3	92096	139.25862464	1
3	92143	139.25954272	1
3	92156	139.25958368	1
3	92168	139.25962464	1
3	92215	139.26054272	1
3	92228	139.26058368	1
3	92240	139.26062464	1
3	92275	139.26154272	1
3	92288	139.26158368	1
3	92300	139.26162464	1
3	92443	140.26154272	1
3	92453	140.26158368	1
3	92459	140.26162464	1
3	92479	140.26254272	1
3	92489	140.26258368	1
3	92495	140.26262464	1
3	92515	140.26354272	1
3	92528	140.26358368	1
3	92539	140.26362464	1
3	92575	140.26454272	1
3	92588	140.26458368	1
3	92600	140.26462464	1
3	92647	140.26554272	1
3	92660	140.26558368	1
3	92672	140.26562464	1
3	92719	140.26654272	1
3	92732	140.26658368	1
3	92744	140.26662464	1
3	92791	140.26754272	1
3	92804	140.26758368	1
3	92816	140.26762464	1
3	92863	140.26854272	1
3	92876	140.26858368	1
3	92888	140.26862464	1
3	92935	140.26954272	1
3	92948	140.26958368	1
3	92960	140.26962464	1
3	92995	140.27054272	1
3	93008	140.27058368	1
3	93020	140.27062464	1
3	93163	141.27054272	1
3	93173	141.27058368	1
3	93179	141.27062464	1
3	93199	141.27154272	1
3	93209	141.27158368	1
3	93215	141.27162464	1
3	93235	141.27254272	1
3	93248	141.27258368	1
3	93259	141.27262464	1
3	93295	141.27354272	1
3	93308	141.27358368	1
3	93320	141.27362464	1
3	93367	141.27454272	1
3	93380	141.27458368	1
3	93392	141.27462464	1
3	93439	141.27554272	1
3	93452	141.27558368	1
3	93464	141.27562464	1
3	93511	141.27654272	1
3	93524	141.27658368	1
3	93536	141.27662464	1
3	93583	141.27754272	1
3	93596	141.27758368	1
3	93608	141.27762464	1
3	93655	141.27854272	1
3	93668	141.27858368	1
3	93680	141.27862464	1
3	93715	141.27954272	1
3	93728	141.27958368	1
3	93740	141.27962464	1
3	93883	142.27954272	1
3	93893	142.27958368	1
3	93899	142.27962464	1
3	93919	142.28054272	1
3	93929	142.28058368	1
3	93935	142.28062464	1
3	93955	142.28154272	1
3	93968	142.28158368	1
3	93979	142.28162464	1
3	94015	142.28254272	1
3	94028	142.28258368	1
3	94040	142.28262464	1
3	94087	142.28354272	1
3	94100	142.28358368	1
3	94112	142.28362464	1
3	94159	142.28454272	1
3	94172	142.28458368	1
3	94184	142.28462464	1
3	94231	142.28554272	1
3	94244	142.28558368	1
3	94256	142.28562464	1
3	94303	142.28654272	1
3	94316	142.28658368	1
3	94328	142.28662464	1
3	94375	142.28754272	1
3	94388	142.28758368	1
3	94400	142.28762464	1
3	94435	142.28854272	1
3	94448	142.28858368	1
3	94460	142.28862464	1
3	94603	143.28854272	1
3	94613	143.28858368	1
3	94619	143.28862464	1
3	94639	143.28954272	1
3	94649	143.28958368	1
3	94655	143.28962464	1
3	94675	143.29054272	1
3	94688	143.29058368	1
3	94699	143.29062464	1
3	94735	143.29154272	1
3	94748	143.29158368	1
3	94760	143.29162464	1
3	94807	143.29254272	1
3	94820	143.29258368	1
3	94832	143.29262464	1
3	94879	143.29354272	1
3	94892	143.29358368	1
3	94904	143.29362464	1
3	94951	143.29454272	1
3	94964	143.29458368	1
3	94976	143.29462464	1
3	95023	143.29554272	1
3	95036	143.29558368	1
3	95048	143.29562464	1
3	95095	143.29654272	1
3	95108	143.29658368	1
3	95120	143.29662464	1
3	95155	143.29754272	1
3	95168	143.29758368	1
3	95180	143.29762464	1
3	95323	144.29754272	1
3	95333	144.29758368	1
3	95339	144.29762464	1
3	95359	144.29854272	1
3	95369	144.29858368	1
3	95375	144.29862464	1
3	95395	144.29954272	1
3	95408	144.29958368	1
3	95419	144.29962464	1
3	95455	144.30054272	1
3	95468	144.30058368	1
3	95480	144.30062464	1
3	95527	144.30154272	1
3	95540	144.30158368	1
3	95552	144.30162464	1
3	95599	144.30254272	1
3	95612	144.30258368	1
3	95624	144.30262464	1
3	95671	144.30354272	1
3	95684	144.30358368	1
3	95696	144.30362464	1
3	95743	144.30454272	1
3	95756	144.30458368	1
3	95768	144.30462464	1
3	95815	144.30554272	1
3	95828	144.30558368	1
3	95840	144.30562464	1
3	95875	144.30654272	1
3	95888	144.30658368	1
3	95900	144.30662464	1
3	96043	145.30654272	1
3	96053	145.30658368	1
3	96059	145.30662464	1
3	96079	145.30754272	1
3	96089	145.30758368	1
3	96095	145.30762464	1
3	96115	145.30854272	1
3	96128	145.30858368	1
3	96139	145.30862464	1
3	96175	145.30954272	1
3	96188	145.30958368	1
3	96200	145.30962464	1
3	96247	145.31054272	1
3	96260	145.31058368	1
3	96272	145.31062464	1
3	96319	145.31154272	1
3	96332	145.31158368	1
3	96344	145.31162464	1
3	96391	145.31254272	1
3	96404	145.31258368	1
3	96416	145.31262464	1
3	96463	145.31354272	1
3	96476	145.31358368	1
3	96488	145.31362464	1
3	96535	145.31454272	1
3	96548	145.31458368	1
3	96560	145.31462464	1
3	96595	145.31554272	1
3	96608	145.31558368	1
3	96620	145.31562464	1
3	96763	146.31554272	1
3	96773	146.31558368	1
3	96779	146.31562464	1
3	96799	146.31654272	1
3	96809	146.31658368	1
3	96815	146.31662464	1
3	96835	146.31754272	1
3	96848	146.31758368	1
3	96859	146.31762464	1
3	96895	146.31854272	1
3	96908	146.31858368	1
3	96920	146.31862464	1
3	96967	146.31954272	1
3	96980	146.31958368	1
3	96992	146.31962464	1
3	97039	146.32054272	1
3	97052	146.32058368	1
3	97064	146.32062464	1
3	97111	146.32154272	1
3	97124	146.32158368	1
3	97136	146.32162464	1
3	97183	146.32254272	1
3	97196	146.32258368	1
3	97208	146.32262464	1
3	97255	146.32354272	1
3	97268	146.32358368	1
3	97280	146.32362464	1
3	97315	146.32454272	1
3	97328	146.32458368	1
3	97340	146.32462464	1
3	97483	147.32454272	1
3	97493	147.32458368	1
3	97499	147.32462464	1
3	97519	147.32554272	1
3	97529	147.32558368	1
3	97535	147.32562464	1
3	97555	147.32654272	1
3	97568	147.32658368	1
3	97579	147.32662464	1
3	97615	147.32754272	1
3	97628	147.32758368	1
3	97640	147.32762464	1
3	97687	147.32854272	1
3	97700	147.32858368	1
3	97712	147.32862464	1
3	97759	147.32954272	1
3	97772	147.32958368	1
3	97784	147.32962464	1
3	97831	147.33054272	1
3	97844	147.33058368	1
3	97856	147.33062464	1
3	97903	147.33154272	1
3	97916	147.33158368	1
3	97928	147.33162464	1
3	97975	147.33254272	1
3	97988	147.33258368	1
3	98000	147.33262464	1
3	98035	147.33354272	1
3	98048	147.33358368	1
3	98060	147.33362464	1
3	98203	148.33354272	1
3	98213	148.33358368	1
3	98219	148.33362464	1
3	98239	148.33454272	1
3	98249	148.33458368	1
3	98255	148.33462464	1
3	98275	148.33554272	1
3	98288	148.33558368	1
3	98299	148.33562464	1
3	98335	148.33654272	1
3	98348	148.33658368	1
3	98360	148.33662464	1
3	98407	148.33754272	1
3	98420	148.33758368	1
3	98432	148.33762464	1
3	98479	148.33854272	1
3	98492	148.33858368	1
3	98504	148.33862464	1
3	98551	148.33954272	1
3	98564	148.33958368	1
3	98576	148.33962464	1
3	98623	148.34054272	1
3	98636	148.34058368	1
3	98648	148.34062464	1
3	98695	148.34154272	1
3	98708	148.34158368	1
3	98720	148.34162464	1
3	98755	148.34254272	1
3	98768	148.34258368	1
3	98780	148.34262464	1
3	98923	149.34254272	1
3	98933	149.34258368	1
3	98939	149.34262464	1
3	98959	149.34354272	1
3	98969	149.34358368	1
3	98975	149.34362464	1
3	98995	149.34454272	1
3	99008	149.34458368	1
3	99019	149.34462464	1
3	99055	149.34554272	1
3	99068	149.34558368	1
3	99080	149.34562464	1
3	99127	149.34654272	1
3	99140	149.34658368	1
3	99152	149.34662464	1
3	99199	149.34754272	1
3	99212	149.34758368	1
3	99224	149.34762464	1
3	99271	149.34854272	1
3	99284	149.34858368	1
3	99296	149.34862464	1
3	99343	149.34954272	1
3	99356	149.34958368	1
3	99368	149.34962464	1
3	99415	149.35054272	1
3	99428	149.35058368	1
3	99440	149.35062464	1
3	99475	149.35154272	1
3	99488	149.35158368	1
3	99500	149.35162464	1
3	99643	150.35154272	1
3	99653	150.35158368	1
3	99659	150.35162464	1
3	99679	150.35254272	1
3	99689	150.35258368	1
3	99695	150.35262464	1
3	99715	150.35354272	1
3	99728	150.35358368	1
3	99739	150.35362464	1
3	99775	150.35454272	1
3	99788	150.35458368	1
3	99800	150.35462464	1
3	99847	150.35554272	1
3	99860	150.35558368	1
3	99872	150.35562464	1
3	99919	150.35654272	1
3	99932	150.35658368	1
3	99944	150.35662464	1
3	99991	150.35754272	1
3	100004	150.35758368	1
3	100016	150.35762464	1
3	100063	150.35854272	1
3	100076	150.35858368	1
3	100088	150.35862464	1
3	100135	150.35954272	1
3	100148	150.35958368	1
3	100160	150.35962464	1
3	100195	150.36054272	1
3	100208	150.36058368	1
3	100220	150.36062464	1
3	100363	151.36054272	1
3	100373	151.36058368	1
3	100379	151.36062464	1
3	100399	151.36154272	1
3	100409	151.36158368	1
3	100415	151.36162464	1
3	100435	151.36254272	1
3	100448	151.36258368	1
3	100459	151.36262464	1
3	100495	151.36354272	1
3	100508	151.36358368	1
3	100520	151.36362464	1
3	100567	151.36454272	1
3	100580	151.36458368	1
3	100592	151.36462464	1
3	100639	151.36554272	1
3	100652	151.36558368	1
3	100664	151.36562464	1
3	100711	151.36654272	1
3	100724	151.36658368	1
3	100736	151.36662464	1
3	100783	151.36754272	1
3	100796	151.36758368	1
3	100808	151.36762464	1
3	100855	151.36854272	1
3	100868	151.36858368	1
3	100880	151.36862464	1
3	100915	151.36954272	1
3	100928	151.36958368	1
3	100940	151.36962464	1
3	101083	152.36954272	1
3	101093	152.36958368	1
3	101099	152.36962464	1
3	101119	152.37054272	1
3	101129	152.37058368	1
3	101135	152.37062464	1
3	101155	152.37154272	1
3	101168	152.37158368	1
3	101179	152.37162464	1
3	101215	152.37254272	1
3	101228	152.37258368	1
3	101240	152.37262464	1
3	101287	152.37354272	1
3	101300	152.37358368	1
3	101312	152.37362464	1
3	101359	152.37454272	1
3	101372	152.37458368	1
3	101384	152.37462464	1
3	101431	152.37554272	1
3	101444	152.37558368	1
3	101456	152.37562464	1
3	101503	152.37654272	1
3	101516	152.37658368	1
3	101528	152.37662464	1
3	101575	152.37754272	1
3	101588	152.37758368	1
3	101600	152.37762464	1
3	101635	152.37854272	1
3	101648	152.37858368	1
3	101660	152.37862464	1
3	101803	153.37854272	1
3	101813	153.37858368	1
3	101819	153.37862464	1
3	101839	153.37954272	1
3	101849	153.37958368	1
3	101855	153.37962464	1
3	101875	153.38054272	1
3	101888	153.38058368	1
3	101899	153.38062464	1
3	101935	153.38154272	1
3	101948	153.38158368	1
3	101960	153.38162464	1
3	102007	153.38254272	1
3	102020	153.38258368	1
3	102032	153.38262464	1
3	102079	153.38354272	1
3	102092	153.38358368	1
3	102104	153.38362464	1
3	102151	153.38454272	1
3	102164	153.38458368	1
3	102176	153.38462464	1
3	102223	153.38554272	1
3	102236	153.38558368	1
3	102248	153.38562464	1
3	102295	153.38654272	1
3	102308	153.38658368	1
3	102320	153.38662464	1
3	102355	153.38754272	1
3	102368	153.38758368	1
3	102380	153.38762464	1
3	102523	154.38754272	1
3	102533	154.38758368	1
3	102539	154.38762464	1
3	102559	154.38854272	1
3	102569	154.38858368	1
3	102575	154.38862464	1
3	102595	154.38954272	1
3	102608	154.38958368	1
3	102619	154.38962464	1
3	102655	154.39054272	1
3	102668	154.39058368	1
3	102680	154.39062464	1
3	102727	154.39154272	1
3	102740	154.39158368	1
3	102752	154.39162464	1
3	102799	154.39254272	1
3	102812	154.39258368	1
3	102824	154.39262464	1
3	102871	154.39354272	1
3	102884	154.39358368	1
3	102896	154.39362464	1
3	102943	154.39454272	1
3	102956	154.39458368	1
3	102968	154.39462464	1
3	103015	154.39554272	1
3	103028	154.39558368	1
3	103040	154.39562464	1
3	103075	154.39654272	1
3	103088	154.39658368	1
3	103100	154.39662464	1
3	103243	155.39654272	1
3	103253	155.39658368	1
3	103259	155.39662464	1
3	103279	155.39754272	1
3	103289	155.39758368	1
3	103295	155.39762464	1
3	103315	155.39854272	1
3	103328	155.39858368	1
3	103339	155.39862464	1
3	103375	155.39954272	1
3	103388	155.39958368	1
3	103400	155.39962464	1
3	103447	155.40054272	1
3	103460	155.40058368	1
3	103472	155.40062464	1
3	103519	155.40154272	1
3	103532	155.40158368	1
3	103544	155.40162464	1
3	103591	155.40254272	1
3	103604	155.40258368	1
3	103616	155.40262464	1
3	103663	155.40354272	1
3	103676	155.40358368	1
3	103688	155.40362464	1
3	103735	155.40454272	1
3	103748	155.40458368	1
3	103760	155.40462464	1
3	103795	155.40554272	1
3	103808	155.40558368	1
3	103820	155.40562464	1
3	103963	156.40554272	1
3	103973	156.40558368	1
3	103979	156.40562464	1
3	103999	156.40654272	1
3	104009	156.40658368	1
3	104015	156.40662464	1
3	104035	156.40754272	1
3	104048	156.40758368	1
3	104059	156.40762464	1
3	104095	156.40854272	1
3	104108	156.40858368	1
3	104120	156.40862464	1
3	104167	156.40954272	1
3	104180	156.40958368	1
3	104192	156.40962464	1
3	104239	156.41054272	1
3	104252	156.41058368	1
3	104264	156.41062464	1
3	104311	156.41154272	1
3	104324	156.41158368	1
3	104336	156.41162464	1
3	104383	156.41254272	1
3	104396	156.41258368	1
3	104408	156.41262464	1
3	104455	156.41354272	1
3	104468	156.41358368	1
3	104480	156.41362464	1
3	104515	156.41454272	1
3	104528	156.41458368	1
3	104540	156.41462464	1
3	104683	157.41454272	1
3	104693	157.41458368	1
3	104699	157.41462464	1
3	104719	157.41554272	1
3	104729	157.41558368	1
3	104735	157.41562464	1
3	104755	157.41654272	1
3	104768	157.41658368	1
3	104779	157.41662464	1
3	104815	157.41754272	1
3	104828	157.41758368	1
3	104840	157.41762464	1
3	104887	157.41854272	1
3	104900	157.41858368	1
3	104912	157.41862464	1
3	104959	157.41954272	1
3	104972	157.41958368	1
3	104984	157.41962464	1
3	105031	157.42054272	1
3	105044	157.42058368	1
3	105056	157.42062464	1
3	105103	157.42154272	1
3	105116	157.42158368	1
3	105128	157.42162464	1
3	105175	157.42254272	1
3	105188	157.42258368	1
3	105200	157.42262464	1
3	105235	157.42354272	1
3	105248	157.42358368	1
3	105260	157.42362464	1
3	105403	158.42354272	1
3	105413	158.42358368	1
3	105419	158.42362464	1
3	105439	158.42454272	1
3	105449	158.42458368	1
3	105455	158.42462464	1
3	105475	158.42554272	1
3	105488	158.42558368	1
3	105499	158.42562464	1
3	105535	158.42654272	1
3	105548	158.42658368	1
3	105560	158.42662464	1
3	105607	158.42754272	1
3	105620	158.42758368	1
3	105632	158.42762464	1
3	105679	158.42854272	1
3	105692	158.42858368	1
3	105704	158.42862464	1
3	105751	158.42954272	1
3	105764	158.42958368	1
3	105776	158.42962464	1
3	105823	158.43054272	1
3	105836	158.43058368	1
3	105848	158.43062464	1
3	105895	158.43154272	1
3	105908	158.43158368	1
3	105920	158.43162464	1
3	105955	158.43254272	1
3	105968	158.43258368	1
3	105980	158.43262464	1
3	106123	159.43254272	1
3	106133	159.43258368	1
3	106139	159.43262464	1
3	106159	159.43354272	1
3	106169	159.43358368	1
3	106175	159.43362464	1
3	106195	159.43454272	1
3	106208	159.43458368	1
3	106219	159.43462464	1
3	106255	159.43554272	1
3	106268	159.43558368	1
3	106280	159.43562464	1
3	106327	159.43654272	1
3	106340	159.43658368	1
3	106352	159.43662464	1
3	106399	159.43754272	1
3	106412	159.43758368	1
3	106424	159.43762464	1
3	106471	159.43854272	1
3	106484	159.43858368	1
3	106496	159.43862464	1
3	106543	159.43954272	1
3	106556	159.43958368	1
3	106568	159.43962464	1
3	106615	159.44054272	1
3	106628	159.44058368	1
3	106640	159.44062464	1
3	106675	159.44154272	1
3	106688	159.44158368	1
3	106700	159.44162464	1
3	106843	160.44154272	1
3	106853	160.44158368	1
3	106859	160.44162464	1
3	106879	160.44254272	1
3	106889	160.44258368	1
3	106895	160.44262464	1
3	106915	160.44354272	1
3	106928	160.44358368	1
3	106939	160.44362464	1
3	106975	160.44454272	1
3	106988	160.44458368	1
3	107000	160.44462464	1
3	107047	160.44554272	1
3	107060	160.44558368	1
3	107072	160.44562464	1
3	107119	160.44654272	1
3	107132	160.44658368	1
3	107144	160.44662464	1
3	107191	160.44754272	1
3	107204	160.44758368	1
3	107216	160.44762464	1
3	107263	160.44854272	1
3	107276	160.44858368	1
3	107288	160.44862464	1
3	107335	160.44954272	1
3	107348	160.44958368	1
3	107360	160.44962464	1
3	107395	160.45054272	1
3	107408	160.45058368	1
3	107420	160.45062464	1
3	107563	161.45054272	1
3	107573	161.45058368	1
3	107579	161.45062464	1
3	107599	161.45154272	1
3	107609	161.45158368	1
3	107615	161.45162464	1
3	107635	161.45254272	1
3	107648	161.45258368	1
3	107659	161.45262464	1
3	107695	161.45354272	1
3	107708	161.45358368	1
3	107720	161.45362464	1
3	107767	161.45454272	1
3	107780	161.45458368	1
3	107792	161.45462464	1
3	107839	161.45554272	1
3	107852	161.45558368	1
3	107864	161.45562464	1
3	107911	161.45654272	1
3	107924	161.45658368	1
3	107936	161.45662464	1
3	107983	161.45754272	1
3	107996	161.45758368	1
3	108008	161.45762464	1
3	108055	161.45854272	1
3	108068	161.45858368	1
3	108080	161.45862464	1
3	108115	161.45954272	1
3	108128	161.45958368	1
3	108140	161.45962464	1
3	108283	162.45954272	1
3	108293	162.45958368	1
3	108299	162.45962464	1
3	108319	162.46054272	1
3	108329	162.46058368	1
3	108335	162.46062464	1
3	108355	162.46154272	1
3	108368	162.46158368	1
3	108379	162.46162464	1
3	108415	162.46254272	1
3	108428	162.46258368	1
3	108440	162.46262464	1
3	108487	162.46354272	1
3	108500	162.46358368	1
3	108512	162.46362464	1
3	108559	162.46454272	1
3	108572	162.46458368	1
3	108584	162.46462464	1
3	108631	162.46554272	1
3	108644	162.46558368	1
3	108656	162.46562464	1
3	108703	162.46654272	1
3	108716	162.46658368	1
3	108728	162.46662464	1
3	108775	162.46754272	1
3	108788	162.46758368	1
3	108800	162.46762464	1
3	108835	162.46854272	1
3	108848	162.46858368	1
3	108860	162.46862464	1
3	109003	163.46854272	1
3	109013	163.46858368	1
3	109019	163.46862464	1
3	109039	163.46954272	1
3	109049	163.46958368	1
3	109055	163.46962464	1
3	109075	163.47054272	1
3	109088	163.47058368	1
3	109099	163.47062464	1
3	109135	163.47154272	1
3	109148	163.47158368	1
3	109160	163.47162464	1
3	109207	163.47254272	1
3	109220	163.47258368	1
3	109232	163.47262464	1
3	109279	163.47354272	1
3	109292	163.47358368	1
3	109304	163.47362464	1
3	109351	163.47454272	1
3	109364	163.47458368	1
3	109376	163.47462464	1
3	109423	163.47554272	1
3	109436	163.47558368	1
3	109448	163.47562464	1
3	109495	163.47654272	1
3	109508	163.47658368	1
3	109520	163.47662464	1
3	109555	163.47754272	1
3	109568	163.47758368	1
3	109580	163.47762464	1
3	109723	164.47754272	1
3	109733	164.47758368	1
3	109739	164.47762464	1
3	109759	164.47854272	1
3	109769	164.47858368	1
3	109775	164.47862464	1
3	109795	164.47954272	1
3	109808	164.47958368	1
3	109819	164.47962464	1
3	109855	164.48054272	1
3	109868	164.48058368	1
3	109880	164.48062464	1
3	109927	164.48154272	1
3	109940	164.48158368	1
3	109952	164.48162464	1
3	109999	164.48254272	1
3	110012	164.48258368	1
3	110024	164.48262464	1
3	110071	164.48354272	1
3	110084	164.48358368	1
3	110096	164.48362464	1
3	110143	164.48454272	1
3	110156	164.48458368	1
3	110168	164.48462464	1
3	110215	164.48554272	1
3	110228	164.48558368	1
3	110240	164.48562464	1
3	110275	164.48654272	1
3	110288	164.48658368	1
3	110300	164.48662464	1
3	110443	165.48654272	1
3	110453	165.48658368	1
3	110459	165.48662464	1
3	110479	165.48754272	1
3	110489	165.48758368	1
3	110495	165.48762464	1
3	110515	165.48854272	1
3	110528	165.48858368	1
3	110539	165.48862464	1
3	110575	165.48954272	1
3	110588	165.48958368	1
3	110600	165.48962464	1
3	110647	165.49054272	1
3	110660	165.49058368	1
3	110672	165.49062464	1
3	110719	165.49154272	1
3	110732	165.49158368	1
3	110744	165.49162464	1
3	110791	165.49254272	1
3	110804	165.49258368	1
3	110816	165.49262464	1
3	110863	165.49354272	1
3	110876	165.49358368	1
3	110888	165.49362464	1
3	110935	165.49454272	1
3	110948	165.49458368	1
3	110960	165.49462464	1
3	110995	165.49554272	1
3	111008	165.49558368	1
3	111020	165.49562464	1
3	111163	166.49554272	1
3	111173	166.49558368	1
3	111179	166.49562464	1
3	111199	166.49654272	1
3	111209	166.49658368	1
3	111215	166.49662464	1
3	111235	166.49754272	1
3	111248	166.49758368	1
3	111259	166.49762464	1
3	111295	166.49854272	1
3	111308	166.49858368	1
3	111320	166.49862464	1
3	111367	166.49954272	1
3	111380	166.49958368	1
3	111392	166.49962464	1
3	111439	166.50054272	1
3	111452	166.50058368	1
3	111464	166.50062464	1
3	111511	166.50154272	1
3	111524	166.50158368	1
3	111536	166.50162464	1
3	111583	166.50254272	1
3	111596	166.50258368	1
3	111608	166.50262464	1
3	111655	166.50354272	1
3	111668	166.50358368	1
3	111680	166.50362464	1
3	111715	166.50454272	1
3	111728	166.50458368	1
3	111740	166.50462464	1
3	111883	167.50454272	1
3	111893	167.50458368	1
3	111899	167.50462464	1
3	111919	167.50554272	1
3	111929	167.50558368	1
3	111935	167.50562464	1
3	111955	167.50654272	1
3	111968	167.50658368	1
3	111979	167.50662464	1
3	112015	167.50754272	1
3	112028	167.50758368	1
3	112040	167.50762464	1
3	112087	167.50854272	1
3	112100	167.50858368	1
3	112112	167.50862464	1
3	112159	167.50954272	1
3	112172	167.50958368	1
3	112184	167.50962464	1
3	112231	167.51054272	1
3	112244	167.51058368	1
3	112256	167.51062464	1
3	112303	167.51154272	1
3	112316	167.51158368	1
3	112328	167.51162464	1
3	112375	167.51254272	1
3	112388	167.51258368	1
3	112400	167.51262464	1
3	112435	167.51354272	1
3	112448	167.51358368	1
3	112460	167.51362464	1
3	112603	168.51354272	1
3	112613	168.51358368	1
3	112619	168.51362464	1
3	112639	168.51454272	1
3	112649	168.51458368	1
3	112655	168.51462464	1
3	112675	168.51554272	1
3	112688	168.51558368	1
3	112699	168.51562464	1
3	112735	168.51654272	1
3	112748	168.51658368	1
3	112760	168.51662464	1
3	112807	168.51754272	1
3	112820	168.51758368	1
3	112832	168.51762464	1
3	112879	168.51854272	1
3	112892	168.51858368	1
3	112904	168.51862464	1
3	112951	168.51954272	1
3	112964	168.51958368	1
3	112976	168.51962464	1
3	113023	168.52054272	1
3	113036	168.52058368	1
3	113048	168.52062464	1
3	113095	168.52154272	1
3	113108	168.52158368	1
3	113120	168.52162464	1
3	113155	168.52254272	1
3	113168	168.52258368	1
3	113180	168.52262464	1
3	113323	169.52254272	1
3	113333	169.52258368	1
3	113339	169.52262464	1
3	113359	169.52354272	1
3	113369	169.52358368	1
3	113375	169.52362464	1
3	113395	169.52454272	1
3	113408	169.52458368	1
3	113419	169.52462464	1
3	113455	169.52554272	1
3	113468	169.52558368	1
3	113480	169.52562464	1
3	113527	169.52654272	1
3	113540	169.52658368	1
3	113552	169.52662464	1
3	113599	169.52754272	1
3	113612	169.52758368	1
3	113624	169.52762464	1
3	113671	169.52854272	1
3	113684	169.52858368	1
3	113696	169.52862464	1
3	113743	169.52954272	1
3	113756	169.52958368	1
3	113768	169.52962464	1
3	113815	169.53054272	1
3	113828	169.53058368	1
3	113840	169.53062464	1
3	113875	169.53154272	1
3	113888	169.53158368	1
3	113900	169.53162464	1
3	114043	170.53154272	1
3	114053	170.53158368	1
3	114059	170.53162464	1
3	114079	170.53254272	1
3	114089	170.53258368	1
3	114095	170.53262464	1
3	114115	170.53354272	1
3	114128	170.53358368	1
3	114139	170.53362464	1
3	114175	170.53454272	1
3	114188	170.53458368	1
3	114200	170.53462464	1
3	114247	170.53554272	1
3	114260	170.53558368	1
3	114272	170.53562464	1
3	114319	170.53654272	1
3	114332	170.53658368	1
3	114344	170.53662464	1
3	114391	170.53754272	1
3	114404	170.53758368	1
3	114416	170.53762464	1
3	114463	170.53854272	1
3	114476	170.53858368	1
3	114488	170.53862464	1
3	114535	170.53954272	1
3	114548	170.53958368	1
3	114560	170.53962464	1
3	114595	170.54054272	1
3	114608	170.54058368	1
3	114620	170.54062464	1
3	114763	171.54054272	1
3	114773	171.54058368	1
3	114779	171.54062464	1
3	114799	171.54154272	1
3	114809	171.54158368	1
3	114815	171.54162464	1
3	114835	171.54254272	1
3	114848	171.54258368	1
3	114859	171.54262464	1
3	114895	171.54354272	1
3	114908	171.54358368	1
3	114920	171.54362464	1
3	114967	171.54454272	1
3	114980	171.54458368	1
3	114992	171.54462464	1
3	115039	171.54554272	1
3	115052	171.54558368	1
3	115064	171.54562464	1
3	115111	171.54654272	1
3	115124	171.54658368	1
3	115136	171.54662464	1
3	115183	171.54754272	1
3	115196	171.54758368	1
3	115208	171.54762464	1
3	115255	171.54854272	1
3	115268	171.54858368	1
3	115280	171.54862464	1
3	115315	171.54954272	1
3	115328	171.54958368	1
3	115340	171.54962464	1
3	115483	172.54954272	1
3	115493	172.54958368	1
3	115499	172.54962464	1
3	115519	172.55054272	1
3	115529	172.55058368	1
3	115535	172.55062464	1
3	115555	172.55154272	1
3	115568	172.55158368	1
3	115579	172.55162464	1
3	115615	172.55254272	1
3	115628	172.55258368	1
3	115640	172.55262464	1
3	115687	172.55354272	1
3	115700	172.55358368	1
3	115712	172.55362464	1
3	115759	172.55454272	1
3	115772	172.55458368	1
3	115784	172.55462464	1
3	115831	172.55554272	1
3	115844	172.55558368	1
3	115856	172.55562464	1
3	115903	172.55654272	1
3	115916	172.55658368	1
3	115928	172.55662464	1
3	115975	172.55754272	1
3	115988	172.55758368	1
3	116000	172.55762464	1
3	116035	172.55854272	1
3	116048	172.55858368	1
3	116060	172.55862464	1
3	116203	173.55854272	1
3	116213	173.55858368	1
3	116219	173.55862464	1
3	116239	173.55954272	1
3	116249	173.55958368	1
3	116255	173.55962464	1
3	116275	173.56054272	1
3	116288	173.56058368	1
3	116299	173.56062464	1
3	116335	173.56154272	1
3	116348	173.56158368	1
3	116360	173.56162464	1
3	116407	173.56254272	1
3	116420	173.56258368	1
3	116432	173.56262464	1
3	116479	173.56354272	1
3	116492	173.56358368	1
3	116504	173.56362464	1
3	116551	173.56454272	1
3	116564	173.56458368	1
3	116576	173.56462464	1
3	116623	173.56554272	1
3	116636	173.56558368	1
3	116648	173.56562464	1
3	116695	173.56654272	1
3	116708	173.56658368	1
3	116720	173.56662464	1
3	116755	173.56754272	1
3	116768	173.56758368	1
3	116780	173.56762464	1
3	116923	174.56754272	1
3	116933	174.56758368	1
3	116939	174.56762464	1
3	116959	174.56854272	1
3	116969	174.56858368	1
3	116975	174.56862464	1
3	116995	174.56954272	1
3	117008	174.56958368	1
3	117019	174.56962464	1
3	117055	174.57054272	1
3	117068	174.57058368	1
3	117080	174.57062464	1
3	117127	174.57154272	1
3	117140	174.57158368	1
3	117152	174.57162464	1
3	117199	174.57254272	1
3	117212	174.57258368	1
3	117224	174.57262464	1
3	117271	174.57354272	1
3	117284	174.57358368	1
3	117296	174.57362464	1
3	117343	174.57454272	1
3	117356	174.57458368	1
3	117368	174.57462464	1
3	117415	174.57554272	1
3	117428	174.57558368	1
3	117440	174.57562464	1
3	117475	174.57654272	1
3	117488	174.57658368	1
3	117500	174.57662464	1
4	22	1.0010512	1
4	28	1.00105632	1
4	32	1.00106144	1
4	100	1.00708704	1
4	104	1.00710752	1
4	109	1.007128	1
4	160	1.01954784	1
4	171	1.0195888	1
4	176	1.01962976	1
4	196	1.02054784	1
4	207	1.0205888	1
4	212	1.02062976	1
4	232	1.02154784	1
4	247	1.0215888	1
4	257	1.02162976	1
4	292	1.02254784	1
4	307	1.0225888	1
4	318	1.02262976	1
4	364	1.02354784	1
4	379	1.0235888	1
4	390	1.02362976	1
4	436	1.02454784	1
4	451	1.0245888	1
4	462	1.02462976	1
4	508	1.02554784	1
4	523	1.0255888	1
4	534	1.02562976	1
4	580	1.02654784	1
4	595	1.0265888	1
4	606	1.02662976	1
4	652	1.02754784	1
4	667	1.0275888	1
4	678	1.02762976	1
4	712	1.02854784	1
4	727	1.0285888	1
4	738	1.02862976	1
4	880	2.02854784	1
4	891	2.0285888	1
4	896	2.02862976	1
4	916	2.02954784	1
4	927	2.0295888	1
4	932	2.02962976	1
4	952	2.03054784	1
4	967	2.0305888	1
4	977	2.03062976	1
4	1012	2.03154784	1
4	1027	2.0315888	1
4	1038	2.03162976	1
4	1084	2.03254784	1
4	1099	2.0325888	1
4	1110	2.03262976	1
4	1156	2.03354784	1
4	1171	2.0335888	1
4	1182	2.03362976	1
4	1228	2.03454784	1
4	1243	2.0345888	1
4	1254	2.03462976	1
4	1300	2.03554784	1
4	1315	2.0355888	1
4	1326	2.03562976	1
4	1372	2.03654784	1
4	1387	2.0365888	1
4	1398	2.03662976	1
4	1432	2.03754784	1
4	1447	2.0375888	1
4	1458	2.03762976	1
4	1600	3.03754784	1
4	1611	3.0375888	1
4	1616	3.03762976	1
4	1636	3.03854784	1
4	1647	3.0385888	1
4	1652	3.03862976	1
4	1672	3.03954784	1
4	1687	3.0395888	1
4	1697	3.03962976	1
4	1732	3.04054784	1
4	1747	3.0405888	1
4	1758	3.04062976	1
4	1804	3.04154784	1
4	1819	3.0415888	1
4	1830	3.04162976	1
4	1876	3.04254784	1
4	1891	3.0425888	1
4	1902	3.04262976	1
4	1948	3.04354784	1
4	1963	3.0435888	1
4	1974	3.04362976	1
4	2020	3.04454784	1
4	2035	3.0445888	1
4	2046	3.04462976	1
4	2092	3.04554784	1
4	2107	3.0455888	1
4	2118	3.04562976	1
4	2152	3.04654784	1
4	2167	3.0465888	1
4	2178	3.04662976	1
4	2320	4.04654784	1
4	2331	4.0465888	1
4	2336	4.04662976	1
4	2356	4.04754784	1
4	2367	4.0475888	1
4	2372	4.04762976	1
4	2392	4.04854784	1
4	2407	4.0485888	1
4	2417	4.04862976	1
4	2452	4.04954784	1
4	2467	4.0495888	1
4	2478	4.04962976	1
4	2524	4.05054784	1
4	2539	4.0505888	1
4	2550	4.05062976	1
4	2596	4.05154784	1
4	2611	4.0515888	1
4	2622	4.05162976	1
4	2668	4.05254784	1
4	2683	4.0525888	1
4	2694	4.05262976	1
4	2740	4.05354784	1
4	2755	4.0535888	1
4	2766	4.05362976	1
4	2812	4.05454784	1
4	2827	4.0545888	1
4	2838	4.05462976	1
4	2872	4.05554784	1
4	2887	4.0555888	1
4	2898	4.05562976	1
4	3040	5.05554784	1
4	3051	5.0555888	1
4	3056	5.05562976	1
4	3076	5.05654784	1
4	3087	5.0565888	1
4	3092	5.05662976	1
4	3112	5.05754784	1
4	3127	5.0575888	1
4	3137	5.05762976	1
4	3172	5.05854784	1
4	3187	5.0585888	1
4	3198	5.05862976	1
4	3244	5.05954784	1
4	3259	5.0595888	1
4	3270	5.05962976	1
4	3316	5.06054784	1
4	3331	5.0605888	1
4	3342	5.06062976	1
4	3388	5.06154784	1
4	3403	5.0615888	1
4	3414	5.06162976	1
4	3460	5.06254784	1
4	3475	5.0625888	1
4	3486	5.06262976	1
4	3532	5.06354784	1
4	3547	5.0635888	1
4	3558	5.06362976	1
4	3592	5.06454784	1
4	3607	5.0645888	1
4	3618	5.06462976	1
4	3760	6.06454784	1
4	3771	6.0645888	1
4	3776	6.06462976	1
4	3796	6.06554784	1
4	3807	6.0655888	1
4	3812	6.06562976	1
4	3832	6.06654784	1
4	3847	6.0665888	1
4	3857	6.06662976	1
4	3892	6.06754784	1
4	3907	6.0675888	1
4	3918	6.06762976	1
4	3964	6.06854784	1
4	3979	6.0685888	1
4	3990	6.06862976	1
4	4036	6.06954784	1
4	4051	6.0695888	1
4	4062	6.06962976	1
4	4108	6.07054784	1
4	4123	6.0705888	1
4	4134	6.07062976	1
4	4180	6.07154784	1
4	4195	6.0715888	1
4	4206	6.07162976	1
4	4252	6.07254784	1
4	4267	6.0725888	1
4	4278	6.07262976	1
4	4312	6.07354784	1
4	4327	6.0735888	1
4	4338	6.07362976	1
4	4480	7.07354784	1
4	4491	7.0735888	1
4	4496	7.07362976	1
4	4516	7.07454784	1
4	4527	7.0745888	1
4	4532	7.07462976	1
4	4552	7.07554784	1
4	4567	7.0755888	1
4	4577	7.07562976	1
4	4612	7.07654784	1
4	4627	7.0765888	1
4	4638	7.07662976	1
4	4684	7.07754784	1
4	4699	7.0775888	1
4	4710	7.07762976	1
4	4756	7.07854784	1
4	4771	7.0785888	1
4	4782	7.07862976	1
4	4828	7.07954784	1
4	4843	7.0795888	1
4	4854	7.07962976	1
4	4900	7.08054784	1
4	4915	7.0805888	1
4	4926	7.08062976	1
4	4972	7.08154784	1
4	4987	7.0815888	1
4	4998	7.08162976	1
4	5032	7.08254784	1
4	5047	7.0825888	1
4	5058	7.08262976	1
4	5200	8.08254784	1
4	5211	8.0825888	1
4	5216	8.08262976	1
4	5236	8.08354784	1
4	5247	8.0835888	1
4	5252	8.08362976	1
4	5272	8.08454784	1
4	5287	8.0845888	1
4	5297	8.08462976	1
4	5332	8.08554784	1
4	5347	8.0855888	1
4	5358	8.08562976	1
4	5404	8.08654784	1
4	5419	8.0865888	1
4	5430	8.08662976	1
4	5476	8.08754784	1
4	5491	8.0875888	1
4	5502	8.08762976	1
4	5548	8.08854784	1
4	5563	8.0885888	1
4	5574	8.08862976	1
4	5620	8.08954784	1
4	5635	8.0895888	1
4	5646	8.08962976	1
4	5692	8.09054784	1
4	5707	8.0905888	1
4	5718	8.09062976	1
4	5752	8.09154784	1
4	5767	8.0915888	1
4	5778	8.09162976	1
4	5920	9.09154784	1
4	5931	9.0915888	1
4	5936	9.09162976	1
4	5956	9.09254784	1
4	5967	9.0925888	1
4	5972	9.09262976	1
4	5992	9.09354784	1
4	6007	9.0935888	1
4	6017	9.09362976	1
4	6052	9.09454784	1
4	6067	9.0945888	1
4	6078	9.09462976	1
4	6124	9.09554784	1
4	6139	9.0955888	1
4	6150	9.09562976	1
4	6196	9.09654784	1
4	6211	9.0965888	1
4	6222	9.09662976	1
4	6268	9.09754784	1
4	6283	9.0975888	1
4	6294	9.09762976	1
4	6340	9.09854784	1
4	6355	9.0985888	1
4	6366	9.09862976	1
4	6412	9.09954784	1
4	6427	9.0995888	1
4	6438	9.09962976	1
4	6472	9.10054784	1
4	6487	9.1005888	1
4	6498	9.10062976	1
4	6640	10.10054784	1
4	6651	10.1005888	1
4	6656	10.10062976	1
4	6676	10.10154784	1
4	6687	10.1015888	1
4	6692	10.10162976	1
4	6712	10.10254784	1
4	6727	10.1025888	1
4	6737	10.10262976	1
4	6772	10.10354784	1
4	6787	10.1035888	1
4	6798	10.10362976	1
4	6844	10.10454784	1
4	6859	10.1045888	1
4	6870	10.10462976	1
4	6916	10.10554784	1
4	6931	10.1055888	1
4	6942	10.10562976	1
4	6988	10.10654784	1
4	7003	10.1065888	1
4	7014	10.10662976	1
4	7060	10.10754784	1
4	7075	10.1075888	1
4	7086	10.10762976	1
4	7132	10.10854784	1
4	7147	10.1085888	1
4	7158	10.10862976	1
4	7192	10.10954784	1
4	7207	10.1095888	1
4	7218	10.10962976	1
4	7360	11.10954784	1
4	7371	11.1095888	1
4	7376	11.10962976	1
4	7396	11.11054784	1
4	7407	11.1105888	1
4	7412	11.11062976	1
4	7432	11.11154784	1
4	7447	11.1115888	1
4	7457	11.11162976	1
4	7492	11.11254784	1
4	7507	11.1125888	1
4	7518	11.11262976	1
4	7564	11.11354784	1
4	7579	11.1135888	1
4	7590	11.11362976	1
4	7636	11.11454784	1
4	7651	11.1145888	1
4	7662	11.11462976	1
4	7708	11.11554784	1
4	7723	11.1155888	1
4	7734	11.11562976	1
4	7780	11.11654784	1
4	7795	11.1165888	1
4	7806	11.11662976	1
4	7852	11.11754784	1
4	7867	11.1175888	1
4	7878	11.11762976	1
4	7912	11.11854784	1
4	7927	11.1185888	1
4	7938	11.11862976	1
4	8080	12.11854784	1
4	8091	12.1185888	1
4	8096	12.11862976	1
4	8116	12.11954784	1
4	8127	12.1195888	1
4	8132	12.11962976	1
4	8152	12.12054784	1
4	8167	12.1205888	1
4	8177	12.12062976	1
4	8212	12.12154784	1
4	8227	12.1215888	1
4	8238	12.12162976	1
4	8284	12.12254784	1
4	8299	12.1225888	1
4	8310	12.12262976	1
4	8356	12.12354784	1
4	8371	12.1235888	1
4	8382	12.12362976	1
4	8428	12.12454784	1
4	8443	12.1245888	1
4	8454	12.12462976	1
4	8500	12.12554784	1
4	8515	12.1255888	1
4	8526	12.12562976	1
4	8572	12.12654784	1
4	8587	12.1265888	1
4	8598	12.12662976	1
4	8632	12.12754784	1
4	8647	12.1275888	1
4	8658	12.12762976	1
4	8800	13.12754784	1
4	8811	13.1275888	1
4	8816	13.12762976	1
4	8836	13.12854784	1
4	8847	13.1285888	1
4	8852	13.12862976	1
4	8872	13.12954784	1
4	8887	13.1295888	1
4	8897	13.12962976	1
4	8932	13.13054784	1
4	8947	13.1305888	1
4	8958	13.13062976	1
4	9004	13.13154784	1
4	9019	13.1315888	1
4	9030	13.13162976	1
4	9076	13.13254784	1
4	9091	13.1325888	1
4	9102	13.13262976	1
4	9148	13.13354784	1
4	9163	13.1335888	1
4	9174	13.13362976	1
4	9220	13.13454784	1
4	9235	13.1345888	1
4	9246	13.13462976	1
4	9292	13.13554784	1
4	9307	13.1355888	1
4	9318	13.13562976	1
4	9352	13.13654784	1
4	9367	13.1365888	1
4	9378	13.13662976	1
4	9520	14.13654784	1
4	9531	14.1365888	1
4	9536	14.13662976	1
4	9556	14.13754784	1
4	9567	14.1375888	1
4	9572	14.13762976	1
4	9592	14.13854784	1
4	9607	14.1385888	1
4	9617	14.13862976	1
4	9652	14.13954784	1
4	9667	14.1395888	1
4	9678	14.13962976	1
4	9724	14.14054784	1
4	9739	14.1405888	1
4	9750	14.14062976	1
4	9796	14.14154784	1
4	9811	14.1415888	1
4	9822	14.14162976	1
4	9868	14.14254784	1
4	9883	14.1425888	1
4	9894	14.14262976	1
4	9940	14.14354784	1
4	9955	14.1435888	1
4	9966	14.14362976	1
4	10012	14.14454784	1
4	10027	14.1445888	1
4	10038	14.14462976	1
4	10072	14.14554784	1
4	10087	14.1455888	1
4	10098	14.14562976	1
4	10240	15.14554784	1
4	10251	15.1455888	1
4	10256	15.14562976	1
4	10276	15.14654784	1
4	10287	15.1465888	1
4	10292	15.14662976	1
4	10312	15.14754784	1
4	10327	15.1475888	1
4	10337	15.14762976	1
4	10372	15.14854784	1
4	10387	15.1485888	1
4	10398	15.14862976	1
4	10444	15.14954784	1
4	10459	15.1495888	1
4	10470	15.14962976	1
4	10516	15.15054784	1
4	10531	15.1505888	1
4	10542	15.15062976	1
4	10588	15.15154784	1
4	10603	15.1515888	1
4	10614	15.15162976	1
4	10660	15.15254784	1
4	10675	15.1525888	1
4	10686	15.15262976	1
4	10732	15.15354784	1
4	10747	15.1535888	1
4	10758	15.15362976	1
4	10792	15.15454784	1
4	10807	15.1545888	1
4	10818	15.15462976	1
4	10960	16.15454784	1
4	10971	16.1545888	1
4	10976	16.15462976	1
4	10996	16.15554784	1
4	11007	16.1555888	1
4	11012	16.15562976	1
4	11032	16.15654784	1
4	11047	16.1565888	1
4	11057	16.15662976	1
4	11092	16.15754784	1
4	11107	16.1575888	1
4	11118	16.15762976	1
4	11164	16.15854784	1
4	11179	16.1585888	1
4	11190	16.15862976	1
4	11236	16.15954784	1
4	11251	16.1595888	1
4	11262	16.15962976	1
4	11308	16.16054784	1
4	11323	16.1605888	1
4	11334	16.16062976	1
4	11380	16.16154784	1
4	11395	16.1615888	1
4	11406	16.16162976	1
4	11452	16.16254784	1
4	11467	16.1625888	1
4	11478	16.16262976	1
4	11512	16.16354784	1
4	11527	16.1635888	1
4	11538	16.16362976	1
4	11680	17.16354784	1
4	11691	17.1635888	1
4	11696	17.16362976	1
4	11716	17.16454784	1
4	11727	17.1645888	1
4	11732	17.16462976	1
4	11752	17.16554784	1
4	11767	17.1655888	1
4	11777	17.16562976	1
4	11812	17.16654784	1
4	11827	17.1665888	1
4	11838	17.16662976	1
4	11884	17.16754784	1
4	11899	17.1675888	1
4	11910	17.16762976	1
4	11956	17.16854784	1
4	11971	17.1685888	1
4	11982	17.16862976	1
4	12028	17.16954784	1
4	12043	17.1695888	1
4	12054	17.16962976	1
4	12100	17.17054784	1
4	12115	17.1705888	1
4	12126	17.17062976	1
4	12172	17.17154784	1
4	12187	17.1715888	1
4	12198	17.17162976	1
4	12232	17.17254784	1
4	12247	17.1725888	1
4	12258	17.17262976	1
4	12400	18.17254784	1
4	12411	18.1725888	1
4	12416	18.17262976	1
4	12436	18.17354784	1
4	12447	18.1735888	1
4	12452	18.17362976	1
4	12472	18.17454784	1
4	12487	18.1745888	1
4	12497	18.17462976	1
4	12532	18.17554784	1
4	12547	18.1755888	1
4	12558	18.17562976	1
4	12604	18.17654784	1
4	12619	18.1765888	1
4	12630	18.17662976	1
4	12676	18.17754784	1
4	12691	18.1775888	1
4	12702	18.17762976	1
4	12748	18.17854784	1
4	12763	18.1785888	1
4	12774	18.17862976	1
4	12820	18.17954784	1
4	12835	18.1795888	1
4	12846	18.17962976	1
4	12892	18.18054784	1
4	12907	18.1805888	1
4	12918	18.18062976	1
4	12952	18.18154784	1
4	12967	18.1815888	1
4	12978	18.18162976	1
4	13120	19.18154784	1
4	13131	19.1815888	1
4	13136	19.18162976	1
4	13156	19.18254784	1
4	13167	19.1825888	1
4	13172	19.18262976	1
4	13192	19.18354784	1
4	13207	19.1835888	1
4	13217	19.18362976	1
4	13252	19.18454784	1
4	13267	19.1845888	1
4	13278	19.18462976	1
4	13324	19.18554784	1
4	13339	19.1855888	1
4	13350	19.18562976	1
4	13396	19.18654784	1
4	13411	19.1865888	1
4	13422	19.18662976	1
4	13468	19.18754784	1
4	13483	19.1875888	1
4	13494	19.18762976	1
4	13540	19.18854784	1
4	13555	19.1885888	1
4	13566	19.18862976	1
4	13612	19.18954784	1
4	13627	19.1895888	1
4	13638	19.18962976	1
4	13672	19.19054784	1
4	13687	19.1905888	1
4	13698	19.19062976	1
4	13840	20.19054784	1
4	13851	20.1905888	1
4	13856	20.19062976	1
4	13876	20.19154784	1
4	13887	20.1915888	1
4	13892	20.19162976	1
4	13912	20.19254784	1
4	13927	20.1925888	1
4	13937	20.19262976	1
4	13972	20.19354784	1
4	13987	20.1935888	1
4	13998	20.19362976	1
4	14044	20.19454784	1
4	14059	20.1945888	1
4	14070	20.19462976	1
4	14116	20.19554784	1
4	14131	20.1955888	1
4	14142	20.19562976	1
4	14188	20.19654784	1
4	14203	20.1965888	1
4	14214	20.19662976	1
4	14260	20.19754784	1
4	14275	20.1975888	1
4	14286	20.19762976	1
4	14332	20.19854784	1
4	14347	20.1985888	1
4	14358	20.19862976	1
4	14392	20.19954784	1
4	14407	20.1995888	1
4	14418	20.19962976	1
4	14560	21.19954784	1
4	14571	21.1995888	1
4	14576	21.19962976	1
4	14596	21.20054784	1
4	14607	21.2005888	1
4	14612	21.20062976	1
4	14632	21.20154784	1
4	14647	21.2015888	1
4	14657	21.20162976	1
4	14692	21.20254784	1
4	14707	21.2025888	1
4	14718	21.20262976	1
4	14764	21.20354784	1
4	14779	21.2035888	1
4	14790	21.20362976	1
4	14836	21.20454784	1
4	14851	21.2045888	1
4	14862	21.20462976	1
4	14908	21.20554784	1
4	14923	21.2055888	1
4	14934	21.20562976	1
4	14980	21.20654784	1
4	14995	21.2065888	1
4	15006	21.20662976	1
4	15052	21.20754784	1
4	15067	21.2075888	1
4	15078	21.20762976	1
4	15112	21.20854784	1
4	15127	21.2085888	1
4	15138	21.20862976	1
4	15280	22.20854784	1
4	15291	22.2085888	1
4	15296	22.20862976	1
4	15316	22.20954784	1
4	15327	22.2095888	1
4	15332	22.20962976	1
4	15352	22.21054784	1
4	15367	22.2105888	1
4	15377	22.21062976	1
4	15412	22.21154784	1
4	15427	22.2115888	1
4	15438	22.21162976	1
4	15484	22.21254784	1
4	15499	22.2125888	1
4	15510	22.21262976	1
4	15556	22.21354784	1
4	15571	22.2135888	1
4	15582	22.21362976	1
4	15628	22.21454784	1
4	15643	22.2145888	1
4	15654	22.21462976	1
4	15700	22.21554784	1
4	15715	22.2155888	1
4	15726	22.21562976	1
4	15772	22.21654784	1
4	15787	22.2165888	1
4	15798	22.21662976	1
4	15832	22.21754784	1
4	15847	22.2175888	1
4	15858	22.21762976	1
4	16000	23.21754784	1
4	16011	23.2175888	1
4	16016	23.21762976	1
4	16036	23.21854784	1
4	16047	23.2185888	1
4	16052	23.21862976	1
4	16072	23.21954784	1
4	16087	23.2195888	1
4	16097	23.21962976	1
4	16132	23.22054784	1
4	16147	23.2205888	1
4	16158	23.22062976	1
4	16204	23.22154784	1
4	16219	23.2215888	1
4	16230	23.22162976	1
4	16276	23.22254784	1
4	16291	23.2225888	1
4	16302	23.22262976	1
4	16348	23.22354784	1
4	16363	23.2235888	1
4	16374	23.22362976	1
4	16420	23.22454784	1
4	16435	23.2245888	1
4	16446	23.22462976	1
4	16492	23.22554784	1
4	16507	23.2255888	1
4	16518	23.22562976	1
4	16552	23.22654784	1
4	16567	23.2265888	1
4	16578	23.22662976	1
4	16720	24.22654784	1
4	16731	24.2265888	1
4	16736	24.22662976	1
4	16756	24.22754784	1
4	16767	24.2275888	1
4	16772	24.22762976	1
4	16792	24.22854784	1
4	16807	24.2285888	1
4	16817	24.22862976	1
4	16852	24.22954784	1
4	16867	24.2295888	1
4	16878	24.22962976	1
4	16924	24.23054784	1
4	16939	24.2305888	1
4	16950	24.23062976	1
4	16996	24.23154784	1
4	17011	24.2315888	1
4	17022	24.23162976	1
4	17068	24.23254784	1
4	17083	24.2325888	1
4	17094	24.23262976	1
4	17140	24.23354784	1
4	17155	24.2335888	1
4	17166	24.23362976	1
4	17212	24.23454784	1
4	17227	24.2345888	1
4	17238	24.23462976	1
4	17272	24.23554784	1
4	17287	24.2355888	1
4	17298	24.23562976	1
4	17440	25.23554784	1
4	17451	25.2355888	1
4	17456	25.23562976	1
4	17476	25.23654784	1
4	17487	25.2365888	1
4	17492	25.23662976	1
4	17512	25.23754784	1
4	17527	25.2375888	1
4	17537	25.23762976	1
4	17572	25.23854784	1
4	17587	25.2385888	1
4	17598	25.23862976	1
4	17644	25.23954784	1
4	17659	25.2395888	1
4	17670	25.23962976	1
4	17716	25.24054784	1
4	17731	25.2405888	1
4	17742	25.24062976	1
4	17788	25.24154784	1
4	17803	25.2415888	1
4	17814	25.24162976	1
4	17860	25.24254784	1
4	17875	25.2425888	1
4	17886	25.24262976	1
4	17932	25.24354784	1
4	17947	25.2435888	1
4	17958	25.24362976	1
4	17992	25.24454784	1
4	18007	25.2445888	1
4	18018	25.24462976	1
4	18160	26.24454784	1
4	18171	26.2445888	1
4	18176	26.24462976	1
4	18196	26.24554784	1
4	18207	26.2455888	1
4	18212	26.24562976	1
4	18232	26.24654784	1
4	18247	26.2465888	1
4	18257	26.24662976	1
4	18292	26.24754784	1
4	18307	26.2475888	1
4	18318	26.24762976	1
4	18364	26.24854784	1
4	18379	26.2485888	1
4	18390	26.24862976	1
4	18436	26.24954784	1
4	18451	26.2495888	1
4	18462	26.24962976	1
4	18508	26.25054784	1
4	18523	26.2505888	1
4	18534	26.25062976	1
4	18580	26.25154784	1
4	18595	26.2515888	1
4	18606	26.25162976	1
4	18652	26.25254784	1
4	18667	26.2525888	1
4	18678	26.25262976	1
4	18712	26.25354784	1
4	18727	26.2535888	1
4	18738	26.25362976	1
4	18880	27.25354784	1
4	18891	27.2535888	1
4	18896	27.25362976	1
4	18916	27.25454784	1
4	18927	27.2545888	1
4	18932	27.25462976	1
4	18952	27.25554784	1
4	18967	27.2555888	1
4	18977	27.25562976	1
4	19012	27.25654784	1
4	19027	27.2565888	1
4	19038	27.25662976	1
4	19084	27.25754784	1
4	19099	27.2575888	1
4	19110	27.25762976	1
4	19156	27.25854784	1
4	19171	27.2585888	1
4	19182	27.25862976	1
4	19228	27.25954784	1
4	19243	27.2595888	1
4	19254	27.25962976	1
4	19300	27.26054784	1
4	19315	27.2605888	1
4	19326	27.26062976	1
4	19372	27.26154784	1
4	19387	27.2615888	1
4	19398	27.26162976	1
4	19432	27.26254784	1
4	19447	27.2625888	1
4	19458	27.26262976	1
4	19600	28.26254784	1
4	19611	28.2625888	1
4	19616	28.26262976	1
4	19636	28.26354784	1
4	19647	28.2635888	1
4	19652	28.26362976	1
4	19672	28.26454784	1
4	19687	28.2645888	1
4	19697	28.26462976	1
4	19732	28.26554784	1
4	19747	28.2655888	1
4	19758	28.26562976	1
4	19804	28.26654784	1
4	19819	28.2665888	1
4	19830	28.26662976	1
4	19876	28.26754784	1
4	19891	28.2675888	1
4	19902	28.26762976	1
4	19948	28.26854784	1
4	19963	28.2685888	1
4	19974	28.26862976	1
4	20020	28.26954784	1
4	20035	28.2695888	1
4	20046	28.26962976	1
4	20092	28.27054784	1
4	20107	28.2705888	1
4	20118	28.27062976	1
4	20152	28.27154784	1
4	20167	28.2715888	1
4	20178	28.27162976	1
4	20320	29.27154784	1
4	20331	29.2715888	1
4	20336	29.27162976	1
4	20356	29.27254784	1
4	20367	29.2725888	1
4	20372	29.27262976	1
4	20392	29.27354784	1
4	20407	29.2735888	1
4	20417	29.27362976	1
4	20452	29.27454784	1
4	20467	29.2745888	1
4	20478	29.27462976	1
4	20524	29.27554784	1
4	20539	29.2755888	1
4	20550	29.27562976	1
4	20596	29.27654784	1
4	20611	29.2765888	1
4	20622	29.27662976	1
4	20668	29.27754784	1
4	20683	29.2775888	1
4	20694	29.27762976	1
4	20740	29.27854784	1
4	20755	29.2785888	1
4	20766	29.27862976	1
4	20812	29.27954784	1
4	20827	29.2795888	1
4	20838	29.27962976	1
4	20872	29.28054784	1
4	20887	29.2805888	1
4	20898	29.28062976	1
4	21040	30.28054784	1
4	21051	30.2805888	1
4	21056	30.28062976	1
4	21076	30.28154784	1
4	21087	30.2815888	1
4	21092	30.28162976	1
4	21112	30.28254784	1
4	21127	30.2825888	1
4	21137	30.28262976	1
4	21172	30.28354784	1
4	21187	30.2835888	1
4	21198	30.28362976	1
4	21244	30.28454784	1
4	21259	30.2845888	1
4	21270	30.28462976	1
4	21316	30.28554784	1
4	21331	30.2855888	1
4	21342	30.28562976	1
4	21388	30.28654784	1
4	21403	30.2865888	1
4	21414	30.28662976	1
4	21460	30.28754784	1
4	21475	30.2875888	1
4	21486	30.28762976	1
4	21532	30.28854784	1
4	21547	30.2885888	1
4	21558	30.28862976	1
4	21592	30.28954784	1
4	21607	30.2895888	1
4	21618	30.28962976	1
4	21760	31.28954784	1
4	21771	31.2895888	1
4	21776	31.28962976	1
4	21796	31.29054784	1
4	21807	31.2905888	1
4	21812	31.29062976	1
4	21832	31.29154784	1
4	21847	31.2915888	1
4	21857	31.29162976	1
4	21892	31.29254784	1
4	21907	31.2925888	1
4	21918	31.29262976	1
4	21964	31.29354784	1
4	21979	31.2935888	1
4	21990	31.29362976	1
4	22036	31.29454784	1
4	22051	31.2945888	1
4	22062	31.29462976	1
4	22108	31.29554784	1
4	22123	31.2955888	1
4	22134	31.29562976	1
4	22180	31.29654784	1
4	22195	31.2965888	1
4	22206	31.29662976	1
4	22252	31.29754784	1
4	22267	31.2975888	1
4	22278	31.29762976	1
4	22312	31.29854784	1
4	22327	31.2985888	1
4	22338	31.29862976	1
4	22480	32.29854784	1
4	22491	32.2985888	1
4	22496	32.29862976	1
4	22516	32.29954784	1
4	22527	32.2995888	1
4	22532	32.29962976	1
4	22552	32.30054784	1
4	22567	32.3005888	1
4	22577	32.30062976	1
4	22612	32.30154784	1
4	22627	32.3015888	1
4	22638	32.30162976	1
4	22684	32.30254784	1
4	22699	32.3025888	1
4	22710	32.30262976	1
4	22756	32.30354784	1
4	22771	32.3035888	1
4	22782	32.30362976	1
4	22828	32.30454784	1
4	22843	32.3045888	1
4	22854	32.30462976	1
4	22900	32.30554784	1
4	22915	32.3055888	1
4	22926	32.30562976	1
4	22972	32.30654784	1
4	22987	32.3065888	1
4	22998	32.30662976	1
4	23032	32.30754784	1
4	23047	32.3075888	1
4	23058	32.30762976	1
4	23200	33.30754784	1
4	23211	33.3075888	1
4	23216	33.30762976	1
4	23236	33.30854784	1
4	23247	33.3085888	1
4	23252	33.30862976	1
4	23272	33.30954784	1
4	23287	33.3095888	1
4	23297	33.30962976	1
4	23332	33.31054784	1
4	23347	33.3105888	1
4	23358	33.31062976	1
4	23404	33.31154784	1
4	23419	33.3115888	1
4	23430	33.31162976	1
4	23476	33.31254784	1
4	23491	33.3125888	1
4	23502	33.31262976	1
4	23548	33.31354784	1
4	23563	33.3135888	1
4	23574	33.31362976	1
4	23620	33.31454784	1
4	23635	33.3145888	1
4	23646	33.31462976	1
4	23692	33.31554784	1
4	23707	33.3155888	1
4	23718	33.31562976	1
4	23752	33.31654784	1
4	23767	33.3165888	1
4	23778	33.31662976	1
4	23920	34.31654784	1
4	23931	34.3165888	1
4	23936	34.31662976	1
4	23956	34.31754784	1
4	23967	34.3175888	1
4	23972	34.31762976	1
4	23992	34.31854784	1
4	24007	34.3185888	1
4	24017	34.31862976	1
4	24052	34.31954784	1
4	24067	34.3195888	1
4	24078	34.31962976	1
4	24124	34.32054784	1
4	24139	34.3205888	1
4	24150	34.32062976	1
4	24196	34.32154784	1
4	24211	34.3215888	1
4	24222	34.32162976	1
4	24268	34.32254784	1
4	24283	34.3225888	1
4	24294	34.32262976	1
4	24340	34.32354784	1
4	24355	34.3235888	1
4	24366	34.32362976	1
4	24412	34.32454784	1
4	24427	34.3245888	1
4	24438	34.32462976	1
4	24472	34.32554784	1
4	24487	34.3255888	1
4	24498	34.32562976	1
4	24640	35.32554784	1
4	24651	35.3255888	1
4	24656	35.32562976	1
4	24676	35.32654784	1
4	24687	35.3265888	1
4	24692	35.32662976	1
4	24712	35.32754784	1
4	24727	35.3275888	1
4	24737	35.32762976	1
4	24772	35.32854784	1
4	24787	35.3285888	1
4	24798	35.32862976	1
4	24844	35.32954784	1
4	24859	35.3295888	1
4	24870	35.32962976	1
4	24916	35.33054784	1
4	24931	35.3305888	1
4	24942	35.33062976	1
4	24988	35.33154784	1
4	25003	35.3315888	1
4	25014	35.33162976	1
4	25060	35.33254784	1
4	25075	35.3325888	1
4	25086	35.33262976	1
4	25132	35.33354784	1
4	25147	35.3335888	1
4	25158	35.33362976	1
4	25192	35.33454784	1
4	25207	35.3345888	1
4	25218	35.33462976	1
4	25360	36.33454784	1
4	25371	36.3345888	1
4	25376	36.33462976	1
4	25396	36.33554784	1
4	25407	36.3355888	1
4	25412	36.33562976	1
4	25432	36.33654784	1
4	25447	36.3365888	1
4	25457	36.33662976	1
4	25492	36.33754784	1
4	25507	36.3375888	1
4	25518	36.33762976	1
4	25564	36.33854784	1
4	25579	36.3385888	1
4	25590	36.33862976	1
4	25636	36.33954784	1
4	25651	36.3395888	1
4	25662	36.33962976	1
4	25708	36.34054784	1
4	25723	36.3405888	1
4	25734	36.34062976	1
4	25780	36.34154784	1
4	25795	36.3415888	1
4	25806	36.34162976	1
4	25852	36.34254784	1
4	25867	36.3425888	1
4	25878	36.34262976	1
4	25912	36.34354784	1
4	25927	36.3435888	1
4	25938	36.34362976	1
4	26080	37.34354784	1
4	26091	37.3435888	1
4	26096	37.34362976	1
4	26116	37.34454784	1
4	26127	37.3445888	1
4	26132	37.34462976	1
4	26152	37.34554784	1
4	26167	37.3455888	1
4	26177	37.34562976	1
4	26212	37.34654784	1
4	26227	37.3465888	1
4	26238	37.34662976	1
4	26284	37.34754784	1
4	26299	37.3475888	1
4	26310	37.34762976	1
4	26356	37.34854784	1
4	26371	37.3485888	1
4	26382	37.34862976	1
4	26428	37.34954784	1
4	26443	37.3495888	1
4	26454	37.34962976	1
4	26500	37.35054784	1
4	26515	37.3505888	1
4	26526	37.35062976	1
4	26572	37.35154784	1
4	26587	37.3515888	1
4	26598	37.35162976	1
4	26632	37.35254784	1
4	26647	37.3525888	1
4	26658	37.35262976	1
4	26800	38.35254784	1
4	26811	38.3525888	1
4	26816	38.35262976	1
4	26836	38.35354784	1
4	26847	38.3535888	1
4	26852	38.35362976	1
4	26872	38.35454784	1
4	26887	38.3545888	1
4	26897	38.35462976	1
4	26932	38.35554784	1
4	26947	38.3555888	1
4	26958	38.35562976	1
4	27004	38.35654784	1
4	27019	38.3565888	1
4	27030	38.35662976	1
4	27076	38.35754784	1
4	27091	38.3575888	1
4	27102	38.35762976	1
4	27148	38.35854784	1
4	27163	38.3585888	1
4	27174	38.35862976	1
4	27220	38.35954784	1
4	27235	38.3595888	1
4	27246	38.35962976	1
4	27292	38.36054784	1
4	27307	38.3605888	1
4	27318	38.36062976	1
4	27352	38.36154784	1
4	27367	38.3615888	1
4	27378	38.36162976	1
4	27520	39.36154784	1
4	27531	39.3615888	1
4	27536	39.36162976	1
4	27556	39.36254784	1
4	27567	39.3625888	1
4	27572	39.36262976	1
4	27592	39.36354784	1
4	27607	39.3635888	1
4	27617	39.36362976	1
4	27652	39.36454784	1
4	27667	39.3645888	1
4	27678	39.36462976	1
4	27724	39.36554784	1
4	27739	39.3655888	1
4	27750	39.36562976	1
4	27796	39.36654784	1
4	27811	39.3665888	1
4	27822	39.36662976	1
4	27868	39.36754784	1
4	27883	39.3675888	1
4	27894	39.36762976	1
4	27940	39.36854784	1
4	27955	39.3685888	1
4	27966	39.36862976	1
4	28012	39.36954784	1
4	28027	39.3695888	1
4	28038	39.36962976	1
4	28072	39.37054784	1
4	28087	39.3705888	1
4	28098	39.37062976	1
4	28240	40.37054784	1
4	28251	40.3705888	1
4	28256	40.37062976	1
4	28276	40.37154784	1
4	28287	40.3715888	1
4	28292	40.37162976	1
4	28312	40.37254784	1
4	28327	40.3725888	1
4	28337	40.37262976	1
4	28372	40.37354784	1
4	28387	40.3735888	1
4	28398	40.37362976	1
4	28444	40.37454784	1
4	28459	40.3745888	1
4	28470	40.37462976	1
4	28516	40.37554784	1
4	28531	40.3755888	1
4	28542	40.37562976	1
4	28588	40.37654784	1
4	28603	40.3765888	1
4	28614	40.37662976	1
4	28660	40.37754784	1
4	28675	40.3775888	1
4	28686	40.37762976	1
4	28732	40.37854784	1
4	28747	40.3785888	1
4	28758	40.37862976	1
4	28792	40.37954784	1
4	28807	40.3795888	1
4	28818	40.37962976	1
4	28960	41.37954784	1
4	28971	41.3795888	1
4	28976	41.37962976	1
4	28996	41.38054784	1
4	29007	41.3805888	1
4	29012	41.38062976	1
4	29032	41.38154784	1
4	29047	41.3815888	1
4	29057	41.38162976	1
4	29092	41.38254784	1
4	29107	41.3825888	1
4	29118	41.38262976	1
4	29164	41.38354784	1
4	29179	41.3835888	1
4	29190	41.38362976	1
4	29236	41.38454784	1
4	29251	41.3845888	1
4	29262	41.38462976	1
4	29308	41.38554784	1
4	29323	41.3855888	1
4	29334	41.38562976	1
4	29380	41.38654784	1
4	29395	41.3865888	1
4	29406	41.38662976	1
4	29452	41.38754784	1
4	29467	41.3875888	1
4	29478	41.38762976	1
4	29512	41.38854784	1
4	29527	41.3885888	1
4	29538	41.38862976	1
4	29680	42.38854784	1
4	29691	42.3885888	1
4	29696	42.38862976	1
4	29716	42.38954784	1
4	29727	42.3895888	1
4	29732	42.38962976	1
4	29752	42.39054784	1
4	29767	42.3905888	1
4	29777	42.39062976	1
4	29812	42.39154784	1
4	29827	42.3915888	1
4	29838	42.39162976	1
4	29884	42.39254784	1
4	29899	42.3925888	1
4	29910	42.39262976	1
4	29956	42.39354784	1
4	29971	42.3935888	1
4	29982	42.39362976	1
4	30028	42.39454784	1
4	30043	42.3945888	1
4	30054	42.39462976	1
4	30100	42.39554784	1
4	30115	42.3955888	1
4	30126	42.39562976	1
4	30172	42.39654784	1
4	30187	42.3965888	1
4	30198	42.39662976	1
4	30232	42.39754784	1
4	30247	42.3975888	1
4	30258	42.39762976	1
4	30400	43.39754784	1
4	30411	43.3975888	1
4	30416	43.39762976	1
4	30436	43.39854784	1
4	30447	43.3985888	1
4	30452	43.39862976	1
4	30472	43.39954784	1
4	30487	43.3995888	1
4	30497	43.39962976	1
4	30532	43.40054784	1
4	30547	43.4005888	1
4	30558	43.40062976	1
4	30604	43.40154784	1
4	30619	43.4015888	1
4	30630	43.40162976	1
4	30676	43.40254784	1
4	30691	43.4025888	1
4	30702	43.40262976	1
4	30748	43.40354784	1
4	30763	43.4035888	1
4	30774	43.40362976	1
4	30820	43.40454784	1
4	30835	43.4045888	1
4	30846	43.40462976	1
4	30892	43.40554784	1
4	30907	43.4055888	1
4	30918	43.40562976	1
4	30952	43.40654784	1
4	30967	43.4065888	1
4	30978	43.40662976	1
4	31120	44.40654784	1
4	31131	44.4065888	1
4	31136	44.40662976	1
4	31156	44.40754784	1
4	31167	44.4075888	1
4	31172	44.40762976	1
4	31192	44.40854784	1
4	31207	44.4085888	1
4	31217	44.40862976	1
4	31252	44.40954784	1
4	31267	44.4095888	1
4	31278	44.40962976	1
4	31324	44.41054784	1
4	31339	44.4105888	1
4	31350	44.41062976	1
4	31396	44.41154784	1
4	31411	44.4115888	1
4	31422	44.41162976	1
4	31468	44.41254784	1
4	31483	44.4125888	1
4	31494	44.41262976	1
4	31540	44.41354784	1
4	31555	44.4135888	1
4	31566	44.41362976	1
4	31612	44.41454784	1
4	31627	44.4145888	1
4	31638	44.41462976	1
4	31672	44.41554784	1
4	31687	44.4155888	1
4	31698	44.41562976	1
4	31840	45.41554784	1
4	31851	45.4155888	1
4	31856	45.41562976	1
4	31876	45.41654784	1
4	31887	45.4165888	1
4	31892	45.41662976	1
4	31912	45.41754784	1
4	31927	45.4175888	1
4	31937	45.41762976	1
4	31972	45.41854784	1
4	31987	45.4185888	1
4	31998	45.41862976	1
4	32044	45.41954784	1
4	32059	45.4195888	1
4	32070	45.41962976	1
4	32116	45.42054784	1
4	32131	45.4205888	1
4	32142	45.42062976	1
4	32188	45.42154784	1
4	32203	45.4215888	1
4	32214	45.42162976	1
4	32260	45.42254784	1
4	32275	45.4225888	1
4	32286	45.42262976	1
4	32332	45.42354784	1
4	32347	45.4235888	1
4	32358	45.42362976	1
4	32392	45.42454784	1
4	32407	45.4245888	1
4	32418	45.42462976	1
4	32560	46.42454784	1
4	32571	46.4245888	1
4	32576	46.42462976	1
4	32596	46.42554784	1
4	32607	46.4255888	1
4	32612	46.42562976	1
4	32632	46.42654784	1
4	32647	46.4265888	1
4	32657	46.42662976	1
4	32692	46.42754784	1
4	32707	46.4275888	1
4	32718	46.42762976	1
4	32764	46.42854784	1
4	32779	46.4285888	1
4	32790	46.42862976	1
4	32836	46.42954784	1
4	32851	46.4295888	1
4	32862	46.42962976	1
4	32908	46.43054784	1
4	32923	46.4305888	1
4	32934	46.43062976	1
4	32980	46.43154784	1
4	32995	46.4315888	1
4	33006	46.43162976	1
4	33052	46.43254784	1
4	33067	46.4325888	1
4	33078	46.43262976	1
4	33112	46.43354784	1
4	33127	46.4335888	1
4	33138	46.43362976	1
4	33280	47.43354784	1
4	33291	47.4335888	1
4	33296	47.43362976	1
4	33316	47.43454784	1
4	33327	47.4345888	1
4	33332	47.43462976	1
4	33352	47.43554784	1
4	33367	47.4355888	1
4	33377	47.43562976	1
4	33412	47.43654784	1
4	33427	47.4365888	1
4	33438	47.43662976	1
4	33484	47.43754784	1
4	33499	47.4375888	1
4	33510	47.43762976	1
4	33556	47.43854784	1
4	33571	47.4385888	1
4	33582	47.43862976	1
4	33628	47.43954784	1
4	33643	47.4395888	1
4	33654	47.43962976	1
4	33700	47.44054784	1
4	33715	47.4405888	1
4	33726	47.44062976	1
4	33772	47.44154784	1
4	33787	47.4415888	1
4	33798	47.44162976	1
4	33832	47.44254784	1
4	33847	47.4425888	1
4	33858	47.44262976	1
4	34000	48.44254784	1
4	34011	48.4425888	1
4	34016	48.44262976	1
4	34036	48.44354784	1
4	34047	48.4435888	1
4	34052	48.44362976	1
4	34072	48.44454784	1
4	34087	48.4445888	1
4	34097	48.44462976	1
4	34132	48.44554784	1
4	34147	48.4455888	1
4	34158	48.44562976	1
4	34204	48.44654784	1
4	34219	48.4465888	1
4	34230	48.44662976	1
4	34276	48.44754784	1
4	34291	48.4475888	1
4	34302	48.44762976	1
4	34348	48.44854784	1
4	34363	48.4485888	1
4	34374	48.44862976	1
4	34420	48.44954784	1
4	34435	48.4495888	1
4	34446	48.44962976	1
4	34492	48.45054784	1
4	34507	48.4505888	1
4	34518	48.45062976	1
4	34552	48.45154784	1
4	34567	48.4515888	1
4	34578	48.45162976	1
4	34720	49.45154784	1
4	34731	49.4515888	1
4	34736	49.45162976	1
4	34756	49.45254784	1
4	34767	49.4525888	1
4	34772	49.45262976	1
4	34792	49.45354784	1
4	34807	49.4535888	1
4	34817	49.45362976	1
4	34852	49.45454784	1
4	34867	49.4545888	1
4	34878	49.45462976	1
4	34924	49.45554784	1
4	34939	49.4555888	1
4	34950	49.45562976	1
4	34996	49.45654784	1
4	35011	49.4565888	1
4	35022	49.45662976	1
4	35068	49.45754784	1
4	35083	49.4575888	1
4	35094	49.45762976	1
4	35140	49.45854784	1
4	35155	49.4585888	1
4	35166	49.45862976	1
4	35212	49.45954784	1
4	35227	49.4595888	1
4	35238	49.45962976	1
4	35272	49.46054784	1
4	35287	49.4605888	1
4	35298	49.46062976	1
4	35440	50.46054784	1
4	35451	50.4605888	1
4	35456	50.46062976	1
4	35476	50.46154784	1
4	35487	50.4615888	1
4	35492	50.46162976	1
4	35512	50.46254784	1
4	35527	50.4625888	1
4	35537	50.46262976	1
4	35572	50.46354784	1
4	35587	50.4635888	1
4	35598	50.46362976	1
4	35644	50.46454784	1
4	35659	50.4645888	1
4	35670	50.46462976	1
4	35716	50.46554784	1
4	35731	50.4655888	1
4	35742	50.46562976	1
4	35788	50.46654784	1
4	35803	50.4665888	1
4	35814	50.46662976	1
4	35860	50.46754784	1
4	35875	50.4675888	1
4	35886	50.46762976	1
4	35932	50.46854784	1
4	35947	50.4685888	1
4	35958	50.46862976	1
4	35992	50.46954784	1
4	36007	50.4695888	1
4	36018	50.46962976	1
4	36160	51.46954784	1
4	36171	51.4695888	1
4	36176	51.46962976	1
4	36196	51.47054784	1
4	36207	51.4705888	1
4	36212	51.47062976	1
4	36232	51.47154784	1
4	36247	51.4715888	1
4	36257	51.47162976	1
4	36292	51.47254784	1
4	36307	51.4725888	1
4	36318	51.47262976	1
4	36364	51.47354784	1
4	36379	51.4735888	1
4	36390	51.47362976	1
4	36436	51.47454784	1
4	36451	51.4745888	1
4	36462	51.47462976	1
4	36508	51.47554784	1
4	36523	51.4755888	1
4	36534	51.47562976	1
4	36580	51.47654784	1
4	36595	51.4765888	1
4	36606	51.47662976	1
4	36652	51.47754784	1
4	36667	51.4775888	1
4	36678	51.47762976	1
4	36712	51.47854784	1
4	36727	51.4785888	1
4	36738	51.47862976	1
4	36880	52.47854784	1
4	36891	52.4785888	1
4	36896	52.47862976	1
4	36916	52.47954784	1
4	36927	52.4795888	1
4	36932	52.47962976	1
4	36952	52.48054784	1
4	36967	52.4805888	1
4	36977	52.48062976	1
4	37012	52.48154784	1
4	37027	52.4815888	1
4	37038	52.48162976	1
4	37084	52.48254784	1
4	37099	52.4825888	1
4	37110	52.48262976	1
4	37156	52.48354784	1
4	37171	52.4835888	1
4	37182	52.48362976	1
4	37228	52.48454784	1
4	37243	52.4845888	1
4	37254	52.48462976	1
4	37300	52.48554784	1
4	37315	52.4855888	1
4	37326	52.48562976	1
4	37372	52.48654784	1
4	37387	52.4865888	1
4	37398	52.48662976	1
4	37432	52.48754784	1
4	37447	52.4875888	1
4	37458	52.48762976	1
4	37600	53.48754784	1
4	37611	53.4875888	1
4	37616	53.48762976	1
4	37636	53.48854784	1
4	37647	53.4885888	1
4	37652	53.48862976	1
4	37672	53.48954784	1
4	37687	53.4895888	1
4	37697	53.48962976	1
4	37732	53.49054784	1
4	37747	53.4905888	1
4	37758	53.49062976	1
4	37804	53.49154784	1
4	37819	53.4915888	1
4	37830	53.49162976	1
4	37876	53.49254784	1
4	37891	53.4925888	1
4	37902	53.49262976	1
4	37948	53.49354784	1
4	37963	53.4935888	1
4	37974	53.49362976	1
4	38020	53.49454784	1
4	38035	53.4945888	1
4	38046	53.49462976	1
4	38092	53.49554784	1
4	38107	53.4955888	1
4	38118	53.49562976	1
4	38152	53.49654784	1
4	38167	53.4965888	1
4	38178	53.49662976	1
4	38320	54.49654784	1
4	38331	54.4965888	1
4	38336	54.49662976	1
4	38356	54.49754784	1
4	38367	54.4975888	1
4	38372	54.49762976	1
4	38392	54.49854784	1
4	38407	54.4985888	1
4	38417	54.49862976	1
4	38452	54.49954784	1
4	38467	54.4995888	1
4	38478	54.49962976	1
4	38524	54.50054784	1
4	38539	54.5005888	1
4	38550	54.50062976	1
4	38596	54.50154784	1
4	38611	54.5015888	1
4	38622	54.50162976	1
4	38668	54.50254784	1
4	38683	54.5025888	1
4	38694	54.50262976	1
4	38740	54.50354784	1
4	38755	54.5035888	1
4	38766	54.50362976	1
4	38812	54.50454784	1
4	38827	54.5045888	1
4	38838	54.50462976	1
4	38872	54.50554784	1
4	38887	54.5055888	1
4	38898	54.50562976	1
4	39040	55.50554784	1
4	39051	55.5055888	1
4	39056	55.50562976	1
4	39076	55.50654784	1
4	39087	55.5065888	1
4	39092	55.50662976	1
4	39112	55.50754784	1
4	39127	55.5075888	1
4	39137	55.50762976	1
4	39172	55.50854784	1
4	39187	55.5085888	1
4	39198	55.50862976	1
4	39244	55.50954784	1
4	39259	55.5095888	1
4	39270	55.50962976	1
4	39316	55.51054784	1
4	39331	55.5105888	1
4	39342	55.51062976	1
4	39388	55.51154784	1
4	39403	55.5115888	1
4	39414	55.51162976	1
4	39460	55.51254784	1
4	39475	55.5125888	1
4	39486	55.51262976	1
4	39532	55.51354784	1
4	39547	55.5135888	1
4	39558	55.51362976	1
4	39592	55.51454784	1
4	39607	55.5145888	1
4	39618	55.51462976	1
4	39760	56.51454784	1
4	39771	56.5145888	1
4	39776	56.51462976	1
4	39796	56.51554784	1
4	39807	56.5155888	1
4	39812	56.51562976	1
4	39832	56.51654784	1
4	39847	56.5165888	1
4	39857	56.51662976	1
4	39892	56.51754784	1
4	39907	56.5175888	1
4	39918	56.51762976	1
4	39964	56.51854784	1
4	39979	56.5185888	1
4	39990	56.51862976	1
4	40036	56.51954784	1
4	40051	56.5195888	1
4	40062	56.51962976	1
4	40108	56.52054784	1
4	40123	56.5205888	1
4	40134	56.52062976	1
4	40180	56.52154784	1
4	40195	56.5215888	1
4	40206	56.52162976	1
4	40252	56.52254784	1
4	40267	56.5225888	1
4	40278	56.52262976	1
4	40312	56.52354784	1
4	40327	56.5235888	1
4	40338	56.52362976	1
4	40480	57.52354784	1
4	40491	57.5235888	1
4	40496	57.52362976	1
4	40516	57.52454784	1
4	40527	57.5245888	1
4	40532	57.52462976	1
4	40552	57.52554784	1
4	40567	57.5255888	1
4	40577	57.52562976	1
4	40612	57.52654784	1
4	40627	57.5265888	1
4	40638	57.52662976	1
4	40684	57.52754784	1
4	40699	57.5275888	1
4	40710	57.52762976	1
4	40756	57.52854784	1
4	40771	57.5285888	1
4	40782	57.52862976	1
4	40828	57.52954784	1
4	40843	57.5295888	1
4	40854	57.52962976	1
4	40900	57.53054784	1
4	40915	57.5305888	1
4	40926	57.53062976	1
4	40972	57.53154784	1
4	40987	57.5315888	1
4	40998	57.53162976	1
4	41032	57.53254784	1
4	41047	57.5325888	1
4	41058	57.53262976	1
4	41200	58.53254784	1
4	41211	58.5325888	1
4	41216	58.53262976	1
4	41236	58.53354784	1
4	41247	58.5335888	1
4	41252	58.53362976	1
4	41272	58.53454784	1
4	41287	58.5345888	1
4	41297	58.53462976	1
4	41332	58.53554784	1
4	41347	58.5355888	1
4	41358	58.53562976	1
4	41404	58.53654784	1
4	41419	58.5365888	1
4	41430	58.53662976	1
4	41476	58.53754784	1
4	41491	58.5375888	1
4	41502	58.53762976	1
4	41548	58.53854784	1
4	41563	58.5385888	1
4	41574	58.53862976	1
4	41620	58.53954784	1
4	41635	58.5395888	1
4	41646	58.53962976	1
4	41692	58.54054784	1
4	41707	58.5405888	1
4	41718	58.54062976	1
4	41752	58.54154784	1
4	41767	58.5415888	1
4	41778	58.54162976	1
4	41920	59.54154784	1
4	41931	59.5415888	1
4	41936	59.54162976	1
4	41956	59.54254784	1
4	41967	59.5425888	1
4	41972	59.54262976	1
4	41992	59.54354784	1
4	42007	59.5435888	1
4	42017	59.54362976	1
4	42052	59.54454784	1
4	42067	59.5445888	1
4	42078	59.54462976	1
4	42124	59.54554784	1
4	42139	59.5455888	1
4	42150	59.54562976	1
4	42196	59.54654784	1
4	42211	59.5465888	1
4	42222	59.54662976	1
4	42268	59.54754784	1
4	42283	59.5475888	1
4	42294	59.54762976	1
4	42340	59.54854784	1
4	42355	59.5485888	1
4	42366	59.54862976	1
4	42412	59.54954784	1
4	42427	59.5495888	1
4	42438	59.54962976	1
4	42472	59.55054784	1
4	42487	59.5505888	1
4	42498	59.55062976	1
4	42642	60.55054784	1
4	42652	60.5505888	1
4	42656	60.55062976	1
4	42675	60.55154784	1
4	42685	60.5515888	1
4	42689	60.55162976	1
4	42708	60.55254784	1
4	42721	60.5525888	1
4	42729	60.55262976	1
4	42759	60.55354784	1
4	42772	60.5535888	1
4	42781	60.55362976	1
4	42819	60.55454784	1
4	42832	60.5545888	1
4	42841	60.55462976	1
4	42879	60.55554784	1
4	42892	60.5555888	1
4	42901	60.55562976	1
4	42939	60.55654784	1
4	42952	60.5565888	1
4	42961	60.55662976	1
4	42999	60.55754784	1
4	43012	60.5575888	1
4	43021	60.55762976	1
4	43059	60.55854784	1
4	43072	60.5585888	1
4	43081	60.55862976	1
4	43107	60.55954784	1
4	43120	60.5595888	1
4	43129	60.55962976	1
4	43242	61.55954784	1
4	43252	61.5595888	1
4	43256	61.55962976	1
4	43275	61.56054784	1
4	43285	61.5605888	1
4	43289	61.56062976	1
4	43308	61.56154784	1
4	43321	61.5615888	1
4	43329	61.56162976	1
4	43359	61.56254784	1
4	43372	61.5625888	1
4	43381	61.56262976	1
4	43419	61.56354784	1
4	43432	61.5635888	1
4	43441	61.56362976	1
4	43479	61.56454784	1
4	43492	61.5645888	1
4	43501	61.56462976	1
4	43539	61.56554784	1
4	43552	61.5655888	1
4	43561	61.56562976	1
4	43599	61.56654784	1
4	43612	61.5665888	1
4	43621	61.56662976	1
4	43659	61.56754784	1
4	43672	61.5675888	1
4	43681	61.56762976	1
4	43707	61.56854784	1
4	43720	61.5685888	1
4	43729	61.56862976	1
4	43842	62.56854784	1
4	43852	62.5685888	1
4	43856	62.56862976	1
4	43875	62.56954784	1
4	43885	62.5695888	1
4	43889	62.56962976	1
4	43908	62.57054784	1
4	43921	62.5705888	1
4	43929	62.57062976	1
4	43959	62.57154784	1
4	43972	62.5715888	1
4	43981	62.57162976	1
4	44019	62.57254784	1
4	44032	62.5725888	1
4	44041	62.57262976	1
4	44079	62.57354784	1
4	44092	62.5735888	1
4	44101	62.57362976	1
4	44139	62.57454784	1
4	44152	62.5745888	1
4	44161	62.57462976	1
4	44199	62.57554784	1
4	44212	62.5755888	1
4	44221	62.57562976	1
4	44259	62.57654784	1
4	44272	62.5765888	1
4	44281	62.57662976	1
4	44307	62.57754784	1
4	44320	62.5775888	1
4	44329	62.57762976	1
4	44442	63.57754784	1
4	44452	63.5775888	1
4	44456	63.57762976	1
4	44475	63.57854784	1
4	44485	63.5785888	1
4	44489	63.57862976	1
4	44508	63.57954784	1
4	44521	63.5795888	1
4	44529	63.57962976	1
4	44559	63.58054784	1
4	44572	63.5805888	1
4	44581	63.58062976	1
4	44619	63.58154784	1
4	44632	63.5815888	1
4	44641	63.58162976	1
4	44679	63.58254784	1
4	44692	63.5825888	1
4	44701	63.58262976	1
4	44739	63.58354784	1
4	44752	63.5835888	1
4	44761	63.58362976	1
4	44799	63.58454784	1
4	44812	63.5845888	1
4	44821	63.58462976	1
4	44859	63.58554784	1
4	44872	63.5855888	1
4	44881	63.58562976	1
4	44907	63.58654784	1
4	44920	63.5865888	1
4	44929	63.58662976	1
4	45042	64.58654784	1
4	45052	64.5865888	1
4	45056	64.58662976	1
4	45075	64.58754784	1
4	45085	64.5875888	1
4	45089	64.58762976	1
4	45108	64.58854784	1
4	45121	64.5885888	1
4	45129	64.58862976	1
4	45159	64.58954784	1
4	45172	64.5895888	1
4	45181	64.58962976	1
4	45219	64.59054784	1
4	45232	64.5905888	1
4	45241	64.59062976	1
4	45279	64.59154784	1
4	45292	64.5915888	1
4	45301	64.59162976	1
4	45339	64.59254784	1
4	45352	64.5925888	1
4	45361	64.59262976	1
4	45399	64.59354784	1
4	45412	64.5935888	1
4	45421	64.59362976	1
4	45459	64.59454784	1
4	45472	64.5945888	1
4	45481	64.59462976	1
4	45507	64.59554784	1
4	45520	64.5955888	1
4	45529	64.59562976	1
4	45642	65.59554784	1
4	45652	65.5955888	1
4	45656	65.59562976	1
4	45675	65.59654784	1
4	45685	65.5965888	1
4	45689	65.59662976	1
4	45708	65.59754784	1
4	45721	65.5975888	1
4	45729	65.59762976	1
4	45759	65.59854784	1
4	45772	65.5985888	1
4	45781	65.59862976	1
4	45819	65.59954784	1
4	45832	65.5995888	1
4	45841	65.59962976	1
4	45879	65.60054784	1
4	45892	65.6005888	1
4	45901	65.60062976	1
4	45939	65.60154784	1
4	45952	65.6015888	1
4	45961	65.60162976	1
4	45999	65.60254784	1
4	46012	65.6025888	1
4	46021	65.60262976	1
4	46059	65.60354784	1
4	46072	65.6035888	1
4	46081	65.60362976	1
4	46107	65.60454784	1
4	46120	65.6045888	1
4	46129	65.60462976	1
4	46242	66.60454784	1
4	46252	66.6045888	1
4	46256	66.60462976	1
4	46275	66.60554784	1
4	46285	66.6055888	1
4	46289	66.60562976	1
4	46308	66.60654784	1
4	46321	66.6065888	1
4	46329	66.60662976	1
4	46359	66.60754784	1
4	46372	66.6075888	1
4	46381	66.60762976	1
4	46419	66.60854784	1
4	46432	66.6085888	1
4	46441	66.60862976	1
4	46479	66.60954784	1
4	46492	66.6095888	1
4	46501	66.60962976	1
4	46539	66.61054784	1
4	46552	66.6105888	1
4	46561	66.61062976	1
4	46599	66.61154784	1
4	46612	66.6115888	1
4	46621	66.61162976	1
4	46659	66.61254784	1
4	46672	66.6125888	1
4	46681	66.61262976	1
4	46707	66.61354784	1
4	46720	66.6135888	1
4	46729	66.61362976	1
4	46842	67.61354784	1
4	46852	67.6135888	1
4	46856	67.61362976	1
4	46875	67.61454784	1
4	46885	67.6145888	1
4	46889	67.61462976	1
4	46908	67.61554784	1
4	46921	67.6155888	1
4	46929	67.61562976	1
4	46959	67.61654784	1
4	46972	67.6165888	1
4	46981	67.61662976	1
4	47019	67.61754784	1
4	47032	67.6175888	1
4	47041	67.61762976	1
4	47079	67.61854784	1
4	47092	67.6185888	1
4	47101	67.61862976	1
4	47139	67.61954784	1
4	47152	67.6195888	1
4	47161	67.61962976	1
4	47199	67.62054784	1
4	47212	67.6205888	1
4	47221	67.62062976	1
4	47259	67.62154784	1
4	47272	67.6215888	1
4	47281	67.62162976	1
4	47307	67.62254784	1
4	47320	67.6225888	1
4	47329	67.62262976	1
4	47442	68.62254784	1
4	47452	68.6225888	1
4	47456	68.62262976	1
4	47475	68.62354784	1
4	47485	68.6235888	1
4	47489	68.62362976	1
4	47508	68.62454784	1
4	47521	68.6245888	1
4	47529	68.62462976	1
4	47559	68.62554784	1
4	47572	68.6255888	1
4	47581	68.62562976	1
4	47619	68.62654784	1
4	47632	68.6265888	1
4	47641	68.62662976	1
4	47679	68.62754784	1
4	47692	68.6275888	1
4	47701	68.62762976	1
4	47739	68.62854784	1
4	47752	68.6285888	1
4	47761	68.62862976	1
4	47799	68.62954784	1
4	47812	68.6295888	1
4	47821	68.62962976	1
4	47859	68.63054784	1
4	47872	68.6305888	1
4	47881	68.63062976	1
4	47907	68.63154784	1
4	47920	68.6315888	1
4	47929	68.63162976	1
4	48042	69.63154784	1
4	48052	69.6315888	1
4	48056	69.63162976	1
4	48075	69.63254784	1
4	48085	69.6325888	1
4	48089	69.63262976	1
4	48108	69.63354784	1
4	48121	69.6335888	1
4	48129	69.63362976	1
4	48159	69.63454784	1
4	48172	69.6345888	1
4	48181	69.63462976	1
4	48219	69.63554784	1
4	48232	69.6355888	1
4	48241	69.63562976	1
4	48279	69.63654784	1
4	48292	69.6365888	1
4	48301	69.63662976	1
4	48339	69.63754784	1
4	48352	69.6375888	1
4	48361	69.63762976	1
4	48399	69.63854784	1
4	48412	69.6385888	1
4	48421	69.63862976	1
4	48459	69.63954784	1
4	48472	69.6395888	1
4	48481	69.63962976	1
4	48507	69.64054784	1
4	48520	69.6405888	1
4	48529	69.64062976	1
4	48642	70.64054784	1
4	48652	70.6405888	1
4	48656	70.64062976	1
4	48675	70.64154784	1
4	48685	70.6415888	1
4	48689	70.64162976	1
4	48708	70.64254784	1
4	48721	70.6425888	1
4	48729	70.64262976	1
4	48759	70.64354784	1
4	48772	70.6435888	1
4	48781	70.64362976	1
4	48819	70.64454784	1
4	48832	70.6445888	1
4	48841	70.64462976	1
4	48879	70.64554784	1
4	48892	70.6455888	1
4	48901	70.64562976	1
4	48939	70.64654784	1
4	48952	70.6465888	1
4	48961	70.64662976	1
4	48999	70.64754784	1
4	49012	70.6475888	1
4	49021	70.64762976	1
4	49059	70.64854784	1
4	49072	70.6485888	1
4	49081	70.64862976	1
4	49107	70.64954784	1
4	49120	70.6495888	1
4	49129	70.64962976	1
4	49242	71.64954784	1
4	49252	71.6495888	1
4	49256	71.64962976	1
4	49275	71.65054784	1
4	49285	71.6505888	1
4	49289	71.65062976	1
4	49308	71.65154784	1
4	49321	71.6515888	1
4	49329	71.65162976	1
4	49359	71.65254784	1
4	49372	71.6525888	1
4	49381	71.65262976	1
4	49419	71.65354784	1
4	49432	71.6535888	1
4	49441	71.65362976	1
4	49479	71.65454784	1
4	49492	71.6545888	1
4	49501	71.65462976	1
4	49539	71.65554784	1
4	49552	71.6555888	1
4	49561	71.65562976	1
4	49599	71.65654784	1
4	49612	71.6565888	1
4	49621	71.65662976	1
4	49659	71.65754784	1
4	49672	71.6575888	1
4	49681	71.65762976	1
4	49707	71.65854784	1
4	49720	71.6585888	1
4	49729	71.65862976	1
4	49842	72.65854784	1
4	49852	72.6585888	1
4	49856	72.65862976	1
4	49875	72.65954784	1
4	49885	72.6595888	1
4	49889	72.65962976	1
4	49908	72.66054784	1
4	49921	72.6605888	1
4	49929	72.66062976	1
4	49959	72.66154784	1
4	49972	72.6615888	1
4	49981	72.66162976	1
4	50019	72.66254784	1
4	50032	72.6625888	1
4	50041	72.66262976	1
4	50079	72.66354784	1
4	50092	72.6635888	1
4	50101	72.66362976	1
4	50139	72.66454784	1
4	50152	72.6645888	1
4	50161	72.66462976	1
4	50199	72.66554784	1
4	50212	72.6655888	1
4	50221	72.66562976	1
4	50259	72.66654784	1
4	50272	72.6665888	1
4	50281	72.66662976	1
4	50307	72.66754784	1
4	50320	72.6675888	1
4	50329	72.66762976	1
4	50442	73.66754784	1
4	50452	73.6675888	1
4	50456	73.66762976	1
4	50475	73.66854784	1
4	50485	73.6685888	1
4	50489	73.66862976	1
4	50508	73.66954784	1
4	50521	73.6695888	1
4	50529	73.66962976	1
4	50559	73.67054784	1
4	50572	73.6705888	1
4	50581	73.67062976	1
4	50619	73.67154784	1
4	50632	73.6715888	1
4	50641	73.67162976	1
4	50679	73.67254784	1
4	50692	73.6725888	1
4	50701	73.67262976	1
4	50739	73.67354784	1
4	50752	73.6735888	1
4	50761	73.67362976	1
4	50799	73.67454784	1
4	50812	73.6745888	1
4	50821	73.67462976	1
4	50859	73.67554784	1
4	50872	73.6755888	1
4	50881	73.67562976	1
4	50907	73.67654784	1
4	50920	73.6765888	1
4	50929	73.67662976	1
4	51042	74.67654784	1
4	51052	74.6765888	1
4	51056	74.67662976	1
4	51075	74.67754784	1
4	51085	74.6775888	1
4	51089	74.67762976	1
4	51108	74.67854784	1
4	51121	74.6785888	1
4	51129	74.67862976	1
4	51159	74.67954784	1
4	51172	74.6795888	1
4	51181	74.67962976	1
4	51219	74.68054784	1
4	51232	74.6805888	1
4	51241	74.68062976	1
4	51279	74.68154784	1
4	51292	74.6815888	1
4	51301	74.68162976	1
4	51339	74.68254784	1
4	51352	74.6825888	1
4	51361	74.68262976	1
4	51399	74.68354784	1
4	51412	74.6835888	1
4	51421	74.68362976	1
4	51459	74.68454784	1
4	51472	74.6845888	1
4	51481	74.68462976	1
4	51507	74.68554784	1
4	51520	74.6855888	1
4	51529	74.68562976	1
4	51642	75.68554784	1
4	51652	75.6855888	1
4	51656	75.68562976	1
4	51675	75.68654784	1
4	51685	75.6865888	1
4	51689	75.68662976	1
4	51708	75.68754784	1
4	51721	75.6875888	1
4	51729	75.68762976	1
4	51759	75.68854784	1
4	51772	75.6885888	1
4	51781	75.68862976	1
4	51819	75.68954784	1
4	51832	75.6895888	1
4	51841	75.68962976	1
4	51879	75.69054784	1
4	51892	75.6905888	1
4	51901	75.69062976	1
4	51939	75.69154784	1
4	51952	75.6915888	1
4	51961	75.69162976	1
4	51999	75.69254784	1
4	52012	75.6925888	1
4	52021	75.69262976	1
4	52059	75.69354784	1
4	52072	75.6935888	1
4	52081	75.69362976	1
4	52107	75.69454784	1
4	52120	75.6945888	1
4	52129	75.69462976	1
4	52242	76.69454784	1
4	52252	76.6945888	1
4	52256	76.69462976	1
4	52275	76.69554784	1
4	52285	76.6955888	1
4	52289	76.69562976	1
4	52308	76.69654784	1
4	52321	76.6965888	1
4	52329	76.69662976	1
4	52359	76.69754784	1
4	52372	76.6975888	1
4	52381	76.69762976	1
4	52419	76.69854784	1
4	52432	76.6985888	1
4	52441	76.69862976	1
4	52479	76.69954784	1
4	52492	76.6995888	1
4	52501	76.69962976	1
4	52539	76.70054784	1
4	52552	76.7005888	1
4	52561	76.70062976	1
4	52599	76.70154784	1
4	52612	76.7015888	1
4	52621	76.70162976	1
4	52659	76.70254784	1
4	52672	76.7025888	1
4	52681	76.70262976	1
4	52707	76.70354784	1
4	52720	76.7035888	1
4	52729	76.70362976	1
4	52842	77.70354784	1
4	52852	77.7035888	1
4	52856	77.70362976	1
4	52875	77.70454784	1
4	52885	77.7045888	1
4	52889	77.70462976	1
4	52908	77.70554784	1
4	52921	77.7055888	1
4	52929	77.70562976	1
4	52959	77.70654784	1
4	52972	77.7065888	1
4	52981	77.70662976	1
4	53019	77.70754784	1
4	53032	77.7075888	1
4	53041	77.70762976	1
4	53079	77.70854784	1
4	53092	77.7085888	1
4	53101	77.70862976	1
4	53139	77.70954784	1
4	53152	77.7095888	1
4	53161	77.70962976	1
4	53199	77.71054784	1
4	53212	77.7105888	1
4	53221	77.71062976	1
4	53259	77.71154784	1
4	53272	77.7115888	1
4	53281	77.71162976	1
4	53307	77.71254784	1
4	53320	77.7125888	1
4	53329	77.71262976	1
4	53442	78.71254784	1
4	53452	78.7125888	1
4	53456	78.71262976	1
4	53475	78.71354784	1
4	53485	78.7135888	1
4	53489	78.71362976	1
4	53508	78.71454784	1
4	53521	78.7145888	1
4	53529	78.71462976	1
4	53559	78.71554784	1
4	53572	78.7155888	1
4	53581	78.71562976	1
4	53619	78.71654784	1
4	53632	78.7165888	1
4	53641	78.71662976	1
4	53679	78.71754784	1
4	53692	78.7175888	1
4	53701	78.71762976	1
4	53739	78.71854784	1
4	53752	78.7185888	1
4	53761	78.71862976	1
4	53799	78.71954784	1
4	53812	78.7195888	1
4	53821	78.71962976	1
4	53859	78.72054784	1
4	53872	78.7205888	1
4	53881	78.72062976	1
4	53907	78.72154784	1
4	53920	78.7215888	1
4	53929	78.72162976	1
4	54042	79.72154784	1
4	54052	79.7215888	1
4	54056	79.72162976	1
4	54075	79.72254784	1
4	54085	79.7225888	1
4	54089	79.72262976	1
4	54108	79.72354784	1
4	54121	79.7235888	1
4	54129	79.72362976	1
4	54159	79.72454784	1
4	54172	79.7245888	1
4	54181	79.72462976	1
4	54219	79.72554784	1
4	54232	79.7255888	1
4	54241	79.72562976	1
4	54279	79.72654784	1
4	54292	79.7265888	1
4	54301	79.72662976	1
4	54339	79.72754784	1
4	54352	79.7275888	1
4	54361	79.72762976	1
4	54399	79.72854784	1
4	54412	79.7285888	1
4	54421	79.72862976	1
4	54459	79.72954784	1
4	54472	79.7295888	1
4	54481	79.72962976	1
4	54507	79.73054784	1
4	54520	79.7305888	1
4	54529	79.73062976	1
4	54642	80.73054784	1
4	54652	80.7305888	1
4	54656	80.73062976	1
4	54675	80.73154784	1
4	54685	80.7315888	1
4	54689	80.73162976	1
4	54708	80.73254784	1
4	54721	80.7325888	1
4	54729	80.73262976	1
4	54759	80.73354784	1
4	54772	80.7335888	1
4	54781	80.73362976	1
4	54819	80.73454784	1
4	54832	80.7345888	1
4	54841	80.73462976	1
4	54879	80.73554784	1
4	54892	80.7355888	1
4	54901	80.73562976	1
4	54939	80.73654784	1
4	54952	80.7365888	1
4	54961	80.73662976	1
4	54999	80.73754784	1
4	55012	80.7375888	1
4	55021	80.73762976	1
4	55059	80.73854784	1
4	55072	80.7385888	1
4	55081	80.73862976	1
4	55107	80.73954784	1
4	55120	80.7395888	1
4	55129	80.73962976	1
4	55242	81.73954784	1
4	55252	81.7395888	1
4	55256	81.73962976	1
4	55275	81.74054784	1
4	55285	81.7405888	1
4	55289	81.74062976	1
4	55308	81.74154784	1
4	55321	81.7415888	1
4	55329	81.74162976	1
4	55359	81.74254784	1
4	55372	81.7425888	1
4	55381	81.74262976	1
4	55419	81.74354784	1
4	55432	81.7435888	1
4	55441	81.74362976	1
4	55479	81.74454784	1
4	55492	81.7445888	1
4	55501	81.74462976	1
4	55539	81.74554784	1
4	55552	81.7455888	1
4	55561	81.74562976	1
4	55599	81.74654784	1
4	55612	81.7465888	1
4	55621	81.74662976	1
4	55659	81.74754784	1
4	55672	81.7475888	1
4	55681	81.74762976	1
4	55707	81.74854784	1
4	55720	81.7485888	1
4	55729	81.74862976	1
4	55842	82.74854784	1
4	55852	82.7485888	1
4	55856	82.74862976	1
4	55875	82.74954784	1
4	55885	82.7495888	1
4	55889	82.74962976	1
4	55908	82.75054784	1
4	55921	82.7505888	1
4	55929	82.75062976	1
4	55959	82.75154784	1
4	55972	82.7515888	1
4	55981	82.75162976	1
4	56019	82.75254784	1
4	56032	82.7525888	1
4	56041	82.75262976	1
4	56079	82.75354784	1
4	56092	82.7535888	1
4	56101	82.75362976	1
4	56139	82.75454784	1
4	56152	82.7545888	1
4	56161	82.75462976	1
4	56199	82.75554784	1
4	56212	82.7555888	1
4	56221	82.75562976	1
4	56259	82.75654784	1
4	56272	82.7565888	1
4	56281	82.75662976	1
4	56307	82.75754784	1
4	56320	82.7575888	1
4	56329	82.75762976	1
4	56442	83.75754784	1
4	56452	83.7575888	1
4	56456	83.75762976	1
4	56475	83.75854784	1
4	56485	83.7585888	1
4	56489	83.75862976	1
4	56508	83.75954784	1
4	56521	83.7595888	1
4	56529	83.75962976	1
4	56559	83.76054784	1
4	56572	83.7605888	1
4	56581	83.76062976	1
4	56619	83.76154784	1
4	56632	83.7615888	1
4	56641	83.76162976	1
4	56679	83.76254784	1
4	56692	83.7625888	1
4	56701	83.76262976	1
4	56739	83.76354784	1
4	56752	83.7635888	1
4	56761	83.76362976	1
4	56799	83.76454784	1
4	56812	83.7645888	1
4	56821	83.76462976	1
4	56859	83.76554784	1
4	56872	83.7655888	1
4	56881	83.76562976	1
4	56907	83.76654784	1
4	56920	83.7665888	1
4	56929	83.76662976	1
4	57042	84.76654784	1
4	57052	84.7665888	1
4	57056	84.76662976	1
4	57075	84.76754784	1
4	57085	84.7675888	1
4	57089	84.76762976	1
4	57108	84.76854784	1
4	57121	84.7685888	1
4	57129	84.76862976	1
4	57159	84.76954784	1
4	57172	84.7695888	1
4	57181	84.76962976	1
4	57219	84.77054784	1
4	57232	84.7705888	1
4	57241	84.77062976	1
4	57279	84.77154784	1
4	57292	84.7715888	1
4	57301	84.77162976	1
4	57339	84.77254784	1
4	57352	84.7725888	1
4	57361	84.77262976	1
4	57399	84.77354784	1
4	57412	84.7735888	1
4	57421	84.77362976	1
4	57459	84.77454784	1
4	57472	84.7745888	1
4	57481	84.77462976	1
4	57507	84.77554784	1
4	57520	84.7755888	1
4	57529	84.77562976	1
4	57642	85.77554784	1
4	57652	85.7755888	1
4	57656	85.77562976	1
4	57675	85.77654784	1
4	57685	85.7765888	1
4	57689	85.77662976	1
4	57708	85.77754784	1
4	57721	85.7775888	1
4	57729	85.77762976	1
4	57759	85.77854784	1
4	57772	85.7785888	1
4	57781	85.77862976	1
4	57819	85.77954784	1
4	57832	85.7795888	1
4	57841	85.77962976	1
4	57879	85.78054784	1
4	57892	85.7805888	1
4	57901	85.78062976	1
4	57939	85.78154784	1
4	57952	85.7815888	1
4	57961	85.78162976	1
4	57999	85.78254784	1
4	58012	85.7825888	1
4	58021	85.78262976	1
4	58059	85.78354784	1
4	58072	85.7835888	1
4	58081	85.78362976	1
4	58107	85.78454784	1
4	58120	85.7845888	1
4	58129	85.78462976	1
4	58242	86.78454784	1
4	58252	86.7845888	1
4	58256	86.78462976	1
4	58275	86.78554784	1
4	58285	86.7855888	1
4	58289	86.78562976	1
4	58308	86.78654784	1
4	58321	86.7865888	1
4	58329	86.78662976	1
4	58359	86.78754784	1
4	58372	86.7875888	1
4	58381	86.78762976	1
4	58419	86.78854784	1
4	58432	86.7885888	1
4	58441	86.78862976	1
4	58479	86.78954784	1
4	58492	86.7895888	1
4	58501	86.78962976	1
4	58539	86.79054784	1
4	58552	86.7905888	1
4	58561	86.79062976	1
4	58599	86.79154784	1
4	58612	86.7915888	1
4	58621	86.79162976	1
4	58659	86.79254784	1
4	58672	86.7925888	1
4	58681	86.79262976	1
4	58707	86.79354784	1
4	58720	86.7935888	1
4	58729	86.79362976	1
4	58842	87.79354784	1
4	58852	87.7935888	1
4	58856	87.79362976	1
4	58875	87.79454784	1
4	58885	87.7945888	1
4	58889	87.79462976	1
4	58908	87.79554784	1
4	58921	87.7955888	1
4	58929	87.79562976	1
4	58959	87.79654784	1
4	58972	87.7965888	1
4	58981	87.79662976	1
4	59019	87.79754784	1
4	59032	87.7975888	1
4	59041	87.79762976	1
4	59079	87.79854784	1
4	59092	87.7985888	1
4	59101	87.79862976	1
4	59139	87.79954784	1
4	59152	87.7995888	1
4	59161	87.79962976	1
4	59199	87.80054784	1
4	59212	87.8005888	1
4	59221	87.80062976	1
4	59259	87.80154784	1
4	59272	87.8015888	1
4	59281	87.80162976	1
4	59307	87.80254784	1
4	59320	87.8025888	1
4	59329	87.80262976	1
4	59442	88.80254784	1
4	59452	88.8025888	1
4	59456	88.80262976	1
4	59475	88.80354784	1
4	59485	88.8035888	1
4	59489	88.80362976	1
4	59508	88.80454784	1
4	59521	88.8045888	1
4	59529	88.80462976	1
4	59559	88.80554784	1
4	59572	88.8055888	1
4	59581	88.80562976	1
4	59619	88.80654784	1
4	59632	88.8065888	1
4	59641	88.80662976	1
4	59679	88.80754784	1
4	59692	88.8075888	1
4	59701	88.80762976	1
4	59739	88.80854784	1
4	59752	88.8085888	1
4	59761	88.80862976	1
4	59799	88.80954784	1
4	59812	88.8095888	1
4	59821	88.80962976	1
4	59859	88.81054784	1
4	59872	88.8105888	1
4	59881	88.81062976	1
4	59907	88.81154784	1
4	59920	88.8115888	1
4	59929	88.81162976	1
4	60042	89.81154784	1
4	60052	89.8115888	1
4	60056	89.81162976	1
4	60075	89.81254784	1
4	60085	89.8125888	1
4	60089	89.81262976	1
4	60108	89.81354784	1
4	60121	89.8135888	1
4	60129	89.81362976	1
4	60159	89.81454784	1
4	60172	89.8145888	1
4	60181	89.81462976	1
4	60219	89.81554784	1
4	60232	89.8155888	1
4	60241	89.81562976	1
4	60279	89.81654784	1
4	60292	89.8165888	1
4	60301	89.81662976	1
4	60339	89.81754784	1
4	60352	89.8175888	1
4	60361	89.81762976	1
4	60399	89.81854784	1
4	60412	89.8185888	1
4	60421	89.81862976	1
4	60459	89.81954784	1
4	60472	89.8195888	1
4	60481	89.81962976	1
4	60507	89.82054784	1
4	60520	89.8205888	1
4	60529	89.82062976	1
4	60642	90.82054784	1
4	60652	90.8205888	1
4	60656	90.82062976	1
4	60675	90.82154784	1
4	60685	90.8215888	1
4	60689	90.82162976	1
4	60708	90.82254784	1
4	60721	90.8225888	1
4	60729	90.82262976	1
4	60759	90.82354784	1
4	60772	90.8235888	1
4	60781	90.82362976	1
4	60819	90.82454784	1
4	60832	90.8245888	1
4	60841	90.82462976	1
4	60879	90.82554784	1
4	60892	90.8255888	1
4	60901	90.82562976	1
4	60939	90.82654784	1
4	60952	90.8265888	1
4	60961	90.82662976	1
4	60999	90.82754784	1
4	61012	90.8275888	1
4	61021	90.82762976	1
4	61059	90.82854784	1
4	61072	90.8285888	1
4	61081	90.82862976	1
4	61107	90.82954784	1
4	61120	90.8295888	1
4	61129	90.82962976	1
4	61242	91.82954784	1
4	61252	91.8295888	1
4	61256	91.82962976	1
4	61275	91.83054784	1
4	61285	91.8305888	1
4	61289	91.83062976	1
4	61308	91.83154784	1
4	61321	91.8315888	1
4	61329	91.83162976	1
4	61359	91.83254784	1
4	61372	91.8325888	1
4	61381	91.83262976	1
4	61419	91.83354784	1
4	61432	91.8335888	1
4	61441	91.83362976	1
4	61479	91.83454784	1
4	61492	91.8345888	1
4	61501	91.83462976	1
4	61539	91.83554784	1
4	61552	91.8355888	1
4	61561	91.83562976	1
4	61599	91.83654784	1
4	61612	91.8365888	1
4	61621	91.83662976	1
4	61659	91.83754784	1
4	61672	91.8375888	1
4	61681	91.83762976	1
4	61707	91.83854784	1
4	61720	91.8385888	1
4	61729	91.83862976	1
4	61842	92.83854784	1
4	61852	92.8385888	1
4	61856	92.83862976	1
4	61875	92.83954784	1
4	61885	92.8395888	1
4	61889	92.83962976	1
4	61908	92.84054784	1
4	61921	92.8405888	1
4	61929	92.84062976	1
4	61959	92.84154784	1
4	61972	92.8415888	1
4	61981	92.84162976	1
4	62019	92.84254784	1
4	62032	92.8425888	1
4	62041	92.84262976	1
4	62079	92.84354784	1
4	62092	92.8435888	1
4	62101	92.84362976	1
4	62139	92.84454784	1
4	62152	92.8445888	1
4	62161	92.84462976	1
4	62199	92.84554784	1
4	62212	92.8455888	1
4	62221	92.84562976	1
4	62259	92.84654784	1
4	62272	92.8465888	1
4	62281	92.84662976	1
4	62307	92.84754784	1
4	62320	92.8475888	1
4	62329	92.84762976	1
4	62442	93.84754784	1
4	62452	93.8475888	1
4	62456	93.84762976	1
4	62475	93.84854784	1
4	62485	93.8485888	1
4	62489	93.84862976	1
4	62508	93.84954784	1
4	62521	93.8495888	1
4	62529	93.84962976	1
4	62559	93.85054784	1
4	62572	93.8505888	1
4	62581	93.85062976	1
4	62619	93.85154784	1
4	62632	93.8515888	1
4	62641	93.85162976	1
4	62679	93.85254784	1
4	62692	93.8525888	1
4	62701	93.85262976	1
4	62739	93.85354784	1
4	62752	93.8535888	1
4	62761	93.85362976	1
4	62799	93.85454784	1
4	62812	93.8545888	1
4	62821	93.85462976	1
4	62859	93.85554784	1
4	62872	93.8555888	1
4	62881	93.85562976	1
4	62907	93.85654784	1
4	62920	93.8565888	1
4	62929	93.85662976	1
4	63042	94.85654784	1
4	63052	94.8565888	1
4	63056	94.85662976	1
4	63075	94.85754784	1
4	63085	94.8575888	1
4	63089	94.85762976	1
4	63108	94.85854784	1
4	63121	94.8585888	1
4	63129	94.85862976	1
4	63159	94.85954784	1
4	63172	94.8595888	1
4	63181	94.85962976	1
4	63219	94.86054784	1
4	63232	94.8605888	1
4	63241	94.86062976	1
4	63279	94.86154784	1
4	63292	94.8615888	1
4	63301	94.86162976	1
4	63339	94.86254784	1
4	63352	94.8625888	1
4	63361	94.86262976	1
4	63399	94.86354784	1
4	63412	94.8635888	1
4	63421	94.86362976	1
4	63459	94.86454784	1
4	63472	94.8645888	1
4	63481	94.86462976	1
4	63507	94.86554784	1
4	63520	94.8655888	1
4	63529	94.86562976	1
4	63642	95.86554784	1
4	63652	95.8655888	1
4	63656	95.86562976	1
4	63675	95.86654784	1
4	63685	95.8665888	1
4	63689	95.86662976	1
4	63708	95.86754784	1
4	63721	95.8675888	1
4	63729	95.86762976	1
4	63759	95.86854784	1
4	63772	95.8685888	1
4	63781	95.86862976	1
4	63819	95.86954784	1
4	63832	95.8695888	1
4	63841	95.86962976	1
4	63879	95.87054784	1
4	63892	95.8705888	1
4	63901	95.87062976	1
4	63939	95.87154784	1
4	63952	95.8715888	1
4	63961	95.87162976	1
4	63999	95.87254784	1
4	64012	95.8725888	1
4	64021	95.87262976	1
4	64059	95.87354784	1
4	64072	95.8735888	1
4	64081	95.87362976	1
4	64107	95.87454784	1
4	64120	95.8745888	1
4	64129	95.87462976	1
4	64242	96.87454784	1
4	64252	96.8745888	1
4	64256	96.87462976	1
4	64275	96.87554784	1
4	64285	96.8755888	1
4	64289	96.87562976	1
4	64308	96.87654784	1
4	64321	96.8765888	1
4	64329	96.87662976	1
4	64359	96.87754784	1
4	64372	96.8775888	1
4	64381	96.87762976	1
4	64419	96.87854784	1
4	64432	96.8785888	1
4	64441	96.87862976	1
4	64479	96.87954784	1
4	64492	96.8795888	1
4	64501	96.87962976	1
4	64539	96.88054784	1
4	64552	96.8805888	1
4	64561	96.88062976	1
4	64599	96.88154784	1
4	64612	96.8815888	1
4	64621	96.88162976	1
4	64659	96.88254784	1
4	64672	96.8825888	1
4	64681	96.88262976	1
4	64707	96.88354784	1
4	64720	96.8835888	1
4	64729	96.88362976	1
4	64842	97.88354784	1
4	64852	97.8835888	1
4	64856	97.88362976	1
4	64875	97.88454784	1
4	64885	97.8845888	1
4	64889	97.88462976	1
4	64908	97.88554784	1
4	64921	97.8855888	1
4	64929	97.88562976	1
4	64959	97.88654784	1
4	64972	97.8865888	1
4	64981	97.88662976	1
4	65019	97.88754784	1
4	65032	97.8875888	1
4	65041	97.88762976	1
4	65079	97.88854784	1
4	65092	97.8885888	1
4	65101	97.88862976	1
4	65139	97.88954784	1
4	65152	97.8895888	1
4	65161	97.88962976	1
4	65199	97.89054784	1
4	65212	97.8905888	1
4	65221	97.89062976	1
4	65259	97.89154784	1
4	65272	97.8915888	1
4	65281	97.89162976	1
4	65307	97.89254784	1
4	65320	97.8925888	1
4	65329	97.89262976	1
4	65442	98.89254784	1
4	65452	98.8925888	1
4	65456	98.89262976	1
4	65475	98.89354784	1
4	65485	98.8935888	1
4	65489	98.89362976	1
4	65508	98.89454784	1
4	65521	98.8945888	1
4	65529	98.89462976	1
4	65559	98.89554784	1
4	65572	98.8955888	1
4	65581	98.89562976	1
4	65619	98.89654784	1
4	65632	98.8965888	1
4	65641	98.89662976	1
4	65679	98.89754784	1
4	65692	98.8975888	1
4	65701	98.89762976	1
4	65739	98.89854784	1
4	65752	98.8985888	1
4	65761	98.89862976	1
4	65799	98.89954784	1
4	65812	98.8995888	1
4	65821	98.89962976	1
4	65859	98.90054784	1
4	65872	98.9005888	1
4	65881	98.90062976	1
4	65907	98.90154784	1
4	65920	98.9015888	1
4	65929	98.90162976	1
4	66042	99.90154784	1
4	66052	99.9015888	1
4	66056	99.90162976	1
4	66075	99.90254784	1
4	66085	99.9025888	1
4	66089	99.90262976	1
4	66108	99.90354784	1
4	66121	99.9035888	1
4	66129	99.90362976	1
4	66159	99.90454784	1
4	66172	99.9045888	1
4	66181	99.90462976	1
4	66219	99.90554784	1
4	66232	99.9055888	1
4	66241	99.90562976	1
4	66279	99.90654784	1
4	66292	99.9065888	1
4	66301	99.90662976	1
4	66339	99.90754784	1
4	66352	99.9075888	1
4	66361	99.90762976	1
4	66399	99.90854784	1
4	66412	99.9085888	1
4	66421	99.90862976	1
4	66459	99.90954784	1
4	66472	99.9095888	1
4	66481	99.90962976	1
4	66507	99.91054784	1
4	66520	99.9105888	1
4	66529	99.91062976	1
4	66642	100.91054784	1
4	66652	100.9105888	1
4	66656	100.91062976	1
4	66675	100.91154784	1
4	66685	100.9115888	1
4	66689	100.91162976	1
4	66708	100.91254784	1
4	66721	100.9125888	1
4	66729	100.91262976	1
4	66759	100.91354784	1
4	66772	100.9135888	1
4	66781	100.91362976	1
4	66819	100.91454784	1
4	66832	100.9145888	1
4	66841	100.91462976	1
4	66879	100.91554784	1
4	66892	100.9155888	1
4	66901	100.91562976	1
4	66939	100.91654784	1
4	66952	100.9165888	1
4	66961	100.91662976	1
4	66999	100.91754784	1
4	67012	100.9175888	1
4	67021	100.91762976	1
4	67059	100.91854784	1
4	67072	100.9185888	1
4	67081	100.91862976	1
4	67107	100.91954784	1
4	67120	100.9195888	1
4	67129	100.91962976	1
4	67242	101.91954784	1
4	67252	101.9195888	1
4	67256	101.91962976	1
4	67275	101.92054784	1
4	67285	101.9205888	1
4	67289	101.92062976	1
4	67308	101.92154784	1
4	67321	101.9215888	1
4	67329	101.92162976	1
4	67359	101.92254784	1
4	67372	101.9225888	1
4	67381	101.92262976	1
4	67419	101.92354784	1
4	67432	101.9235888	1
4	67441	101.92362976	1
4	67479	101.92454784	1
4	67492	101.9245888	1
4	67501	101.92462976	1
4	67539	101.92554784	1
4	67552	101.9255888	1
4	67561	101.92562976	1
4	67599	101.92654784	1
4	67612	101.9265888	1
4	67621	101.92662976	1
4	67659	101.92754784	1
4	67672	101.9275888	1
4	67681	101.92762976	1
4	67707	101.92854784	1
4	67720	101.9285888	1
4	67729	101.92862976	1
4	67842	102.92854784	1
4	67852	102.9285888	1
4	67856	102.92862976	1
4	67875	102.92954784	1
4	67885	102.9295888	1
4	67889	102.92962976	1
4	67908	102.93054784	1
4	67921	102.9305888	1
4	67929	102.93062976	1
4	67959	102.93154784	1
4	67972	102.9315888	1
4	67981	102.93162976	1
4	68019	102.93254784	1
4	68032	102.9325888	1
4	68041	102.93262976	1
4	68079	102.93354784	1
4	68092	102.9335888	1
4	68101	102.93362976	1
4	68139	102.93454784	1
4	68152	102.9345888	1
4	68161	102.93462976	1
4	68199	102.93554784	1
4	68212	102.9355888	1
4	68221	102.93562976	1
4	68259	102.93654784	1
4	68272	102.9365888	1
4	68281	102.93662976	1
4	68307	102.93754784	1
4	68320	102.9375888	1
4	68329	102.93762976	1
4	68442	103.93754784	1
4	68452	103.9375888	1
4	68456	103.93762976	1
4	68475	103.93854784	1
4	68485	103.9385888	1
4	68489	103.93862976	1
4	68508	103.93954784	1
4	68521	103.9395888	1
4	68529	103.93962976	1
4	68559	103.94054784	1
4	68572	103.9405888	1
4	68581	103.94062976	1
4	68619	103.94154784	1
4	68632	103.9415888	1
4	68641	103.94162976	1
4	68679	103.94254784	1
4	68692	103.9425888	1
4	68701	103.94262976	1
4	68739	103.94354784	1
4	68752	103.9435888	1
4	68761	103.94362976	1
4	68799	103.94454784	1
4	68812	103.9445888	1
4	68821	103.94462976	1
4	68859	103.94554784	1
4	68872	103.9455888	1
4	68881	103.94562976	1
4	68907	103.94654784	1
4	68920	103.9465888	1
4	68929	103.94662976	1
4	69042	104.94654784	1
4	69052	104.9465888	1
4	69056	104.94662976	1
4	69075	104.94754784	1
4	69085	104.9475888	1
4	69089	104.94762976	1
4	69108	104.94854784	1
4	69121	104.9485888	1
4	69129	104.94862976	1
4	69159	104.94954784	1
4	69172	104.9495888	1
4	69181	104.94962976	1
4	69219	104.95054784	1
4	69232	104.9505888	1
4	69241	104.95062976	1
4	69279	104.95154784	1
4	69292	104.9515888	1
4	69301	104.95162976	1
4	69339	104.95254784	1
4	69352	104.9525888	1
4	69361	104.95262976	1
4	69399	104.95354784	1
4	69412	104.9535888	1
4	69421	104.95362976	1
4	69459	104.95454784	1
4	69472	104.9545888	1
4	69481	104.95462976	1
4	69507	104.95554784	1
4	69520	104.9555888	1
4	69529	104.95562976	1
4	69642	105.95554784	1
4	69652	105.9555888	1
4	69656	105.95562976	1
4	69675	105.95654784	1
4	69685	105.9565888	1
4	69689	105.95662976	1
4	69708	105.95754784	1
4	69721	105.9575888	1
4	69729	105.95762976	1
4	69759	105.95854784	1
4	69772	105.9585888	1
4	69781	105.95862976	1
4	69819	105.95954784	1
4	69832	105.9595888	1
4	69841	105.95962976	1
4	69879	105.96054784	1
4	69892	105.9605888	1
4	69901	105.96062976	1
4	69939	105.96154784	1
4	69952	105.9615888	1
4	69961	105.96162976	1
4	69999	105.96254784	1
4	70012	105.9625888	1
4	70021	105.96262976	1
4	70059	105.96354784	1
4	70072	105.9635888	1
4	70081	105.96362976	1
4	70107	105.96454784	1
4	70120	105.9645888	1
4	70129	105.96462976	1
4	70242	106.96454784	1
4	70252	106.9645888	1
4	70256	106.96462976	1
4	70275	106.96554784	1
4	70285	106.9655888	1
4	70289	106.96562976	1
4	70308	106.96654784	1
4	70321	106.9665888	1
4	70329	106.96662976	1
4	70359	106.96754784	1
4	70372	106.9675888	1
4	70381	106.96762976	1
4	70419	106.96854784	1
4	70432	106.9685888	1
4	70441	106.96862976	1
4	70479	106.96954784	1
4	70492	106.9695888	1
4	70501	106.96962976	1
4	70539	106.97054784	1
4	70552	106.9705888	1
4	70561	106.97062976	1
4	70599	106.97154784	1
4	70612	106.9715888	1
4	70621	106.97162976	1
4	70659	106.97254784	1
4	70672	106.9725888	1
4	70681	106.97262976	1
4	70707	106.97354784	1
4	70720	106.9735888	1
4	70729	106.97362976	1
4	70842	107.97354784	1
4	70852	107.9735888	1
4	70856	107.97362976	1
4	70875	107.97454784	1
4	70885	107.9745888	1
4	70889	107.97462976	1
4	70908	107.97554784	1
4	70921	107.9755888	1
4	70929	107.97562976	1
4	70959	107.97654784	1
4	70972	107.9765888	1
4	70981	107.97662976	1
4	71019	107.97754784	1
4	71032	107.9775888	1
4	71041	107.97762976	1
4	71079	107.97854784	1
4	71092	107.9785888	1
4	71101	107.97862976	1
4	71139	107.97954784	1
4	71152	107.9795888	1
4	71161	107.97962976	1
4	71199	107.98054784	1
4	71212	107.9805888	1
4	71221	107.98062976	1
4	71259	107.98154784	1
4	71272	107.9815888	1
4	71281	107.98162976	1
4	71307	107.98254784	1
4	71320	107.9825888	1
4	71329	107.98262976	1
4	71442	108.98254784	1
4	71452	108.9825888	1
4	71456	108.98262976	1
4	71475	108.98354784	1
4	71485	108.9835888	1
4	71489	108.98362976	1
4	71508	108.98454784	1
4	71521	108.9845888	1
4	71529	108.98462976	1
4	71559	108.98554784	1
4	71572	108.9855888	1
4	71581	108.98562976	1
4	71619	108.98654784	1
4	71632	108.9865888	1
4	71641	108.98662976	1
4	71679	108.98754784	1
4	71692	108.9875888	1
4	71701	108.98762976	1
4	71739	108.98854784	1
4	71752	108.9885888	1
4	71761	108.98862976	1
4	71799	108.98954784	1
4	71812	108.9895888	1
4	71821	108.98962976	1
4	71859	108.99054784	1
4	71872	108.9905888	1
4	71881	108.99062976	1
4	71907	108.99154784	1
4	71920	108.9915888	1
4	71929	108.99162976	1
4	72042	109.99154784	1
4	72052	109.9915888	1
4	72056	109.99162976	1
4	72075	109.99254784	1
4	72085	109.9925888	1
4	72089	109.99262976	1
4	72108	109.99354784	1
4	72121	109.9935888	1
4	72129	109.99362976	1
4	72159	109.99454784	1
4	72172	109.9945888	1
4	72181	109.99462976	1
4	72219	109.99554784	1
4	72232	109.9955888	1
4	72241	109.99562976	1
4	72279	109.99654784	1
4	72292	109.9965888	1
4	72301	109.99662976	1
4	72339	109.99754784	1
4	72352	109.9975888	1
4	72361	109.99762976	1
4	72399	109.99854784	1
4	72412	109.9985888	1
4	72421	109.99862976	1
4	72459	109.99954784	1
4	72472	109.9995888	1
4	72481	109.99962976	1
4	72507	110.00054784	1
4	72520	110.0005888	1
4	72529	110.00062976	1
4	72642	111.00054784	1
4	72652	111.0005888	1
4	72656	111.00062976	1
4	72675	111.00154784	1
4	72685	111.0015888	1
4	72689	111.00162976	1
4	72708	111.00254784	1
4	72721	111.0025888	1
4	72729	111.00262976	1
4	72759	111.00354784	1
4	72772	111.0035888	1
4	72781	111.00362976	1
4	72819	111.00454784	1
4	72832	111.0045888	1
4	72841	111.00462976	1
4	72879	111.00554784	1
4	72892	111.0055888	1
4	72901	111.00562976	1
4	72939	111.00654784	1
4	72952	111.0065888	1
4	72961	111.00662976	1
4	72999	111.00754784	1
4	73012	111.0075888	1
4	73021	111.00762976	1
4	73059	111.00854784	1
4	73072	111.0085888	1
4	73081	111.00862976	1
4	73107	111.00954784	1
4	73120	111.0095888	1
4	73129	111.00962976	1
4	73242	112.00954784	1
4	73252	112.0095888	1
4	73256	112.00962976	1
4	73275	112.01054784	1
4	73285	112.0105888	1
4	73289	112.01062976	1
4	73308	112.01154784	1
4	73321	112.0115888	1
4	73329	112.01162976	1
4	73359	112.01254784	1
4	73372	112.0125888	1
4	73381	112.01262976	1
4	73419	112.01354784	1
4	73432	112.0135888	1
4	73441	112.01362976	1
4	73479	112.01454784	1
4	73492	112.0145888	1
4	73501	112.01462976	1
4	73539	112.01554784	1
4	73552	112.0155888	1
4	73561	112.01562976	1
4	73599	112.01654784	1
4	73612	112.0165888	1
4	73621	112.01662976	1
4	73659	112.01754784	1
4	73672	112.0175888	1
4	73681	112.01762976	1
4	73707	112.01854784	1
4	73720	112.0185888	1
4	73729	112.01862976	1
4	73842	113.01854784	1
4	73852	113.0185888	1
4	73856	113.01862976	1
4	73875	113.01954784	1
4	73885	113.0195888	1
4	73889	113.01962976	1
4	73908	113.02054784	1
4	73921	113.0205888	1
4	73929	113.02062976	1
4	73959	113.02154784	1
4	73972	113.0215888	1
4	73981	113.02162976	1
4	74019	113.02254784	1
4	74032	113.0225888	1
4	74041	113.02262976	1
4	74079	113.02354784	1
4	74092	113.0235888	1
4	74101	113.02362976	1
4	74139	113.02454784	1
4	74152	113.0245888	1
4	74161	113.02462976	1
4	74199	113.02554784	1
4	74212	113.0255888	1
4	74221	113.02562976	1
4	74259	113.02654784	1
4	74272	113.0265888	1
4	74281	113.02662976	1
4	74307	113.02754784	1
4	74320	113.0275888	1
4	74329	113.02762976	1
4	74442	114.02754784	1
4	74452	114.0275888	1
4	74456	114.02762976	1
4	74475	114.02854784	1
4	74485	114.0285888	1
4	74489	114.02862976	1
4	74508	114.02954784	1
4	74521	114.0295888	1
4	74529	114.02962976	1
4	74559	114.03054784	1
4	74572	114.0305888	1
4	74581	114.03062976	1
4	74619	114.03154784	1
4	74632	114.0315888	1
4	74641	114.03162976	1
4	74679	114.03254784	1
4	74692	114.0325888	1
4	74701	114.03262976	1
4	74739	114.03354784	1
4	74752	114.0335888	1
4	74761	114.03362976	1
4	74799	114.03454784	1
4	74812	114.0345888	1
4	74821	114.03462976	1
4	74859	114.03554784	1
4	74872	114.0355888	1
4	74881	114.03562976	1
4	74907	114.03654784	1
4	74920	114.0365888	1
4	74929	114.03662976	1
4	75042	115.03654784	1
4	75052	115.0365888	1
4	75056	115.03662976	1
4	75075	115.03754784	1
4	75085	115.0375888	1
4	75089	115.03762976	1
4	75108	115.03854784	1
4	75121	115.0385888	1
4	75129	115.03862976	1
4	75159	115.03954784	1
4	75172	115.0395888	1
4	75181	115.03962976	1
4	75219	115.04054784	1
4	75232	115.0405888	1
4	75241	115.04062976	1
4	75279	115.04154784	1
4	75292	115.0415888	1
4	75301	115.04162976	1
4	75339	115.04254784	1
4	75352	115.0425888	1
4	75361	115.04262976	1
4	75399	115.04354784	1
4	75412	115.0435888	1
4	75421	115.04362976	1
4	75459	115.04454784	1
4	75472	115.0445888	1
4	75481	115.04462976	1
4	75507	115.04554784	1
4	75520	115.0455888	1
4	75529	115.04562976	1
4	75642	116.04554784	1
4	75652	116.0455888	1
4	75656	116.04562976	1
4	75675	116.04654784	1
4	75685	116.0465888	1
4	75689	116.04662976	1
4	75708	116.04754784	1
4	75721	116.0475888	1
4	75729	116.04762976	1
4	75759	116.04854784	1
4	75772	116.0485888	1
4	75781	116.04862976	1
4	75819	116.04954784	1
4	75832	116.0495888	1
4	75841	116.04962976	1
4	75879	116.05054784	1
4	75892	116.0505888	1
4	75901	116.05062976	1
4	75939	116.05154784	1
4	75952	116.0515888	1
4	75961	116.05162976	1
4	75999	116.05254784	1
4	76012	116.0525888	1
4	76021	116.05262976	1
4	76059	116.05354784	1
4	76072	116.0535888	1
4	76081	116.05362976	1
4	76107	116.05454784	1
4	76120	116.0545888	1
4	76129	116.05462976	1
4	76242	117.05454784	1
4	76252	117.0545888	1
4	76256	117.05462976	1
4	76275	117.05554784	1
4	76285	117.0555888	1
4	76289	117.05562976	1
4	76308	117.05654784	1
4	76321	117.0565888	1
4	76329	117.05662976	1
4	76359	117.05754784	1
4	76372	117.0575888	1
4	76381	117.05762976	1
4	76419	117.05854784	1
4	76432	117.0585888	1
4	76441	117.05862976	1
4	76479	117.05954784	1
4	76492	117.0595888	1
4	76501	117.05962976	1
4	76539	117.06054784	1
4	76552	117.0605888	1
4	76561	117.06062976	1
4	76599	117.06154784	1
4	76612	117.0615888	1
4	76621	117.06162976	1
4	76659	117.06254784	1
4	76672	117.0625888	1
4	76681	117.06262976	1
4	76707	117.06354784	1
4	76720	117.0635888	1
4	76729	117.06362976	1
4	76842	118.06354784	1
4	76852	118.0635888	1
4	76856	118.06362976	1
4	76875	118.06454784	1
4	76885	118.0645888	1
4	76889	118.06462976	1
4	76908	118.06554784	1
4	76921	118.0655888	1
4	76929	118.06562976	1
4	76959	118.06654784	1
4	76972	118.0665888	1
4	76981	118.06662976	1
4	77019	118.06754784	1
4	77032	118.0675888	1
4	77041	118.06762976	1
4	77079	118.06854784	1
4	77092	118.0685888	1
4	77101	118.06862976	1
4	77139	118.06954784	1
4	77152	118.0695888	1
4	77161	118.06962976	1
4	77199	118.07054784	1
4	77212	118.0705888	1
4	77221	118.07062976	1
4	77259	118.07154784	1
4	77272	118.0715888	1
4	77281	118.07162976	1
4	77307	118.07254784	1
4	77320	118.0725888	1
4	77329	118.07262976	1
4	77442	119.07254784	1
4	77452	119.0725888	1
4	77456	119.07262976	1
4	77475	119.07354784	1
4	77485	119.0735888	1
4	77489	119.07362976	1
4	77508	119.07454784	1
4	77521	119.0745888	1
4	77529	119.07462976	1
4	77559	119.07554784	1
4	77572	119.0755888	1
4	77581	119.07562976	1
4	77619	119.07654784	1
4	77632	119.0765888	1
4	77641	119.07662976	1
4	77679	119.07754784	1
4	77692	119.0775888	1
4	77701	119.07762976	1
4	77739	119.07854784	1
4	77752	119.0785888	1
4	77761	119.07862976	1
4	77799	119.07954784	1
4	77812	119.0795888	1
4	77821	119.07962976	1
4	77859	119.08054784	1
4	77872	119.0805888	1
4	77881	119.08062976	1
4	77907	119.08154784	1
4	77920	119.0815888	1
4	77929	119.08162976	1
4	78044	120.08154784	1
4	78055	120.0815888	1
4	78060	120.08162976	1
4	78080	120.08254784	1
4	78091	120.0825888	1
4	78096	120.08262976	1
4	78116	120.08354784	1
4	78131	120.0835888	1
4	78141	120.08362976	1
4	78176	120.08454784	1
4	78191	120.0845888	1
4	78202	120.08462976	1
4	78248	120.08554784	1
4	78263	120.0855888	1
4	78274	120.08562976	1
4	78320	120.08654784	1
4	78335	120.0865888	1
4	78346	120.08662976	1
4	78392	120.08754784	1
4	78407	120.0875888	1
4	78418	120.08762976	1
4	78464	120.08854784	1
4	78479	120.0885888	1
4	78490	120.08862976	1
4	78536	120.08954784	1
4	78551	120.0895888	1
4	78562	120.08962976	1
4	78596	120.09054784	1
4	78611	120.0905888	1
4	78622	120.09062976	1
4	78764	121.09054784	1
4	78775	121.0905888	1
4	78780	121.09062976	1
4	78800	121.09154784	1
4	78811	121.0915888	1
4	78816	121.09162976	1
4	78836	121.09254784	1
4	78851	121.0925888	1
4	78861	121.09262976	1
4	78896	121.09354784	1
4	78911	121.0935888	1
4	78922	121.09362976	1
4	78968	121.09454784	1
4	78983	121.0945888	1
4	78994	121.09462976	1
4	79040	121.09554784	1
4	79055	121.0955888	1
4	79066	121.09562976	1
4	79112	121.09654784	1
4	79127	121.0965888	1
4	79138	121.09662976	1
4	79184	121.09754784	1
4	79199	121.0975888	1
4	79210	121.09762976	1
4	79256	121.09854784	1
4	79271	121.0985888	1
4	79282	121.09862976	1
4	79316	121.09954784	1
4	79331	121.0995888	1
4	79342	121.09962976	1
4	79484	122.09954784	1
4	79495	122.0995888	1
4	79500	122.09962976	1
4	79520	122.10054784	1
4	79531	122.1005888	1
4	79536	122.10062976	1
4	79556	122.10154784	1
4	79571	122.1015888	1
4	79581	122.10162976	1
4	79616	122.10254784	1
4	79631	122.1025888	1
4	79642	122.10262976	1
4	79688	122.10354784	1
4	79703	122.1035888	1
4	79714	122.10362976	1
4	79760	122.10454784	1
4	79775	122.1045888	1
4	79786	122.10462976	1
4	79832	122.10554784	1
4	79847	122.1055888	1
4	79858	122.10562976	1
4	79904	122.10654784	1
4	79919	122.1065888	1
4	79930	122.10662976	1
4	79976	122.10754784	1
4	79991	122.1075888	1
4	80002	122.10762976	1
4	80036	122.10854784	1
4	80051	122.1085888	1
4	80062	122.10862976	1
4	80204	123.10854784	1
4	80215	123.1085888	1
4	80220	123.10862976	1
4	80240	123.10954784	1
4	80251	123.1095888	1
4	80256	123.10962976	1
4	80276	123.11054784	1
4	80291	123.1105888	1
4	80301	123.11062976	1
4	80336	123.11154784	1
4	80351	123.1115888	1
4	80362	123.11162976	1
4	80408	123.11254784	1
4	80423	123.1125888	1
4	80434	123.11262976	1
4	80480	123.11354784	1
4	80495	123.1135888	1
4	80506	123.11362976	1
4	80552	123.11454784	1
4	80567	123.1145888	1
4	80578	123.11462976	1
4	80624	123.11554784	1
4	80639	123.1155888	1
4	80650	123.11562976	1
4	80696	123.11654784	1
4	80711	123.1165888	1
4	80722	123.11662976	1
4	80756	123.11754784	1
4	80771	123.1175888	1
4	80782	123.11762976	1
4	80924	124.11754784	1
4	80935	124.1175888	1
4	80940	124.11762976	1
4	80960	124.11854784	1
4	80971	124.1185888	1
4	80976	124.11862976	1
4	80996	124.11954784	1
4	81011	124.1195888	1
4	81021	124.11962976	1
4	81056	124.12054784	1
4	81071	124.1205888	1
4	81082	124.12062976	1
4	81128	124.12154784	1
4	81143	124.1215888	1
4	81154	124.12162976	1
4	81200	124.12254784	1
4	81215	124.1225888	1
4	81226	124.12262976	1
4	81272	124.12354784	1
4	81287	124.1235888	1
4	81298	124.12362976	1
4	81344	124.12454784	1
4	81359	124.1245888	1
4	81370	124.12462976	1
4	81416	124.12554784	1
4	81431	124.1255888	1
4	81442	124.12562976	1
4	81476	124.12654784	1
4	81491	124.1265888	1
4	81502	124.12662976	1
4	81644	125.12654784	1
4	81655	125.1265888	1
4	81660	125.12662976	1
4	81680	125.12754784	1
4	81691	125.1275888	1
4	81696	125.12762976	1
4	81716	125.12854784	1
4	81731	125.1285888	1
4	81741	125.12862976	1
4	81776	125.12954784	1
4	81791	125.1295888	1
4	81802	125.12962976	1
4	81848	125.13054784	1
4	81863	125.1305888	1
4	81874	125.13062976	1
4	81920	125.13154784	1
4	81935	125.1315888	1
4	81946	125.13162976	1
4	81992	125.13254784	1
4	82007	125.1325888	1
4	82018	125.13262976	1
4	82064	125.13354784	1
4	82079	125.1335888	1
4	82090	125.13362976	1
4	82136	125.13454784	1
4	82151	125.1345888	1
4	82162	125.13462976	1
4	82196	125.13554784	1
4	82211	125.1355888	1
4	82222	125.13562976	1
4	82364	126.13554784	1
4	82375	126.1355888	1
4	82380	126.13562976	1
4	82400	126.13654784	1
4	82411	126.1365888	1
4	82416	126.13662976	1
4	82436	126.13754784	1
4	82451	126.1375888	1
4	82461	126.13762976	1
4	82496	126.13854784	1
4	82511	126.1385888	1
4	82522	126.13862976	1
4	82568	126.13954784	1
4	82583	126.1395888	1
4	82594	126.13962976	1
4	82640	126.14054784	1
4	82655	126.1405888	1
4	82666	126.14062976	1
4	82712	126.14154784	1
4	82727	126.1415888	1
4	82738	126.14162976	1
4	82784	126.14254784	1
4	82799	126.1425888	1
4	82810	126.14262976	1
4	82856	126.14354784	1
4	82871	126.1435888	1
4	82882	126.14362976	1
4	82916	126.14454784	1
4	82931	126.1445888	1
4	82942	126.14462976	1
4	83084	127.14454784	1
4	83095	127.1445888	1
4	83100	127.14462976	1
4	83120	127.14554784	1
4	83131	127.1455888	1
4	83136	127.14562976	1
4	83156	127.14654784	1
4	83171	127.1465888	1
4	83181	127.14662976	1
4	83216	127.14754784	1
4	83231	127.1475888	1
4	83242	127.14762976	1
4	83288	127.14854784	1
4	83303	127.1485888	1
4	83314	127.14862976	1
4	83360	127.14954784	1
4	83375	127.1495888	1
4	83386	127.14962976	1
4	83432	127.15054784	1
4	83447	127.1505888	1
4	83458	127.15062976	1
4	83504	127.15154784	1
4	83519	127.1515888	1
4	83530	127.15162976	1
4	83576	127.15254784	1
4	83591	127.1525888	1
4	83602	127.15262976	1
4	83636	127.15354784	1
4	83651	127.1535888	1
4	83662	127.15362976	1
4	83804	128.15354784	1
4	83815	128.1535888	1
4	83820	128.15362976	1
4	83840	128.15454784	1
4	83851	128.1545888	1
4	83856	128.15462976	1
4	83876	128.15554784	1
4	83891	128.1555888	1
4	83901	128.15562976	1
4	83936	128.15654784	1
4	83951	128.1565888	1
4	83962	128.15662976	1
4	84008	128.15754784	1
4	84023	128.1575888	1
4	84034	128.15762976	1
4	84080	128.15854784	1
4	84095	128.1585888	1
4	84106	128.15862976	1
4	84152	128.15954784	1
4	84167	128.1595888	1
4	84178	128.15962976	1
4	84224	128.16054784	1
4	84239	128.1605888	1
4	84250	128.16062976	1
4	84296	128.16154784	1
4	84311	128.1615888	1
4	84322	128.16162976	1
4	84356	128.16254784	1
4	84371	128.1625888	1
4	84382	128.16262976	1
4	84524	129.16254784	1
4	84535	129.1625888	1
4	84540	129.16262976	1
4	84560	129.16354784	1
4	84571	129.1635888	1
4	84576	129.16362976	1
4	84596	129.16454784	1
4	84611	129.1645888	1
4	84621	129.16462976	1
4	84656	129.16554784	1
4	84671	129.1655888	1
4	84682	129.16562976	1
4	84728	129.16654784	1
4	84743	129.1665888	1
4	84754	129.16662976	1
4	84800	129.16754784	1
4	84815	129.1675888	1
4	84826	129.16762976	1
4	84872	129.16854784	1
4	84887	129.1685888	1
4	84898	129.16862976	1
4	84944	129.16954784	1
4	84959	129.1695888	1
4	84970	129.16962976	1
4	85016	129.17054784	1
4	85031	129.1705888	1
4	85042	129.17062976	1
4	85076	129.17154784	1
4	85091	129.1715888	1
4	85102	129.17162976	1
4	85244	130.17154784	1
4	85255	130.1715888	1
4	85260	130.17162976	1
4	85280	130.17254784	1
4	85291	130.1725888	1
4	85296	130.17262976	1
4	85316	130.17354784	1
4	85331	130.1735888	1
4	85341	130.17362976	1
4	85376	130.17454784	1
4	85391	130.1745888	1
4	85402	130.17462976	1
4	85448	130.17554784	1
4	85463	130.1755888	1
4	85474	130.17562976	1
4	85520	130.17654784	1
4	85535	130.1765888	1
4	85546	130.17662976	1
4	85592	130.17754784	1
4	85607	130.1775888	1
4	85618	130.17762976	1
4	85664	130.17854784	1
4	85679	130.1785888	1
4	85690	130.17862976	1
4	85736	130.17954784	1
4	85751	130.1795888	1
4	85762	130.17962976	1
4	85796	130.18054784	1
4	85811	130.1805888	1
4	85822	130.18062976	1
4	85964	131.18054784	1
4	85975	131.1805888	1
4	85980	131.18062976	1
4	86000	131.18154784	1
4	86011	131.1815888	1
4	86016	131.18162976	1
4	86036	131.18254784	1
4	86051	131.1825888	1
4	86061	131.18262976	1
4	86096	131.18354784	1
4	86111	131.1835888	1
4	86122	131.18362976	1
4	86168	131.18454784	1
4	86183	131.1845888	1
4	86194	131.18462976	1
4	86240	131.18554784	1
4	86255	131.1855888	1
4	86266	131.18562976	1
4	86312	131.18654784	1
4	86327	131.1865888	1
4	86338	131.18662976	1
4	86384	131.18754784	1
4	86399	131.1875888	1
4	86410	131.18762976	1
4	86456	131.18854784	1
4	86471	131.1885888	1
4	86482	131.18862976	1
4	86516	131.18954784	1
4	86531	131.1895888	1
4	86542	131.18962976	1
4	86684	132.18954784	1
4	86695	132.1895888	1
4	86700	132.18962976	1
4	86720	132.19054784	1
4	86731	132.1905888	1
4	86736	132.19062976	1
4	86756	132.19154784	1
4	86771	132.1915888	1
4	86781	132.19162976	1
4	86816	132.19254784	1
4	86831	132.1925888	1
4	86842	132.19262976	1
4	86888	132.19354784	1
4	86903	132.1935888	1
4	86914	132.19362976	1
4	86960	132.19454784	1
4	86975	132.1945888	1
4	86986	132.19462976	1
4	87032	132.19554784	1
4	87047	132.1955888	1
4	87058	132.19562976	1
4	87104	132.19654784	1
4	87119	132.1965888	1
4	87130	132.19662976	1
4	87176	132.19754784	1
4	87191	132.1975888	1
4	87202	132.19762976	1
4	87236	132.19854784	1
4	87251	132.1985888	1
4	87262	132.19862976	1
4	87404	133.19854784	1
4	87415	133.1985888	1
4	87420	133.19862976	1
4	87440	133.19954784	1
4	87451	133.1995888	1
4	87456	133.19962976	1
4	87476	133.20054784	1
4	87491	133.2005888	1
4	87501	133.20062976	1
4	87536	133.20154784	1
4	87551	133.2015888	1
4	87562	133.20162976	1
4	87608	133.20254784	1
4	87623	133.2025888	1
4	87634	133.20262976	1
4	87680	133.20354784	1
4	87695	133.2035888	1
4	87706	133.20362976	1
4	87752	133.20454784	1
4	87767	133.2045888	1
4	87778	133.20462976	1
4	87824	133.20554784	1
4	87839	133.2055888	1
4	87850	133.20562976	1
4	87896	133.20654784	1
4	87911	133.2065888	1
4	87922	133.20662976	1
4	87956	133.20754784	1
4	87971	133.2075888	1
4	87982	133.20762976	1
4	88124	134.20754784	1
4	88135	134.2075888	1
4	88140	134.20762976	1
4	88160	134.20854784	1
4	88171	134.2085888	1
4	88176	134.20862976	1
4	88196	134.20954784	1
4	88211	134.2095888	1
4	88221	134.20962976	1
4	88256	134.21054784	1
4	88271	134.2105888	1
4	88282	134.21062976	1
4	88328	134.21154784	1
4	88343	134.2115888	1
4	88354	134.21162976	1
4	88400	134.21254784	1
4	88415	134.2125888	1
4	88426	134.21262976	1
4	88472	134.21354784	1
4	88487	134.2135888	1
4	88498	134.21362976	1
4	88544	134.21454784	1
4	88559	134.2145888	1
4	88570	134.21462976	1
4	88616	134.21554784	1
4	88631	134.2155888	1
4	88642	134.21562976	1
4	88676	134.21654784	1
4	88691	134.2165888	1
4	88702	134.21662976	1
4	88844	135.21654784	1
4	88855	135.2165888	1
4	88860	135.21662976	1
4	88880	135.21754784	1
4	88891	135.2175888	1
4	88896	135.21762976	1
4	88916	135.21854784	1
4	88931	135.2185888	1
4	88941	135.21862976	1
4	88976	135.21954784	1
4	88991	135.2195888	1
4	89002	135.21962976	1
4	89048	135.22054784	1
4	89063	135.2205888	1
4	89074	135.22062976	1
4	89120	135.22154784	1
4	89135	135.2215888	1
4	89146	135.22162976	1
4	89192	135.22254784	1
4	89207	135.2225888	1
4	89218	135.22262976	1
4	89264	135.22354784	1
4	89279	135.2235888	1
4	89290	135.22362976	1
4	89336	135.22454784	1
4	89351	135.2245888	1
4	89362	135.22462976	1
4	89396	135.22554784	1
4	89411	135.2255888	1
4	89422	135.22562976	1
4	89564	136.22554784	1
4	89575	136.2255888	1
4	89580	136.22562976	1
4	89600	136.22654784	1
4	89611	136.2265888	1
4	89616	136.22662976	1
4	89636	136.22754784	1
4	89651	136.2275888	1
4	89661	136.22762976	1
4	89696	136.22854784	1
4	89711	136.2285888	1
4	89722	136.22862976	1
4	89768	136.22954784	1
4	89783	136.2295888	1
4	89794	136.22962976	1
4	89840	136.23054784	1
4	89855	136.2305888	1
4	89866	136.23062976	1
4	89912	136.23154784	1
4	89927	136.2315888	1
4	89938	136.23162976	1
4	89984	136.23254784	1
4	89999	136.2325888	1
4	90010	136.23262976	1
4	90056	136.23354784	1
4	90071	136.2335888	1
4	90082	136.23362976	1
4	90116	136.23454784	1
4	90131	136.2345888	1
4	90142	136.23462976	1
4	90284	137.23454784	1
4	90295	137.2345888	1
4	90300	137.23462976	1
4	90320	137.23554784	1
4	90331	137.2355888	1
4	90336	137.23562976	1
4	90356	137.23654784	1
4	90371	137.2365888	1
4	90381	137.23662976	1
4	90416	137.23754784	1
4	90431	137.2375888	1
4	90442	137.23762976	1
4	90488	137.23854784	1
4	90503	137.2385888	1
4	90514	137.23862976	1
4	90560	137.23954784	1
4	90575	137.2395888	1
4	90586	137.23962976	1
4	90632	137.24054784	1
4	90647	137.2405888	1
4	90658	137.24062976	1
4	90704	137.24154784	1
4	90719	137.2415888	1
4	90730	137.24162976	1
4	90776	137.24254784	1
4	90791	137.2425888	1
4	90802	137.24262976	1
4	90836	137.24354784	1
4	90851	137.2435888	1
4	90862	137.24362976	1
4	91004	138.24354784	1
4	91015	138.2435888	1
4	91020	138.24362976	1
4	91040	138.24454784	1
4	91051	138.2445888	1
4	91056	138.24462976	1
4	91076	138.24554784	1
4	91091	138.2455888	1
4	91101	138.24562976	1
4	91136	138.24654784	1
4	91151	138.2465888	1
4	91162	138.24662976	1
4	91208	138.24754784	1
4	91223	138.2475888	1
4	91234	138.24762976	1
4	91280	138.24854784	1
4	91295	138.2485888	1
4	91306	138.24862976	1
4	91352	138.24954784	1
4	91367	138.2495888	1
4	91378	138.24962976	1
4	91424	138.25054784	1
4	91439	138.2505888	1
4	91450	138.25062976	1
4	91496	138.25154784	1
4	91511	138.2515888	1
4	91522	138.25162976	1
4	91556	138.25254784	1
4	91571	138.2525888	1
4	91582	138.25262976	1
4	91724	139.25254784	1
4	91735	139.2525888	1
4	91740	139.25262976	1
4	91760	139.25354784	1
4	91771	139.2535888	1
4	91776	139.25362976	1
4	91796	139.25454784	1
4	91811	139.2545888	1
4	91821	139.25462976	1
4	91856	139.25554784	1
4	91871	139.2555888	1
4	91882	139.25562976	1
4	91928	139.25654784	1
4	91943	139.2565888	1
4	91954	139.25662976	1
4	92000	139.25754784	1
4	92015	139.2575888	1
4	92026	139.25762976	1
4	92072	139.25854784	1
4	92087	139.2585888	1
4	92098	139.25862976	1
4	92144	139.25954784	1
4	92159	139.2595888	1
4	92170	139.25962976	1
4	92216	139.26054784	1
4	92231	139.2605888	1
4	92242	139.26062976	1
4	92276	139.26154784	1
4	92291	139.2615888	1
4	92302	139.26162976	1
4	92444	140.26154784	1
4	92455	140.2615888	1
4	92460	140.26162976	1
4	92480	140.26254784	1
4	92491	140.2625888	1
4	92496	140.26262976	1
4	92516	140.26354784	1
4	92531	140.2635888	1
4	92541	140.26362976	1
4	92576	140.26454784	1
4	92591	140.2645888	1
4	92602	140.26462976	1
4	92648	140.26554784	1
4	92663	140.2655888	1
4	92674	140.26562976	1
4	92720	140.26654784	1
4	92735	140.2665888	1
4	92746	140.26662976	1
4	92792	140.26754784	1
4	92807	140.2675888	1
4	92818	140.26762976	1
4	92864	140.26854784	1
4	92879	140.2685888	1
4	92890	140.26862976	1
4	92936	140.26954784	1
4	92951	140.2695888	1
4	92962	140.26962976	1
4	92996	140.27054784	1
4	93011	140.2705888	1
4	93022	140.27062976	1
4	93164	141.27054784	1
4	93175	141.2705888	1
4	93180	141.27062976	1
4	93200	141.27154784	1
4	93211	141.2715888	1
4	93216	141.27162976	1
4	93236	141.27254784	1
4	93251	141.2725888	1
4	93261	141.27262976	1
4	93296	141.27354784	1
4	93311	141.2735888	1
4	93322	141.27362976	1
4	93368	141.27454784	1
4	93383	141.2745888	1
4	93394	141.27462976	1
4	93440	141.27554784	1
4	93455	141.2755888	1
4	93466	141.27562976	1
4	93512	141.27654784	1
4	93527	141.2765888	1
4	93538	141.27662976	1
4	93584	141.27754784	1
4	93599	141.2775888	1
4	93610	141.27762976	1
4	93656	141.27854784	1
4	93671	141.2785888	1
4	93682	141.27862976	1
4	93716	141.27954784	1
4	93731	141.2795888	1
4	93742	141.27962976	1
4	93884	142.27954784	1
4	93895	142.2795888	1
4	93900	142.27962976	1
4	93920	142.28054784	1
4	93931	142.2805888	1
4	93936	142.28062976	1
4	93956	142.28154784	1
4	93971	142.2815888	1
4	93981	142.28162976	1
4	94016	142.28254784	1
4	94031	142.2825888	1
4	94042	142.28262976	1
4	94088	142.28354784	1
4	94103	142.2835888	1
4	94114	142.28362976	1
4	94160	142.28454784	1
4	94175	142.2845888	1
4	94186	142.28462976	1
4	94232	142.28554784	1
4	94247	142.2855888	1
4	94258	142.28562976	1
4	94304	142.28654784	1
4	94319	142.2865888	1
4	94330	142.28662976	1
4	94376	142.28754784	1
4	94391	142.2875888	1
4	94402	142.28762976	1
4	94436	142.28854784	1
4	94451	142.2885888	1
4	94462	142.28862976	1
4	94604	143.28854784	1
4	94615	143.2885888	1
4	94620	143.28862976	1
4	94640	143.28954784	1
4	94651	143.2895888	1
4	94656	143.28962976	1
4	94676	143.29054784	1
4	94691	143.2905888	1
4	94701	143.29062976	1
4	94736	143.29154784	1
4	94751	143.2915888	1
4	94762	143.29162976	1
4	94808	143.29254784	1
4	94823	143.2925888	1
4	94834	143.29262976	1
4	94880	143.29354784	1
4	94895	143.2935888	1
4	94906	143.29362976	1
4	94952	143.29454784	1
4	94967	143.2945888	1
4	94978	143.29462976	1
4	95024	143.29554784	1
4	95039	143.2955888	1
4	95050	143.29562976	1
4	95096	143.29654784	1
4	95111	143.2965888	1
4	95122	143.29662976	1
4	95156	143.29754784	1
4	95171	143.2975888	1
4	95182	143.29762976	1
4	95324	144.29754784	1
4	95335	144.2975888	1
4	95340	144.29762976	1
4	95360	144.29854784	1
4	95371	144.2985888	1
4	95376	144.29862976	1
4	95396	144.29954784	1
4	95411	144.2995888	1
4	95421	144.29962976	1
4	95456	144.30054784	1
4	95471	144.3005888	1
4	95482	144.30062976	1
4	95528	144.30154784	1
4	95543	144.3015888	1
4	95554	144.30162976	1
4	95600	144.30254784	1
4	95615	144.3025888	1
4	95626	144.30262976	1
4	95672	144.30354784	1
4	95687	144.3035888	1
4	95698	144.30362976	1
4	95744	144.30454784	1
4	95759	144.3045888	1
4	95770	144.30462976	1
4	95816	144.30554784	1
4	95831	144.3055888	1
4	95842	144.30562976	1
4	95876	144.30654784	1
4	95891	144.3065888	1
4	95902	144.30662976	1
4	96044	145.30654784	1
4	96055	145.3065888	1
4	96060	145.30662976	1
4	96080	145.30754784	1
4	96091	145.3075888	1
4	96096	145.30762976	1
4	96116	145.30854784	1
4	96131	145.3085888	1
4	96141	145.30862976	1
4	96176	145.30954784	1
4	96191	145.3095888	1
4	96202	145.30962976	1
4	96248	145.31054784	1
4	96263	145.3105888	1
4	96274	145.31062976	1
4	96320	145.31154784	1
4	96335	145.3115888	1
4	96346	145.31162976	1
4	96392	145.31254784	1
4	96407	145.3125888	1
4	96418	145.31262976	1
4	96464	145.31354784	1
4	96479	145.3135888	1
4	96490	145.31362976	1
4	96536	145.31454784	1
4	96551	145.3145888	1
4	96562	145.31462976	1
4	96596	145.31554784	1
4	96611	145.3155888	1
4	96622	145.31562976	1
4	96764	146.31554784	1
4	96775	146.3155888	1
4	96780	146.31562976	1
4	96800	146.31654784	1
4	96811	146.3165888	1
4	96816	146.31662976	1
4	96836	146.31754784	1
4	96851	146.3175888	1
4	96861	146.31762976	1
4	96896	146.31854784	1
4	96911	146.3185888	1
4	96922	146.31862976	1
4	96968	146.31954784	1
4	96983	146.3195888	1
4	96994	146.31962976	1
4	97040	146.32054784	1
4	97055	146.3205888	1
4	97066	146.32062976	1
4	97112	146.32154784	1
4	97127	146.3215888	1
4	97138	146.32162976	1
4	97184	146.32254784	1
4	97199	146.3225888	1
4	97210	146.32262976	1
4	97256	146.32354784	1
4	97271	146.3235888	1
4	97282	146.32362976	1
4	97316	146.32454784	1
4	97331	146.3245888	1
4	97342	146.32462976	1
4	97484	147.32454784	1
4	97495	147.3245888	1
4	97500	147.32462976	1
4	97520	147.32554784	1
4	97531	147.3255888	1
4	97536	147.32562976	1
4	97556	147.32654784	1
4	97571	147.3265888	1
4	97581	147.32662976	1
4	97616	147.32754784	1
4	97631	147.3275888	1
4	97642	147.32762976	1
4	97688	147.32854784	1
4	97703	147.3285888	1
4	97714	147.32862976	1
4	97760	147.32954784	1
4	97775	147.3295888	1
4	97786	147.32962976	1
4	97832	147.33054784	1
4	97847	147.3305888	1
4	97858	147.33062976	1
4	97904	147.33154784	1
4	97919	147.3315888	1
4	97930	147.33162976	1
4	97976	147.33254784	1
4	97991	147.3325888	1
4	98002	147.33262976	1
4	98036	147.33354784	1
4	98051	147.3335888	1
4	98062	147.33362976	1
4	98204	148.33354784	1
4	98215	148.3335888	1
4	98220	148.33362976	1
4	98240	148.33454784	1
4	98251	148.3345888	1
4	98256	148.33462976	1
4	98276	148.33554784	1
4	98291	148.3355888	1
4	98301	148.33562976	1
4	98336	148.33654784	1
4	98351	148.3365888	1
4	98362	148.33662976	1
4	98408	148.33754784	1
4	98423	148.3375888	1
4	98434	148.33762976	1
4	98480	148.33854784	1
4	98495	148.3385888	1
4	98506	148.33862976	1
4	98552	148.33954784	1
4	98567	148.3395888	1
4	98578	148.33962976	1
4	98624	148.34054784	1
4	98639	148.3405888	1
4	98650	148.34062976	1
4	98696	148.34154784	1
4	98711	148.3415888	1
4	98722	148.34162976	1
4	98756	148.34254784	1
4	98771	148.3425888	1
4	98782	148.34262976	1
4	98924	149.34254784	1
4	98935	149.3425888	1
4	98940	149.34262976	1
4	98960	149.34354784	1
4	98971	149.3435888	1
4	98976	149.34362976	1
4	98996	149.34454784	1
4	99011	149.3445888	1
4	99021	149.34462976	1
4	99056	149.34554784	1
4	99071	149.3455888	1
4	99082	149.34562976	1
4	99128	149.34654784	1
4	99143	149.3465888	1
4	99154	149.34662976	1
4	99200	149.34754784	1
4	99215	149.3475888	1
4	99226	149.34762976	1
4	99272	149.34854784	1
4	99287	149.3485888	1
4	99298	149.34862976	1
4	99344	149.34954784	1
4	99359	149.3495888	1
4	99370	149.34962976	1
4	99416	149.35054784	1
4	99431	149.3505888	1
4	99442	149.35062976	1
4	99476	149.35154784	1
4	99491	149.3515888	1
4	99502	149.35162976	1
4	99644	150.35154784	1
4	99655	150.3515888	1
4	99660	150.35162976	1
4	99680	150.35254784	1
4	99691	150.3525888	1
4	99696	150.35262976	1
4	99716	150.35354784	1
4	99731	150.3535888	1
4	99741	150.35362976	1
4	99776	150.35454784	1
4	99791	150.3545888	1
4	99802	150.35462976	1
4	99848	150.35554784	1
4	99863	150.3555888	1
4	99874	150.35562976	1
4	99920	150.35654784	1
4	99935	150.3565888	1
4	99946	150.35662976	1
4	99992	150.35754784	1
4	100007	150.3575888	1
4	100018	150.35762976	1
4	100064	150.35854784	1
4	100079	150.3585888	1
4	100090	150.35862976	1
4	100136	150.35954784	1
4	100151	150.3595888	1
4	100162	150.35962976	1
4	100196	150.36054784	1
4	100211	150.3605888	1
4	100222	150.36062976	1
4	100364	151.36054784	1
4	100375	151.3605888	1
4	100380	151.36062976	1
4	100400	151.36154784	1
4	100411	151.3615888	1
4	100416	151.36162976	1
4	100436	151.36254784	1
4	100451	151.3625888	1
4	100461	151.36262976	1
4	100496	151.36354784	1
4	100511	151.3635888	1
4	100522	151.36362976	1
4	100568	151.36454784	1
4	100583	151.3645888	1
4	100594	151.36462976	1
4	100640	151.36554784	1
4	100655	151.3655888	1
4	100666	151.36562976	1
4	100712	151.36654784	1
4	100727	151.3665888	1
4	100738	151.36662976	1
4	100784	151.36754784	1
4	100799	151.3675888	1
4	100810	151.36762976	1
4	100856	151.36854784	1
4	100871	151.3685888	1
4	100882	151.36862976	1
4	100916	151.36954784	1
4	100931	151.3695888	1
4	100942	151.36962976	1
4	101084	152.36954784	1
4	101095	152.3695888	1
4	101100	152.36962976	1
4	101120	152.37054784	1
4	101131	152.3705888	1
4	101136	152.37062976	1
4	101156	152.37154784	1
4	101171	152.3715888	1
4	101181	152.37162976	1
4	101216	152.37254784	1
4	101231	152.3725888	1
4	101242	152.37262976	1
4	101288	152.37354784	1
4	101303	152.3735888	1
4	101314	152.37362976	1
4	101360	152.37454784	1
4	101375	152.3745888	1
4	101386	152.37462976	1
4	101432	152.37554784	1
4	101447	152.3755888	1
4	101458	152.37562976	1
4	101504	152.37654784	1
4	101519	152.3765888	1
4	101530	152.37662976	1
4	101576	152.37754784	1
4	101591	152.3775888	1
4	101602	152.37762976	1
4	101636	152.37854784	1
4	101651	152.3785888	1
4	101662	152.37862976	1
4	101804	153.37854784	1
4	101815	153.3785888	1
4	101820	153.37862976	1
4	101840	153.37954784	1
4	101851	153.3795888	1
4	101856	153.37962976	1
4	101876	153.38054784	1
4	101891	153.3805888	1
4	101901	153.38062976	1
4	101936	153.38154784	1
4	101951	153.3815888	1
4	101962	153.38162976	1
4	102008	153.38254784	1
4	102023	153.3825888	1
4	102034	153.38262976	1
4	102080	153.38354784	1
4	102095	153.3835888	1
4	102106	153.38362976	1
4	102152	153.38454784	1
4	102167	153.3845888	1
4	102178	153.38462976	1
4	102224	153.38554784	1
4	102239	153.3855888	1
4	102250	153.38562976	1
4	102296	153.38654784	1
4	102311	153.3865888	1
4	102322	153.38662976	1
4	102356	153.38754784	1
4	102371	153.3875888	1
4	102382	153.38762976	1
4	102524	154.38754784	1
4	102535	154.3875888	1
4	102540	154.38762976	1
4	102560	154.38854784	1
4	102571	154.3885888	1
4	102576	154.38862976	1
4	102596	154.38954784	1
4	102611	154.3895888	1
4	102621	154.38962976	1
4	102656	154.39054784	1
4	102671	154.3905888	1
4	102682	154.39062976	1
4	102728	154.39154784	1
4	102743	154.3915888	1
4	102754	154.39162976	1
4	102800	154.39254784	1
4	102815	154.3925888	1
4	102826	154.39262976	1
4	102872	154.39354784	1
4	102887	154.3935888	1
4	102898	154.39362976	1
4	102944	154.39454784	1
4	102959	154.3945888	1
4	102970	154.39462976	1
4	103016	154.39554784	1
4	103031	154.3955888	1
4	103042	154.39562976	1
4	103076	154.39654784	1
4	103091	154.3965888	1
4	103102	154.39662976	1
4	103244	155.39654784	1
4	103255	155.3965888	1
4	103260	155.39662976	1
4	103280	155.39754784	1
4	103291	155.3975888	1
4	103296	155.39762976	1
4	103316	155.39854784	1
4	103331	155.3985888	1
4	103341	155.39862976	1
4	103376	155.39954784	1
4	103391	155.3995888	1
4	103402	155.39962976	1
4	103448	155.40054784	1
4	103463	155.4005888	1
4	103474	155.40062976	1
4	103520	155.40154784	1
4	103535	155.4015888	1
4	103546	155.40162976	1
4	103592	155.40254784	1
4	103607	155.4025888	1
4	103618	155.40262976	1
4	103664	155.40354784	1
4	103679	155.4035888	1
4	103690	155.40362976	1
4	103736	155.40454784	1
4	103751	155.4045888	1
4	103762	155.40462976	1
4	103796	155.40554784	1
4	103811	155.4055888	1
4	103822	155.40562976	1
4	103964	156.40554784	1
4	103975	156.4055888	1
4	103980	156.40562976	1
4	104000	156.40654784	1
4	104011	156.4065888	1
4	104016	156.40662976	1
4	104036	156.40754784	1
4	104051	156.4075888	1
4	104061	156.40762976	1
4	104096	156.40854784	1
4	104111	156.4085888	1
4	104122	156.40862976	1
4	104168	156.40954784	1
4	104183	156.4095888	1
4	104194	156.40962976	1
4	104240	156.41054784	1
4	104255	156.4105888	1
4	104266	156.41062976	1
4	104312	156.41154784	1
4	104327	156.4115888	1
4	104338	156.41162976	1
4	104384	156.41254784	1
4	104399	156.4125888	1
4	104410	156.41262976	1
4	104456	156.41354784	1
4	104471	156.4135888	1
4	104482	156.41362976	1
4	104516	156.41454784	1
4	104531	156.4145888	1
4	104542	156.41462976	1
4	104684	157.41454784	1
4	104695	157.4145888	1
4	104700	157.41462976	1
4	104720	157.41554784	1
4	104731	157.4155888	1
4	104736	157.41562976	1
4	104756	157.41654784	1
4	104771	157.4165888	1
4	104781	157.41662976	1
4	104816	157.41754784	1
4	104831	157.4175888	1
4	104842	157.41762976	1
4	104888	157.41854784	1
4	104903	157.4185888	1
4	104914	157.41862976	1
4	104960	157.41954784	1
4	104975	157.4195888	1
4	104986	157.41962976	1
4	105032	157.42054784	1
4	105047	157.4205888	1
4	105058	157.42062976	1
4	105104	157.42154784	1
4	105119	157.4215888	1
4	105130	157.42162976	1
4	105176	157.42254784	1
4	105191	157.4225888	1
4	105202	157.42262976	1
4	105236	157.42354784	1
4	105251	157.4235888	1
4	105262	157.42362976	1
4	105404	158.42354784	1
4	105415	158.4235888	1
4	105420	158.42362976	1
4	105440	158.42454784	1
4	105451	158.4245888	1
4	105456	158.42462976	1
4	105476	158.42554784	1
4	105491	158.4255888	1
4	105501	158.42562976	1
4	105536	158.42654784	1
4	105551	158.4265888	1
4	105562	158.42662976	1
4	105608	158.42754784	1
4	105623	158.4275888	1
4	105634	158.42762976	1
4	105680	158.42854784	1
4	105695	158.4285888	1
4	105706	158.42862976	1
4	105752	158.42954784	1
4	105767	158.4295888	1
4	105778	158.42962976	1
4	105824	158.43054784	1
4	105839	158.4305888	1
4	105850	158.43062976	1
4	105896	158.43154784	1
4	105911	158.4315888	1
4	105922	158.43162976	1
4	105956	158.43254784	1
4	105971	158.4325888	1
4	105982	158.43262976	1
4	106124	159.43254784	1
4	106135	159.4325888	1
4	106140	159.43262976	1
4	106160	159.43354784	1
4	106171	159.4335888	1
4	106176	159.43362976	1
4	106196	159.43454784	1
4	106211	159.4345888	1
4	106221	159.43462976	1
4	106256	159.43554784	1
4	106271	159.4355888	1
4	106282	159.43562976	1
4	106328	159.43654784	1
4	106343	159.4365888	1
4	106354	159.43662976	1
4	106400	159.43754784	1
4	106415	159.4375888	1
4	106426	159.43762976	1
4	106472	159.43854784	1
4	106487	159.4385888	1
4	106498	159.43862976	1
4	106544	159.43954784	1
4	106559	159.4395888	1
4	106570	159.43962976	1
4	106616	159.44054784	1
4	106631	159.4405888	1
4	106642	159.44062976	1
4	106676	159.44154784	1
4	106691	159.4415888	1
4	106702	159.44162976	1
4	106844	160.44154784	1
4	106855	160.4415888	1
4	106860	160.44162976	1
4	106880	160.44254784	1
4	106891	160.4425888	1
4	106896	160.44262976	1
4	106916	160.44354784	1
4	106931	160.4435888	1
4	106941	160.44362976	1
4	106976	160.44454784	1
4	106991	160.4445888	1
4	107002	160.44462976	1
4	107048	160.44554784	1
4	107063	160.4455888	1
4	107074	160.44562976	1
4	107120	160.44654784	1
4	107135	160.4465888	1
4	107146	160.44662976	1
4	107192	160.44754784	1
4	107207	160.4475888	1
4	107218	160.44762976	1
4	107264	160.44854784	1
4	107279	160.4485888	1
4	107290	160.44862976	1
4	107336	160.44954784	1
4	107351	160.4495888	1
4	107362	160.44962976	1
4	107396	160.45054784	1
4	107411	160.4505888	1
4	107422	160.45062976	1
4	107564	161.45054784	1
4	107575	161.4505888	1
4	107580	161.45062976	1
4	107600	161.45154784	1
4	107611	161.4515888	1
4	107616	161.45162976	1
4	107636	161.45254784	1
4	107651	161.4525888	1
4	107661	161.45262976	1
4	107696	161.45354784	1
4	107711	161.4535888	1
4	107722	161.45362976	1
4	107768	161.45454784	1
4	107783	161.4545888	1
4	107794	161.45462976	1
4	107840	161.45554784	1
4	107855	161.4555888	1
4	107866	161.45562976	1
4	107912	161.45654784	1
4	107927	161.4565888	1
4	107938	161.45662976	1
4	107984	161.45754784	1
4	107999	161.4575888	1
4	108010	161.45762976	1
4	108056	161.45854784	1
4	108071	161.4585888	1
4	108082	161.45862976	1
4	108116	161.45954784	1
4	108131	161.4595888	1
4	108142	161.45962976	1
4	108284	162.45954784	1
4	108295	162.4595888	1
4	108300	162.45962976	1
4	108320	162.46054784	1
4	108331	162.4605888	1
4	108336	162.46062976	1
4	108356	162.46154784	1
4	108371	162.4615888	1
4	108381	162.46162976	1
4	108416	162.46254784	1
4	108431	162.4625888	1
4	108442	162.46262976	1
4	108488	162.46354784	1
4	108503	162.4635888	1
4	108514	162.46362976	1
4	108560	162.46454784	1
4	108575	162.4645888	1
4	108586	162.46462976	1
4	108632	162.46554784	1
4	108647	162.4655888	1
4	108658	162.46562976	1
4	108704	162.46654784	1
4	108719	162.4665888	1
4	108730	162.46662976	1
4	108776	162.46754784	1
4	108791	162.4675888	1
4	108802	162.46762976	1
4	108836	162.46854784	1
4	108851	162.4685888	1
4	108862	162.46862976	1
4	109004	163.46854784	1
4	109015	163.4685888	1
4	109020	163.46862976	1
4	109040	163.46954784	1
4	109051	163.4695888	1
4	109056	163.46962976	1
4	109076	163.47054784	1
4	109091	163.4705888	1
4	109101	163.47062976	1
4	109136	163.47154784	1
4	109151	163.4715888	1
4	109162	163.47162976	1
4	109208	163.47254784	1
4	109223	163.4725888	1
4	109234	163.47262976	1
4	109280	163.47354784	1
4	109295	163.4735888	1
4	109306	163.47362976	1
4	109352	163.47454784	1
4	109367	163.4745888	1
4	109378	163.47462976	1
4	109424	163.47554784	1
4	109439	163.4755888	1
4	109450	163.47562976	1
4	109496	163.47654784	1
4	109511	163.4765888	1
4	109522	163.47662976	1
4	109556	163.47754784	1
4	109571	163.4775888	1
4	109582	163.47762976	1
4	109724	164.47754784	1
4	109735	164.4775888	1
4	109740	164.47762976	1
4	109760	164.47854784	1
4	109771	164.4785888	1
4	109776	164.47862976	1
4	109796	164.47954784	1
4	109811	164.4795888	1
4	109821	164.47962976	1
4	109856	164.48054784	1
4	109871	164.4805888	1
4	109882	164.48062976	1
4	109928	164.48154784	1
4	109943	164.4815888	1
4	109954	164.48162976	1
4	110000	164.48254784	1
4	110015	164.4825888	1
4	110026	164.48262976	1
4	110072	164.48354784	1
4	110087	164.4835888	1
4	110098	164.48362976	1
4	110144	164.48454784	1
4	110159	164.4845888	1
4	110170	164.48462976	1
4	110216	164.48554784	1
4	110231	164.4855888	1
4	110242	164.48562976	1
4	110276	164.48654784	1
4	110291	164.4865888	1
4	110302	164.48662976	1
4	110444	165.48654784	1
4	110455	165.4865888	1
4	110460	165.48662976	1
4	110480	165.48754784	1
4	110491	165.4875888	1
4	110496	165.48762976	1
4	110516	165.48854784	1
4	110531	165.4885888	1
4	110541	165.48862976	1
4	110576	165.48954784	1
4	110591	165.4895888	1
4	110602	165.48962976	1
4	110648	165.49054784	1
4	110663	165.4905888	1
4	110674	165.49062976	1
4	110720	165.49154784	1
4	110735	165.4915888	1
4	110746	165.49162976	1
4	110792	165.49254784	1
4	110807	165.4925888	1
4	110818	165.49262976	1
4	110864	165.49354784	1
4	110879	165.4935888	1
4	110890	165.49362976	1
4	110936	165.49454784	1
4	110951	165.4945888	1
4	110962	165.49462976	1
4	110996	165.49554784	1
4	111011	165.4955888	1
4	111022	165.49562976	1
4	111164	166.49554784	1
4	111175	166.4955888	1
4	111180	166.49562976	1
4	111200	166.49654784	1
4	111211	166.4965888	1
4	111216	166.49662976	1
4	111236	166.49754784	1
4	111251	166.4975888	1
4	111261	166.49762976	1
4	111296	166.49854784	1
4	111311	166.4985888	1
4	111322	166.49862976	1
4	111368	166.49954784	1
4	111383	166.4995888	1
4	111394	166.49962976	1
4	111440	166.50054784	1
4	111455	166.5005888	1
4	111466	166.50062976	1
4	111512	166.50154784	1
4	111527	166.5015888	1
4	111538	166.50162976	1
4	111584	166.50254784	1
4	111599	166.5025888	1
4	111610	166.50262976	1
4	111656	166.50354784	1
4	111671	166.5035888	1
4	111682	166.50362976	1
4	111716	166.50454784	1
4	111731	166.5045888	1
4	111742	166.50462976	1
4	111884	167.50454784	1
4	111895	167.5045888	1
4	111900	167.50462976	1
4	111920	167.50554784	1
4	111931	167.5055888	1
4	111936	167.50562976	1
4	111956	167.50654784	1
4	111971	167.5065888	1
4	111981	167.50662976	1
4	112016	167.50754784	1
4	112031	167.5075888	1
4	112042	167.50762976	1
4	112088	167.50854784	1
4	112103	167.5085888	1
4	112114	167.50862976	1
4	112160	167.50954784	1
4	112175	167.5095888	1
4	112186	167.50962976	1
4	112232	167.51054784	1
4	112247	167.5105888	1
4	112258	167.51062976	1
4	112304	167.51154784	1
4	112319	167.5115888	1
4	112330	167.51162976	1
4	112376	167.51254784	1
4	112391	167.5125888	1
4	112402	167.51262976	1
4	112436	167.51354784	1
4	112451	167.5135888	1
4	112462	167.51362976	1
4	112604	168.51354784	1
4	112615	168.5135888	1
4	112620	168.51362976	1
4	112640	168.51454784	1
4	112651	168.5145888	1
4	112656	168.51462976	1
4	112676	168.51554784	1
4	112691	168.5155888	1
4	112701	168.51562976	1
4	112736	168.51654784	1
4	112751	168.5165888	1
4	112762	168.51662976	1
4	112808	168.51754784	1
4	112823	168.5175888	1
4	112834	168.51762976	1
4	112880	168.51854784	1
4	112895	168.5185888	1
4	112906	168.51862976	1
4	112952	168.51954784	1
4	112967	168.5195888	1
4	112978	168.51962976	1
4	113024	168.52054784	1
4	113039	168.5205888	1
4	113050	168.52062976	1
4	113096	168.52154784	1
4	113111	168.5215888	1
4	113122	168.52162976	1
4	113156	168.52254784	1
4	113171	168.5225888	1
4	113182	168.52262976	1
4	113324	169.52254784	1
4	113335	169.5225888	1
4	113340	169.52262976	1
4	113360	169.52354784	1
4	113371	169.5235888	1
4	113376	169.52362976	1
4	113396	169.52454784	1
4	113411	169.5245888	1
4	113421	169.52462976	1
4	113456	169.52554784	1
4	113471	169.5255888	1
4	113482	169.52562976	1
4	113528	169.52654784	1
4	113543	169.5265888	1
4	113554	169.52662976	1
4	113600	169.52754784	1
4	113615	169.5275888	1
4	113626	169.52762976	1
4	113672	169.52854784	1
4	113687	169.5285888	1
4	113698	169.52862976	1
4	113744	169.52954784	1
4	113759	169.5295888	1
4	113770	169.52962976	1
4	113816	169.53054784	1
4	113831	169.5305888	1
4	113842	169.53062976	1
4	113876	169.53154784	1
4	113891	169.5315888	1
4	113902	169.53162976	1
4	114044	170.53154784	1
4	114055	170.5315888	1
4	114060	170.53162976	1
4	114080	170.53254784	1
4	114091	170.5325888	1
4	114096	170.53262976	1
4	114116	170.53354784	1
4	114131	170.5335888	1
4	114141	170.53362976	1
4	114176	170.53454784	1
4	114191	170.5345888	1
4	114202	170.53462976	1
4	114248	170.53554784	1
4	114263	170.5355888	1
4	114274	170.53562976	1
4	114320	170.53654784	1
4	114335	170.5365888	1
4	114346	170.53662976	1
4	114392	170.53754784	1
4	114407	170.5375888	1
4	114418	170.53762976	1
4	114464	170.53854784	1
4	114479	170.5385888	1
4	114490	170.53862976	1
4	114536	170.53954784	1
4	114551	170.5395888	1
4	114562	170.53962976	1
4	114596	170.54054784	1
4	114611	170.5405888	1
4	114622	170.54062976	1
4	114764	171.54054784	1
4	114775	171.5405888	1
4	114780	171.54062976	1
4	114800	171.54154784	1
4	114811	171.5415888	1
4	114816	171.54162976	1
4	114836	171.54254784	1
4	114851	171.5425888	1
4	114861	171.54262976	1
4	114896	171.54354784	1
4	114911	171.5435888	1
4	114922	171.54362976	1
4	114968	171.54454784	1
4	114983	171.5445888	1
4	114994	171.54462976	1
4	115040	171.54554784	1
4	115055	171.5455888	1
4	115066	171.54562976	1
4	115112	171.54654784	1
4	115127	171.5465888	1
4	115138	171.54662976	1
4	115184	171.54754784	1
4	115199	171.5475888	1
4	115210	171.54762976	1
4	115256	171.54854784	1
4	115271	171.5485888	1
4	115282	171.54862976	1
4	115316	171.54954784	1
4	115331	171.5495888	1
4	115342	171.54962976	1
4	115484	172.54954784	1
4	115495	172.5495888	1
4	115500	172.54962976	1
4	115520	172.55054784	1
4	115531	172.5505888	1
4	115536	172.55062976	1
4	115556	172.55154784	1
4	115571	172.5515888	1
4	115581	172.55162976	1
4	115616	172.55254784	1
4	115631	172.5525888	1
4	115642	172.55262976	1
4	115688	172.55354784	1
4	115703	172.5535888	1
4	115714	172.55362976	1
4	115760	172.55454784	1
4	115775	172.5545888	1
4	115786	172.55462976	1
4	115832	172.55554784	1
4	115847	172.5555888	1
4	115858	172.55562976	1
4	115904	172.55654784	1
4	115919	172.5565888	1
4	115930	172.55662976	1
4	115976	172.55754784	1
4	115991	172.5575888	1
4	116002	172.55762976	1
4	116036	172.55854784	1
4	116051	172.5585888	1
4	116062	172.55862976	1
4	116204	173.55854784	1
4	116215	173.5585888	1
4	116220	173.55862976	1
4	116240	173.55954784	1
4	116251	173.5595888	1
4	116256	173.55962976	1
4	116276	173.56054784	1
4	116291	173.5605888	1
4	116301	173.56062976	1
4	116336	173.56154784	1
4	116351	173.5615888	1
4	116362	173.56162976	1
4	116408	173.56254784	1
4	116423	173.5625888	1
4	116434	173.56262976	1
4	116480	173.56354784	1
4	116495	173.5635888	1
4	116506	173.56362976	1
4	116552	173.56454784	1
4	116567	173.5645888	1
4	116578	173.56462976	1
4	116624	173.56554784	1
4	116639	173.5655888	1
4	116650	173.56562976	1
4	116696	173.56654784	1
4	116711	173.5665888	1
4	116722	173.56662976	1
4	116756	173.56754784	1
4	116771	173.5675888	1
4	116782	173.56762976	1
4	116924	174.56754784	1
4	116935	174.5675888	1
4	116940	174.56762976	1
4	116960	174.56854784	1
4	116971	174.5685888	1
4	116976	174.56862976	1
4	116996	174.56954784	1
4	117011	174.5695888	1
4	117021	174.56962976	1
4	117056	174.57054784	1
4	117071	174.5705888	1
4	117082	174.57062976	1
4	117128	174.57154784	1
4	117143	174.5715888	1
4	117154	174.57162976	1
4	117200	174.57254784	1
4	117215	174.5725888	1
4	117226	174.57262976	1
4	117272	174.57354784	1
4	117287	174.5735888	1
4	117298	174.57362976	1
4	117344	174.57454784	1
4	117359	174.5745888	1
4	117370	174.57462976	1
4	117416	174.57554784	1
4	117431	174.5755888	1
4	117442	174.57562976	1
4	117476	174.57654784	1
4	117491	174.5765888	1
4	117502	174.57662976	1

