version 3
run StaticRouting-0-20260513-14:29:06-13086
attr configname StaticRouting
attr datetime 20260513-14:29:06
attr datetimef 20260513-142906
attr experiment StaticRouting
attr inifile omnetpp.ini
attr iterationvars ""
attr iterationvarsd ""
attr iterationvarsf ""
attr measurement ""
attr network CampusNetwork
attr processid 13086
attr repetition 0
attr replication #0
attr resultdir results
attr runnumber 0
attr seedset 0
config image-path ../inet4.5/images
config description "Custom Static Routing (UZAIR-MAJEED)"
config **.isInet false
config *.coreRouter_S.ipAddress "\"10.0.0.1\""
config *.seRouter_S.ipAddress "\"10.0.1.2\""
config *.eeRouter_S.ipAddress "\"10.0.2.2\""
config *.bbaRouter_S.ipAddress "\"10.0.3.2\""
config *.adminRouter_S.ipAddress "\"10.0.4.2\""
config *.dnsServer_S.ipAddress "\"10.0.5.2\""
config *.appServer_S.ipAddress "\"10.0.6.2\""
config *.seHost1_S.ipAddress "\"192.168.1.2\""
config *.seHost2_S.ipAddress "\"192.168.1.3\""
config *.seHost3_S.ipAddress "\"192.168.1.4\""
config *.eeHost1_S.ipAddress "\"192.168.2.2\""
config *.eeHost2_S.ipAddress "\"192.168.2.3\""
config *.eeHost3_S.ipAddress "\"192.168.2.4\""
config *.bbaHost1_S.ipAddress "\"192.168.3.2\""
config *.bbaHost2_S.ipAddress "\"192.168.3.3\""
config *.bbaHost3_S.ipAddress "\"192.168.3.4\""
config *.adminHost1_S.ipAddress "\"192.168.4.2\""
config *.adminHost2_S.ipAddress "\"192.168.4.3\""
config *.adminHost3_S.ipAddress "\"192.168.4.4\""
config *.coreRouter_S.totalPorts 6
config *.coreRouter_S.routeTable "\"192.168.1.0/24:0;192.168.2.0/24:1;192.168.3.0/24:2;192.168.4.0/24:3;10.0.5.0/30:4;10.0.6.0/30:5\""
config *.seRouter_S.totalPorts 4
config *.seRouter_S.routeTable "\"0.0.0.0/0:0;192.168.1.2/32:1;192.168.1.3/32:2;192.168.1.4/32:3\""
config *.eeRouter_S.totalPorts 4
config *.eeRouter_S.routeTable "\"0.0.0.0/0:0;192.168.2.2/32:1;192.168.2.3/32:2;192.168.2.4/32:3\""
config *.bbaRouter_S.totalPorts 4
config *.bbaRouter_S.routeTable "\"0.0.0.0/0:0;192.168.3.2/32:1;192.168.3.3/32:2;192.168.3.4/32:3\""
config *.adminRouter_S.totalPorts 4
config *.adminRouter_S.routeTable "\"0.0.0.0/0:0;192.168.4.2/32:1;192.168.4.3/32:2;192.168.4.4/32:3\""
config *.seHost1_S.srcAddress "\"192.168.1.2\""
config *.seHost2_S.srcAddress "\"192.168.1.3\""
config *.seHost3_S.srcAddress "\"192.168.1.4\""
config *.eeHost1_S.srcAddress "\"192.168.2.2\""
config *.eeHost2_S.srcAddress "\"192.168.2.3\""
config *.eeHost3_S.srcAddress "\"192.168.2.4\""
config *.bbaHost1_S.srcAddress "\"192.168.3.2\""
config *.bbaHost2_S.srcAddress "\"192.168.3.3\""
config *.bbaHost3_S.srcAddress "\"192.168.3.4\""
config *.adminHost1_S.srcAddress "\"192.168.4.2\""
config *.adminHost2_S.srcAddress "\"192.168.4.3\""
config *.adminHost3_S.srcAddress "\"192.168.4.4\""
config *.dnsServer_S.isDnsServer true
config *.dnsServer_S.isAppServer false
config *.dnsServer_S.srcAddress "\"10.0.5.2\""
config *.dnsServer_S.startTime 99999.0
config *.appServer_S.isAppServer true
config *.appServer_S.isDnsServer false
config *.appServer_S.srcAddress "\"10.0.6.2\""
config *.appServer_S.startTime 99999.0
config **.dnsAddress "\"10.0.5.2\""
config **.destAddress "\"appserver.nuces\""
config **.trafficProfile "\"CBR\""
config **.packetSize 512
config **.sendInterval 0.1
config **.stopTime 175.0
config **.packetsForwarded.result-recording-modes count
config **.packetsDropped.result-recording-modes count
config **.perLinkUtilization.result-recording-modes vector
config **.endToEndDelay.result-recording-modes stats
config **.packetsSent.result-recording-modes count
config **.packetsReceived.result-recording-modes count
config **.dnsQuerySent.result-recording-modes count
config **.dnsReplyRcvd.result-recording-modes count
config network CampusNetwork
config sim-time-limit 180s
config record-eventlog true
config result-dir results
config output-scalar-file results/StaticRouting-0.sca
config output-vector-file results/StaticRouting-0.vec

vector 0 CampusNetwork.coreRouter_S perLinkUtilization:vector ETV
attr recordingmode vector
attr source perLinkUtilization
attr title "Link Utilization"
vector 1 CampusNetwork.seRouter_S perLinkUtilization:vector ETV
attr recordingmode vector
attr source perLinkUtilization
attr title "Link Utilization"
vector 2 CampusNetwork.eeRouter_S perLinkUtilization:vector ETV
attr recordingmode vector
attr source perLinkUtilization
attr title "Link Utilization"
vector 3 CampusNetwork.bbaRouter_S perLinkUtilization:vector ETV
attr recordingmode vector
attr source perLinkUtilization
attr title "Link Utilization"
vector 4 CampusNetwork.adminRouter_S perLinkUtilization:vector ETV
attr recordingmode vector
attr source perLinkUtilization
attr title "Link Utilization"
0	37	1.00305632	1
0	41	1.00306144	1
0	46	1.00306656	1
0	51	1.00307168	1
0	52	1.0030768	1
0	53	1.00308192	1
0	54	1.00308704	1
0	55	1.00309216	1
0	56	1.00309728	1
0	57	1.0031024	1
0	58	1.00310752	1
0	59	1.00311264	1
0	73	1.00506656	1
0	74	1.00507168	1
0	76	1.0050768	1
0	78	1.00508192	1
0	80	1.00508704	1
0	82	1.00509216	1
0	84	1.00509728	1
0	86	1.0051024	1
0	88	1.00510752	1
0	90	1.00511264	1
0	92	1.00511776	1
0	94	1.00512288	1
0	169	1.02157344	1
0	173	1.0216144	1
0	178	1.02165536	1
0	183	1.02169632	1
0	184	1.02173728	1
0	185	1.02177824	1
0	186	1.0218192	1
0	187	1.02186016	1
0	188	1.02190112	1
0	189	1.02194208	1
0	190	1.02198304	1
0	191	1.022024	1
0	241	1.12157344	1
0	245	1.1216144	1
0	250	1.12165536	1
0	255	1.12169632	1
0	256	1.12173728	1
0	257	1.12177824	1
0	258	1.1218192	1
0	259	1.12186016	1
0	260	1.12190112	1
0	261	1.12194208	1
0	262	1.12198304	1
0	263	1.122024	1
0	313	1.22157344	1
0	317	1.2216144	1
0	322	1.22165536	1
0	327	1.22169632	1
0	328	1.22173728	1
0	329	1.22177824	1
0	330	1.2218192	1
0	331	1.22186016	1
0	332	1.22190112	1
0	333	1.22194208	1
0	334	1.22198304	1
0	335	1.222024	1
0	385	1.32157344	1
0	389	1.3216144	1
0	394	1.32165536	1
0	399	1.32169632	1
0	400	1.32173728	1
0	401	1.32177824	1
0	402	1.3218192	1
0	403	1.32186016	1
0	404	1.32190112	1
0	405	1.32194208	1
0	406	1.32198304	1
0	407	1.322024	1
0	457	1.42157344	1
0	461	1.4216144	1
0	466	1.42165536	1
0	471	1.42169632	1
0	472	1.42173728	1
0	473	1.42177824	1
0	474	1.4218192	1
0	475	1.42186016	1
0	476	1.42190112	1
0	477	1.42194208	1
0	478	1.42198304	1
0	479	1.422024	1
0	529	1.52157344	1
0	533	1.5216144	1
0	538	1.52165536	1
0	543	1.52169632	1
0	544	1.52173728	1
0	545	1.52177824	1
0	546	1.5218192	1
0	547	1.52186016	1
0	548	1.52190112	1
0	549	1.52194208	1
0	550	1.52198304	1
0	551	1.522024	1
0	601	1.62157344	1
0	605	1.6216144	1
0	610	1.62165536	1
0	615	1.62169632	1
0	616	1.62173728	1
0	617	1.62177824	1
0	618	1.6218192	1
0	619	1.62186016	1
0	620	1.62190112	1
0	621	1.62194208	1
0	622	1.62198304	1
0	623	1.622024	1
0	673	1.72157344	1
0	677	1.7216144	1
0	682	1.72165536	1
0	687	1.72169632	1
0	688	1.72173728	1
0	689	1.72177824	1
0	690	1.7218192	1
0	691	1.72186016	1
0	692	1.72190112	1
0	693	1.72194208	1
0	694	1.72198304	1
0	695	1.722024	1
0	745	1.82157344	1
0	749	1.8216144	1
0	754	1.82165536	1
0	759	1.82169632	1
0	760	1.82173728	1
0	761	1.82177824	1
0	762	1.8218192	1
0	763	1.82186016	1
0	764	1.82190112	1
0	765	1.82194208	1
0	766	1.82198304	1
0	767	1.822024	1
0	817	1.92157344	1
0	821	1.9216144	1
0	826	1.92165536	1
0	831	1.92169632	1
0	832	1.92173728	1
0	833	1.92177824	1
0	834	1.9218192	1
0	835	1.92186016	1
0	836	1.92190112	1
0	837	1.92194208	1
0	838	1.92198304	1
0	839	1.922024	1
0	889	2.02157344	1
0	893	2.0216144	1
0	898	2.02165536	1
0	903	2.02169632	1
0	904	2.02173728	1
0	905	2.02177824	1
0	906	2.0218192	1
0	907	2.02186016	1
0	908	2.02190112	1
0	909	2.02194208	1
0	910	2.02198304	1
0	911	2.022024	1
0	961	2.12157344	1
0	965	2.1216144	1
0	970	2.12165536	1
0	975	2.12169632	1
0	976	2.12173728	1
0	977	2.12177824	1
0	978	2.1218192	1
0	979	2.12186016	1
0	980	2.12190112	1
0	981	2.12194208	1
0	982	2.12198304	1
0	983	2.122024	1
0	1033	2.22157344	1
0	1037	2.2216144	1
0	1042	2.22165536	1
0	1047	2.22169632	1
0	1048	2.22173728	1
0	1049	2.22177824	1
0	1050	2.2218192	1
0	1051	2.22186016	1
0	1052	2.22190112	1
0	1053	2.22194208	1
0	1054	2.22198304	1
0	1055	2.222024	1
0	1105	2.32157344	1
0	1109	2.3216144	1
0	1114	2.32165536	1
0	1119	2.32169632	1
0	1120	2.32173728	1
0	1121	2.32177824	1
0	1122	2.3218192	1
0	1123	2.32186016	1
0	1124	2.32190112	1
0	1125	2.32194208	1
0	1126	2.32198304	1
0	1127	2.322024	1
0	1177	2.42157344	1
0	1181	2.4216144	1
0	1186	2.42165536	1
0	1191	2.42169632	1
0	1192	2.42173728	1
0	1193	2.42177824	1
0	1194	2.4218192	1
0	1195	2.42186016	1
0	1196	2.42190112	1
0	1197	2.42194208	1
0	1198	2.42198304	1
0	1199	2.422024	1
0	1249	2.52157344	1
0	1253	2.5216144	1
0	1258	2.52165536	1
0	1263	2.52169632	1
0	1264	2.52173728	1
0	1265	2.52177824	1
0	1266	2.5218192	1
0	1267	2.52186016	1
0	1268	2.52190112	1
0	1269	2.52194208	1
0	1270	2.52198304	1
0	1271	2.522024	1
0	1321	2.62157344	1
0	1325	2.6216144	1
0	1330	2.62165536	1
0	1335	2.62169632	1
0	1336	2.62173728	1
0	1337	2.62177824	1
0	1338	2.6218192	1
0	1339	2.62186016	1
0	1340	2.62190112	1
0	1341	2.62194208	1
0	1342	2.62198304	1
0	1343	2.622024	1
0	1393	2.72157344	1
0	1397	2.7216144	1
0	1402	2.72165536	1
0	1407	2.72169632	1
0	1408	2.72173728	1
0	1409	2.72177824	1
0	1410	2.7218192	1
0	1411	2.72186016	1
0	1412	2.72190112	1
0	1413	2.72194208	1
0	1414	2.72198304	1
0	1415	2.722024	1
0	1465	2.82157344	1
0	1469	2.8216144	1
0	1474	2.82165536	1
0	1479	2.82169632	1
0	1480	2.82173728	1
0	1481	2.82177824	1
0	1482	2.8218192	1
0	1483	2.82186016	1
0	1484	2.82190112	1
0	1485	2.82194208	1
0	1486	2.82198304	1
0	1487	2.822024	1
0	1537	2.92157344	1
0	1541	2.9216144	1
0	1546	2.92165536	1
0	1551	2.92169632	1
0	1552	2.92173728	1
0	1553	2.92177824	1
0	1554	2.9218192	1
0	1555	2.92186016	1
0	1556	2.92190112	1
0	1557	2.92194208	1
0	1558	2.92198304	1
0	1559	2.922024	1
0	1609	3.02157344	1
0	1613	3.0216144	1
0	1618	3.02165536	1
0	1623	3.02169632	1
0	1624	3.02173728	1
0	1625	3.02177824	1
0	1626	3.0218192	1
0	1627	3.02186016	1
0	1628	3.02190112	1
0	1629	3.02194208	1
0	1630	3.02198304	1
0	1631	3.022024	1
0	1681	3.12157344	1
0	1685	3.1216144	1
0	1690	3.12165536	1
0	1695	3.12169632	1
0	1696	3.12173728	1
0	1697	3.12177824	1
0	1698	3.1218192	1
0	1699	3.12186016	1
0	1700	3.12190112	1
0	1701	3.12194208	1
0	1702	3.12198304	1
0	1703	3.122024	1
0	1753	3.22157344	1
0	1757	3.2216144	1
0	1762	3.22165536	1
0	1767	3.22169632	1
0	1768	3.22173728	1
0	1769	3.22177824	1
0	1770	3.2218192	1
0	1771	3.22186016	1
0	1772	3.22190112	1
0	1773	3.22194208	1
0	1774	3.22198304	1
0	1775	3.222024	1
0	1825	3.32157344	1
0	1829	3.3216144	1
0	1834	3.32165536	1
0	1839	3.32169632	1
0	1840	3.32173728	1
0	1841	3.32177824	1
0	1842	3.3218192	1
0	1843	3.32186016	1
0	1844	3.32190112	1
0	1845	3.32194208	1
0	1846	3.32198304	1
0	1847	3.322024	1
0	1897	3.42157344	1
0	1901	3.4216144	1
0	1906	3.42165536	1
0	1911	3.42169632	1
0	1912	3.42173728	1
0	1913	3.42177824	1
0	1914	3.4218192	1
0	1915	3.42186016	1
0	1916	3.42190112	1
0	1917	3.42194208	1
0	1918	3.42198304	1
0	1919	3.422024	1
0	1969	3.52157344	1
0	1973	3.5216144	1
0	1978	3.52165536	1
0	1983	3.52169632	1
0	1984	3.52173728	1
0	1985	3.52177824	1
0	1986	3.5218192	1
0	1987	3.52186016	1
0	1988	3.52190112	1
0	1989	3.52194208	1
0	1990	3.52198304	1
0	1991	3.522024	1
0	2041	3.62157344	1
0	2045	3.6216144	1
0	2050	3.62165536	1
0	2055	3.62169632	1
0	2056	3.62173728	1
0	2057	3.62177824	1
0	2058	3.6218192	1
0	2059	3.62186016	1
0	2060	3.62190112	1
0	2061	3.62194208	1
0	2062	3.62198304	1
0	2063	3.622024	1
0	2113	3.72157344	1
0	2117	3.7216144	1
0	2122	3.72165536	1
0	2127	3.72169632	1
0	2128	3.72173728	1
0	2129	3.72177824	1
0	2130	3.7218192	1
0	2131	3.72186016	1
0	2132	3.72190112	1
0	2133	3.72194208	1
0	2134	3.72198304	1
0	2135	3.722024	1
0	2185	3.82157344	1
0	2189	3.8216144	1
0	2194	3.82165536	1
0	2199	3.82169632	1
0	2200	3.82173728	1
0	2201	3.82177824	1
0	2202	3.8218192	1
0	2203	3.82186016	1
0	2204	3.82190112	1
0	2205	3.82194208	1
0	2206	3.82198304	1
0	2207	3.822024	1
0	2257	3.92157344	1
0	2261	3.9216144	1
0	2266	3.92165536	1
0	2271	3.92169632	1
0	2272	3.92173728	1
0	2273	3.92177824	1
0	2274	3.9218192	1
0	2275	3.92186016	1
0	2276	3.92190112	1
0	2277	3.92194208	1
0	2278	3.92198304	1
0	2279	3.922024	1
0	2329	4.02157344	1
0	2333	4.0216144	1
0	2338	4.02165536	1
0	2343	4.02169632	1
0	2344	4.02173728	1
0	2345	4.02177824	1
0	2346	4.0218192	1
0	2347	4.02186016	1
0	2348	4.02190112	1
0	2349	4.02194208	1
0	2350	4.02198304	1
0	2351	4.022024	1
0	2401	4.12157344	1
0	2405	4.1216144	1
0	2410	4.12165536	1
0	2415	4.12169632	1
0	2416	4.12173728	1
0	2417	4.12177824	1
0	2418	4.1218192	1
0	2419	4.12186016	1
0	2420	4.12190112	1
0	2421	4.12194208	1
0	2422	4.12198304	1
0	2423	4.122024	1
0	2473	4.22157344	1
0	2477	4.2216144	1
0	2482	4.22165536	1
0	2487	4.22169632	1
0	2488	4.22173728	1
0	2489	4.22177824	1
0	2490	4.2218192	1
0	2491	4.22186016	1
0	2492	4.22190112	1
0	2493	4.22194208	1
0	2494	4.22198304	1
0	2495	4.222024	1
0	2545	4.32157344	1
0	2549	4.3216144	1
0	2554	4.32165536	1
0	2559	4.32169632	1
0	2560	4.32173728	1
0	2561	4.32177824	1
0	2562	4.3218192	1
0	2563	4.32186016	1
0	2564	4.32190112	1
0	2565	4.32194208	1
0	2566	4.32198304	1
0	2567	4.322024	1
0	2617	4.42157344	1
0	2621	4.4216144	1
0	2626	4.42165536	1
0	2631	4.42169632	1
0	2632	4.42173728	1
0	2633	4.42177824	1
0	2634	4.4218192	1
0	2635	4.42186016	1
0	2636	4.42190112	1
0	2637	4.42194208	1
0	2638	4.42198304	1
0	2639	4.422024	1
0	2689	4.52157344	1
0	2693	4.5216144	1
0	2698	4.52165536	1
0	2703	4.52169632	1
0	2704	4.52173728	1
0	2705	4.52177824	1
0	2706	4.5218192	1
0	2707	4.52186016	1
0	2708	4.52190112	1
0	2709	4.52194208	1
0	2710	4.52198304	1
0	2711	4.522024	1
0	2761	4.62157344	1
0	2765	4.6216144	1
0	2770	4.62165536	1
0	2775	4.62169632	1
0	2776	4.62173728	1
0	2777	4.62177824	1
0	2778	4.6218192	1
0	2779	4.62186016	1
0	2780	4.62190112	1
0	2781	4.62194208	1
0	2782	4.62198304	1
0	2783	4.622024	1
0	2833	4.72157344	1
0	2837	4.7216144	1
0	2842	4.72165536	1
0	2847	4.72169632	1
0	2848	4.72173728	1
0	2849	4.72177824	1
0	2850	4.7218192	1
0	2851	4.72186016	1
0	2852	4.72190112	1
0	2853	4.72194208	1
0	2854	4.72198304	1
0	2855	4.722024	1
0	2905	4.82157344	1
0	2909	4.8216144	1
0	2914	4.82165536	1
0	2919	4.82169632	1
0	2920	4.82173728	1
0	2921	4.82177824	1
0	2922	4.8218192	1
0	2923	4.82186016	1
0	2924	4.82190112	1
0	2925	4.82194208	1
0	2926	4.82198304	1
0	2927	4.822024	1
0	2977	4.92157344	1
0	2981	4.9216144	1
0	2986	4.92165536	1
0	2991	4.92169632	1
0	2992	4.92173728	1
0	2993	4.92177824	1
0	2994	4.9218192	1
0	2995	4.92186016	1
0	2996	4.92190112	1
0	2997	4.92194208	1
0	2998	4.92198304	1
0	2999	4.922024	1
0	3049	5.02157344	1
0	3053	5.0216144	1
0	3058	5.02165536	1
0	3063	5.02169632	1
0	3064	5.02173728	1
0	3065	5.02177824	1
0	3066	5.0218192	1
0	3067	5.02186016	1
0	3068	5.02190112	1
0	3069	5.02194208	1
0	3070	5.02198304	1
0	3071	5.022024	1
0	3121	5.12157344	1
0	3125	5.1216144	1
0	3130	5.12165536	1
0	3135	5.12169632	1
0	3136	5.12173728	1
0	3137	5.12177824	1
0	3138	5.1218192	1
0	3139	5.12186016	1
0	3140	5.12190112	1
0	3141	5.12194208	1
0	3142	5.12198304	1
0	3143	5.122024	1
0	3193	5.22157344	1
0	3197	5.2216144	1
0	3202	5.22165536	1
0	3207	5.22169632	1
0	3208	5.22173728	1
0	3209	5.22177824	1
0	3210	5.2218192	1
0	3211	5.22186016	1
0	3212	5.22190112	1
0	3213	5.22194208	1
0	3214	5.22198304	1
0	3215	5.222024	1
0	3265	5.32157344	1
0	3269	5.3216144	1
0	3274	5.32165536	1
0	3279	5.32169632	1
0	3280	5.32173728	1
0	3281	5.32177824	1
0	3282	5.3218192	1
0	3283	5.32186016	1
0	3284	5.32190112	1
0	3285	5.32194208	1
0	3286	5.32198304	1
0	3287	5.322024	1
0	3337	5.42157344	1
0	3341	5.4216144	1
0	3346	5.42165536	1
0	3351	5.42169632	1
0	3352	5.42173728	1
0	3353	5.42177824	1
0	3354	5.4218192	1
0	3355	5.42186016	1
0	3356	5.42190112	1
0	3357	5.42194208	1
0	3358	5.42198304	1
0	3359	5.422024	1
0	3409	5.52157344	1
0	3413	5.5216144	1
0	3418	5.52165536	1
0	3423	5.52169632	1
0	3424	5.52173728	1
0	3425	5.52177824	1
0	3426	5.5218192	1
0	3427	5.52186016	1
0	3428	5.52190112	1
0	3429	5.52194208	1
0	3430	5.52198304	1
0	3431	5.522024	1
0	3481	5.62157344	1
0	3485	5.6216144	1
0	3490	5.62165536	1
0	3495	5.62169632	1
0	3496	5.62173728	1
0	3497	5.62177824	1
0	3498	5.6218192	1
0	3499	5.62186016	1
0	3500	5.62190112	1
0	3501	5.62194208	1
0	3502	5.62198304	1
0	3503	5.622024	1
0	3553	5.72157344	1
0	3557	5.7216144	1
0	3562	5.72165536	1
0	3567	5.72169632	1
0	3568	5.72173728	1
0	3569	5.72177824	1
0	3570	5.7218192	1
0	3571	5.72186016	1
0	3572	5.72190112	1
0	3573	5.72194208	1
0	3574	5.72198304	1
0	3575	5.722024	1
0	3625	5.82157344	1
0	3629	5.8216144	1
0	3634	5.82165536	1
0	3639	5.82169632	1
0	3640	5.82173728	1
0	3641	5.82177824	1
0	3642	5.8218192	1
0	3643	5.82186016	1
0	3644	5.82190112	1
0	3645	5.82194208	1
0	3646	5.82198304	1
0	3647	5.822024	1
0	3697	5.92157344	1
0	3701	5.9216144	1
0	3706	5.92165536	1
0	3711	5.92169632	1
0	3712	5.92173728	1
0	3713	5.92177824	1
0	3714	5.9218192	1
0	3715	5.92186016	1
0	3716	5.92190112	1
0	3717	5.92194208	1
0	3718	5.92198304	1
0	3719	5.922024	1
0	3769	6.02157344	1
0	3773	6.0216144	1
0	3778	6.02165536	1
0	3783	6.02169632	1
0	3784	6.02173728	1
0	3785	6.02177824	1
0	3786	6.0218192	1
0	3787	6.02186016	1
0	3788	6.02190112	1
0	3789	6.02194208	1
0	3790	6.02198304	1
0	3791	6.022024	1
0	3841	6.12157344	1
0	3845	6.1216144	1
0	3850	6.12165536	1
0	3855	6.12169632	1
0	3856	6.12173728	1
0	3857	6.12177824	1
0	3858	6.1218192	1
0	3859	6.12186016	1
0	3860	6.12190112	1
0	3861	6.12194208	1
0	3862	6.12198304	1
0	3863	6.122024	1
0	3913	6.22157344	1
0	3917	6.2216144	1
0	3922	6.22165536	1
0	3927	6.22169632	1
0	3928	6.22173728	1
0	3929	6.22177824	1
0	3930	6.2218192	1
0	3931	6.22186016	1
0	3932	6.22190112	1
0	3933	6.22194208	1
0	3934	6.22198304	1
0	3935	6.222024	1
0	3985	6.32157344	1
0	3989	6.3216144	1
0	3994	6.32165536	1
0	3999	6.32169632	1
0	4000	6.32173728	1
0	4001	6.32177824	1
0	4002	6.3218192	1
0	4003	6.32186016	1
0	4004	6.32190112	1
0	4005	6.32194208	1
0	4006	6.32198304	1
0	4007	6.322024	1
0	4057	6.42157344	1
0	4061	6.4216144	1
0	4066	6.42165536	1
0	4071	6.42169632	1
0	4072	6.42173728	1
0	4073	6.42177824	1
0	4074	6.4218192	1
0	4075	6.42186016	1
0	4076	6.42190112	1
0	4077	6.42194208	1
0	4078	6.42198304	1
0	4079	6.422024	1
0	4129	6.52157344	1
0	4133	6.5216144	1
0	4138	6.52165536	1
0	4143	6.52169632	1
0	4144	6.52173728	1
0	4145	6.52177824	1
0	4146	6.5218192	1
0	4147	6.52186016	1
0	4148	6.52190112	1
0	4149	6.52194208	1
0	4150	6.52198304	1
0	4151	6.522024	1
0	4201	6.62157344	1
0	4205	6.6216144	1
0	4210	6.62165536	1
0	4215	6.62169632	1
0	4216	6.62173728	1
0	4217	6.62177824	1
0	4218	6.6218192	1
0	4219	6.62186016	1
0	4220	6.62190112	1
0	4221	6.62194208	1
0	4222	6.62198304	1
0	4223	6.622024	1
0	4273	6.72157344	1
0	4277	6.7216144	1
0	4282	6.72165536	1
0	4287	6.72169632	1
0	4288	6.72173728	1
0	4289	6.72177824	1
0	4290	6.7218192	1
0	4291	6.72186016	1
0	4292	6.72190112	1
0	4293	6.72194208	1
0	4294	6.72198304	1
0	4295	6.722024	1
0	4345	6.82157344	1
0	4349	6.8216144	1
0	4354	6.82165536	1
0	4359	6.82169632	1
0	4360	6.82173728	1
0	4361	6.82177824	1
0	4362	6.8218192	1
0	4363	6.82186016	1
0	4364	6.82190112	1
0	4365	6.82194208	1
0	4366	6.82198304	1
0	4367	6.822024	1
0	4417	6.92157344	1
0	4421	6.9216144	1
0	4426	6.92165536	1
0	4431	6.92169632	1
0	4432	6.92173728	1
0	4433	6.92177824	1
0	4434	6.9218192	1
0	4435	6.92186016	1
0	4436	6.92190112	1
0	4437	6.92194208	1
0	4438	6.92198304	1
0	4439	6.922024	1
0	4489	7.02157344	1
0	4493	7.0216144	1
0	4498	7.02165536	1
0	4503	7.02169632	1
0	4504	7.02173728	1
0	4505	7.02177824	1
0	4506	7.0218192	1
0	4507	7.02186016	1
0	4508	7.02190112	1
0	4509	7.02194208	1
0	4510	7.02198304	1
0	4511	7.022024	1
0	4561	7.12157344	1
0	4565	7.1216144	1
0	4570	7.12165536	1
0	4575	7.12169632	1
0	4576	7.12173728	1
0	4577	7.12177824	1
0	4578	7.1218192	1
0	4579	7.12186016	1
0	4580	7.12190112	1
0	4581	7.12194208	1
0	4582	7.12198304	1
0	4583	7.122024	1
0	4633	7.22157344	1
0	4637	7.2216144	1
0	4642	7.22165536	1
0	4647	7.22169632	1
0	4648	7.22173728	1
0	4649	7.22177824	1
0	4650	7.2218192	1
0	4651	7.22186016	1
0	4652	7.22190112	1
0	4653	7.22194208	1
0	4654	7.22198304	1
0	4655	7.222024	1
0	4705	7.32157344	1
0	4709	7.3216144	1
0	4714	7.32165536	1
0	4719	7.32169632	1
0	4720	7.32173728	1
0	4721	7.32177824	1
0	4722	7.3218192	1
0	4723	7.32186016	1
0	4724	7.32190112	1
0	4725	7.32194208	1
0	4726	7.32198304	1
0	4727	7.322024	1
0	4777	7.42157344	1
0	4781	7.4216144	1
0	4786	7.42165536	1
0	4791	7.42169632	1
0	4792	7.42173728	1
0	4793	7.42177824	1
0	4794	7.4218192	1
0	4795	7.42186016	1
0	4796	7.42190112	1
0	4797	7.42194208	1
0	4798	7.42198304	1
0	4799	7.422024	1
0	4849	7.52157344	1
0	4853	7.5216144	1
0	4858	7.52165536	1
0	4863	7.52169632	1
0	4864	7.52173728	1
0	4865	7.52177824	1
0	4866	7.5218192	1
0	4867	7.52186016	1
0	4868	7.52190112	1
0	4869	7.52194208	1
0	4870	7.52198304	1
0	4871	7.522024	1
0	4921	7.62157344	1
0	4925	7.6216144	1
0	4930	7.62165536	1
0	4935	7.62169632	1
0	4936	7.62173728	1
0	4937	7.62177824	1
0	4938	7.6218192	1
0	4939	7.62186016	1
0	4940	7.62190112	1
0	4941	7.62194208	1
0	4942	7.62198304	1
0	4943	7.622024	1
0	4993	7.72157344	1
0	4997	7.7216144	1
0	5002	7.72165536	1
0	5007	7.72169632	1
0	5008	7.72173728	1
0	5009	7.72177824	1
0	5010	7.7218192	1
0	5011	7.72186016	1
0	5012	7.72190112	1
0	5013	7.72194208	1
0	5014	7.72198304	1
0	5015	7.722024	1
0	5065	7.82157344	1
0	5069	7.8216144	1
0	5074	7.82165536	1
0	5079	7.82169632	1
0	5080	7.82173728	1
0	5081	7.82177824	1
0	5082	7.8218192	1
0	5083	7.82186016	1
0	5084	7.82190112	1
0	5085	7.82194208	1
0	5086	7.82198304	1
0	5087	7.822024	1
0	5137	7.92157344	1
0	5141	7.9216144	1
0	5146	7.92165536	1
0	5151	7.92169632	1
0	5152	7.92173728	1
0	5153	7.92177824	1
0	5154	7.9218192	1
0	5155	7.92186016	1
0	5156	7.92190112	1
0	5157	7.92194208	1
0	5158	7.92198304	1
0	5159	7.922024	1
0	5209	8.02157344	1
0	5213	8.0216144	1
0	5218	8.02165536	1
0	5223	8.02169632	1
0	5224	8.02173728	1
0	5225	8.02177824	1
0	5226	8.0218192	1
0	5227	8.02186016	1
0	5228	8.02190112	1
0	5229	8.02194208	1
0	5230	8.02198304	1
0	5231	8.022024	1
0	5281	8.12157344	1
0	5285	8.1216144	1
0	5290	8.12165536	1
0	5295	8.12169632	1
0	5296	8.12173728	1
0	5297	8.12177824	1
0	5298	8.1218192	1
0	5299	8.12186016	1
0	5300	8.12190112	1
0	5301	8.12194208	1
0	5302	8.12198304	1
0	5303	8.122024	1
0	5353	8.22157344	1
0	5357	8.2216144	1
0	5362	8.22165536	1
0	5367	8.22169632	1
0	5368	8.22173728	1
0	5369	8.22177824	1
0	5370	8.2218192	1
0	5371	8.22186016	1
0	5372	8.22190112	1
0	5373	8.22194208	1
0	5374	8.22198304	1
0	5375	8.222024	1
0	5425	8.32157344	1
0	5429	8.3216144	1
0	5434	8.32165536	1
0	5439	8.32169632	1
0	5440	8.32173728	1
0	5441	8.32177824	1
0	5442	8.3218192	1
0	5443	8.32186016	1
0	5444	8.32190112	1
0	5445	8.32194208	1
0	5446	8.32198304	1
0	5447	8.322024	1
0	5497	8.42157344	1
0	5501	8.4216144	1
0	5506	8.42165536	1
0	5511	8.42169632	1
0	5512	8.42173728	1
0	5513	8.42177824	1
0	5514	8.4218192	1
0	5515	8.42186016	1
0	5516	8.42190112	1
0	5517	8.42194208	1
0	5518	8.42198304	1
0	5519	8.422024	1
0	5569	8.52157344	1
0	5573	8.5216144	1
0	5578	8.52165536	1
0	5583	8.52169632	1
0	5584	8.52173728	1
0	5585	8.52177824	1
0	5586	8.5218192	1
0	5587	8.52186016	1
0	5588	8.52190112	1
0	5589	8.52194208	1
0	5590	8.52198304	1
0	5591	8.522024	1
0	5641	8.62157344	1
0	5645	8.6216144	1
0	5650	8.62165536	1
0	5655	8.62169632	1
0	5656	8.62173728	1
0	5657	8.62177824	1
0	5658	8.6218192	1
0	5659	8.62186016	1
0	5660	8.62190112	1
0	5661	8.62194208	1
0	5662	8.62198304	1
0	5663	8.622024	1
0	5713	8.72157344	1
0	5717	8.7216144	1
0	5722	8.72165536	1
0	5727	8.72169632	1
0	5728	8.72173728	1
0	5729	8.72177824	1
0	5730	8.7218192	1
0	5731	8.72186016	1
0	5732	8.72190112	1
0	5733	8.72194208	1
0	5734	8.72198304	1
0	5735	8.722024	1
0	5785	8.82157344	1
0	5789	8.8216144	1
0	5794	8.82165536	1
0	5799	8.82169632	1
0	5800	8.82173728	1
0	5801	8.82177824	1
0	5802	8.8218192	1
0	5803	8.82186016	1
0	5804	8.82190112	1
0	5805	8.82194208	1
0	5806	8.82198304	1
0	5807	8.822024	1
0	5857	8.92157344	1
0	5861	8.9216144	1
0	5866	8.92165536	1
0	5871	8.92169632	1
0	5872	8.92173728	1
0	5873	8.92177824	1
0	5874	8.9218192	1
0	5875	8.92186016	1
0	5876	8.92190112	1
0	5877	8.92194208	1
0	5878	8.92198304	1
0	5879	8.922024	1
0	5929	9.02157344	1
0	5933	9.0216144	1
0	5938	9.02165536	1
0	5943	9.02169632	1
0	5944	9.02173728	1
0	5945	9.02177824	1
0	5946	9.0218192	1
0	5947	9.02186016	1
0	5948	9.02190112	1
0	5949	9.02194208	1
0	5950	9.02198304	1
0	5951	9.022024	1
0	6001	9.12157344	1
0	6005	9.1216144	1
0	6010	9.12165536	1
0	6015	9.12169632	1
0	6016	9.12173728	1
0	6017	9.12177824	1
0	6018	9.1218192	1
0	6019	9.12186016	1
0	6020	9.12190112	1
0	6021	9.12194208	1
0	6022	9.12198304	1
0	6023	9.122024	1
0	6073	9.22157344	1
0	6077	9.2216144	1
0	6082	9.22165536	1
0	6087	9.22169632	1
0	6088	9.22173728	1
0	6089	9.22177824	1
0	6090	9.2218192	1
0	6091	9.22186016	1
0	6092	9.22190112	1
0	6093	9.22194208	1
0	6094	9.22198304	1
0	6095	9.222024	1
0	6145	9.32157344	1
0	6149	9.3216144	1
0	6154	9.32165536	1
0	6159	9.32169632	1
0	6160	9.32173728	1
0	6161	9.32177824	1
0	6162	9.3218192	1
0	6163	9.32186016	1
0	6164	9.32190112	1
0	6165	9.32194208	1
0	6166	9.32198304	1
0	6167	9.322024	1
0	6217	9.42157344	1
0	6221	9.4216144	1
0	6226	9.42165536	1
0	6231	9.42169632	1
0	6232	9.42173728	1
0	6233	9.42177824	1
0	6234	9.4218192	1
0	6235	9.42186016	1
0	6236	9.42190112	1
0	6237	9.42194208	1
0	6238	9.42198304	1
0	6239	9.422024	1
0	6289	9.52157344	1
0	6293	9.5216144	1
0	6298	9.52165536	1
0	6303	9.52169632	1
0	6304	9.52173728	1
0	6305	9.52177824	1
0	6306	9.5218192	1
0	6307	9.52186016	1
0	6308	9.52190112	1
0	6309	9.52194208	1
0	6310	9.52198304	1
0	6311	9.522024	1
0	6361	9.62157344	1
0	6365	9.6216144	1
0	6370	9.62165536	1
0	6375	9.62169632	1
0	6376	9.62173728	1
0	6377	9.62177824	1
0	6378	9.6218192	1
0	6379	9.62186016	1
0	6380	9.62190112	1
0	6381	9.62194208	1
0	6382	9.62198304	1
0	6383	9.622024	1
0	6433	9.72157344	1
0	6437	9.7216144	1
0	6442	9.72165536	1
0	6447	9.72169632	1
0	6448	9.72173728	1
0	6449	9.72177824	1
0	6450	9.7218192	1
0	6451	9.72186016	1
0	6452	9.72190112	1
0	6453	9.72194208	1
0	6454	9.72198304	1
0	6455	9.722024	1
0	6505	9.82157344	1
0	6509	9.8216144	1
0	6514	9.82165536	1
0	6519	9.82169632	1
0	6520	9.82173728	1
0	6521	9.82177824	1
0	6522	9.8218192	1
0	6523	9.82186016	1
0	6524	9.82190112	1
0	6525	9.82194208	1
0	6526	9.82198304	1
0	6527	9.822024	1
0	6577	9.92157344	1
0	6581	9.9216144	1
0	6586	9.92165536	1
0	6591	9.92169632	1
0	6592	9.92173728	1
0	6593	9.92177824	1
0	6594	9.9218192	1
0	6595	9.92186016	1
0	6596	9.92190112	1
0	6597	9.92194208	1
0	6598	9.92198304	1
0	6599	9.922024	1
0	6649	10.02157344	1
0	6653	10.0216144	1
0	6658	10.02165536	1
0	6663	10.02169632	1
0	6664	10.02173728	1
0	6665	10.02177824	1
0	6666	10.0218192	1
0	6667	10.02186016	1
0	6668	10.02190112	1
0	6669	10.02194208	1
0	6670	10.02198304	1
0	6671	10.022024	1
0	6721	10.12157344	1
0	6725	10.1216144	1
0	6730	10.12165536	1
0	6735	10.12169632	1
0	6736	10.12173728	1
0	6737	10.12177824	1
0	6738	10.1218192	1
0	6739	10.12186016	1
0	6740	10.12190112	1
0	6741	10.12194208	1
0	6742	10.12198304	1
0	6743	10.122024	1
0	6793	10.22157344	1
0	6797	10.2216144	1
0	6802	10.22165536	1
0	6807	10.22169632	1
0	6808	10.22173728	1
0	6809	10.22177824	1
0	6810	10.2218192	1
0	6811	10.22186016	1
0	6812	10.22190112	1
0	6813	10.22194208	1
0	6814	10.22198304	1
0	6815	10.222024	1
0	6865	10.32157344	1
0	6869	10.3216144	1
0	6874	10.32165536	1
0	6879	10.32169632	1
0	6880	10.32173728	1
0	6881	10.32177824	1
0	6882	10.3218192	1
0	6883	10.32186016	1
0	6884	10.32190112	1
0	6885	10.32194208	1
0	6886	10.32198304	1
0	6887	10.322024	1
0	6937	10.42157344	1
0	6941	10.4216144	1
0	6946	10.42165536	1
0	6951	10.42169632	1
0	6952	10.42173728	1
0	6953	10.42177824	1
0	6954	10.4218192	1
0	6955	10.42186016	1
0	6956	10.42190112	1
0	6957	10.42194208	1
0	6958	10.42198304	1
0	6959	10.422024	1
0	7009	10.52157344	1
0	7013	10.5216144	1
0	7018	10.52165536	1
0	7023	10.52169632	1
0	7024	10.52173728	1
0	7025	10.52177824	1
0	7026	10.5218192	1
0	7027	10.52186016	1
0	7028	10.52190112	1
0	7029	10.52194208	1
0	7030	10.52198304	1
0	7031	10.522024	1
0	7081	10.62157344	1
0	7085	10.6216144	1
0	7090	10.62165536	1
0	7095	10.62169632	1
0	7096	10.62173728	1
0	7097	10.62177824	1
0	7098	10.6218192	1
0	7099	10.62186016	1
0	7100	10.62190112	1
0	7101	10.62194208	1
0	7102	10.62198304	1
0	7103	10.622024	1
0	7153	10.72157344	1
0	7157	10.7216144	1
0	7162	10.72165536	1
0	7167	10.72169632	1
0	7168	10.72173728	1
0	7169	10.72177824	1
0	7170	10.7218192	1
0	7171	10.72186016	1
0	7172	10.72190112	1
0	7173	10.72194208	1
0	7174	10.72198304	1
0	7175	10.722024	1
0	7225	10.82157344	1
0	7229	10.8216144	1
0	7234	10.82165536	1
0	7239	10.82169632	1
0	7240	10.82173728	1
0	7241	10.82177824	1
0	7242	10.8218192	1
0	7243	10.82186016	1
0	7244	10.82190112	1
0	7245	10.82194208	1
0	7246	10.82198304	1
0	7247	10.822024	1
0	7297	10.92157344	1
0	7301	10.9216144	1
0	7306	10.92165536	1
0	7311	10.92169632	1
0	7312	10.92173728	1
0	7313	10.92177824	1
0	7314	10.9218192	1
0	7315	10.92186016	1
0	7316	10.92190112	1
0	7317	10.92194208	1
0	7318	10.92198304	1
0	7319	10.922024	1
0	7369	11.02157344	1
0	7373	11.0216144	1
0	7378	11.02165536	1
0	7383	11.02169632	1
0	7384	11.02173728	1
0	7385	11.02177824	1
0	7386	11.0218192	1
0	7387	11.02186016	1
0	7388	11.02190112	1
0	7389	11.02194208	1
0	7390	11.02198304	1
0	7391	11.022024	1
0	7441	11.12157344	1
0	7445	11.1216144	1
0	7450	11.12165536	1
0	7455	11.12169632	1
0	7456	11.12173728	1
0	7457	11.12177824	1
0	7458	11.1218192	1
0	7459	11.12186016	1
0	7460	11.12190112	1
0	7461	11.12194208	1
0	7462	11.12198304	1
0	7463	11.122024	1
0	7513	11.22157344	1
0	7517	11.2216144	1
0	7522	11.22165536	1
0	7527	11.22169632	1
0	7528	11.22173728	1
0	7529	11.22177824	1
0	7530	11.2218192	1
0	7531	11.22186016	1
0	7532	11.22190112	1
0	7533	11.22194208	1
0	7534	11.22198304	1
0	7535	11.222024	1
0	7585	11.32157344	1
0	7589	11.3216144	1
0	7594	11.32165536	1
0	7599	11.32169632	1
0	7600	11.32173728	1
0	7601	11.32177824	1
0	7602	11.3218192	1
0	7603	11.32186016	1
0	7604	11.32190112	1
0	7605	11.32194208	1
0	7606	11.32198304	1
0	7607	11.322024	1
0	7657	11.42157344	1
0	7661	11.4216144	1
0	7666	11.42165536	1
0	7671	11.42169632	1
0	7672	11.42173728	1
0	7673	11.42177824	1
0	7674	11.4218192	1
0	7675	11.42186016	1
0	7676	11.42190112	1
0	7677	11.42194208	1
0	7678	11.42198304	1
0	7679	11.422024	1
0	7729	11.52157344	1
0	7733	11.5216144	1
0	7738	11.52165536	1
0	7743	11.52169632	1
0	7744	11.52173728	1
0	7745	11.52177824	1
0	7746	11.5218192	1
0	7747	11.52186016	1
0	7748	11.52190112	1
0	7749	11.52194208	1
0	7750	11.52198304	1
0	7751	11.522024	1
0	7801	11.62157344	1
0	7805	11.6216144	1
0	7810	11.62165536	1
0	7815	11.62169632	1
0	7816	11.62173728	1
0	7817	11.62177824	1
0	7818	11.6218192	1
0	7819	11.62186016	1
0	7820	11.62190112	1
0	7821	11.62194208	1
0	7822	11.62198304	1
0	7823	11.622024	1
0	7873	11.72157344	1
0	7877	11.7216144	1
0	7882	11.72165536	1
0	7887	11.72169632	1
0	7888	11.72173728	1
0	7889	11.72177824	1
0	7890	11.7218192	1
0	7891	11.72186016	1
0	7892	11.72190112	1
0	7893	11.72194208	1
0	7894	11.72198304	1
0	7895	11.722024	1
0	7945	11.82157344	1
0	7949	11.8216144	1
0	7954	11.82165536	1
0	7959	11.82169632	1
0	7960	11.82173728	1
0	7961	11.82177824	1
0	7962	11.8218192	1
0	7963	11.82186016	1
0	7964	11.82190112	1
0	7965	11.82194208	1
0	7966	11.82198304	1
0	7967	11.822024	1
0	8017	11.92157344	1
0	8021	11.9216144	1
0	8026	11.92165536	1
0	8031	11.92169632	1
0	8032	11.92173728	1
0	8033	11.92177824	1
0	8034	11.9218192	1
0	8035	11.92186016	1
0	8036	11.92190112	1
0	8037	11.92194208	1
0	8038	11.92198304	1
0	8039	11.922024	1
0	8089	12.02157344	1
0	8093	12.0216144	1
0	8098	12.02165536	1
0	8103	12.02169632	1
0	8104	12.02173728	1
0	8105	12.02177824	1
0	8106	12.0218192	1
0	8107	12.02186016	1
0	8108	12.02190112	1
0	8109	12.02194208	1
0	8110	12.02198304	1
0	8111	12.022024	1
0	8161	12.12157344	1
0	8165	12.1216144	1
0	8170	12.12165536	1
0	8175	12.12169632	1
0	8176	12.12173728	1
0	8177	12.12177824	1
0	8178	12.1218192	1
0	8179	12.12186016	1
0	8180	12.12190112	1
0	8181	12.12194208	1
0	8182	12.12198304	1
0	8183	12.122024	1
0	8233	12.22157344	1
0	8237	12.2216144	1
0	8242	12.22165536	1
0	8247	12.22169632	1
0	8248	12.22173728	1
0	8249	12.22177824	1
0	8250	12.2218192	1
0	8251	12.22186016	1
0	8252	12.22190112	1
0	8253	12.22194208	1
0	8254	12.22198304	1
0	8255	12.222024	1
0	8305	12.32157344	1
0	8309	12.3216144	1
0	8314	12.32165536	1
0	8319	12.32169632	1
0	8320	12.32173728	1
0	8321	12.32177824	1
0	8322	12.3218192	1
0	8323	12.32186016	1
0	8324	12.32190112	1
0	8325	12.32194208	1
0	8326	12.32198304	1
0	8327	12.322024	1
0	8377	12.42157344	1
0	8381	12.4216144	1
0	8386	12.42165536	1
0	8391	12.42169632	1
0	8392	12.42173728	1
0	8393	12.42177824	1
0	8394	12.4218192	1
0	8395	12.42186016	1
0	8396	12.42190112	1
0	8397	12.42194208	1
0	8398	12.42198304	1
0	8399	12.422024	1
0	8449	12.52157344	1
0	8453	12.5216144	1
0	8458	12.52165536	1
0	8463	12.52169632	1
0	8464	12.52173728	1
0	8465	12.52177824	1
0	8466	12.5218192	1
0	8467	12.52186016	1
0	8468	12.52190112	1
0	8469	12.52194208	1
0	8470	12.52198304	1
0	8471	12.522024	1
0	8521	12.62157344	1
0	8525	12.6216144	1
0	8530	12.62165536	1
0	8535	12.62169632	1
0	8536	12.62173728	1
0	8537	12.62177824	1
0	8538	12.6218192	1
0	8539	12.62186016	1
0	8540	12.62190112	1
0	8541	12.62194208	1
0	8542	12.62198304	1
0	8543	12.622024	1
0	8593	12.72157344	1
0	8597	12.7216144	1
0	8602	12.72165536	1
0	8607	12.72169632	1
0	8608	12.72173728	1
0	8609	12.72177824	1
0	8610	12.7218192	1
0	8611	12.72186016	1
0	8612	12.72190112	1
0	8613	12.72194208	1
0	8614	12.72198304	1
0	8615	12.722024	1
0	8665	12.82157344	1
0	8669	12.8216144	1
0	8674	12.82165536	1
0	8679	12.82169632	1
0	8680	12.82173728	1
0	8681	12.82177824	1
0	8682	12.8218192	1
0	8683	12.82186016	1
0	8684	12.82190112	1
0	8685	12.82194208	1
0	8686	12.82198304	1
0	8687	12.822024	1
0	8737	12.92157344	1
0	8741	12.9216144	1
0	8746	12.92165536	1
0	8751	12.92169632	1
0	8752	12.92173728	1
0	8753	12.92177824	1
0	8754	12.9218192	1
0	8755	12.92186016	1
0	8756	12.92190112	1
0	8757	12.92194208	1
0	8758	12.92198304	1
0	8759	12.922024	1
0	8809	13.02157344	1
0	8813	13.0216144	1
0	8818	13.02165536	1
0	8823	13.02169632	1
0	8824	13.02173728	1
0	8825	13.02177824	1
0	8826	13.0218192	1
0	8827	13.02186016	1
0	8828	13.02190112	1
0	8829	13.02194208	1
0	8830	13.02198304	1
0	8831	13.022024	1
0	8881	13.12157344	1
0	8885	13.1216144	1
0	8890	13.12165536	1
0	8895	13.12169632	1
0	8896	13.12173728	1
0	8897	13.12177824	1
0	8898	13.1218192	1
0	8899	13.12186016	1
0	8900	13.12190112	1
0	8901	13.12194208	1
0	8902	13.12198304	1
0	8903	13.122024	1
0	8953	13.22157344	1
0	8957	13.2216144	1
0	8962	13.22165536	1
0	8967	13.22169632	1
0	8968	13.22173728	1
0	8969	13.22177824	1
0	8970	13.2218192	1
0	8971	13.22186016	1
0	8972	13.22190112	1
0	8973	13.22194208	1
0	8974	13.22198304	1
0	8975	13.222024	1
0	9025	13.32157344	1
0	9029	13.3216144	1
0	9034	13.32165536	1
0	9039	13.32169632	1
0	9040	13.32173728	1
0	9041	13.32177824	1
0	9042	13.3218192	1
0	9043	13.32186016	1
0	9044	13.32190112	1
0	9045	13.32194208	1
0	9046	13.32198304	1
0	9047	13.322024	1
0	9097	13.42157344	1
0	9101	13.4216144	1
0	9106	13.42165536	1
0	9111	13.42169632	1
0	9112	13.42173728	1
0	9113	13.42177824	1
0	9114	13.4218192	1
0	9115	13.42186016	1
0	9116	13.42190112	1
0	9117	13.42194208	1
0	9118	13.42198304	1
0	9119	13.422024	1
0	9169	13.52157344	1
0	9173	13.5216144	1
0	9178	13.52165536	1
0	9183	13.52169632	1
0	9184	13.52173728	1
0	9185	13.52177824	1
0	9186	13.5218192	1
0	9187	13.52186016	1
0	9188	13.52190112	1
0	9189	13.52194208	1
0	9190	13.52198304	1
0	9191	13.522024	1
0	9241	13.62157344	1
0	9245	13.6216144	1
0	9250	13.62165536	1
0	9255	13.62169632	1
0	9256	13.62173728	1
0	9257	13.62177824	1
0	9258	13.6218192	1
0	9259	13.62186016	1
0	9260	13.62190112	1
0	9261	13.62194208	1
0	9262	13.62198304	1
0	9263	13.622024	1
0	9313	13.72157344	1
0	9317	13.7216144	1
0	9322	13.72165536	1
0	9327	13.72169632	1
0	9328	13.72173728	1
0	9329	13.72177824	1
0	9330	13.7218192	1
0	9331	13.72186016	1
0	9332	13.72190112	1
0	9333	13.72194208	1
0	9334	13.72198304	1
0	9335	13.722024	1
0	9385	13.82157344	1
0	9389	13.8216144	1
0	9394	13.82165536	1
0	9399	13.82169632	1
0	9400	13.82173728	1
0	9401	13.82177824	1
0	9402	13.8218192	1
0	9403	13.82186016	1
0	9404	13.82190112	1
0	9405	13.82194208	1
0	9406	13.82198304	1
0	9407	13.822024	1
0	9457	13.92157344	1
0	9461	13.9216144	1
0	9466	13.92165536	1
0	9471	13.92169632	1
0	9472	13.92173728	1
0	9473	13.92177824	1
0	9474	13.9218192	1
0	9475	13.92186016	1
0	9476	13.92190112	1
0	9477	13.92194208	1
0	9478	13.92198304	1
0	9479	13.922024	1
0	9529	14.02157344	1
0	9533	14.0216144	1
0	9538	14.02165536	1
0	9543	14.02169632	1
0	9544	14.02173728	1
0	9545	14.02177824	1
0	9546	14.0218192	1
0	9547	14.02186016	1
0	9548	14.02190112	1
0	9549	14.02194208	1
0	9550	14.02198304	1
0	9551	14.022024	1
0	9601	14.12157344	1
0	9605	14.1216144	1
0	9610	14.12165536	1
0	9615	14.12169632	1
0	9616	14.12173728	1
0	9617	14.12177824	1
0	9618	14.1218192	1
0	9619	14.12186016	1
0	9620	14.12190112	1
0	9621	14.12194208	1
0	9622	14.12198304	1
0	9623	14.122024	1
0	9673	14.22157344	1
0	9677	14.2216144	1
0	9682	14.22165536	1
0	9687	14.22169632	1
0	9688	14.22173728	1
0	9689	14.22177824	1
0	9690	14.2218192	1
0	9691	14.22186016	1
0	9692	14.22190112	1
0	9693	14.22194208	1
0	9694	14.22198304	1
0	9695	14.222024	1
0	9745	14.32157344	1
0	9749	14.3216144	1
0	9754	14.32165536	1
0	9759	14.32169632	1
0	9760	14.32173728	1
0	9761	14.32177824	1
0	9762	14.3218192	1
0	9763	14.32186016	1
0	9764	14.32190112	1
0	9765	14.32194208	1
0	9766	14.32198304	1
0	9767	14.322024	1
0	9817	14.42157344	1
0	9821	14.4216144	1
0	9826	14.42165536	1
0	9831	14.42169632	1
0	9832	14.42173728	1
0	9833	14.42177824	1
0	9834	14.4218192	1
0	9835	14.42186016	1
0	9836	14.42190112	1
0	9837	14.42194208	1
0	9838	14.42198304	1
0	9839	14.422024	1
0	9889	14.52157344	1
0	9893	14.5216144	1
0	9898	14.52165536	1
0	9903	14.52169632	1
0	9904	14.52173728	1
0	9905	14.52177824	1
0	9906	14.5218192	1
0	9907	14.52186016	1
0	9908	14.52190112	1
0	9909	14.52194208	1
0	9910	14.52198304	1
0	9911	14.522024	1
0	9961	14.62157344	1
0	9965	14.6216144	1
0	9970	14.62165536	1
0	9975	14.62169632	1
0	9976	14.62173728	1
0	9977	14.62177824	1
0	9978	14.6218192	1
0	9979	14.62186016	1
0	9980	14.62190112	1
0	9981	14.62194208	1
0	9982	14.62198304	1
0	9983	14.622024	1
0	10033	14.72157344	1
0	10037	14.7216144	1
0	10042	14.72165536	1
0	10047	14.72169632	1
0	10048	14.72173728	1
0	10049	14.72177824	1
0	10050	14.7218192	1
0	10051	14.72186016	1
0	10052	14.72190112	1
0	10053	14.72194208	1
0	10054	14.72198304	1
0	10055	14.722024	1
0	10105	14.82157344	1
0	10109	14.8216144	1
0	10114	14.82165536	1
0	10119	14.82169632	1
0	10120	14.82173728	1
0	10121	14.82177824	1
0	10122	14.8218192	1
0	10123	14.82186016	1
0	10124	14.82190112	1
0	10125	14.82194208	1
0	10126	14.82198304	1
0	10127	14.822024	1
0	10177	14.92157344	1
0	10181	14.9216144	1
0	10186	14.92165536	1
0	10191	14.92169632	1
0	10192	14.92173728	1
0	10193	14.92177824	1
0	10194	14.9218192	1
0	10195	14.92186016	1
0	10196	14.92190112	1
0	10197	14.92194208	1
0	10198	14.92198304	1
0	10199	14.922024	1
0	10249	15.02157344	1
0	10253	15.0216144	1
0	10258	15.02165536	1
0	10263	15.02169632	1
0	10264	15.02173728	1
0	10265	15.02177824	1
0	10266	15.0218192	1
0	10267	15.02186016	1
0	10268	15.02190112	1
0	10269	15.02194208	1
0	10270	15.02198304	1
0	10271	15.022024	1
0	10321	15.12157344	1
0	10325	15.1216144	1
0	10330	15.12165536	1
0	10335	15.12169632	1
0	10336	15.12173728	1
0	10337	15.12177824	1
0	10338	15.1218192	1
0	10339	15.12186016	1
0	10340	15.12190112	1
0	10341	15.12194208	1
0	10342	15.12198304	1
0	10343	15.122024	1
0	10393	15.22157344	1
0	10397	15.2216144	1
0	10402	15.22165536	1
0	10407	15.22169632	1
0	10408	15.22173728	1
0	10409	15.22177824	1
0	10410	15.2218192	1
0	10411	15.22186016	1
0	10412	15.22190112	1
0	10413	15.22194208	1
0	10414	15.22198304	1
0	10415	15.222024	1
0	10465	15.32157344	1
0	10469	15.3216144	1
0	10474	15.32165536	1
0	10479	15.32169632	1
0	10480	15.32173728	1
0	10481	15.32177824	1
0	10482	15.3218192	1
0	10483	15.32186016	1
0	10484	15.32190112	1
0	10485	15.32194208	1
0	10486	15.32198304	1
0	10487	15.322024	1
0	10537	15.42157344	1
0	10541	15.4216144	1
0	10546	15.42165536	1
0	10551	15.42169632	1
0	10552	15.42173728	1
0	10553	15.42177824	1
0	10554	15.4218192	1
0	10555	15.42186016	1
0	10556	15.42190112	1
0	10557	15.42194208	1
0	10558	15.42198304	1
0	10559	15.422024	1
0	10609	15.52157344	1
0	10613	15.5216144	1
0	10618	15.52165536	1
0	10623	15.52169632	1
0	10624	15.52173728	1
0	10625	15.52177824	1
0	10626	15.5218192	1
0	10627	15.52186016	1
0	10628	15.52190112	1
0	10629	15.52194208	1
0	10630	15.52198304	1
0	10631	15.522024	1
0	10681	15.62157344	1
0	10685	15.6216144	1
0	10690	15.62165536	1
0	10695	15.62169632	1
0	10696	15.62173728	1
0	10697	15.62177824	1
0	10698	15.6218192	1
0	10699	15.62186016	1
0	10700	15.62190112	1
0	10701	15.62194208	1
0	10702	15.62198304	1
0	10703	15.622024	1
0	10753	15.72157344	1
0	10757	15.7216144	1
0	10762	15.72165536	1
0	10767	15.72169632	1
0	10768	15.72173728	1
0	10769	15.72177824	1
0	10770	15.7218192	1
0	10771	15.72186016	1
0	10772	15.72190112	1
0	10773	15.72194208	1
0	10774	15.72198304	1
0	10775	15.722024	1
0	10825	15.82157344	1
0	10829	15.8216144	1
0	10834	15.82165536	1
0	10839	15.82169632	1
0	10840	15.82173728	1
0	10841	15.82177824	1
0	10842	15.8218192	1
0	10843	15.82186016	1
0	10844	15.82190112	1
0	10845	15.82194208	1
0	10846	15.82198304	1
0	10847	15.822024	1
0	10897	15.92157344	1
0	10901	15.9216144	1
0	10906	15.92165536	1
0	10911	15.92169632	1
0	10912	15.92173728	1
0	10913	15.92177824	1
0	10914	15.9218192	1
0	10915	15.92186016	1
0	10916	15.92190112	1
0	10917	15.92194208	1
0	10918	15.92198304	1
0	10919	15.922024	1
0	10969	16.02157344	1
0	10973	16.0216144	1
0	10978	16.02165536	1
0	10983	16.02169632	1
0	10984	16.02173728	1
0	10985	16.02177824	1
0	10986	16.0218192	1
0	10987	16.02186016	1
0	10988	16.02190112	1
0	10989	16.02194208	1
0	10990	16.02198304	1
0	10991	16.022024	1
0	11041	16.12157344	1
0	11045	16.1216144	1
0	11050	16.12165536	1
0	11055	16.12169632	1
0	11056	16.12173728	1
0	11057	16.12177824	1
0	11058	16.1218192	1
0	11059	16.12186016	1
0	11060	16.12190112	1
0	11061	16.12194208	1
0	11062	16.12198304	1
0	11063	16.122024	1
0	11113	16.22157344	1
0	11117	16.2216144	1
0	11122	16.22165536	1
0	11127	16.22169632	1
0	11128	16.22173728	1
0	11129	16.22177824	1
0	11130	16.2218192	1
0	11131	16.22186016	1
0	11132	16.22190112	1
0	11133	16.22194208	1
0	11134	16.22198304	1
0	11135	16.222024	1
0	11185	16.32157344	1
0	11189	16.3216144	1
0	11194	16.32165536	1
0	11199	16.32169632	1
0	11200	16.32173728	1
0	11201	16.32177824	1
0	11202	16.3218192	1
0	11203	16.32186016	1
0	11204	16.32190112	1
0	11205	16.32194208	1
0	11206	16.32198304	1
0	11207	16.322024	1
0	11257	16.42157344	1
0	11261	16.4216144	1
0	11266	16.42165536	1
0	11271	16.42169632	1
0	11272	16.42173728	1
0	11273	16.42177824	1
0	11274	16.4218192	1
0	11275	16.42186016	1
0	11276	16.42190112	1
0	11277	16.42194208	1
0	11278	16.42198304	1
0	11279	16.422024	1
0	11329	16.52157344	1
0	11333	16.5216144	1
0	11338	16.52165536	1
0	11343	16.52169632	1
0	11344	16.52173728	1
0	11345	16.52177824	1
0	11346	16.5218192	1
0	11347	16.52186016	1
0	11348	16.52190112	1
0	11349	16.52194208	1
0	11350	16.52198304	1
0	11351	16.522024	1
0	11401	16.62157344	1
0	11405	16.6216144	1
0	11410	16.62165536	1
0	11415	16.62169632	1
0	11416	16.62173728	1
0	11417	16.62177824	1
0	11418	16.6218192	1
0	11419	16.62186016	1
0	11420	16.62190112	1
0	11421	16.62194208	1
0	11422	16.62198304	1
0	11423	16.622024	1
0	11473	16.72157344	1
0	11477	16.7216144	1
0	11482	16.72165536	1
0	11487	16.72169632	1
0	11488	16.72173728	1
0	11489	16.72177824	1
0	11490	16.7218192	1
0	11491	16.72186016	1
0	11492	16.72190112	1
0	11493	16.72194208	1
0	11494	16.72198304	1
0	11495	16.722024	1
0	11545	16.82157344	1
0	11549	16.8216144	1
0	11554	16.82165536	1
0	11559	16.82169632	1
0	11560	16.82173728	1
0	11561	16.82177824	1
0	11562	16.8218192	1
0	11563	16.82186016	1
0	11564	16.82190112	1
0	11565	16.82194208	1
0	11566	16.82198304	1
0	11567	16.822024	1
0	11617	16.92157344	1
0	11621	16.9216144	1
0	11626	16.92165536	1
0	11631	16.92169632	1
0	11632	16.92173728	1
0	11633	16.92177824	1
0	11634	16.9218192	1
0	11635	16.92186016	1
0	11636	16.92190112	1
0	11637	16.92194208	1
0	11638	16.92198304	1
0	11639	16.922024	1
0	11689	17.02157344	1
0	11693	17.0216144	1
0	11698	17.02165536	1
0	11703	17.02169632	1
0	11704	17.02173728	1
0	11705	17.02177824	1
0	11706	17.0218192	1
0	11707	17.02186016	1
0	11708	17.02190112	1
0	11709	17.02194208	1
0	11710	17.02198304	1
0	11711	17.022024	1
0	11761	17.12157344	1
0	11765	17.1216144	1
0	11770	17.12165536	1
0	11775	17.12169632	1
0	11776	17.12173728	1
0	11777	17.12177824	1
0	11778	17.1218192	1
0	11779	17.12186016	1
0	11780	17.12190112	1
0	11781	17.12194208	1
0	11782	17.12198304	1
0	11783	17.122024	1
0	11833	17.22157344	1
0	11837	17.2216144	1
0	11842	17.22165536	1
0	11847	17.22169632	1
0	11848	17.22173728	1
0	11849	17.22177824	1
0	11850	17.2218192	1
0	11851	17.22186016	1
0	11852	17.22190112	1
0	11853	17.22194208	1
0	11854	17.22198304	1
0	11855	17.222024	1
0	11905	17.32157344	1
0	11909	17.3216144	1
0	11914	17.32165536	1
0	11919	17.32169632	1
0	11920	17.32173728	1
0	11921	17.32177824	1
0	11922	17.3218192	1
0	11923	17.32186016	1
0	11924	17.32190112	1
0	11925	17.32194208	1
0	11926	17.32198304	1
0	11927	17.322024	1
0	11977	17.42157344	1
0	11981	17.4216144	1
0	11986	17.42165536	1
0	11991	17.42169632	1
0	11992	17.42173728	1
0	11993	17.42177824	1
0	11994	17.4218192	1
0	11995	17.42186016	1
0	11996	17.42190112	1
0	11997	17.42194208	1
0	11998	17.42198304	1
0	11999	17.422024	1
0	12049	17.52157344	1
0	12053	17.5216144	1
0	12058	17.52165536	1
0	12063	17.52169632	1
0	12064	17.52173728	1
0	12065	17.52177824	1
0	12066	17.5218192	1
0	12067	17.52186016	1
0	12068	17.52190112	1
0	12069	17.52194208	1
0	12070	17.52198304	1
0	12071	17.522024	1
0	12121	17.62157344	1
0	12125	17.6216144	1
0	12130	17.62165536	1
0	12135	17.62169632	1
0	12136	17.62173728	1
0	12137	17.62177824	1
0	12138	17.6218192	1
0	12139	17.62186016	1
0	12140	17.62190112	1
0	12141	17.62194208	1
0	12142	17.62198304	1
0	12143	17.622024	1
0	12193	17.72157344	1
0	12197	17.7216144	1
0	12202	17.72165536	1
0	12207	17.72169632	1
0	12208	17.72173728	1
0	12209	17.72177824	1
0	12210	17.7218192	1
0	12211	17.72186016	1
0	12212	17.72190112	1
0	12213	17.72194208	1
0	12214	17.72198304	1
0	12215	17.722024	1
0	12265	17.82157344	1
0	12269	17.8216144	1
0	12274	17.82165536	1
0	12279	17.82169632	1
0	12280	17.82173728	1
0	12281	17.82177824	1
0	12282	17.8218192	1
0	12283	17.82186016	1
0	12284	17.82190112	1
0	12285	17.82194208	1
0	12286	17.82198304	1
0	12287	17.822024	1
0	12337	17.92157344	1
0	12341	17.9216144	1
0	12346	17.92165536	1
0	12351	17.92169632	1
0	12352	17.92173728	1
0	12353	17.92177824	1
0	12354	17.9218192	1
0	12355	17.92186016	1
0	12356	17.92190112	1
0	12357	17.92194208	1
0	12358	17.92198304	1
0	12359	17.922024	1
0	12409	18.02157344	1
0	12413	18.0216144	1
0	12418	18.02165536	1
0	12423	18.02169632	1
0	12424	18.02173728	1
0	12425	18.02177824	1
0	12426	18.0218192	1
0	12427	18.02186016	1
0	12428	18.02190112	1
0	12429	18.02194208	1
0	12430	18.02198304	1
0	12431	18.022024	1
0	12481	18.12157344	1
0	12485	18.1216144	1
0	12490	18.12165536	1
0	12495	18.12169632	1
0	12496	18.12173728	1
0	12497	18.12177824	1
0	12498	18.1218192	1
0	12499	18.12186016	1
0	12500	18.12190112	1
0	12501	18.12194208	1
0	12502	18.12198304	1
0	12503	18.122024	1
0	12553	18.22157344	1
0	12557	18.2216144	1
0	12562	18.22165536	1
0	12567	18.22169632	1
0	12568	18.22173728	1
0	12569	18.22177824	1
0	12570	18.2218192	1
0	12571	18.22186016	1
0	12572	18.22190112	1
0	12573	18.22194208	1
0	12574	18.22198304	1
0	12575	18.222024	1
0	12625	18.32157344	1
0	12629	18.3216144	1
0	12634	18.32165536	1
0	12639	18.32169632	1
0	12640	18.32173728	1
0	12641	18.32177824	1
0	12642	18.3218192	1
0	12643	18.32186016	1
0	12644	18.32190112	1
0	12645	18.32194208	1
0	12646	18.32198304	1
0	12647	18.322024	1
0	12697	18.42157344	1
0	12701	18.4216144	1
0	12706	18.42165536	1
0	12711	18.42169632	1
0	12712	18.42173728	1
0	12713	18.42177824	1
0	12714	18.4218192	1
0	12715	18.42186016	1
0	12716	18.42190112	1
0	12717	18.42194208	1
0	12718	18.42198304	1
0	12719	18.422024	1
0	12769	18.52157344	1
0	12773	18.5216144	1
0	12778	18.52165536	1
0	12783	18.52169632	1
0	12784	18.52173728	1
0	12785	18.52177824	1
0	12786	18.5218192	1
0	12787	18.52186016	1
0	12788	18.52190112	1
0	12789	18.52194208	1
0	12790	18.52198304	1
0	12791	18.522024	1
0	12841	18.62157344	1
0	12845	18.6216144	1
0	12850	18.62165536	1
0	12855	18.62169632	1
0	12856	18.62173728	1
0	12857	18.62177824	1
0	12858	18.6218192	1
0	12859	18.62186016	1
0	12860	18.62190112	1
0	12861	18.62194208	1
0	12862	18.62198304	1
0	12863	18.622024	1
0	12913	18.72157344	1
0	12917	18.7216144	1
0	12922	18.72165536	1
0	12927	18.72169632	1
0	12928	18.72173728	1
0	12929	18.72177824	1
0	12930	18.7218192	1
0	12931	18.72186016	1
0	12932	18.72190112	1
0	12933	18.72194208	1
0	12934	18.72198304	1
0	12935	18.722024	1
0	12985	18.82157344	1
0	12989	18.8216144	1
0	12994	18.82165536	1
0	12999	18.82169632	1
0	13000	18.82173728	1
0	13001	18.82177824	1
0	13002	18.8218192	1
0	13003	18.82186016	1
0	13004	18.82190112	1
0	13005	18.82194208	1
0	13006	18.82198304	1
0	13007	18.822024	1
0	13057	18.92157344	1
0	13061	18.9216144	1
0	13066	18.92165536	1
0	13071	18.92169632	1
0	13072	18.92173728	1
0	13073	18.92177824	1
0	13074	18.9218192	1
0	13075	18.92186016	1
0	13076	18.92190112	1
0	13077	18.92194208	1
0	13078	18.92198304	1
0	13079	18.922024	1
0	13129	19.02157344	1
0	13133	19.0216144	1
0	13138	19.02165536	1
0	13143	19.02169632	1
0	13144	19.02173728	1
0	13145	19.02177824	1
0	13146	19.0218192	1
0	13147	19.02186016	1
0	13148	19.02190112	1
0	13149	19.02194208	1
0	13150	19.02198304	1
0	13151	19.022024	1
0	13201	19.12157344	1
0	13205	19.1216144	1
0	13210	19.12165536	1
0	13215	19.12169632	1
0	13216	19.12173728	1
0	13217	19.12177824	1
0	13218	19.1218192	1
0	13219	19.12186016	1
0	13220	19.12190112	1
0	13221	19.12194208	1
0	13222	19.12198304	1
0	13223	19.122024	1
0	13273	19.22157344	1
0	13277	19.2216144	1
0	13282	19.22165536	1
0	13287	19.22169632	1
0	13288	19.22173728	1
0	13289	19.22177824	1
0	13290	19.2218192	1
0	13291	19.22186016	1
0	13292	19.22190112	1
0	13293	19.22194208	1
0	13294	19.22198304	1
0	13295	19.222024	1
0	13345	19.32157344	1
0	13349	19.3216144	1
0	13354	19.32165536	1
0	13359	19.32169632	1
0	13360	19.32173728	1
0	13361	19.32177824	1
0	13362	19.3218192	1
0	13363	19.32186016	1
0	13364	19.32190112	1
0	13365	19.32194208	1
0	13366	19.32198304	1
0	13367	19.322024	1
0	13417	19.42157344	1
0	13421	19.4216144	1
0	13426	19.42165536	1
0	13431	19.42169632	1
0	13432	19.42173728	1
0	13433	19.42177824	1
0	13434	19.4218192	1
0	13435	19.42186016	1
0	13436	19.42190112	1
0	13437	19.42194208	1
0	13438	19.42198304	1
0	13439	19.422024	1
0	13489	19.52157344	1
0	13493	19.5216144	1
0	13498	19.52165536	1
0	13503	19.52169632	1
0	13504	19.52173728	1
0	13505	19.52177824	1
0	13506	19.5218192	1
0	13507	19.52186016	1
0	13508	19.52190112	1
0	13509	19.52194208	1
0	13510	19.52198304	1
0	13511	19.522024	1
0	13561	19.62157344	1
0	13565	19.6216144	1
0	13570	19.62165536	1
0	13575	19.62169632	1
0	13576	19.62173728	1
0	13577	19.62177824	1
0	13578	19.6218192	1
0	13579	19.62186016	1
0	13580	19.62190112	1
0	13581	19.62194208	1
0	13582	19.62198304	1
0	13583	19.622024	1
0	13633	19.72157344	1
0	13637	19.7216144	1
0	13642	19.72165536	1
0	13647	19.72169632	1
0	13648	19.72173728	1
0	13649	19.72177824	1
0	13650	19.7218192	1
0	13651	19.72186016	1
0	13652	19.72190112	1
0	13653	19.72194208	1
0	13654	19.72198304	1
0	13655	19.722024	1
0	13705	19.82157344	1
0	13709	19.8216144	1
0	13714	19.82165536	1
0	13719	19.82169632	1
0	13720	19.82173728	1
0	13721	19.82177824	1
0	13722	19.8218192	1
0	13723	19.82186016	1
0	13724	19.82190112	1
0	13725	19.82194208	1
0	13726	19.82198304	1
0	13727	19.822024	1
0	13777	19.92157344	1
0	13781	19.9216144	1
0	13786	19.92165536	1
0	13791	19.92169632	1
0	13792	19.92173728	1
0	13793	19.92177824	1
0	13794	19.9218192	1
0	13795	19.92186016	1
0	13796	19.92190112	1
0	13797	19.92194208	1
0	13798	19.92198304	1
0	13799	19.922024	1
0	13849	20.02157344	1
0	13853	20.0216144	1
0	13858	20.02165536	1
0	13863	20.02169632	1
0	13864	20.02173728	1
0	13865	20.02177824	1
0	13866	20.0218192	1
0	13867	20.02186016	1
0	13868	20.02190112	1
0	13869	20.02194208	1
0	13870	20.02198304	1
0	13871	20.022024	1
0	13921	20.12157344	1
0	13925	20.1216144	1
0	13930	20.12165536	1
0	13935	20.12169632	1
0	13936	20.12173728	1
0	13937	20.12177824	1
0	13938	20.1218192	1
0	13939	20.12186016	1
0	13940	20.12190112	1
0	13941	20.12194208	1
0	13942	20.12198304	1
0	13943	20.122024	1
0	13993	20.22157344	1
0	13997	20.2216144	1
0	14002	20.22165536	1
0	14007	20.22169632	1
0	14008	20.22173728	1
0	14009	20.22177824	1
0	14010	20.2218192	1
0	14011	20.22186016	1
0	14012	20.22190112	1
0	14013	20.22194208	1
0	14014	20.22198304	1
0	14015	20.222024	1
0	14065	20.32157344	1
0	14069	20.3216144	1
0	14074	20.32165536	1
0	14079	20.32169632	1
0	14080	20.32173728	1
0	14081	20.32177824	1
0	14082	20.3218192	1
0	14083	20.32186016	1
0	14084	20.32190112	1
0	14085	20.32194208	1
0	14086	20.32198304	1
0	14087	20.322024	1
0	14137	20.42157344	1
0	14141	20.4216144	1
0	14146	20.42165536	1
0	14151	20.42169632	1
0	14152	20.42173728	1
0	14153	20.42177824	1
0	14154	20.4218192	1
0	14155	20.42186016	1
0	14156	20.42190112	1
0	14157	20.42194208	1
0	14158	20.42198304	1
0	14159	20.422024	1
0	14209	20.52157344	1
0	14213	20.5216144	1
0	14218	20.52165536	1
0	14223	20.52169632	1
0	14224	20.52173728	1
0	14225	20.52177824	1
0	14226	20.5218192	1
0	14227	20.52186016	1
0	14228	20.52190112	1
0	14229	20.52194208	1
0	14230	20.52198304	1
0	14231	20.522024	1
0	14281	20.62157344	1
0	14285	20.6216144	1
0	14290	20.62165536	1
0	14295	20.62169632	1
0	14296	20.62173728	1
0	14297	20.62177824	1
0	14298	20.6218192	1
0	14299	20.62186016	1
0	14300	20.62190112	1
0	14301	20.62194208	1
0	14302	20.62198304	1
0	14303	20.622024	1
0	14353	20.72157344	1
0	14357	20.7216144	1
0	14362	20.72165536	1
0	14367	20.72169632	1
0	14368	20.72173728	1
0	14369	20.72177824	1
0	14370	20.7218192	1
0	14371	20.72186016	1
0	14372	20.72190112	1
0	14373	20.72194208	1
0	14374	20.72198304	1
0	14375	20.722024	1
0	14425	20.82157344	1
0	14429	20.8216144	1
0	14434	20.82165536	1
0	14439	20.82169632	1
0	14440	20.82173728	1
0	14441	20.82177824	1
0	14442	20.8218192	1
0	14443	20.82186016	1
0	14444	20.82190112	1
0	14445	20.82194208	1
0	14446	20.82198304	1
0	14447	20.822024	1
0	14497	20.92157344	1
0	14501	20.9216144	1
0	14506	20.92165536	1
0	14511	20.92169632	1
0	14512	20.92173728	1
0	14513	20.92177824	1
0	14514	20.9218192	1
0	14515	20.92186016	1
0	14516	20.92190112	1
0	14517	20.92194208	1
0	14518	20.92198304	1
0	14519	20.922024	1
0	14569	21.02157344	1
0	14573	21.0216144	1
0	14578	21.02165536	1
0	14583	21.02169632	1
0	14584	21.02173728	1
0	14585	21.02177824	1
0	14586	21.0218192	1
0	14587	21.02186016	1
0	14588	21.02190112	1
0	14589	21.02194208	1
0	14590	21.02198304	1
0	14591	21.022024	1
0	14641	21.12157344	1
0	14645	21.1216144	1
0	14650	21.12165536	1
0	14655	21.12169632	1
0	14656	21.12173728	1
0	14657	21.12177824	1
0	14658	21.1218192	1
0	14659	21.12186016	1
0	14660	21.12190112	1
0	14661	21.12194208	1
0	14662	21.12198304	1
0	14663	21.122024	1
0	14713	21.22157344	1
0	14717	21.2216144	1
0	14722	21.22165536	1
0	14727	21.22169632	1
0	14728	21.22173728	1
0	14729	21.22177824	1
0	14730	21.2218192	1
0	14731	21.22186016	1
0	14732	21.22190112	1
0	14733	21.22194208	1
0	14734	21.22198304	1
0	14735	21.222024	1
0	14785	21.32157344	1
0	14789	21.3216144	1
0	14794	21.32165536	1
0	14799	21.32169632	1
0	14800	21.32173728	1
0	14801	21.32177824	1
0	14802	21.3218192	1
0	14803	21.32186016	1
0	14804	21.32190112	1
0	14805	21.32194208	1
0	14806	21.32198304	1
0	14807	21.322024	1
0	14857	21.42157344	1
0	14861	21.4216144	1
0	14866	21.42165536	1
0	14871	21.42169632	1
0	14872	21.42173728	1
0	14873	21.42177824	1
0	14874	21.4218192	1
0	14875	21.42186016	1
0	14876	21.42190112	1
0	14877	21.42194208	1
0	14878	21.42198304	1
0	14879	21.422024	1
0	14929	21.52157344	1
0	14933	21.5216144	1
0	14938	21.52165536	1
0	14943	21.52169632	1
0	14944	21.52173728	1
0	14945	21.52177824	1
0	14946	21.5218192	1
0	14947	21.52186016	1
0	14948	21.52190112	1
0	14949	21.52194208	1
0	14950	21.52198304	1
0	14951	21.522024	1
0	15001	21.62157344	1
0	15005	21.6216144	1
0	15010	21.62165536	1
0	15015	21.62169632	1
0	15016	21.62173728	1
0	15017	21.62177824	1
0	15018	21.6218192	1
0	15019	21.62186016	1
0	15020	21.62190112	1
0	15021	21.62194208	1
0	15022	21.62198304	1
0	15023	21.622024	1
0	15073	21.72157344	1
0	15077	21.7216144	1
0	15082	21.72165536	1
0	15087	21.72169632	1
0	15088	21.72173728	1
0	15089	21.72177824	1
0	15090	21.7218192	1
0	15091	21.72186016	1
0	15092	21.72190112	1
0	15093	21.72194208	1
0	15094	21.72198304	1
0	15095	21.722024	1
0	15145	21.82157344	1
0	15149	21.8216144	1
0	15154	21.82165536	1
0	15159	21.82169632	1
0	15160	21.82173728	1
0	15161	21.82177824	1
0	15162	21.8218192	1
0	15163	21.82186016	1
0	15164	21.82190112	1
0	15165	21.82194208	1
0	15166	21.82198304	1
0	15167	21.822024	1
0	15217	21.92157344	1
0	15221	21.9216144	1
0	15226	21.92165536	1
0	15231	21.92169632	1
0	15232	21.92173728	1
0	15233	21.92177824	1
0	15234	21.9218192	1
0	15235	21.92186016	1
0	15236	21.92190112	1
0	15237	21.92194208	1
0	15238	21.92198304	1
0	15239	21.922024	1
0	15289	22.02157344	1
0	15293	22.0216144	1
0	15298	22.02165536	1
0	15303	22.02169632	1
0	15304	22.02173728	1
0	15305	22.02177824	1
0	15306	22.0218192	1
0	15307	22.02186016	1
0	15308	22.02190112	1
0	15309	22.02194208	1
0	15310	22.02198304	1
0	15311	22.022024	1
0	15361	22.12157344	1
0	15365	22.1216144	1
0	15370	22.12165536	1
0	15375	22.12169632	1
0	15376	22.12173728	1
0	15377	22.12177824	1
0	15378	22.1218192	1
0	15379	22.12186016	1
0	15380	22.12190112	1
0	15381	22.12194208	1
0	15382	22.12198304	1
0	15383	22.122024	1
0	15433	22.22157344	1
0	15437	22.2216144	1
0	15442	22.22165536	1
0	15447	22.22169632	1
0	15448	22.22173728	1
0	15449	22.22177824	1
0	15450	22.2218192	1
0	15451	22.22186016	1
0	15452	22.22190112	1
0	15453	22.22194208	1
0	15454	22.22198304	1
0	15455	22.222024	1
0	15505	22.32157344	1
0	15509	22.3216144	1
0	15514	22.32165536	1
0	15519	22.32169632	1
0	15520	22.32173728	1
0	15521	22.32177824	1
0	15522	22.3218192	1
0	15523	22.32186016	1
0	15524	22.32190112	1
0	15525	22.32194208	1
0	15526	22.32198304	1
0	15527	22.322024	1
0	15577	22.42157344	1
0	15581	22.4216144	1
0	15586	22.42165536	1
0	15591	22.42169632	1
0	15592	22.42173728	1
0	15593	22.42177824	1
0	15594	22.4218192	1
0	15595	22.42186016	1
0	15596	22.42190112	1
0	15597	22.42194208	1
0	15598	22.42198304	1
0	15599	22.422024	1
0	15649	22.52157344	1
0	15653	22.5216144	1
0	15658	22.52165536	1
0	15663	22.52169632	1
0	15664	22.52173728	1
0	15665	22.52177824	1
0	15666	22.5218192	1
0	15667	22.52186016	1
0	15668	22.52190112	1
0	15669	22.52194208	1
0	15670	22.52198304	1
0	15671	22.522024	1
0	15721	22.62157344	1
0	15725	22.6216144	1
0	15730	22.62165536	1
0	15735	22.62169632	1
0	15736	22.62173728	1
0	15737	22.62177824	1
0	15738	22.6218192	1
0	15739	22.62186016	1
0	15740	22.62190112	1
0	15741	22.62194208	1
0	15742	22.62198304	1
0	15743	22.622024	1
0	15793	22.72157344	1
0	15797	22.7216144	1
0	15802	22.72165536	1
0	15807	22.72169632	1
0	15808	22.72173728	1
0	15809	22.72177824	1
0	15810	22.7218192	1
0	15811	22.72186016	1
0	15812	22.72190112	1
0	15813	22.72194208	1
0	15814	22.72198304	1
0	15815	22.722024	1
0	15865	22.82157344	1
0	15869	22.8216144	1
0	15874	22.82165536	1
0	15879	22.82169632	1
0	15880	22.82173728	1
0	15881	22.82177824	1
0	15882	22.8218192	1
0	15883	22.82186016	1
0	15884	22.82190112	1
0	15885	22.82194208	1
0	15886	22.82198304	1
0	15887	22.822024	1
0	15937	22.92157344	1
0	15941	22.9216144	1
0	15946	22.92165536	1
0	15951	22.92169632	1
0	15952	22.92173728	1
0	15953	22.92177824	1
0	15954	22.9218192	1
0	15955	22.92186016	1
0	15956	22.92190112	1
0	15957	22.92194208	1
0	15958	22.92198304	1
0	15959	22.922024	1
0	16009	23.02157344	1
0	16013	23.0216144	1
0	16018	23.02165536	1
0	16023	23.02169632	1
0	16024	23.02173728	1
0	16025	23.02177824	1
0	16026	23.0218192	1
0	16027	23.02186016	1
0	16028	23.02190112	1
0	16029	23.02194208	1
0	16030	23.02198304	1
0	16031	23.022024	1
0	16081	23.12157344	1
0	16085	23.1216144	1
0	16090	23.12165536	1
0	16095	23.12169632	1
0	16096	23.12173728	1
0	16097	23.12177824	1
0	16098	23.1218192	1
0	16099	23.12186016	1
0	16100	23.12190112	1
0	16101	23.12194208	1
0	16102	23.12198304	1
0	16103	23.122024	1
0	16153	23.22157344	1
0	16157	23.2216144	1
0	16162	23.22165536	1
0	16167	23.22169632	1
0	16168	23.22173728	1
0	16169	23.22177824	1
0	16170	23.2218192	1
0	16171	23.22186016	1
0	16172	23.22190112	1
0	16173	23.22194208	1
0	16174	23.22198304	1
0	16175	23.222024	1
0	16225	23.32157344	1
0	16229	23.3216144	1
0	16234	23.32165536	1
0	16239	23.32169632	1
0	16240	23.32173728	1
0	16241	23.32177824	1
0	16242	23.3218192	1
0	16243	23.32186016	1
0	16244	23.32190112	1
0	16245	23.32194208	1
0	16246	23.32198304	1
0	16247	23.322024	1
0	16297	23.42157344	1
0	16301	23.4216144	1
0	16306	23.42165536	1
0	16311	23.42169632	1
0	16312	23.42173728	1
0	16313	23.42177824	1
0	16314	23.4218192	1
0	16315	23.42186016	1
0	16316	23.42190112	1
0	16317	23.42194208	1
0	16318	23.42198304	1
0	16319	23.422024	1
0	16369	23.52157344	1
0	16373	23.5216144	1
0	16378	23.52165536	1
0	16383	23.52169632	1
0	16384	23.52173728	1
0	16385	23.52177824	1
0	16386	23.5218192	1
0	16387	23.52186016	1
0	16388	23.52190112	1
0	16389	23.52194208	1
0	16390	23.52198304	1
0	16391	23.522024	1
0	16441	23.62157344	1
0	16445	23.6216144	1
0	16450	23.62165536	1
0	16455	23.62169632	1
0	16456	23.62173728	1
0	16457	23.62177824	1
0	16458	23.6218192	1
0	16459	23.62186016	1
0	16460	23.62190112	1
0	16461	23.62194208	1
0	16462	23.62198304	1
0	16463	23.622024	1
0	16513	23.72157344	1
0	16517	23.7216144	1
0	16522	23.72165536	1
0	16527	23.72169632	1
0	16528	23.72173728	1
0	16529	23.72177824	1
0	16530	23.7218192	1
0	16531	23.72186016	1
0	16532	23.72190112	1
0	16533	23.72194208	1
0	16534	23.72198304	1
0	16535	23.722024	1
0	16585	23.82157344	1
0	16589	23.8216144	1
0	16594	23.82165536	1
0	16599	23.82169632	1
0	16600	23.82173728	1
0	16601	23.82177824	1
0	16602	23.8218192	1
0	16603	23.82186016	1
0	16604	23.82190112	1
0	16605	23.82194208	1
0	16606	23.82198304	1
0	16607	23.822024	1
0	16657	23.92157344	1
0	16661	23.9216144	1
0	16666	23.92165536	1
0	16671	23.92169632	1
0	16672	23.92173728	1
0	16673	23.92177824	1
0	16674	23.9218192	1
0	16675	23.92186016	1
0	16676	23.92190112	1
0	16677	23.92194208	1
0	16678	23.92198304	1
0	16679	23.922024	1
0	16729	24.02157344	1
0	16733	24.0216144	1
0	16738	24.02165536	1
0	16743	24.02169632	1
0	16744	24.02173728	1
0	16745	24.02177824	1
0	16746	24.0218192	1
0	16747	24.02186016	1
0	16748	24.02190112	1
0	16749	24.02194208	1
0	16750	24.02198304	1
0	16751	24.022024	1
0	16801	24.12157344	1
0	16805	24.1216144	1
0	16810	24.12165536	1
0	16815	24.12169632	1
0	16816	24.12173728	1
0	16817	24.12177824	1
0	16818	24.1218192	1
0	16819	24.12186016	1
0	16820	24.12190112	1
0	16821	24.12194208	1
0	16822	24.12198304	1
0	16823	24.122024	1
0	16873	24.22157344	1
0	16877	24.2216144	1
0	16882	24.22165536	1
0	16887	24.22169632	1
0	16888	24.22173728	1
0	16889	24.22177824	1
0	16890	24.2218192	1
0	16891	24.22186016	1
0	16892	24.22190112	1
0	16893	24.22194208	1
0	16894	24.22198304	1
0	16895	24.222024	1
0	16945	24.32157344	1
0	16949	24.3216144	1
0	16954	24.32165536	1
0	16959	24.32169632	1
0	16960	24.32173728	1
0	16961	24.32177824	1
0	16962	24.3218192	1
0	16963	24.32186016	1
0	16964	24.32190112	1
0	16965	24.32194208	1
0	16966	24.32198304	1
0	16967	24.322024	1
0	17017	24.42157344	1
0	17021	24.4216144	1
0	17026	24.42165536	1
0	17031	24.42169632	1
0	17032	24.42173728	1
0	17033	24.42177824	1
0	17034	24.4218192	1
0	17035	24.42186016	1
0	17036	24.42190112	1
0	17037	24.42194208	1
0	17038	24.42198304	1
0	17039	24.422024	1
0	17089	24.52157344	1
0	17093	24.5216144	1
0	17098	24.52165536	1
0	17103	24.52169632	1
0	17104	24.52173728	1
0	17105	24.52177824	1
0	17106	24.5218192	1
0	17107	24.52186016	1
0	17108	24.52190112	1
0	17109	24.52194208	1
0	17110	24.52198304	1
0	17111	24.522024	1
0	17161	24.62157344	1
0	17165	24.6216144	1
0	17170	24.62165536	1
0	17175	24.62169632	1
0	17176	24.62173728	1
0	17177	24.62177824	1
0	17178	24.6218192	1
0	17179	24.62186016	1
0	17180	24.62190112	1
0	17181	24.62194208	1
0	17182	24.62198304	1
0	17183	24.622024	1
0	17233	24.72157344	1
0	17237	24.7216144	1
0	17242	24.72165536	1
0	17247	24.72169632	1
0	17248	24.72173728	1
0	17249	24.72177824	1
0	17250	24.7218192	1
0	17251	24.72186016	1
0	17252	24.72190112	1
0	17253	24.72194208	1
0	17254	24.72198304	1
0	17255	24.722024	1
0	17305	24.82157344	1
0	17309	24.8216144	1
0	17314	24.82165536	1
0	17319	24.82169632	1
0	17320	24.82173728	1
0	17321	24.82177824	1
0	17322	24.8218192	1
0	17323	24.82186016	1
0	17324	24.82190112	1
0	17325	24.82194208	1
0	17326	24.82198304	1
0	17327	24.822024	1
0	17377	24.92157344	1
0	17381	24.9216144	1
0	17386	24.92165536	1
0	17391	24.92169632	1
0	17392	24.92173728	1
0	17393	24.92177824	1
0	17394	24.9218192	1
0	17395	24.92186016	1
0	17396	24.92190112	1
0	17397	24.92194208	1
0	17398	24.92198304	1
0	17399	24.922024	1
0	17449	25.02157344	1
0	17453	25.0216144	1
0	17458	25.02165536	1
0	17463	25.02169632	1
0	17464	25.02173728	1
0	17465	25.02177824	1
0	17466	25.0218192	1
0	17467	25.02186016	1
0	17468	25.02190112	1
0	17469	25.02194208	1
0	17470	25.02198304	1
0	17471	25.022024	1
0	17521	25.12157344	1
0	17525	25.1216144	1
0	17530	25.12165536	1
0	17535	25.12169632	1
0	17536	25.12173728	1
0	17537	25.12177824	1
0	17538	25.1218192	1
0	17539	25.12186016	1
0	17540	25.12190112	1
0	17541	25.12194208	1
0	17542	25.12198304	1
0	17543	25.122024	1
0	17593	25.22157344	1
0	17597	25.2216144	1
0	17602	25.22165536	1
0	17607	25.22169632	1
0	17608	25.22173728	1
0	17609	25.22177824	1
0	17610	25.2218192	1
0	17611	25.22186016	1
0	17612	25.22190112	1
0	17613	25.22194208	1
0	17614	25.22198304	1
0	17615	25.222024	1
0	17665	25.32157344	1
0	17669	25.3216144	1
0	17674	25.32165536	1
0	17679	25.32169632	1
0	17680	25.32173728	1
0	17681	25.32177824	1
0	17682	25.3218192	1
0	17683	25.32186016	1
0	17684	25.32190112	1
0	17685	25.32194208	1
0	17686	25.32198304	1
0	17687	25.322024	1
0	17737	25.42157344	1
0	17741	25.4216144	1
0	17746	25.42165536	1
0	17751	25.42169632	1
0	17752	25.42173728	1
0	17753	25.42177824	1
0	17754	25.4218192	1
0	17755	25.42186016	1
0	17756	25.42190112	1
0	17757	25.42194208	1
0	17758	25.42198304	1
0	17759	25.422024	1
0	17809	25.52157344	1
0	17813	25.5216144	1
0	17818	25.52165536	1
0	17823	25.52169632	1
0	17824	25.52173728	1
0	17825	25.52177824	1
0	17826	25.5218192	1
0	17827	25.52186016	1
0	17828	25.52190112	1
0	17829	25.52194208	1
0	17830	25.52198304	1
0	17831	25.522024	1
0	17881	25.62157344	1
0	17885	25.6216144	1
0	17890	25.62165536	1
0	17895	25.62169632	1
0	17896	25.62173728	1
0	17897	25.62177824	1
0	17898	25.6218192	1
0	17899	25.62186016	1
0	17900	25.62190112	1
0	17901	25.62194208	1
0	17902	25.62198304	1
0	17903	25.622024	1
0	17953	25.72157344	1
0	17957	25.7216144	1
0	17962	25.72165536	1
0	17967	25.72169632	1
0	17968	25.72173728	1
0	17969	25.72177824	1
0	17970	25.7218192	1
0	17971	25.72186016	1
0	17972	25.72190112	1
0	17973	25.72194208	1
0	17974	25.72198304	1
0	17975	25.722024	1
0	18025	25.82157344	1
0	18029	25.8216144	1
0	18034	25.82165536	1
0	18039	25.82169632	1
0	18040	25.82173728	1
0	18041	25.82177824	1
0	18042	25.8218192	1
0	18043	25.82186016	1
0	18044	25.82190112	1
0	18045	25.82194208	1
0	18046	25.82198304	1
0	18047	25.822024	1
0	18097	25.92157344	1
0	18101	25.9216144	1
0	18106	25.92165536	1
0	18111	25.92169632	1
0	18112	25.92173728	1
0	18113	25.92177824	1
0	18114	25.9218192	1
0	18115	25.92186016	1
0	18116	25.92190112	1
0	18117	25.92194208	1
0	18118	25.92198304	1
0	18119	25.922024	1
0	18169	26.02157344	1
0	18173	26.0216144	1
0	18178	26.02165536	1
0	18183	26.02169632	1
0	18184	26.02173728	1
0	18185	26.02177824	1
0	18186	26.0218192	1
0	18187	26.02186016	1
0	18188	26.02190112	1
0	18189	26.02194208	1
0	18190	26.02198304	1
0	18191	26.022024	1
0	18241	26.12157344	1
0	18245	26.1216144	1
0	18250	26.12165536	1
0	18255	26.12169632	1
0	18256	26.12173728	1
0	18257	26.12177824	1
0	18258	26.1218192	1
0	18259	26.12186016	1
0	18260	26.12190112	1
0	18261	26.12194208	1
0	18262	26.12198304	1
0	18263	26.122024	1
0	18313	26.22157344	1
0	18317	26.2216144	1
0	18322	26.22165536	1
0	18327	26.22169632	1
0	18328	26.22173728	1
0	18329	26.22177824	1
0	18330	26.2218192	1
0	18331	26.22186016	1
0	18332	26.22190112	1
0	18333	26.22194208	1
0	18334	26.22198304	1
0	18335	26.222024	1
0	18385	26.32157344	1
0	18389	26.3216144	1
0	18394	26.32165536	1
0	18399	26.32169632	1
0	18400	26.32173728	1
0	18401	26.32177824	1
0	18402	26.3218192	1
0	18403	26.32186016	1
0	18404	26.32190112	1
0	18405	26.32194208	1
0	18406	26.32198304	1
0	18407	26.322024	1
0	18457	26.42157344	1
0	18461	26.4216144	1
0	18466	26.42165536	1
0	18471	26.42169632	1
0	18472	26.42173728	1
0	18473	26.42177824	1
0	18474	26.4218192	1
0	18475	26.42186016	1
0	18476	26.42190112	1
0	18477	26.42194208	1
0	18478	26.42198304	1
0	18479	26.422024	1
0	18529	26.52157344	1
0	18533	26.5216144	1
0	18538	26.52165536	1
0	18543	26.52169632	1
0	18544	26.52173728	1
0	18545	26.52177824	1
0	18546	26.5218192	1
0	18547	26.52186016	1
0	18548	26.52190112	1
0	18549	26.52194208	1
0	18550	26.52198304	1
0	18551	26.522024	1
0	18601	26.62157344	1
0	18605	26.6216144	1
0	18610	26.62165536	1
0	18615	26.62169632	1
0	18616	26.62173728	1
0	18617	26.62177824	1
0	18618	26.6218192	1
0	18619	26.62186016	1
0	18620	26.62190112	1
0	18621	26.62194208	1
0	18622	26.62198304	1
0	18623	26.622024	1
0	18673	26.72157344	1
0	18677	26.7216144	1
0	18682	26.72165536	1
0	18687	26.72169632	1
0	18688	26.72173728	1
0	18689	26.72177824	1
0	18690	26.7218192	1
0	18691	26.72186016	1
0	18692	26.72190112	1
0	18693	26.72194208	1
0	18694	26.72198304	1
0	18695	26.722024	1
0	18745	26.82157344	1
0	18749	26.8216144	1
0	18754	26.82165536	1
0	18759	26.82169632	1
0	18760	26.82173728	1
0	18761	26.82177824	1
0	18762	26.8218192	1
0	18763	26.82186016	1
0	18764	26.82190112	1
0	18765	26.82194208	1
0	18766	26.82198304	1
0	18767	26.822024	1
0	18817	26.92157344	1
0	18821	26.9216144	1
0	18826	26.92165536	1
0	18831	26.92169632	1
0	18832	26.92173728	1
0	18833	26.92177824	1
0	18834	26.9218192	1
0	18835	26.92186016	1
0	18836	26.92190112	1
0	18837	26.92194208	1
0	18838	26.92198304	1
0	18839	26.922024	1
0	18889	27.02157344	1
0	18893	27.0216144	1
0	18898	27.02165536	1
0	18903	27.02169632	1
0	18904	27.02173728	1
0	18905	27.02177824	1
0	18906	27.0218192	1
0	18907	27.02186016	1
0	18908	27.02190112	1
0	18909	27.02194208	1
0	18910	27.02198304	1
0	18911	27.022024	1
0	18961	27.12157344	1
0	18965	27.1216144	1
0	18970	27.12165536	1
0	18975	27.12169632	1
0	18976	27.12173728	1
0	18977	27.12177824	1
0	18978	27.1218192	1
0	18979	27.12186016	1
0	18980	27.12190112	1
0	18981	27.12194208	1
0	18982	27.12198304	1
0	18983	27.122024	1
0	19033	27.22157344	1
0	19037	27.2216144	1
0	19042	27.22165536	1
0	19047	27.22169632	1
0	19048	27.22173728	1
0	19049	27.22177824	1
0	19050	27.2218192	1
0	19051	27.22186016	1
0	19052	27.22190112	1
0	19053	27.22194208	1
0	19054	27.22198304	1
0	19055	27.222024	1
0	19105	27.32157344	1
0	19109	27.3216144	1
0	19114	27.32165536	1
0	19119	27.32169632	1
0	19120	27.32173728	1
0	19121	27.32177824	1
0	19122	27.3218192	1
0	19123	27.32186016	1
0	19124	27.32190112	1
0	19125	27.32194208	1
0	19126	27.32198304	1
0	19127	27.322024	1
0	19177	27.42157344	1
0	19181	27.4216144	1
0	19186	27.42165536	1
0	19191	27.42169632	1
0	19192	27.42173728	1
0	19193	27.42177824	1
0	19194	27.4218192	1
0	19195	27.42186016	1
0	19196	27.42190112	1
0	19197	27.42194208	1
0	19198	27.42198304	1
0	19199	27.422024	1
0	19249	27.52157344	1
0	19253	27.5216144	1
0	19258	27.52165536	1
0	19263	27.52169632	1
0	19264	27.52173728	1
0	19265	27.52177824	1
0	19266	27.5218192	1
0	19267	27.52186016	1
0	19268	27.52190112	1
0	19269	27.52194208	1
0	19270	27.52198304	1
0	19271	27.522024	1
0	19321	27.62157344	1
0	19325	27.6216144	1
0	19330	27.62165536	1
0	19335	27.62169632	1
0	19336	27.62173728	1
0	19337	27.62177824	1
0	19338	27.6218192	1
0	19339	27.62186016	1
0	19340	27.62190112	1
0	19341	27.62194208	1
0	19342	27.62198304	1
0	19343	27.622024	1
0	19393	27.72157344	1
0	19397	27.7216144	1
0	19402	27.72165536	1
0	19407	27.72169632	1
0	19408	27.72173728	1
0	19409	27.72177824	1
0	19410	27.7218192	1
0	19411	27.72186016	1
0	19412	27.72190112	1
0	19413	27.72194208	1
0	19414	27.72198304	1
0	19415	27.722024	1
0	19465	27.82157344	1
0	19469	27.8216144	1
0	19474	27.82165536	1
0	19479	27.82169632	1
0	19480	27.82173728	1
0	19481	27.82177824	1
0	19482	27.8218192	1
0	19483	27.82186016	1
0	19484	27.82190112	1
0	19485	27.82194208	1
0	19486	27.82198304	1
0	19487	27.822024	1
0	19537	27.92157344	1
0	19541	27.9216144	1
0	19546	27.92165536	1
0	19551	27.92169632	1
0	19552	27.92173728	1
0	19553	27.92177824	1
0	19554	27.9218192	1
0	19555	27.92186016	1
0	19556	27.92190112	1
0	19557	27.92194208	1
0	19558	27.92198304	1
0	19559	27.922024	1
0	19609	28.02157344	1
0	19613	28.0216144	1
0	19618	28.02165536	1
0	19623	28.02169632	1
0	19624	28.02173728	1
0	19625	28.02177824	1
0	19626	28.0218192	1
0	19627	28.02186016	1
0	19628	28.02190112	1
0	19629	28.02194208	1
0	19630	28.02198304	1
0	19631	28.022024	1
0	19681	28.12157344	1
0	19685	28.1216144	1
0	19690	28.12165536	1
0	19695	28.12169632	1
0	19696	28.12173728	1
0	19697	28.12177824	1
0	19698	28.1218192	1
0	19699	28.12186016	1
0	19700	28.12190112	1
0	19701	28.12194208	1
0	19702	28.12198304	1
0	19703	28.122024	1
0	19753	28.22157344	1
0	19757	28.2216144	1
0	19762	28.22165536	1
0	19767	28.22169632	1
0	19768	28.22173728	1
0	19769	28.22177824	1
0	19770	28.2218192	1
0	19771	28.22186016	1
0	19772	28.22190112	1
0	19773	28.22194208	1
0	19774	28.22198304	1
0	19775	28.222024	1
0	19825	28.32157344	1
0	19829	28.3216144	1
0	19834	28.32165536	1
0	19839	28.32169632	1
0	19840	28.32173728	1
0	19841	28.32177824	1
0	19842	28.3218192	1
0	19843	28.32186016	1
0	19844	28.32190112	1
0	19845	28.32194208	1
0	19846	28.32198304	1
0	19847	28.322024	1
0	19897	28.42157344	1
0	19901	28.4216144	1
0	19906	28.42165536	1
0	19911	28.42169632	1
0	19912	28.42173728	1
0	19913	28.42177824	1
0	19914	28.4218192	1
0	19915	28.42186016	1
0	19916	28.42190112	1
0	19917	28.42194208	1
0	19918	28.42198304	1
0	19919	28.422024	1
0	19969	28.52157344	1
0	19973	28.5216144	1
0	19978	28.52165536	1
0	19983	28.52169632	1
0	19984	28.52173728	1
0	19985	28.52177824	1
0	19986	28.5218192	1
0	19987	28.52186016	1
0	19988	28.52190112	1
0	19989	28.52194208	1
0	19990	28.52198304	1
0	19991	28.522024	1
0	20041	28.62157344	1
0	20045	28.6216144	1
0	20050	28.62165536	1
0	20055	28.62169632	1
0	20056	28.62173728	1
0	20057	28.62177824	1
0	20058	28.6218192	1
0	20059	28.62186016	1
0	20060	28.62190112	1
0	20061	28.62194208	1
0	20062	28.62198304	1
0	20063	28.622024	1
0	20113	28.72157344	1
0	20117	28.7216144	1
0	20122	28.72165536	1
0	20127	28.72169632	1
0	20128	28.72173728	1
0	20129	28.72177824	1
0	20130	28.7218192	1
0	20131	28.72186016	1
0	20132	28.72190112	1
0	20133	28.72194208	1
0	20134	28.72198304	1
0	20135	28.722024	1
0	20185	28.82157344	1
0	20189	28.8216144	1
0	20194	28.82165536	1
0	20199	28.82169632	1
0	20200	28.82173728	1
0	20201	28.82177824	1
0	20202	28.8218192	1
0	20203	28.82186016	1
0	20204	28.82190112	1
0	20205	28.82194208	1
0	20206	28.82198304	1
0	20207	28.822024	1
0	20257	28.92157344	1
0	20261	28.9216144	1
0	20266	28.92165536	1
0	20271	28.92169632	1
0	20272	28.92173728	1
0	20273	28.92177824	1
0	20274	28.9218192	1
0	20275	28.92186016	1
0	20276	28.92190112	1
0	20277	28.92194208	1
0	20278	28.92198304	1
0	20279	28.922024	1
0	20329	29.02157344	1
0	20333	29.0216144	1
0	20338	29.02165536	1
0	20343	29.02169632	1
0	20344	29.02173728	1
0	20345	29.02177824	1
0	20346	29.0218192	1
0	20347	29.02186016	1
0	20348	29.02190112	1
0	20349	29.02194208	1
0	20350	29.02198304	1
0	20351	29.022024	1
0	20401	29.12157344	1
0	20405	29.1216144	1
0	20410	29.12165536	1
0	20415	29.12169632	1
0	20416	29.12173728	1
0	20417	29.12177824	1
0	20418	29.1218192	1
0	20419	29.12186016	1
0	20420	29.12190112	1
0	20421	29.12194208	1
0	20422	29.12198304	1
0	20423	29.122024	1
0	20473	29.22157344	1
0	20477	29.2216144	1
0	20482	29.22165536	1
0	20487	29.22169632	1
0	20488	29.22173728	1
0	20489	29.22177824	1
0	20490	29.2218192	1
0	20491	29.22186016	1
0	20492	29.22190112	1
0	20493	29.22194208	1
0	20494	29.22198304	1
0	20495	29.222024	1
0	20545	29.32157344	1
0	20549	29.3216144	1
0	20554	29.32165536	1
0	20559	29.32169632	1
0	20560	29.32173728	1
0	20561	29.32177824	1
0	20562	29.3218192	1
0	20563	29.32186016	1
0	20564	29.32190112	1
0	20565	29.32194208	1
0	20566	29.32198304	1
0	20567	29.322024	1
0	20617	29.42157344	1
0	20621	29.4216144	1
0	20626	29.42165536	1
0	20631	29.42169632	1
0	20632	29.42173728	1
0	20633	29.42177824	1
0	20634	29.4218192	1
0	20635	29.42186016	1
0	20636	29.42190112	1
0	20637	29.42194208	1
0	20638	29.42198304	1
0	20639	29.422024	1
0	20689	29.52157344	1
0	20693	29.5216144	1
0	20698	29.52165536	1
0	20703	29.52169632	1
0	20704	29.52173728	1
0	20705	29.52177824	1
0	20706	29.5218192	1
0	20707	29.52186016	1
0	20708	29.52190112	1
0	20709	29.52194208	1
0	20710	29.52198304	1
0	20711	29.522024	1
0	20761	29.62157344	1
0	20765	29.6216144	1
0	20770	29.62165536	1
0	20775	29.62169632	1
0	20776	29.62173728	1
0	20777	29.62177824	1
0	20778	29.6218192	1
0	20779	29.62186016	1
0	20780	29.62190112	1
0	20781	29.62194208	1
0	20782	29.62198304	1
0	20783	29.622024	1
0	20833	29.72157344	1
0	20837	29.7216144	1
0	20842	29.72165536	1
0	20847	29.72169632	1
0	20848	29.72173728	1
0	20849	29.72177824	1
0	20850	29.7218192	1
0	20851	29.72186016	1
0	20852	29.72190112	1
0	20853	29.72194208	1
0	20854	29.72198304	1
0	20855	29.722024	1
0	20905	29.82157344	1
0	20909	29.8216144	1
0	20914	29.82165536	1
0	20919	29.82169632	1
0	20920	29.82173728	1
0	20921	29.82177824	1
0	20922	29.8218192	1
0	20923	29.82186016	1
0	20924	29.82190112	1
0	20925	29.82194208	1
0	20926	29.82198304	1
0	20927	29.822024	1
0	20977	29.92157344	1
0	20981	29.9216144	1
0	20986	29.92165536	1
0	20991	29.92169632	1
0	20992	29.92173728	1
0	20993	29.92177824	1
0	20994	29.9218192	1
0	20995	29.92186016	1
0	20996	29.92190112	1
0	20997	29.92194208	1
0	20998	29.92198304	1
0	20999	29.922024	1
0	21049	30.02157344	1
0	21053	30.0216144	1
0	21058	30.02165536	1
0	21063	30.02169632	1
0	21064	30.02173728	1
0	21065	30.02177824	1
0	21066	30.0218192	1
0	21067	30.02186016	1
0	21068	30.02190112	1
0	21069	30.02194208	1
0	21070	30.02198304	1
0	21071	30.022024	1
0	21121	30.12157344	1
0	21125	30.1216144	1
0	21130	30.12165536	1
0	21135	30.12169632	1
0	21136	30.12173728	1
0	21137	30.12177824	1
0	21138	30.1218192	1
0	21139	30.12186016	1
0	21140	30.12190112	1
0	21141	30.12194208	1
0	21142	30.12198304	1
0	21143	30.122024	1
0	21193	30.22157344	1
0	21197	30.2216144	1
0	21202	30.22165536	1
0	21207	30.22169632	1
0	21208	30.22173728	1
0	21209	30.22177824	1
0	21210	30.2218192	1
0	21211	30.22186016	1
0	21212	30.22190112	1
0	21213	30.22194208	1
0	21214	30.22198304	1
0	21215	30.222024	1
0	21265	30.32157344	1
0	21269	30.3216144	1
0	21274	30.32165536	1
0	21279	30.32169632	1
0	21280	30.32173728	1
0	21281	30.32177824	1
0	21282	30.3218192	1
0	21283	30.32186016	1
0	21284	30.32190112	1
0	21285	30.32194208	1
0	21286	30.32198304	1
0	21287	30.322024	1
0	21337	30.42157344	1
0	21341	30.4216144	1
0	21346	30.42165536	1
0	21351	30.42169632	1
0	21352	30.42173728	1
0	21353	30.42177824	1
0	21354	30.4218192	1
0	21355	30.42186016	1
0	21356	30.42190112	1
0	21357	30.42194208	1
0	21358	30.42198304	1
0	21359	30.422024	1
0	21409	30.52157344	1
0	21413	30.5216144	1
0	21418	30.52165536	1
0	21423	30.52169632	1
0	21424	30.52173728	1
0	21425	30.52177824	1
0	21426	30.5218192	1
0	21427	30.52186016	1
0	21428	30.52190112	1
0	21429	30.52194208	1
0	21430	30.52198304	1
0	21431	30.522024	1
0	21481	30.62157344	1
0	21485	30.6216144	1
0	21490	30.62165536	1
0	21495	30.62169632	1
0	21496	30.62173728	1
0	21497	30.62177824	1
0	21498	30.6218192	1
0	21499	30.62186016	1
0	21500	30.62190112	1
0	21501	30.62194208	1
0	21502	30.62198304	1
0	21503	30.622024	1
0	21553	30.72157344	1
0	21557	30.7216144	1
0	21562	30.72165536	1
0	21567	30.72169632	1
0	21568	30.72173728	1
0	21569	30.72177824	1
0	21570	30.7218192	1
0	21571	30.72186016	1
0	21572	30.72190112	1
0	21573	30.72194208	1
0	21574	30.72198304	1
0	21575	30.722024	1
0	21625	30.82157344	1
0	21629	30.8216144	1
0	21634	30.82165536	1
0	21639	30.82169632	1
0	21640	30.82173728	1
0	21641	30.82177824	1
0	21642	30.8218192	1
0	21643	30.82186016	1
0	21644	30.82190112	1
0	21645	30.82194208	1
0	21646	30.82198304	1
0	21647	30.822024	1
0	21697	30.92157344	1
0	21701	30.9216144	1
0	21706	30.92165536	1
0	21711	30.92169632	1
0	21712	30.92173728	1
0	21713	30.92177824	1
0	21714	30.9218192	1
0	21715	30.92186016	1
0	21716	30.92190112	1
0	21717	30.92194208	1
0	21718	30.92198304	1
0	21719	30.922024	1
0	21769	31.02157344	1
0	21773	31.0216144	1
0	21778	31.02165536	1
0	21783	31.02169632	1
0	21784	31.02173728	1
0	21785	31.02177824	1
0	21786	31.0218192	1
0	21787	31.02186016	1
0	21788	31.02190112	1
0	21789	31.02194208	1
0	21790	31.02198304	1
0	21791	31.022024	1
0	21841	31.12157344	1
0	21845	31.1216144	1
0	21850	31.12165536	1
0	21855	31.12169632	1
0	21856	31.12173728	1
0	21857	31.12177824	1
0	21858	31.1218192	1
0	21859	31.12186016	1
0	21860	31.12190112	1
0	21861	31.12194208	1
0	21862	31.12198304	1
0	21863	31.122024	1
0	21913	31.22157344	1
0	21917	31.2216144	1
0	21922	31.22165536	1
0	21927	31.22169632	1
0	21928	31.22173728	1
0	21929	31.22177824	1
0	21930	31.2218192	1
0	21931	31.22186016	1
0	21932	31.22190112	1
0	21933	31.22194208	1
0	21934	31.22198304	1
0	21935	31.222024	1
0	21985	31.32157344	1
0	21989	31.3216144	1
0	21994	31.32165536	1
0	21999	31.32169632	1
0	22000	31.32173728	1
0	22001	31.32177824	1
0	22002	31.3218192	1
0	22003	31.32186016	1
0	22004	31.32190112	1
0	22005	31.32194208	1
0	22006	31.32198304	1
0	22007	31.322024	1
0	22057	31.42157344	1
0	22061	31.4216144	1
0	22066	31.42165536	1
0	22071	31.42169632	1
0	22072	31.42173728	1
0	22073	31.42177824	1
0	22074	31.4218192	1
0	22075	31.42186016	1
0	22076	31.42190112	1
0	22077	31.42194208	1
0	22078	31.42198304	1
0	22079	31.422024	1
0	22129	31.52157344	1
0	22133	31.5216144	1
0	22138	31.52165536	1
0	22143	31.52169632	1
0	22144	31.52173728	1
0	22145	31.52177824	1
0	22146	31.5218192	1
0	22147	31.52186016	1
0	22148	31.52190112	1
0	22149	31.52194208	1
0	22150	31.52198304	1
0	22151	31.522024	1
0	22201	31.62157344	1
0	22205	31.6216144	1
0	22210	31.62165536	1
0	22215	31.62169632	1
0	22216	31.62173728	1
0	22217	31.62177824	1
0	22218	31.6218192	1
0	22219	31.62186016	1
0	22220	31.62190112	1
0	22221	31.62194208	1
0	22222	31.62198304	1
0	22223	31.622024	1
0	22273	31.72157344	1
0	22277	31.7216144	1
0	22282	31.72165536	1
0	22287	31.72169632	1
0	22288	31.72173728	1
0	22289	31.72177824	1
0	22290	31.7218192	1
0	22291	31.72186016	1
0	22292	31.72190112	1
0	22293	31.72194208	1
0	22294	31.72198304	1
0	22295	31.722024	1
0	22345	31.82157344	1
0	22349	31.8216144	1
0	22354	31.82165536	1
0	22359	31.82169632	1
0	22360	31.82173728	1
0	22361	31.82177824	1
0	22362	31.8218192	1
0	22363	31.82186016	1
0	22364	31.82190112	1
0	22365	31.82194208	1
0	22366	31.82198304	1
0	22367	31.822024	1
0	22417	31.92157344	1
0	22421	31.9216144	1
0	22426	31.92165536	1
0	22431	31.92169632	1
0	22432	31.92173728	1
0	22433	31.92177824	1
0	22434	31.9218192	1
0	22435	31.92186016	1
0	22436	31.92190112	1
0	22437	31.92194208	1
0	22438	31.92198304	1
0	22439	31.922024	1
0	22489	32.02157344	1
0	22493	32.0216144	1
0	22498	32.02165536	1
0	22503	32.02169632	1
0	22504	32.02173728	1
0	22505	32.02177824	1
0	22506	32.0218192	1
0	22507	32.02186016	1
0	22508	32.02190112	1
0	22509	32.02194208	1
0	22510	32.02198304	1
0	22511	32.022024	1
0	22561	32.12157344	1
0	22565	32.1216144	1
0	22570	32.12165536	1
0	22575	32.12169632	1
0	22576	32.12173728	1
0	22577	32.12177824	1
0	22578	32.1218192	1
0	22579	32.12186016	1
0	22580	32.12190112	1
0	22581	32.12194208	1
0	22582	32.12198304	1
0	22583	32.122024	1
0	22633	32.22157344	1
0	22637	32.2216144	1
0	22642	32.22165536	1
0	22647	32.22169632	1
0	22648	32.22173728	1
0	22649	32.22177824	1
0	22650	32.2218192	1
0	22651	32.22186016	1
0	22652	32.22190112	1
0	22653	32.22194208	1
0	22654	32.22198304	1
0	22655	32.222024	1
0	22705	32.32157344	1
0	22709	32.3216144	1
0	22714	32.32165536	1
0	22719	32.32169632	1
0	22720	32.32173728	1
0	22721	32.32177824	1
0	22722	32.3218192	1
0	22723	32.32186016	1
0	22724	32.32190112	1
0	22725	32.32194208	1
0	22726	32.32198304	1
0	22727	32.322024	1
0	22777	32.42157344	1
0	22781	32.4216144	1
0	22786	32.42165536	1
0	22791	32.42169632	1
0	22792	32.42173728	1
0	22793	32.42177824	1
0	22794	32.4218192	1
0	22795	32.42186016	1
0	22796	32.42190112	1
0	22797	32.42194208	1
0	22798	32.42198304	1
0	22799	32.422024	1
0	22849	32.52157344	1
0	22853	32.5216144	1
0	22858	32.52165536	1
0	22863	32.52169632	1
0	22864	32.52173728	1
0	22865	32.52177824	1
0	22866	32.5218192	1
0	22867	32.52186016	1
0	22868	32.52190112	1
0	22869	32.52194208	1
0	22870	32.52198304	1
0	22871	32.522024	1
0	22921	32.62157344	1
0	22925	32.6216144	1
0	22930	32.62165536	1
0	22935	32.62169632	1
0	22936	32.62173728	1
0	22937	32.62177824	1
0	22938	32.6218192	1
0	22939	32.62186016	1
0	22940	32.62190112	1
0	22941	32.62194208	1
0	22942	32.62198304	1
0	22943	32.622024	1
0	22993	32.72157344	1
0	22997	32.7216144	1
0	23002	32.72165536	1
0	23007	32.72169632	1
0	23008	32.72173728	1
0	23009	32.72177824	1
0	23010	32.7218192	1
0	23011	32.72186016	1
0	23012	32.72190112	1
0	23013	32.72194208	1
0	23014	32.72198304	1
0	23015	32.722024	1
0	23065	32.82157344	1
0	23069	32.8216144	1
0	23074	32.82165536	1
0	23079	32.82169632	1
0	23080	32.82173728	1
0	23081	32.82177824	1
0	23082	32.8218192	1
0	23083	32.82186016	1
0	23084	32.82190112	1
0	23085	32.82194208	1
0	23086	32.82198304	1
0	23087	32.822024	1
0	23137	32.92157344	1
0	23141	32.9216144	1
0	23146	32.92165536	1
0	23151	32.92169632	1
0	23152	32.92173728	1
0	23153	32.92177824	1
0	23154	32.9218192	1
0	23155	32.92186016	1
0	23156	32.92190112	1
0	23157	32.92194208	1
0	23158	32.92198304	1
0	23159	32.922024	1
0	23209	33.02157344	1
0	23213	33.0216144	1
0	23218	33.02165536	1
0	23223	33.02169632	1
0	23224	33.02173728	1
0	23225	33.02177824	1
0	23226	33.0218192	1
0	23227	33.02186016	1
0	23228	33.02190112	1
0	23229	33.02194208	1
0	23230	33.02198304	1
0	23231	33.022024	1
0	23281	33.12157344	1
0	23285	33.1216144	1
0	23290	33.12165536	1
0	23295	33.12169632	1
0	23296	33.12173728	1
0	23297	33.12177824	1
0	23298	33.1218192	1
0	23299	33.12186016	1
0	23300	33.12190112	1
0	23301	33.12194208	1
0	23302	33.12198304	1
0	23303	33.122024	1
0	23353	33.22157344	1
0	23357	33.2216144	1
0	23362	33.22165536	1
0	23367	33.22169632	1
0	23368	33.22173728	1
0	23369	33.22177824	1
0	23370	33.2218192	1
0	23371	33.22186016	1
0	23372	33.22190112	1
0	23373	33.22194208	1
0	23374	33.22198304	1
0	23375	33.222024	1
0	23425	33.32157344	1
0	23429	33.3216144	1
0	23434	33.32165536	1
0	23439	33.32169632	1
0	23440	33.32173728	1
0	23441	33.32177824	1
0	23442	33.3218192	1
0	23443	33.32186016	1
0	23444	33.32190112	1
0	23445	33.32194208	1
0	23446	33.32198304	1
0	23447	33.322024	1
0	23497	33.42157344	1
0	23501	33.4216144	1
0	23506	33.42165536	1
0	23511	33.42169632	1
0	23512	33.42173728	1
0	23513	33.42177824	1
0	23514	33.4218192	1
0	23515	33.42186016	1
0	23516	33.42190112	1
0	23517	33.42194208	1
0	23518	33.42198304	1
0	23519	33.422024	1
0	23569	33.52157344	1
0	23573	33.5216144	1
0	23578	33.52165536	1
0	23583	33.52169632	1
0	23584	33.52173728	1
0	23585	33.52177824	1
0	23586	33.5218192	1
0	23587	33.52186016	1
0	23588	33.52190112	1
0	23589	33.52194208	1
0	23590	33.52198304	1
0	23591	33.522024	1
0	23641	33.62157344	1
0	23645	33.6216144	1
0	23650	33.62165536	1
0	23655	33.62169632	1
0	23656	33.62173728	1
0	23657	33.62177824	1
0	23658	33.6218192	1
0	23659	33.62186016	1
0	23660	33.62190112	1
0	23661	33.62194208	1
0	23662	33.62198304	1
0	23663	33.622024	1
0	23713	33.72157344	1
0	23717	33.7216144	1
0	23722	33.72165536	1
0	23727	33.72169632	1
0	23728	33.72173728	1
0	23729	33.72177824	1
0	23730	33.7218192	1
0	23731	33.72186016	1
0	23732	33.72190112	1
0	23733	33.72194208	1
0	23734	33.72198304	1
0	23735	33.722024	1
0	23785	33.82157344	1
0	23789	33.8216144	1
0	23794	33.82165536	1
0	23799	33.82169632	1
0	23800	33.82173728	1
0	23801	33.82177824	1
0	23802	33.8218192	1
0	23803	33.82186016	1
0	23804	33.82190112	1
0	23805	33.82194208	1
0	23806	33.82198304	1
0	23807	33.822024	1
0	23857	33.92157344	1
0	23861	33.9216144	1
0	23866	33.92165536	1
0	23871	33.92169632	1
0	23872	33.92173728	1
0	23873	33.92177824	1
0	23874	33.9218192	1
0	23875	33.92186016	1
0	23876	33.92190112	1
0	23877	33.92194208	1
0	23878	33.92198304	1
0	23879	33.922024	1
0	23929	34.02157344	1
0	23933	34.0216144	1
0	23938	34.02165536	1
0	23943	34.02169632	1
0	23944	34.02173728	1
0	23945	34.02177824	1
0	23946	34.0218192	1
0	23947	34.02186016	1
0	23948	34.02190112	1
0	23949	34.02194208	1
0	23950	34.02198304	1
0	23951	34.022024	1
0	24001	34.12157344	1
0	24005	34.1216144	1
0	24010	34.12165536	1
0	24015	34.12169632	1
0	24016	34.12173728	1
0	24017	34.12177824	1
0	24018	34.1218192	1
0	24019	34.12186016	1
0	24020	34.12190112	1
0	24021	34.12194208	1
0	24022	34.12198304	1
0	24023	34.122024	1
0	24073	34.22157344	1
0	24077	34.2216144	1
0	24082	34.22165536	1
0	24087	34.22169632	1
0	24088	34.22173728	1
0	24089	34.22177824	1
0	24090	34.2218192	1
0	24091	34.22186016	1
0	24092	34.22190112	1
0	24093	34.22194208	1
0	24094	34.22198304	1
0	24095	34.222024	1
0	24145	34.32157344	1
0	24149	34.3216144	1
0	24154	34.32165536	1
0	24159	34.32169632	1
0	24160	34.32173728	1
0	24161	34.32177824	1
0	24162	34.3218192	1
0	24163	34.32186016	1
0	24164	34.32190112	1
0	24165	34.32194208	1
0	24166	34.32198304	1
0	24167	34.322024	1
0	24217	34.42157344	1
0	24221	34.4216144	1
0	24226	34.42165536	1
0	24231	34.42169632	1
0	24232	34.42173728	1
0	24233	34.42177824	1
0	24234	34.4218192	1
0	24235	34.42186016	1
0	24236	34.42190112	1
0	24237	34.42194208	1
0	24238	34.42198304	1
0	24239	34.422024	1
0	24289	34.52157344	1
0	24293	34.5216144	1
0	24298	34.52165536	1
0	24303	34.52169632	1
0	24304	34.52173728	1
0	24305	34.52177824	1
0	24306	34.5218192	1
0	24307	34.52186016	1
0	24308	34.52190112	1
0	24309	34.52194208	1
0	24310	34.52198304	1
0	24311	34.522024	1
0	24361	34.62157344	1
0	24365	34.6216144	1
0	24370	34.62165536	1
0	24375	34.62169632	1
0	24376	34.62173728	1
0	24377	34.62177824	1
0	24378	34.6218192	1
0	24379	34.62186016	1
0	24380	34.62190112	1
0	24381	34.62194208	1
0	24382	34.62198304	1
0	24383	34.622024	1
0	24433	34.72157344	1
0	24437	34.7216144	1
0	24442	34.72165536	1
0	24447	34.72169632	1
0	24448	34.72173728	1
0	24449	34.72177824	1
0	24450	34.7218192	1
0	24451	34.72186016	1
0	24452	34.72190112	1
0	24453	34.72194208	1
0	24454	34.72198304	1
0	24455	34.722024	1
0	24505	34.82157344	1
0	24509	34.8216144	1
0	24514	34.82165536	1
0	24519	34.82169632	1
0	24520	34.82173728	1
0	24521	34.82177824	1
0	24522	34.8218192	1
0	24523	34.82186016	1
0	24524	34.82190112	1
0	24525	34.82194208	1
0	24526	34.82198304	1
0	24527	34.822024	1
0	24577	34.92157344	1
0	24581	34.9216144	1
0	24586	34.92165536	1
0	24591	34.92169632	1
0	24592	34.92173728	1
0	24593	34.92177824	1
0	24594	34.9218192	1
0	24595	34.92186016	1
0	24596	34.92190112	1
0	24597	34.92194208	1
0	24598	34.92198304	1
0	24599	34.922024	1
0	24649	35.02157344	1
0	24653	35.0216144	1
0	24658	35.02165536	1
0	24663	35.02169632	1
0	24664	35.02173728	1
0	24665	35.02177824	1
0	24666	35.0218192	1
0	24667	35.02186016	1
0	24668	35.02190112	1
0	24669	35.02194208	1
0	24670	35.02198304	1
0	24671	35.022024	1
0	24721	35.12157344	1
0	24725	35.1216144	1
0	24730	35.12165536	1
0	24735	35.12169632	1
0	24736	35.12173728	1
0	24737	35.12177824	1
0	24738	35.1218192	1
0	24739	35.12186016	1
0	24740	35.12190112	1
0	24741	35.12194208	1
0	24742	35.12198304	1
0	24743	35.122024	1
0	24793	35.22157344	1
0	24797	35.2216144	1
0	24802	35.22165536	1
0	24807	35.22169632	1
0	24808	35.22173728	1
0	24809	35.22177824	1
0	24810	35.2218192	1
0	24811	35.22186016	1
0	24812	35.22190112	1
0	24813	35.22194208	1
0	24814	35.22198304	1
0	24815	35.222024	1
0	24865	35.32157344	1
0	24869	35.3216144	1
0	24874	35.32165536	1
0	24879	35.32169632	1
0	24880	35.32173728	1
0	24881	35.32177824	1
0	24882	35.3218192	1
0	24883	35.32186016	1
0	24884	35.32190112	1
0	24885	35.32194208	1
0	24886	35.32198304	1
0	24887	35.322024	1
0	24937	35.42157344	1
0	24941	35.4216144	1
0	24946	35.42165536	1
0	24951	35.42169632	1
0	24952	35.42173728	1
0	24953	35.42177824	1
0	24954	35.4218192	1
0	24955	35.42186016	1
0	24956	35.42190112	1
0	24957	35.42194208	1
0	24958	35.42198304	1
0	24959	35.422024	1
0	25009	35.52157344	1
0	25013	35.5216144	1
0	25018	35.52165536	1
0	25023	35.52169632	1
0	25024	35.52173728	1
0	25025	35.52177824	1
0	25026	35.5218192	1
0	25027	35.52186016	1
0	25028	35.52190112	1
0	25029	35.52194208	1
0	25030	35.52198304	1
0	25031	35.522024	1
0	25081	35.62157344	1
0	25085	35.6216144	1
0	25090	35.62165536	1
0	25095	35.62169632	1
0	25096	35.62173728	1
0	25097	35.62177824	1
0	25098	35.6218192	1
0	25099	35.62186016	1
0	25100	35.62190112	1
0	25101	35.62194208	1
0	25102	35.62198304	1
0	25103	35.622024	1
0	25153	35.72157344	1
0	25157	35.7216144	1
0	25162	35.72165536	1
0	25167	35.72169632	1
0	25168	35.72173728	1
0	25169	35.72177824	1
0	25170	35.7218192	1
0	25171	35.72186016	1
0	25172	35.72190112	1
0	25173	35.72194208	1
0	25174	35.72198304	1
0	25175	35.722024	1
0	25225	35.82157344	1
0	25229	35.8216144	1
0	25234	35.82165536	1
0	25239	35.82169632	1
0	25240	35.82173728	1
0	25241	35.82177824	1
0	25242	35.8218192	1
0	25243	35.82186016	1
0	25244	35.82190112	1
0	25245	35.82194208	1
0	25246	35.82198304	1
0	25247	35.822024	1
0	25297	35.92157344	1
0	25301	35.9216144	1
0	25306	35.92165536	1
0	25311	35.92169632	1
0	25312	35.92173728	1
0	25313	35.92177824	1
0	25314	35.9218192	1
0	25315	35.92186016	1
0	25316	35.92190112	1
0	25317	35.92194208	1
0	25318	35.92198304	1
0	25319	35.922024	1
0	25369	36.02157344	1
0	25373	36.0216144	1
0	25378	36.02165536	1
0	25383	36.02169632	1
0	25384	36.02173728	1
0	25385	36.02177824	1
0	25386	36.0218192	1
0	25387	36.02186016	1
0	25388	36.02190112	1
0	25389	36.02194208	1
0	25390	36.02198304	1
0	25391	36.022024	1
0	25441	36.12157344	1
0	25445	36.1216144	1
0	25450	36.12165536	1
0	25455	36.12169632	1
0	25456	36.12173728	1
0	25457	36.12177824	1
0	25458	36.1218192	1
0	25459	36.12186016	1
0	25460	36.12190112	1
0	25461	36.12194208	1
0	25462	36.12198304	1
0	25463	36.122024	1
0	25513	36.22157344	1
0	25517	36.2216144	1
0	25522	36.22165536	1
0	25527	36.22169632	1
0	25528	36.22173728	1
0	25529	36.22177824	1
0	25530	36.2218192	1
0	25531	36.22186016	1
0	25532	36.22190112	1
0	25533	36.22194208	1
0	25534	36.22198304	1
0	25535	36.222024	1
0	25585	36.32157344	1
0	25589	36.3216144	1
0	25594	36.32165536	1
0	25599	36.32169632	1
0	25600	36.32173728	1
0	25601	36.32177824	1
0	25602	36.3218192	1
0	25603	36.32186016	1
0	25604	36.32190112	1
0	25605	36.32194208	1
0	25606	36.32198304	1
0	25607	36.322024	1
0	25657	36.42157344	1
0	25661	36.4216144	1
0	25666	36.42165536	1
0	25671	36.42169632	1
0	25672	36.42173728	1
0	25673	36.42177824	1
0	25674	36.4218192	1
0	25675	36.42186016	1
0	25676	36.42190112	1
0	25677	36.42194208	1
0	25678	36.42198304	1
0	25679	36.422024	1
0	25729	36.52157344	1
0	25733	36.5216144	1
0	25738	36.52165536	1
0	25743	36.52169632	1
0	25744	36.52173728	1
0	25745	36.52177824	1
0	25746	36.5218192	1
0	25747	36.52186016	1
0	25748	36.52190112	1
0	25749	36.52194208	1
0	25750	36.52198304	1
0	25751	36.522024	1
0	25801	36.62157344	1
0	25805	36.6216144	1
0	25810	36.62165536	1
0	25815	36.62169632	1
0	25816	36.62173728	1
0	25817	36.62177824	1
0	25818	36.6218192	1
0	25819	36.62186016	1
0	25820	36.62190112	1
0	25821	36.62194208	1
0	25822	36.62198304	1
0	25823	36.622024	1
0	25873	36.72157344	1
0	25877	36.7216144	1
0	25882	36.72165536	1
0	25887	36.72169632	1
0	25888	36.72173728	1
0	25889	36.72177824	1
0	25890	36.7218192	1
0	25891	36.72186016	1
0	25892	36.72190112	1
0	25893	36.72194208	1
0	25894	36.72198304	1
0	25895	36.722024	1
0	25945	36.82157344	1
0	25949	36.8216144	1
0	25954	36.82165536	1
0	25959	36.82169632	1
0	25960	36.82173728	1
0	25961	36.82177824	1
0	25962	36.8218192	1
0	25963	36.82186016	1
0	25964	36.82190112	1
0	25965	36.82194208	1
0	25966	36.82198304	1
0	25967	36.822024	1
0	26017	36.92157344	1
0	26021	36.9216144	1
0	26026	36.92165536	1
0	26031	36.92169632	1
0	26032	36.92173728	1
0	26033	36.92177824	1
0	26034	36.9218192	1
0	26035	36.92186016	1
0	26036	36.92190112	1
0	26037	36.92194208	1
0	26038	36.92198304	1
0	26039	36.922024	1
0	26089	37.02157344	1
0	26093	37.0216144	1
0	26098	37.02165536	1
0	26103	37.02169632	1
0	26104	37.02173728	1
0	26105	37.02177824	1
0	26106	37.0218192	1
0	26107	37.02186016	1
0	26108	37.02190112	1
0	26109	37.02194208	1
0	26110	37.02198304	1
0	26111	37.022024	1
0	26161	37.12157344	1
0	26165	37.1216144	1
0	26170	37.12165536	1
0	26175	37.12169632	1
0	26176	37.12173728	1
0	26177	37.12177824	1
0	26178	37.1218192	1
0	26179	37.12186016	1
0	26180	37.12190112	1
0	26181	37.12194208	1
0	26182	37.12198304	1
0	26183	37.122024	1
0	26233	37.22157344	1
0	26237	37.2216144	1
0	26242	37.22165536	1
0	26247	37.22169632	1
0	26248	37.22173728	1
0	26249	37.22177824	1
0	26250	37.2218192	1
0	26251	37.22186016	1
0	26252	37.22190112	1
0	26253	37.22194208	1
0	26254	37.22198304	1
0	26255	37.222024	1
0	26305	37.32157344	1
0	26309	37.3216144	1
0	26314	37.32165536	1
0	26319	37.32169632	1
0	26320	37.32173728	1
0	26321	37.32177824	1
0	26322	37.3218192	1
0	26323	37.32186016	1
0	26324	37.32190112	1
0	26325	37.32194208	1
0	26326	37.32198304	1
0	26327	37.322024	1
0	26377	37.42157344	1
0	26381	37.4216144	1
0	26386	37.42165536	1
0	26391	37.42169632	1
0	26392	37.42173728	1
0	26393	37.42177824	1
0	26394	37.4218192	1
0	26395	37.42186016	1
0	26396	37.42190112	1
0	26397	37.42194208	1
0	26398	37.42198304	1
0	26399	37.422024	1
0	26449	37.52157344	1
0	26453	37.5216144	1
0	26458	37.52165536	1
0	26463	37.52169632	1
0	26464	37.52173728	1
0	26465	37.52177824	1
0	26466	37.5218192	1
0	26467	37.52186016	1
0	26468	37.52190112	1
0	26469	37.52194208	1
0	26470	37.52198304	1
0	26471	37.522024	1
0	26521	37.62157344	1
0	26525	37.6216144	1
0	26530	37.62165536	1
0	26535	37.62169632	1
0	26536	37.62173728	1
0	26537	37.62177824	1
0	26538	37.6218192	1
0	26539	37.62186016	1
0	26540	37.62190112	1
0	26541	37.62194208	1
0	26542	37.62198304	1
0	26543	37.622024	1
0	26593	37.72157344	1
0	26597	37.7216144	1
0	26602	37.72165536	1
0	26607	37.72169632	1
0	26608	37.72173728	1
0	26609	37.72177824	1
0	26610	37.7218192	1
0	26611	37.72186016	1
0	26612	37.72190112	1
0	26613	37.72194208	1
0	26614	37.72198304	1
0	26615	37.722024	1
0	26665	37.82157344	1
0	26669	37.8216144	1
0	26674	37.82165536	1
0	26679	37.82169632	1
0	26680	37.82173728	1
0	26681	37.82177824	1
0	26682	37.8218192	1
0	26683	37.82186016	1
0	26684	37.82190112	1
0	26685	37.82194208	1
0	26686	37.82198304	1
0	26687	37.822024	1
0	26737	37.92157344	1
0	26741	37.9216144	1
0	26746	37.92165536	1
0	26751	37.92169632	1
0	26752	37.92173728	1
0	26753	37.92177824	1
0	26754	37.9218192	1
0	26755	37.92186016	1
0	26756	37.92190112	1
0	26757	37.92194208	1
0	26758	37.92198304	1
0	26759	37.922024	1
0	26809	38.02157344	1
0	26813	38.0216144	1
0	26818	38.02165536	1
0	26823	38.02169632	1
0	26824	38.02173728	1
0	26825	38.02177824	1
0	26826	38.0218192	1
0	26827	38.02186016	1
0	26828	38.02190112	1
0	26829	38.02194208	1
0	26830	38.02198304	1
0	26831	38.022024	1
0	26881	38.12157344	1
0	26885	38.1216144	1
0	26890	38.12165536	1
0	26895	38.12169632	1
0	26896	38.12173728	1
0	26897	38.12177824	1
0	26898	38.1218192	1
0	26899	38.12186016	1
0	26900	38.12190112	1
0	26901	38.12194208	1
0	26902	38.12198304	1
0	26903	38.122024	1
0	26953	38.22157344	1
0	26957	38.2216144	1
0	26962	38.22165536	1
0	26967	38.22169632	1
0	26968	38.22173728	1
0	26969	38.22177824	1
0	26970	38.2218192	1
0	26971	38.22186016	1
0	26972	38.22190112	1
0	26973	38.22194208	1
0	26974	38.22198304	1
0	26975	38.222024	1
0	27025	38.32157344	1
0	27029	38.3216144	1
0	27034	38.32165536	1
0	27039	38.32169632	1
0	27040	38.32173728	1
0	27041	38.32177824	1
0	27042	38.3218192	1
0	27043	38.32186016	1
0	27044	38.32190112	1
0	27045	38.32194208	1
0	27046	38.32198304	1
0	27047	38.322024	1
0	27097	38.42157344	1
0	27101	38.4216144	1
0	27106	38.42165536	1
0	27111	38.42169632	1
0	27112	38.42173728	1
0	27113	38.42177824	1
0	27114	38.4218192	1
0	27115	38.42186016	1
0	27116	38.42190112	1
0	27117	38.42194208	1
0	27118	38.42198304	1
0	27119	38.422024	1
0	27169	38.52157344	1
0	27173	38.5216144	1
0	27178	38.52165536	1
0	27183	38.52169632	1
0	27184	38.52173728	1
0	27185	38.52177824	1
0	27186	38.5218192	1
0	27187	38.52186016	1
0	27188	38.52190112	1
0	27189	38.52194208	1
0	27190	38.52198304	1
0	27191	38.522024	1
0	27241	38.62157344	1
0	27245	38.6216144	1
0	27250	38.62165536	1
0	27255	38.62169632	1
0	27256	38.62173728	1
0	27257	38.62177824	1
0	27258	38.6218192	1
0	27259	38.62186016	1
0	27260	38.62190112	1
0	27261	38.62194208	1
0	27262	38.62198304	1
0	27263	38.622024	1
0	27313	38.72157344	1
0	27317	38.7216144	1
0	27322	38.72165536	1
0	27327	38.72169632	1
0	27328	38.72173728	1
0	27329	38.72177824	1
0	27330	38.7218192	1
0	27331	38.72186016	1
0	27332	38.72190112	1
0	27333	38.72194208	1
0	27334	38.72198304	1
0	27335	38.722024	1
0	27385	38.82157344	1
0	27389	38.8216144	1
0	27394	38.82165536	1
0	27399	38.82169632	1
0	27400	38.82173728	1
0	27401	38.82177824	1
0	27402	38.8218192	1
0	27403	38.82186016	1
0	27404	38.82190112	1
0	27405	38.82194208	1
0	27406	38.82198304	1
0	27407	38.822024	1
0	27457	38.92157344	1
0	27461	38.9216144	1
0	27466	38.92165536	1
0	27471	38.92169632	1
0	27472	38.92173728	1
0	27473	38.92177824	1
0	27474	38.9218192	1
0	27475	38.92186016	1
0	27476	38.92190112	1
0	27477	38.92194208	1
0	27478	38.92198304	1
0	27479	38.922024	1
0	27529	39.02157344	1
0	27533	39.0216144	1
0	27538	39.02165536	1
0	27543	39.02169632	1
0	27544	39.02173728	1
0	27545	39.02177824	1
0	27546	39.0218192	1
0	27547	39.02186016	1
0	27548	39.02190112	1
0	27549	39.02194208	1
0	27550	39.02198304	1
0	27551	39.022024	1
0	27601	39.12157344	1
0	27605	39.1216144	1
0	27610	39.12165536	1
0	27615	39.12169632	1
0	27616	39.12173728	1
0	27617	39.12177824	1
0	27618	39.1218192	1
0	27619	39.12186016	1
0	27620	39.12190112	1
0	27621	39.12194208	1
0	27622	39.12198304	1
0	27623	39.122024	1
0	27673	39.22157344	1
0	27677	39.2216144	1
0	27682	39.22165536	1
0	27687	39.22169632	1
0	27688	39.22173728	1
0	27689	39.22177824	1
0	27690	39.2218192	1
0	27691	39.22186016	1
0	27692	39.22190112	1
0	27693	39.22194208	1
0	27694	39.22198304	1
0	27695	39.222024	1
0	27745	39.32157344	1
0	27749	39.3216144	1
0	27754	39.32165536	1
0	27759	39.32169632	1
0	27760	39.32173728	1
0	27761	39.32177824	1
0	27762	39.3218192	1
0	27763	39.32186016	1
0	27764	39.32190112	1
0	27765	39.32194208	1
0	27766	39.32198304	1
0	27767	39.322024	1
0	27817	39.42157344	1
0	27821	39.4216144	1
0	27826	39.42165536	1
0	27831	39.42169632	1
0	27832	39.42173728	1
0	27833	39.42177824	1
0	27834	39.4218192	1
0	27835	39.42186016	1
0	27836	39.42190112	1
0	27837	39.42194208	1
0	27838	39.42198304	1
0	27839	39.422024	1
0	27889	39.52157344	1
0	27893	39.5216144	1
0	27898	39.52165536	1
0	27903	39.52169632	1
0	27904	39.52173728	1
0	27905	39.52177824	1
0	27906	39.5218192	1
0	27907	39.52186016	1
0	27908	39.52190112	1
0	27909	39.52194208	1
0	27910	39.52198304	1
0	27911	39.522024	1
0	27961	39.62157344	1
0	27965	39.6216144	1
0	27970	39.62165536	1
0	27975	39.62169632	1
0	27976	39.62173728	1
0	27977	39.62177824	1
0	27978	39.6218192	1
0	27979	39.62186016	1
0	27980	39.62190112	1
0	27981	39.62194208	1
0	27982	39.62198304	1
0	27983	39.622024	1
0	28033	39.72157344	1
0	28037	39.7216144	1
0	28042	39.72165536	1
0	28047	39.72169632	1
0	28048	39.72173728	1
0	28049	39.72177824	1
0	28050	39.7218192	1
0	28051	39.72186016	1
0	28052	39.72190112	1
0	28053	39.72194208	1
0	28054	39.72198304	1
0	28055	39.722024	1
0	28105	39.82157344	1
0	28109	39.8216144	1
0	28114	39.82165536	1
0	28119	39.82169632	1
0	28120	39.82173728	1
0	28121	39.82177824	1
0	28122	39.8218192	1
0	28123	39.82186016	1
0	28124	39.82190112	1
0	28125	39.82194208	1
0	28126	39.82198304	1
0	28127	39.822024	1
0	28177	39.92157344	1
0	28181	39.9216144	1
0	28186	39.92165536	1
0	28191	39.92169632	1
0	28192	39.92173728	1
0	28193	39.92177824	1
0	28194	39.9218192	1
0	28195	39.92186016	1
0	28196	39.92190112	1
0	28197	39.92194208	1
0	28198	39.92198304	1
0	28199	39.922024	1
0	28249	40.02157344	1
0	28253	40.0216144	1
0	28258	40.02165536	1
0	28263	40.02169632	1
0	28264	40.02173728	1
0	28265	40.02177824	1
0	28266	40.0218192	1
0	28267	40.02186016	1
0	28268	40.02190112	1
0	28269	40.02194208	1
0	28270	40.02198304	1
0	28271	40.022024	1
0	28321	40.12157344	1
0	28325	40.1216144	1
0	28330	40.12165536	1
0	28335	40.12169632	1
0	28336	40.12173728	1
0	28337	40.12177824	1
0	28338	40.1218192	1
0	28339	40.12186016	1
0	28340	40.12190112	1
0	28341	40.12194208	1
0	28342	40.12198304	1
0	28343	40.122024	1
0	28393	40.22157344	1
0	28397	40.2216144	1
0	28402	40.22165536	1
0	28407	40.22169632	1
0	28408	40.22173728	1
0	28409	40.22177824	1
0	28410	40.2218192	1
0	28411	40.22186016	1
0	28412	40.22190112	1
0	28413	40.22194208	1
0	28414	40.22198304	1
0	28415	40.222024	1
0	28465	40.32157344	1
0	28469	40.3216144	1
0	28474	40.32165536	1
0	28479	40.32169632	1
0	28480	40.32173728	1
0	28481	40.32177824	1
0	28482	40.3218192	1
0	28483	40.32186016	1
0	28484	40.32190112	1
0	28485	40.32194208	1
0	28486	40.32198304	1
0	28487	40.322024	1
0	28537	40.42157344	1
0	28541	40.4216144	1
0	28546	40.42165536	1
0	28551	40.42169632	1
0	28552	40.42173728	1
0	28553	40.42177824	1
0	28554	40.4218192	1
0	28555	40.42186016	1
0	28556	40.42190112	1
0	28557	40.42194208	1
0	28558	40.42198304	1
0	28559	40.422024	1
0	28609	40.52157344	1
0	28613	40.5216144	1
0	28618	40.52165536	1
0	28623	40.52169632	1
0	28624	40.52173728	1
0	28625	40.52177824	1
0	28626	40.5218192	1
0	28627	40.52186016	1
0	28628	40.52190112	1
0	28629	40.52194208	1
0	28630	40.52198304	1
0	28631	40.522024	1
0	28681	40.62157344	1
0	28685	40.6216144	1
0	28690	40.62165536	1
0	28695	40.62169632	1
0	28696	40.62173728	1
0	28697	40.62177824	1
0	28698	40.6218192	1
0	28699	40.62186016	1
0	28700	40.62190112	1
0	28701	40.62194208	1
0	28702	40.62198304	1
0	28703	40.622024	1
0	28753	40.72157344	1
0	28757	40.7216144	1
0	28762	40.72165536	1
0	28767	40.72169632	1
0	28768	40.72173728	1
0	28769	40.72177824	1
0	28770	40.7218192	1
0	28771	40.72186016	1
0	28772	40.72190112	1
0	28773	40.72194208	1
0	28774	40.72198304	1
0	28775	40.722024	1
0	28825	40.82157344	1
0	28829	40.8216144	1
0	28834	40.82165536	1
0	28839	40.82169632	1
0	28840	40.82173728	1
0	28841	40.82177824	1
0	28842	40.8218192	1
0	28843	40.82186016	1
0	28844	40.82190112	1
0	28845	40.82194208	1
0	28846	40.82198304	1
0	28847	40.822024	1
0	28897	40.92157344	1
0	28901	40.9216144	1
0	28906	40.92165536	1
0	28911	40.92169632	1
0	28912	40.92173728	1
0	28913	40.92177824	1
0	28914	40.9218192	1
0	28915	40.92186016	1
0	28916	40.92190112	1
0	28917	40.92194208	1
0	28918	40.92198304	1
0	28919	40.922024	1
0	28969	41.02157344	1
0	28973	41.0216144	1
0	28978	41.02165536	1
0	28983	41.02169632	1
0	28984	41.02173728	1
0	28985	41.02177824	1
0	28986	41.0218192	1
0	28987	41.02186016	1
0	28988	41.02190112	1
0	28989	41.02194208	1
0	28990	41.02198304	1
0	28991	41.022024	1
0	29041	41.12157344	1
0	29045	41.1216144	1
0	29050	41.12165536	1
0	29055	41.12169632	1
0	29056	41.12173728	1
0	29057	41.12177824	1
0	29058	41.1218192	1
0	29059	41.12186016	1
0	29060	41.12190112	1
0	29061	41.12194208	1
0	29062	41.12198304	1
0	29063	41.122024	1
0	29113	41.22157344	1
0	29117	41.2216144	1
0	29122	41.22165536	1
0	29127	41.22169632	1
0	29128	41.22173728	1
0	29129	41.22177824	1
0	29130	41.2218192	1
0	29131	41.22186016	1
0	29132	41.22190112	1
0	29133	41.22194208	1
0	29134	41.22198304	1
0	29135	41.222024	1
0	29185	41.32157344	1
0	29189	41.3216144	1
0	29194	41.32165536	1
0	29199	41.32169632	1
0	29200	41.32173728	1
0	29201	41.32177824	1
0	29202	41.3218192	1
0	29203	41.32186016	1
0	29204	41.32190112	1
0	29205	41.32194208	1
0	29206	41.32198304	1
0	29207	41.322024	1
0	29257	41.42157344	1
0	29261	41.4216144	1
0	29266	41.42165536	1
0	29271	41.42169632	1
0	29272	41.42173728	1
0	29273	41.42177824	1
0	29274	41.4218192	1
0	29275	41.42186016	1
0	29276	41.42190112	1
0	29277	41.42194208	1
0	29278	41.42198304	1
0	29279	41.422024	1
0	29329	41.52157344	1
0	29333	41.5216144	1
0	29338	41.52165536	1
0	29343	41.52169632	1
0	29344	41.52173728	1
0	29345	41.52177824	1
0	29346	41.5218192	1
0	29347	41.52186016	1
0	29348	41.52190112	1
0	29349	41.52194208	1
0	29350	41.52198304	1
0	29351	41.522024	1
0	29401	41.62157344	1
0	29405	41.6216144	1
0	29410	41.62165536	1
0	29415	41.62169632	1
0	29416	41.62173728	1
0	29417	41.62177824	1
0	29418	41.6218192	1
0	29419	41.62186016	1
0	29420	41.62190112	1
0	29421	41.62194208	1
0	29422	41.62198304	1
0	29423	41.622024	1
0	29473	41.72157344	1
0	29477	41.7216144	1
0	29482	41.72165536	1
0	29487	41.72169632	1
0	29488	41.72173728	1
0	29489	41.72177824	1
0	29490	41.7218192	1
0	29491	41.72186016	1
0	29492	41.72190112	1
0	29493	41.72194208	1
0	29494	41.72198304	1
0	29495	41.722024	1
0	29545	41.82157344	1
0	29549	41.8216144	1
0	29554	41.82165536	1
0	29559	41.82169632	1
0	29560	41.82173728	1
0	29561	41.82177824	1
0	29562	41.8218192	1
0	29563	41.82186016	1
0	29564	41.82190112	1
0	29565	41.82194208	1
0	29566	41.82198304	1
0	29567	41.822024	1
0	29617	41.92157344	1
0	29621	41.9216144	1
0	29626	41.92165536	1
0	29631	41.92169632	1
0	29632	41.92173728	1
0	29633	41.92177824	1
0	29634	41.9218192	1
0	29635	41.92186016	1
0	29636	41.92190112	1
0	29637	41.92194208	1
0	29638	41.92198304	1
0	29639	41.922024	1
0	29689	42.02157344	1
0	29693	42.0216144	1
0	29698	42.02165536	1
0	29703	42.02169632	1
0	29704	42.02173728	1
0	29705	42.02177824	1
0	29706	42.0218192	1
0	29707	42.02186016	1
0	29708	42.02190112	1
0	29709	42.02194208	1
0	29710	42.02198304	1
0	29711	42.022024	1
0	29761	42.12157344	1
0	29765	42.1216144	1
0	29770	42.12165536	1
0	29775	42.12169632	1
0	29776	42.12173728	1
0	29777	42.12177824	1
0	29778	42.1218192	1
0	29779	42.12186016	1
0	29780	42.12190112	1
0	29781	42.12194208	1
0	29782	42.12198304	1
0	29783	42.122024	1
0	29833	42.22157344	1
0	29837	42.2216144	1
0	29842	42.22165536	1
0	29847	42.22169632	1
0	29848	42.22173728	1
0	29849	42.22177824	1
0	29850	42.2218192	1
0	29851	42.22186016	1
0	29852	42.22190112	1
0	29853	42.22194208	1
0	29854	42.22198304	1
0	29855	42.222024	1
0	29905	42.32157344	1
0	29909	42.3216144	1
0	29914	42.32165536	1
0	29919	42.32169632	1
0	29920	42.32173728	1
0	29921	42.32177824	1
0	29922	42.3218192	1
0	29923	42.32186016	1
0	29924	42.32190112	1
0	29925	42.32194208	1
0	29926	42.32198304	1
0	29927	42.322024	1
0	29977	42.42157344	1
0	29981	42.4216144	1
0	29986	42.42165536	1
0	29991	42.42169632	1
0	29992	42.42173728	1
0	29993	42.42177824	1
0	29994	42.4218192	1
0	29995	42.42186016	1
0	29996	42.42190112	1
0	29997	42.42194208	1
0	29998	42.42198304	1
0	29999	42.422024	1
0	30049	42.52157344	1
0	30053	42.5216144	1
0	30058	42.52165536	1
0	30063	42.52169632	1
0	30064	42.52173728	1
0	30065	42.52177824	1
0	30066	42.5218192	1
0	30067	42.52186016	1
0	30068	42.52190112	1
0	30069	42.52194208	1
0	30070	42.52198304	1
0	30071	42.522024	1
0	30121	42.62157344	1
0	30125	42.6216144	1
0	30130	42.62165536	1
0	30135	42.62169632	1
0	30136	42.62173728	1
0	30137	42.62177824	1
0	30138	42.6218192	1
0	30139	42.62186016	1
0	30140	42.62190112	1
0	30141	42.62194208	1
0	30142	42.62198304	1
0	30143	42.622024	1
0	30193	42.72157344	1
0	30197	42.7216144	1
0	30202	42.72165536	1
0	30207	42.72169632	1
0	30208	42.72173728	1
0	30209	42.72177824	1
0	30210	42.7218192	1
0	30211	42.72186016	1
0	30212	42.72190112	1
0	30213	42.72194208	1
0	30214	42.72198304	1
0	30215	42.722024	1
0	30265	42.82157344	1
0	30269	42.8216144	1
0	30274	42.82165536	1
0	30279	42.82169632	1
0	30280	42.82173728	1
0	30281	42.82177824	1
0	30282	42.8218192	1
0	30283	42.82186016	1
0	30284	42.82190112	1
0	30285	42.82194208	1
0	30286	42.82198304	1
0	30287	42.822024	1
0	30337	42.92157344	1
0	30341	42.9216144	1
0	30346	42.92165536	1
0	30351	42.92169632	1
0	30352	42.92173728	1
0	30353	42.92177824	1
0	30354	42.9218192	1
0	30355	42.92186016	1
0	30356	42.92190112	1
0	30357	42.92194208	1
0	30358	42.92198304	1
0	30359	42.922024	1
0	30409	43.02157344	1
0	30413	43.0216144	1
0	30418	43.02165536	1
0	30423	43.02169632	1
0	30424	43.02173728	1
0	30425	43.02177824	1
0	30426	43.0218192	1
0	30427	43.02186016	1
0	30428	43.02190112	1
0	30429	43.02194208	1
0	30430	43.02198304	1
0	30431	43.022024	1
0	30481	43.12157344	1
0	30485	43.1216144	1
0	30490	43.12165536	1
0	30495	43.12169632	1
0	30496	43.12173728	1
0	30497	43.12177824	1
0	30498	43.1218192	1
0	30499	43.12186016	1
0	30500	43.12190112	1
0	30501	43.12194208	1
0	30502	43.12198304	1
0	30503	43.122024	1
0	30553	43.22157344	1
0	30557	43.2216144	1
0	30562	43.22165536	1
0	30567	43.22169632	1
0	30568	43.22173728	1
0	30569	43.22177824	1
0	30570	43.2218192	1
0	30571	43.22186016	1
0	30572	43.22190112	1
0	30573	43.22194208	1
0	30574	43.22198304	1
0	30575	43.222024	1
0	30625	43.32157344	1
0	30629	43.3216144	1
0	30634	43.32165536	1
0	30639	43.32169632	1
0	30640	43.32173728	1
0	30641	43.32177824	1
0	30642	43.3218192	1
0	30643	43.32186016	1
0	30644	43.32190112	1
0	30645	43.32194208	1
0	30646	43.32198304	1
0	30647	43.322024	1
0	30697	43.42157344	1
0	30701	43.4216144	1
0	30706	43.42165536	1
0	30711	43.42169632	1
0	30712	43.42173728	1
0	30713	43.42177824	1
0	30714	43.4218192	1
0	30715	43.42186016	1
0	30716	43.42190112	1
0	30717	43.42194208	1
0	30718	43.42198304	1
0	30719	43.422024	1
0	30769	43.52157344	1
0	30773	43.5216144	1
0	30778	43.52165536	1
0	30783	43.52169632	1
0	30784	43.52173728	1
0	30785	43.52177824	1
0	30786	43.5218192	1
0	30787	43.52186016	1
0	30788	43.52190112	1
0	30789	43.52194208	1
0	30790	43.52198304	1
0	30791	43.522024	1
0	30841	43.62157344	1
0	30845	43.6216144	1
0	30850	43.62165536	1
0	30855	43.62169632	1
0	30856	43.62173728	1
0	30857	43.62177824	1
0	30858	43.6218192	1
0	30859	43.62186016	1
0	30860	43.62190112	1
0	30861	43.62194208	1
0	30862	43.62198304	1
0	30863	43.622024	1
0	30913	43.72157344	1
0	30917	43.7216144	1
0	30922	43.72165536	1
0	30927	43.72169632	1
0	30928	43.72173728	1
0	30929	43.72177824	1
0	30930	43.7218192	1
0	30931	43.72186016	1
0	30932	43.72190112	1
0	30933	43.72194208	1
0	30934	43.72198304	1
0	30935	43.722024	1
0	30985	43.82157344	1
0	30989	43.8216144	1
0	30994	43.82165536	1
0	30999	43.82169632	1
0	31000	43.82173728	1
0	31001	43.82177824	1
0	31002	43.8218192	1
0	31003	43.82186016	1
0	31004	43.82190112	1
0	31005	43.82194208	1
0	31006	43.82198304	1
0	31007	43.822024	1
0	31057	43.92157344	1
0	31061	43.9216144	1
0	31066	43.92165536	1
0	31071	43.92169632	1
0	31072	43.92173728	1
0	31073	43.92177824	1
0	31074	43.9218192	1
0	31075	43.92186016	1
0	31076	43.92190112	1
0	31077	43.92194208	1
0	31078	43.92198304	1
0	31079	43.922024	1
0	31129	44.02157344	1
0	31133	44.0216144	1
0	31138	44.02165536	1
0	31143	44.02169632	1
0	31144	44.02173728	1
0	31145	44.02177824	1
0	31146	44.0218192	1
0	31147	44.02186016	1
0	31148	44.02190112	1
0	31149	44.02194208	1
0	31150	44.02198304	1
0	31151	44.022024	1
0	31201	44.12157344	1
0	31205	44.1216144	1
0	31210	44.12165536	1
0	31215	44.12169632	1
0	31216	44.12173728	1
0	31217	44.12177824	1
0	31218	44.1218192	1
0	31219	44.12186016	1
0	31220	44.12190112	1
0	31221	44.12194208	1
0	31222	44.12198304	1
0	31223	44.122024	1
0	31273	44.22157344	1
0	31277	44.2216144	1
0	31282	44.22165536	1
0	31287	44.22169632	1
0	31288	44.22173728	1
0	31289	44.22177824	1
0	31290	44.2218192	1
0	31291	44.22186016	1
0	31292	44.22190112	1
0	31293	44.22194208	1
0	31294	44.22198304	1
0	31295	44.222024	1
0	31345	44.32157344	1
0	31349	44.3216144	1
0	31354	44.32165536	1
0	31359	44.32169632	1
0	31360	44.32173728	1
0	31361	44.32177824	1
0	31362	44.3218192	1
0	31363	44.32186016	1
0	31364	44.32190112	1
0	31365	44.32194208	1
0	31366	44.32198304	1
0	31367	44.322024	1
0	31417	44.42157344	1
0	31421	44.4216144	1
0	31426	44.42165536	1
0	31431	44.42169632	1
0	31432	44.42173728	1
0	31433	44.42177824	1
0	31434	44.4218192	1
0	31435	44.42186016	1
0	31436	44.42190112	1
0	31437	44.42194208	1
0	31438	44.42198304	1
0	31439	44.422024	1
0	31489	44.52157344	1
0	31493	44.5216144	1
0	31498	44.52165536	1
0	31503	44.52169632	1
0	31504	44.52173728	1
0	31505	44.52177824	1
0	31506	44.5218192	1
0	31507	44.52186016	1
0	31508	44.52190112	1
0	31509	44.52194208	1
0	31510	44.52198304	1
0	31511	44.522024	1
0	31561	44.62157344	1
0	31565	44.6216144	1
0	31570	44.62165536	1
0	31575	44.62169632	1
0	31576	44.62173728	1
0	31577	44.62177824	1
0	31578	44.6218192	1
0	31579	44.62186016	1
0	31580	44.62190112	1
0	31581	44.62194208	1
0	31582	44.62198304	1
0	31583	44.622024	1
0	31633	44.72157344	1
0	31637	44.7216144	1
0	31642	44.72165536	1
0	31647	44.72169632	1
0	31648	44.72173728	1
0	31649	44.72177824	1
0	31650	44.7218192	1
0	31651	44.72186016	1
0	31652	44.72190112	1
0	31653	44.72194208	1
0	31654	44.72198304	1
0	31655	44.722024	1
0	31705	44.82157344	1
0	31709	44.8216144	1
0	31714	44.82165536	1
0	31719	44.82169632	1
0	31720	44.82173728	1
0	31721	44.82177824	1
0	31722	44.8218192	1
0	31723	44.82186016	1
0	31724	44.82190112	1
0	31725	44.82194208	1
0	31726	44.82198304	1
0	31727	44.822024	1
0	31777	44.92157344	1
0	31781	44.9216144	1
0	31786	44.92165536	1
0	31791	44.92169632	1
0	31792	44.92173728	1
0	31793	44.92177824	1
0	31794	44.9218192	1
0	31795	44.92186016	1
0	31796	44.92190112	1
0	31797	44.92194208	1
0	31798	44.92198304	1
0	31799	44.922024	1
0	31849	45.02157344	1
0	31853	45.0216144	1
0	31858	45.02165536	1
0	31863	45.02169632	1
0	31864	45.02173728	1
0	31865	45.02177824	1
0	31866	45.0218192	1
0	31867	45.02186016	1
0	31868	45.02190112	1
0	31869	45.02194208	1
0	31870	45.02198304	1
0	31871	45.022024	1
0	31921	45.12157344	1
0	31925	45.1216144	1
0	31930	45.12165536	1
0	31935	45.12169632	1
0	31936	45.12173728	1
0	31937	45.12177824	1
0	31938	45.1218192	1
0	31939	45.12186016	1
0	31940	45.12190112	1
0	31941	45.12194208	1
0	31942	45.12198304	1
0	31943	45.122024	1
0	31993	45.22157344	1
0	31997	45.2216144	1
0	32002	45.22165536	1
0	32007	45.22169632	1
0	32008	45.22173728	1
0	32009	45.22177824	1
0	32010	45.2218192	1
0	32011	45.22186016	1
0	32012	45.22190112	1
0	32013	45.22194208	1
0	32014	45.22198304	1
0	32015	45.222024	1
0	32065	45.32157344	1
0	32069	45.3216144	1
0	32074	45.32165536	1
0	32079	45.32169632	1
0	32080	45.32173728	1
0	32081	45.32177824	1
0	32082	45.3218192	1
0	32083	45.32186016	1
0	32084	45.32190112	1
0	32085	45.32194208	1
0	32086	45.32198304	1
0	32087	45.322024	1
0	32137	45.42157344	1
0	32141	45.4216144	1
0	32146	45.42165536	1
0	32151	45.42169632	1
0	32152	45.42173728	1
0	32153	45.42177824	1
0	32154	45.4218192	1
0	32155	45.42186016	1
0	32156	45.42190112	1
0	32157	45.42194208	1
0	32158	45.42198304	1
0	32159	45.422024	1
0	32209	45.52157344	1
0	32213	45.5216144	1
0	32218	45.52165536	1
0	32223	45.52169632	1
0	32224	45.52173728	1
0	32225	45.52177824	1
0	32226	45.5218192	1
0	32227	45.52186016	1
0	32228	45.52190112	1
0	32229	45.52194208	1
0	32230	45.52198304	1
0	32231	45.522024	1
0	32281	45.62157344	1
0	32285	45.6216144	1
0	32290	45.62165536	1
0	32295	45.62169632	1
0	32296	45.62173728	1
0	32297	45.62177824	1
0	32298	45.6218192	1
0	32299	45.62186016	1
0	32300	45.62190112	1
0	32301	45.62194208	1
0	32302	45.62198304	1
0	32303	45.622024	1
0	32353	45.72157344	1
0	32357	45.7216144	1
0	32362	45.72165536	1
0	32367	45.72169632	1
0	32368	45.72173728	1
0	32369	45.72177824	1
0	32370	45.7218192	1
0	32371	45.72186016	1
0	32372	45.72190112	1
0	32373	45.72194208	1
0	32374	45.72198304	1
0	32375	45.722024	1
0	32425	45.82157344	1
0	32429	45.8216144	1
0	32434	45.82165536	1
0	32439	45.82169632	1
0	32440	45.82173728	1
0	32441	45.82177824	1
0	32442	45.8218192	1
0	32443	45.82186016	1
0	32444	45.82190112	1
0	32445	45.82194208	1
0	32446	45.82198304	1
0	32447	45.822024	1
0	32497	45.92157344	1
0	32501	45.9216144	1
0	32506	45.92165536	1
0	32511	45.92169632	1
0	32512	45.92173728	1
0	32513	45.92177824	1
0	32514	45.9218192	1
0	32515	45.92186016	1
0	32516	45.92190112	1
0	32517	45.92194208	1
0	32518	45.92198304	1
0	32519	45.922024	1
0	32569	46.02157344	1
0	32573	46.0216144	1
0	32578	46.02165536	1
0	32583	46.02169632	1
0	32584	46.02173728	1
0	32585	46.02177824	1
0	32586	46.0218192	1
0	32587	46.02186016	1
0	32588	46.02190112	1
0	32589	46.02194208	1
0	32590	46.02198304	1
0	32591	46.022024	1
0	32641	46.12157344	1
0	32645	46.1216144	1
0	32650	46.12165536	1
0	32655	46.12169632	1
0	32656	46.12173728	1
0	32657	46.12177824	1
0	32658	46.1218192	1
0	32659	46.12186016	1
0	32660	46.12190112	1
0	32661	46.12194208	1
0	32662	46.12198304	1
0	32663	46.122024	1
0	32713	46.22157344	1
0	32717	46.2216144	1
0	32722	46.22165536	1
0	32727	46.22169632	1
0	32728	46.22173728	1
0	32729	46.22177824	1
0	32730	46.2218192	1
0	32731	46.22186016	1
0	32732	46.22190112	1
0	32733	46.22194208	1
0	32734	46.22198304	1
0	32735	46.222024	1
0	32785	46.32157344	1
0	32789	46.3216144	1
0	32794	46.32165536	1
0	32799	46.32169632	1
0	32800	46.32173728	1
0	32801	46.32177824	1
0	32802	46.3218192	1
0	32803	46.32186016	1
0	32804	46.32190112	1
0	32805	46.32194208	1
0	32806	46.32198304	1
0	32807	46.322024	1
0	32857	46.42157344	1
0	32861	46.4216144	1
0	32866	46.42165536	1
0	32871	46.42169632	1
0	32872	46.42173728	1
0	32873	46.42177824	1
0	32874	46.4218192	1
0	32875	46.42186016	1
0	32876	46.42190112	1
0	32877	46.42194208	1
0	32878	46.42198304	1
0	32879	46.422024	1
0	32929	46.52157344	1
0	32933	46.5216144	1
0	32938	46.52165536	1
0	32943	46.52169632	1
0	32944	46.52173728	1
0	32945	46.52177824	1
0	32946	46.5218192	1
0	32947	46.52186016	1
0	32948	46.52190112	1
0	32949	46.52194208	1
0	32950	46.52198304	1
0	32951	46.522024	1
0	33001	46.62157344	1
0	33005	46.6216144	1
0	33010	46.62165536	1
0	33015	46.62169632	1
0	33016	46.62173728	1
0	33017	46.62177824	1
0	33018	46.6218192	1
0	33019	46.62186016	1
0	33020	46.62190112	1
0	33021	46.62194208	1
0	33022	46.62198304	1
0	33023	46.622024	1
0	33073	46.72157344	1
0	33077	46.7216144	1
0	33082	46.72165536	1
0	33087	46.72169632	1
0	33088	46.72173728	1
0	33089	46.72177824	1
0	33090	46.7218192	1
0	33091	46.72186016	1
0	33092	46.72190112	1
0	33093	46.72194208	1
0	33094	46.72198304	1
0	33095	46.722024	1
0	33145	46.82157344	1
0	33149	46.8216144	1
0	33154	46.82165536	1
0	33159	46.82169632	1
0	33160	46.82173728	1
0	33161	46.82177824	1
0	33162	46.8218192	1
0	33163	46.82186016	1
0	33164	46.82190112	1
0	33165	46.82194208	1
0	33166	46.82198304	1
0	33167	46.822024	1
0	33217	46.92157344	1
0	33221	46.9216144	1
0	33226	46.92165536	1
0	33231	46.92169632	1
0	33232	46.92173728	1
0	33233	46.92177824	1
0	33234	46.9218192	1
0	33235	46.92186016	1
0	33236	46.92190112	1
0	33237	46.92194208	1
0	33238	46.92198304	1
0	33239	46.922024	1
0	33289	47.02157344	1
0	33293	47.0216144	1
0	33298	47.02165536	1
0	33303	47.02169632	1
0	33304	47.02173728	1
0	33305	47.02177824	1
0	33306	47.0218192	1
0	33307	47.02186016	1
0	33308	47.02190112	1
0	33309	47.02194208	1
0	33310	47.02198304	1
0	33311	47.022024	1
0	33361	47.12157344	1
0	33365	47.1216144	1
0	33370	47.12165536	1
0	33375	47.12169632	1
0	33376	47.12173728	1
0	33377	47.12177824	1
0	33378	47.1218192	1
0	33379	47.12186016	1
0	33380	47.12190112	1
0	33381	47.12194208	1
0	33382	47.12198304	1
0	33383	47.122024	1
0	33433	47.22157344	1
0	33437	47.2216144	1
0	33442	47.22165536	1
0	33447	47.22169632	1
0	33448	47.22173728	1
0	33449	47.22177824	1
0	33450	47.2218192	1
0	33451	47.22186016	1
0	33452	47.22190112	1
0	33453	47.22194208	1
0	33454	47.22198304	1
0	33455	47.222024	1
0	33505	47.32157344	1
0	33509	47.3216144	1
0	33514	47.32165536	1
0	33519	47.32169632	1
0	33520	47.32173728	1
0	33521	47.32177824	1
0	33522	47.3218192	1
0	33523	47.32186016	1
0	33524	47.32190112	1
0	33525	47.32194208	1
0	33526	47.32198304	1
0	33527	47.322024	1
0	33577	47.42157344	1
0	33581	47.4216144	1
0	33586	47.42165536	1
0	33591	47.42169632	1
0	33592	47.42173728	1
0	33593	47.42177824	1
0	33594	47.4218192	1
0	33595	47.42186016	1
0	33596	47.42190112	1
0	33597	47.42194208	1
0	33598	47.42198304	1
0	33599	47.422024	1
0	33649	47.52157344	1
0	33653	47.5216144	1
0	33658	47.52165536	1
0	33663	47.52169632	1
0	33664	47.52173728	1
0	33665	47.52177824	1
0	33666	47.5218192	1
0	33667	47.52186016	1
0	33668	47.52190112	1
0	33669	47.52194208	1
0	33670	47.52198304	1
0	33671	47.522024	1
0	33721	47.62157344	1
0	33725	47.6216144	1
0	33730	47.62165536	1
0	33735	47.62169632	1
0	33736	47.62173728	1
0	33737	47.62177824	1
0	33738	47.6218192	1
0	33739	47.62186016	1
0	33740	47.62190112	1
0	33741	47.62194208	1
0	33742	47.62198304	1
0	33743	47.622024	1
0	33793	47.72157344	1
0	33797	47.7216144	1
0	33802	47.72165536	1
0	33807	47.72169632	1
0	33808	47.72173728	1
0	33809	47.72177824	1
0	33810	47.7218192	1
0	33811	47.72186016	1
0	33812	47.72190112	1
0	33813	47.72194208	1
0	33814	47.72198304	1
0	33815	47.722024	1
0	33865	47.82157344	1
0	33869	47.8216144	1
0	33874	47.82165536	1
0	33879	47.82169632	1
0	33880	47.82173728	1
0	33881	47.82177824	1
0	33882	47.8218192	1
0	33883	47.82186016	1
0	33884	47.82190112	1
0	33885	47.82194208	1
0	33886	47.82198304	1
0	33887	47.822024	1
0	33937	47.92157344	1
0	33941	47.9216144	1
0	33946	47.92165536	1
0	33951	47.92169632	1
0	33952	47.92173728	1
0	33953	47.92177824	1
0	33954	47.9218192	1
0	33955	47.92186016	1
0	33956	47.92190112	1
0	33957	47.92194208	1
0	33958	47.92198304	1
0	33959	47.922024	1
0	34009	48.02157344	1
0	34013	48.0216144	1
0	34018	48.02165536	1
0	34023	48.02169632	1
0	34024	48.02173728	1
0	34025	48.02177824	1
0	34026	48.0218192	1
0	34027	48.02186016	1
0	34028	48.02190112	1
0	34029	48.02194208	1
0	34030	48.02198304	1
0	34031	48.022024	1
0	34081	48.12157344	1
0	34085	48.1216144	1
0	34090	48.12165536	1
0	34095	48.12169632	1
0	34096	48.12173728	1
0	34097	48.12177824	1
0	34098	48.1218192	1
0	34099	48.12186016	1
0	34100	48.12190112	1
0	34101	48.12194208	1
0	34102	48.12198304	1
0	34103	48.122024	1
0	34153	48.22157344	1
0	34157	48.2216144	1
0	34162	48.22165536	1
0	34167	48.22169632	1
0	34168	48.22173728	1
0	34169	48.22177824	1
0	34170	48.2218192	1
0	34171	48.22186016	1
0	34172	48.22190112	1
0	34173	48.22194208	1
0	34174	48.22198304	1
0	34175	48.222024	1
0	34225	48.32157344	1
0	34229	48.3216144	1
0	34234	48.32165536	1
0	34239	48.32169632	1
0	34240	48.32173728	1
0	34241	48.32177824	1
0	34242	48.3218192	1
0	34243	48.32186016	1
0	34244	48.32190112	1
0	34245	48.32194208	1
0	34246	48.32198304	1
0	34247	48.322024	1
0	34297	48.42157344	1
0	34301	48.4216144	1
0	34306	48.42165536	1
0	34311	48.42169632	1
0	34312	48.42173728	1
0	34313	48.42177824	1
0	34314	48.4218192	1
0	34315	48.42186016	1
0	34316	48.42190112	1
0	34317	48.42194208	1
0	34318	48.42198304	1
0	34319	48.422024	1
0	34369	48.52157344	1
0	34373	48.5216144	1
0	34378	48.52165536	1
0	34383	48.52169632	1
0	34384	48.52173728	1
0	34385	48.52177824	1
0	34386	48.5218192	1
0	34387	48.52186016	1
0	34388	48.52190112	1
0	34389	48.52194208	1
0	34390	48.52198304	1
0	34391	48.522024	1
0	34441	48.62157344	1
0	34445	48.6216144	1
0	34450	48.62165536	1
0	34455	48.62169632	1
0	34456	48.62173728	1
0	34457	48.62177824	1
0	34458	48.6218192	1
0	34459	48.62186016	1
0	34460	48.62190112	1
0	34461	48.62194208	1
0	34462	48.62198304	1
0	34463	48.622024	1
0	34513	48.72157344	1
0	34517	48.7216144	1
0	34522	48.72165536	1
0	34527	48.72169632	1
0	34528	48.72173728	1
0	34529	48.72177824	1
0	34530	48.7218192	1
0	34531	48.72186016	1
0	34532	48.72190112	1
0	34533	48.72194208	1
0	34534	48.72198304	1
0	34535	48.722024	1
0	34585	48.82157344	1
0	34589	48.8216144	1
0	34594	48.82165536	1
0	34599	48.82169632	1
0	34600	48.82173728	1
0	34601	48.82177824	1
0	34602	48.8218192	1
0	34603	48.82186016	1
0	34604	48.82190112	1
0	34605	48.82194208	1
0	34606	48.82198304	1
0	34607	48.822024	1
0	34657	48.92157344	1
0	34661	48.9216144	1
0	34666	48.92165536	1
0	34671	48.92169632	1
0	34672	48.92173728	1
0	34673	48.92177824	1
0	34674	48.9218192	1
0	34675	48.92186016	1
0	34676	48.92190112	1
0	34677	48.92194208	1
0	34678	48.92198304	1
0	34679	48.922024	1
0	34729	49.02157344	1
0	34733	49.0216144	1
0	34738	49.02165536	1
0	34743	49.02169632	1
0	34744	49.02173728	1
0	34745	49.02177824	1
0	34746	49.0218192	1
0	34747	49.02186016	1
0	34748	49.02190112	1
0	34749	49.02194208	1
0	34750	49.02198304	1
0	34751	49.022024	1
0	34801	49.12157344	1
0	34805	49.1216144	1
0	34810	49.12165536	1
0	34815	49.12169632	1
0	34816	49.12173728	1
0	34817	49.12177824	1
0	34818	49.1218192	1
0	34819	49.12186016	1
0	34820	49.12190112	1
0	34821	49.12194208	1
0	34822	49.12198304	1
0	34823	49.122024	1
0	34873	49.22157344	1
0	34877	49.2216144	1
0	34882	49.22165536	1
0	34887	49.22169632	1
0	34888	49.22173728	1
0	34889	49.22177824	1
0	34890	49.2218192	1
0	34891	49.22186016	1
0	34892	49.22190112	1
0	34893	49.22194208	1
0	34894	49.22198304	1
0	34895	49.222024	1
0	34945	49.32157344	1
0	34949	49.3216144	1
0	34954	49.32165536	1
0	34959	49.32169632	1
0	34960	49.32173728	1
0	34961	49.32177824	1
0	34962	49.3218192	1
0	34963	49.32186016	1
0	34964	49.32190112	1
0	34965	49.32194208	1
0	34966	49.32198304	1
0	34967	49.322024	1
0	35017	49.42157344	1
0	35021	49.4216144	1
0	35026	49.42165536	1
0	35031	49.42169632	1
0	35032	49.42173728	1
0	35033	49.42177824	1
0	35034	49.4218192	1
0	35035	49.42186016	1
0	35036	49.42190112	1
0	35037	49.42194208	1
0	35038	49.42198304	1
0	35039	49.422024	1
0	35089	49.52157344	1
0	35093	49.5216144	1
0	35098	49.52165536	1
0	35103	49.52169632	1
0	35104	49.52173728	1
0	35105	49.52177824	1
0	35106	49.5218192	1
0	35107	49.52186016	1
0	35108	49.52190112	1
0	35109	49.52194208	1
0	35110	49.52198304	1
0	35111	49.522024	1
0	35161	49.62157344	1
0	35165	49.6216144	1
0	35170	49.62165536	1
0	35175	49.62169632	1
0	35176	49.62173728	1
0	35177	49.62177824	1
0	35178	49.6218192	1
0	35179	49.62186016	1
0	35180	49.62190112	1
0	35181	49.62194208	1
0	35182	49.62198304	1
0	35183	49.622024	1
0	35233	49.72157344	1
0	35237	49.7216144	1
0	35242	49.72165536	1
0	35247	49.72169632	1
0	35248	49.72173728	1
0	35249	49.72177824	1
0	35250	49.7218192	1
0	35251	49.72186016	1
0	35252	49.72190112	1
0	35253	49.72194208	1
0	35254	49.72198304	1
0	35255	49.722024	1
0	35305	49.82157344	1
0	35309	49.8216144	1
0	35314	49.82165536	1
0	35319	49.82169632	1
0	35320	49.82173728	1
0	35321	49.82177824	1
0	35322	49.8218192	1
0	35323	49.82186016	1
0	35324	49.82190112	1
0	35325	49.82194208	1
0	35326	49.82198304	1
0	35327	49.822024	1
0	35377	49.92157344	1
0	35381	49.9216144	1
0	35386	49.92165536	1
0	35391	49.92169632	1
0	35392	49.92173728	1
0	35393	49.92177824	1
0	35394	49.9218192	1
0	35395	49.92186016	1
0	35396	49.92190112	1
0	35397	49.92194208	1
0	35398	49.92198304	1
0	35399	49.922024	1
0	35449	50.02157344	1
0	35453	50.0216144	1
0	35458	50.02165536	1
0	35463	50.02169632	1
0	35464	50.02173728	1
0	35465	50.02177824	1
0	35466	50.0218192	1
0	35467	50.02186016	1
0	35468	50.02190112	1
0	35469	50.02194208	1
0	35470	50.02198304	1
0	35471	50.022024	1
0	35521	50.12157344	1
0	35525	50.1216144	1
0	35530	50.12165536	1
0	35535	50.12169632	1
0	35536	50.12173728	1
0	35537	50.12177824	1
0	35538	50.1218192	1
0	35539	50.12186016	1
0	35540	50.12190112	1
0	35541	50.12194208	1
0	35542	50.12198304	1
0	35543	50.122024	1
0	35593	50.22157344	1
0	35597	50.2216144	1
0	35602	50.22165536	1
0	35607	50.22169632	1
0	35608	50.22173728	1
0	35609	50.22177824	1
0	35610	50.2218192	1
0	35611	50.22186016	1
0	35612	50.22190112	1
0	35613	50.22194208	1
0	35614	50.22198304	1
0	35615	50.222024	1
0	35665	50.32157344	1
0	35669	50.3216144	1
0	35674	50.32165536	1
0	35679	50.32169632	1
0	35680	50.32173728	1
0	35681	50.32177824	1
0	35682	50.3218192	1
0	35683	50.32186016	1
0	35684	50.32190112	1
0	35685	50.32194208	1
0	35686	50.32198304	1
0	35687	50.322024	1
0	35737	50.42157344	1
0	35741	50.4216144	1
0	35746	50.42165536	1
0	35751	50.42169632	1
0	35752	50.42173728	1
0	35753	50.42177824	1
0	35754	50.4218192	1
0	35755	50.42186016	1
0	35756	50.42190112	1
0	35757	50.42194208	1
0	35758	50.42198304	1
0	35759	50.422024	1
0	35809	50.52157344	1
0	35813	50.5216144	1
0	35818	50.52165536	1
0	35823	50.52169632	1
0	35824	50.52173728	1
0	35825	50.52177824	1
0	35826	50.5218192	1
0	35827	50.52186016	1
0	35828	50.52190112	1
0	35829	50.52194208	1
0	35830	50.52198304	1
0	35831	50.522024	1
0	35881	50.62157344	1
0	35885	50.6216144	1
0	35890	50.62165536	1
0	35895	50.62169632	1
0	35896	50.62173728	1
0	35897	50.62177824	1
0	35898	50.6218192	1
0	35899	50.62186016	1
0	35900	50.62190112	1
0	35901	50.62194208	1
0	35902	50.62198304	1
0	35903	50.622024	1
0	35953	50.72157344	1
0	35957	50.7216144	1
0	35962	50.72165536	1
0	35967	50.72169632	1
0	35968	50.72173728	1
0	35969	50.72177824	1
0	35970	50.7218192	1
0	35971	50.72186016	1
0	35972	50.72190112	1
0	35973	50.72194208	1
0	35974	50.72198304	1
0	35975	50.722024	1
0	36025	50.82157344	1
0	36029	50.8216144	1
0	36034	50.82165536	1
0	36039	50.82169632	1
0	36040	50.82173728	1
0	36041	50.82177824	1
0	36042	50.8218192	1
0	36043	50.82186016	1
0	36044	50.82190112	1
0	36045	50.82194208	1
0	36046	50.82198304	1
0	36047	50.822024	1
0	36097	50.92157344	1
0	36101	50.9216144	1
0	36106	50.92165536	1
0	36111	50.92169632	1
0	36112	50.92173728	1
0	36113	50.92177824	1
0	36114	50.9218192	1
0	36115	50.92186016	1
0	36116	50.92190112	1
0	36117	50.92194208	1
0	36118	50.92198304	1
0	36119	50.922024	1
0	36169	51.02157344	1
0	36173	51.0216144	1
0	36178	51.02165536	1
0	36183	51.02169632	1
0	36184	51.02173728	1
0	36185	51.02177824	1
0	36186	51.0218192	1
0	36187	51.02186016	1
0	36188	51.02190112	1
0	36189	51.02194208	1
0	36190	51.02198304	1
0	36191	51.022024	1
0	36241	51.12157344	1
0	36245	51.1216144	1
0	36250	51.12165536	1
0	36255	51.12169632	1
0	36256	51.12173728	1
0	36257	51.12177824	1
0	36258	51.1218192	1
0	36259	51.12186016	1
0	36260	51.12190112	1
0	36261	51.12194208	1
0	36262	51.12198304	1
0	36263	51.122024	1
0	36313	51.22157344	1
0	36317	51.2216144	1
0	36322	51.22165536	1
0	36327	51.22169632	1
0	36328	51.22173728	1
0	36329	51.22177824	1
0	36330	51.2218192	1
0	36331	51.22186016	1
0	36332	51.22190112	1
0	36333	51.22194208	1
0	36334	51.22198304	1
0	36335	51.222024	1
0	36385	51.32157344	1
0	36389	51.3216144	1
0	36394	51.32165536	1
0	36399	51.32169632	1
0	36400	51.32173728	1
0	36401	51.32177824	1
0	36402	51.3218192	1
0	36403	51.32186016	1
0	36404	51.32190112	1
0	36405	51.32194208	1
0	36406	51.32198304	1
0	36407	51.322024	1
0	36457	51.42157344	1
0	36461	51.4216144	1
0	36466	51.42165536	1
0	36471	51.42169632	1
0	36472	51.42173728	1
0	36473	51.42177824	1
0	36474	51.4218192	1
0	36475	51.42186016	1
0	36476	51.42190112	1
0	36477	51.42194208	1
0	36478	51.42198304	1
0	36479	51.422024	1
0	36529	51.52157344	1
0	36533	51.5216144	1
0	36538	51.52165536	1
0	36543	51.52169632	1
0	36544	51.52173728	1
0	36545	51.52177824	1
0	36546	51.5218192	1
0	36547	51.52186016	1
0	36548	51.52190112	1
0	36549	51.52194208	1
0	36550	51.52198304	1
0	36551	51.522024	1
0	36601	51.62157344	1
0	36605	51.6216144	1
0	36610	51.62165536	1
0	36615	51.62169632	1
0	36616	51.62173728	1
0	36617	51.62177824	1
0	36618	51.6218192	1
0	36619	51.62186016	1
0	36620	51.62190112	1
0	36621	51.62194208	1
0	36622	51.62198304	1
0	36623	51.622024	1
0	36673	51.72157344	1
0	36677	51.7216144	1
0	36682	51.72165536	1
0	36687	51.72169632	1
0	36688	51.72173728	1
0	36689	51.72177824	1
0	36690	51.7218192	1
0	36691	51.72186016	1
0	36692	51.72190112	1
0	36693	51.72194208	1
0	36694	51.72198304	1
0	36695	51.722024	1
0	36745	51.82157344	1
0	36749	51.8216144	1
0	36754	51.82165536	1
0	36759	51.82169632	1
0	36760	51.82173728	1
0	36761	51.82177824	1
0	36762	51.8218192	1
0	36763	51.82186016	1
0	36764	51.82190112	1
0	36765	51.82194208	1
0	36766	51.82198304	1
0	36767	51.822024	1
0	36817	51.92157344	1
0	36821	51.9216144	1
0	36826	51.92165536	1
0	36831	51.92169632	1
0	36832	51.92173728	1
0	36833	51.92177824	1
0	36834	51.9218192	1
0	36835	51.92186016	1
0	36836	51.92190112	1
0	36837	51.92194208	1
0	36838	51.92198304	1
0	36839	51.922024	1
0	36889	52.02157344	1
0	36893	52.0216144	1
0	36898	52.02165536	1
0	36903	52.02169632	1
0	36904	52.02173728	1
0	36905	52.02177824	1
0	36906	52.0218192	1
0	36907	52.02186016	1
0	36908	52.02190112	1
0	36909	52.02194208	1
0	36910	52.02198304	1
0	36911	52.022024	1
0	36961	52.12157344	1
0	36965	52.1216144	1
0	36970	52.12165536	1
0	36975	52.12169632	1
0	36976	52.12173728	1
0	36977	52.12177824	1
0	36978	52.1218192	1
0	36979	52.12186016	1
0	36980	52.12190112	1
0	36981	52.12194208	1
0	36982	52.12198304	1
0	36983	52.122024	1
0	37033	52.22157344	1
0	37037	52.2216144	1
0	37042	52.22165536	1
0	37047	52.22169632	1
0	37048	52.22173728	1
0	37049	52.22177824	1
0	37050	52.2218192	1
0	37051	52.22186016	1
0	37052	52.22190112	1
0	37053	52.22194208	1
0	37054	52.22198304	1
0	37055	52.222024	1
0	37105	52.32157344	1
0	37109	52.3216144	1
0	37114	52.32165536	1
0	37119	52.32169632	1
0	37120	52.32173728	1
0	37121	52.32177824	1
0	37122	52.3218192	1
0	37123	52.32186016	1
0	37124	52.32190112	1
0	37125	52.32194208	1
0	37126	52.32198304	1
0	37127	52.322024	1
0	37177	52.42157344	1
0	37181	52.4216144	1
0	37186	52.42165536	1
0	37191	52.42169632	1
0	37192	52.42173728	1
0	37193	52.42177824	1
0	37194	52.4218192	1
0	37195	52.42186016	1
0	37196	52.42190112	1
0	37197	52.42194208	1
0	37198	52.42198304	1
0	37199	52.422024	1
0	37249	52.52157344	1
0	37253	52.5216144	1
0	37258	52.52165536	1
0	37263	52.52169632	1
0	37264	52.52173728	1
0	37265	52.52177824	1
0	37266	52.5218192	1
0	37267	52.52186016	1
0	37268	52.52190112	1
0	37269	52.52194208	1
0	37270	52.52198304	1
0	37271	52.522024	1
0	37321	52.62157344	1
0	37325	52.6216144	1
0	37330	52.62165536	1
0	37335	52.62169632	1
0	37336	52.62173728	1
0	37337	52.62177824	1
0	37338	52.6218192	1
0	37339	52.62186016	1
0	37340	52.62190112	1
0	37341	52.62194208	1
0	37342	52.62198304	1
0	37343	52.622024	1
0	37393	52.72157344	1
0	37397	52.7216144	1
0	37402	52.72165536	1
0	37407	52.72169632	1
0	37408	52.72173728	1
0	37409	52.72177824	1
0	37410	52.7218192	1
0	37411	52.72186016	1
0	37412	52.72190112	1
0	37413	52.72194208	1
0	37414	52.72198304	1
0	37415	52.722024	1
0	37465	52.82157344	1
0	37469	52.8216144	1
0	37474	52.82165536	1
0	37479	52.82169632	1
0	37480	52.82173728	1
0	37481	52.82177824	1
0	37482	52.8218192	1
0	37483	52.82186016	1
0	37484	52.82190112	1
0	37485	52.82194208	1
0	37486	52.82198304	1
0	37487	52.822024	1
0	37537	52.92157344	1
0	37541	52.9216144	1
0	37546	52.92165536	1
0	37551	52.92169632	1
0	37552	52.92173728	1
0	37553	52.92177824	1
0	37554	52.9218192	1
0	37555	52.92186016	1
0	37556	52.92190112	1
0	37557	52.92194208	1
0	37558	52.92198304	1
0	37559	52.922024	1
0	37609	53.02157344	1
0	37613	53.0216144	1
0	37618	53.02165536	1
0	37623	53.02169632	1
0	37624	53.02173728	1
0	37625	53.02177824	1
0	37626	53.0218192	1
0	37627	53.02186016	1
0	37628	53.02190112	1
0	37629	53.02194208	1
0	37630	53.02198304	1
0	37631	53.022024	1
0	37681	53.12157344	1
0	37685	53.1216144	1
0	37690	53.12165536	1
0	37695	53.12169632	1
0	37696	53.12173728	1
0	37697	53.12177824	1
0	37698	53.1218192	1
0	37699	53.12186016	1
0	37700	53.12190112	1
0	37701	53.12194208	1
0	37702	53.12198304	1
0	37703	53.122024	1
0	37753	53.22157344	1
0	37757	53.2216144	1
0	37762	53.22165536	1
0	37767	53.22169632	1
0	37768	53.22173728	1
0	37769	53.22177824	1
0	37770	53.2218192	1
0	37771	53.22186016	1
0	37772	53.22190112	1
0	37773	53.22194208	1
0	37774	53.22198304	1
0	37775	53.222024	1
0	37825	53.32157344	1
0	37829	53.3216144	1
0	37834	53.32165536	1
0	37839	53.32169632	1
0	37840	53.32173728	1
0	37841	53.32177824	1
0	37842	53.3218192	1
0	37843	53.32186016	1
0	37844	53.32190112	1
0	37845	53.32194208	1
0	37846	53.32198304	1
0	37847	53.322024	1
0	37897	53.42157344	1
0	37901	53.4216144	1
0	37906	53.42165536	1
0	37911	53.42169632	1
0	37912	53.42173728	1
0	37913	53.42177824	1
0	37914	53.4218192	1
0	37915	53.42186016	1
0	37916	53.42190112	1
0	37917	53.42194208	1
0	37918	53.42198304	1
0	37919	53.422024	1
0	37969	53.52157344	1
0	37973	53.5216144	1
0	37978	53.52165536	1
0	37983	53.52169632	1
0	37984	53.52173728	1
0	37985	53.52177824	1
0	37986	53.5218192	1
0	37987	53.52186016	1
0	37988	53.52190112	1
0	37989	53.52194208	1
0	37990	53.52198304	1
0	37991	53.522024	1
0	38041	53.62157344	1
0	38045	53.6216144	1
0	38050	53.62165536	1
0	38055	53.62169632	1
0	38056	53.62173728	1
0	38057	53.62177824	1
0	38058	53.6218192	1
0	38059	53.62186016	1
0	38060	53.62190112	1
0	38061	53.62194208	1
0	38062	53.62198304	1
0	38063	53.622024	1
0	38113	53.72157344	1
0	38117	53.7216144	1
0	38122	53.72165536	1
0	38127	53.72169632	1
0	38128	53.72173728	1
0	38129	53.72177824	1
0	38130	53.7218192	1
0	38131	53.72186016	1
0	38132	53.72190112	1
0	38133	53.72194208	1
0	38134	53.72198304	1
0	38135	53.722024	1
0	38185	53.82157344	1
0	38189	53.8216144	1
0	38194	53.82165536	1
0	38199	53.82169632	1
0	38200	53.82173728	1
0	38201	53.82177824	1
0	38202	53.8218192	1
0	38203	53.82186016	1
0	38204	53.82190112	1
0	38205	53.82194208	1
0	38206	53.82198304	1
0	38207	53.822024	1
0	38257	53.92157344	1
0	38261	53.9216144	1
0	38266	53.92165536	1
0	38271	53.92169632	1
0	38272	53.92173728	1
0	38273	53.92177824	1
0	38274	53.9218192	1
0	38275	53.92186016	1
0	38276	53.92190112	1
0	38277	53.92194208	1
0	38278	53.92198304	1
0	38279	53.922024	1
0	38329	54.02157344	1
0	38333	54.0216144	1
0	38338	54.02165536	1
0	38343	54.02169632	1
0	38344	54.02173728	1
0	38345	54.02177824	1
0	38346	54.0218192	1
0	38347	54.02186016	1
0	38348	54.02190112	1
0	38349	54.02194208	1
0	38350	54.02198304	1
0	38351	54.022024	1
0	38401	54.12157344	1
0	38405	54.1216144	1
0	38410	54.12165536	1
0	38415	54.12169632	1
0	38416	54.12173728	1
0	38417	54.12177824	1
0	38418	54.1218192	1
0	38419	54.12186016	1
0	38420	54.12190112	1
0	38421	54.12194208	1
0	38422	54.12198304	1
0	38423	54.122024	1
0	38473	54.22157344	1
0	38477	54.2216144	1
0	38482	54.22165536	1
0	38487	54.22169632	1
0	38488	54.22173728	1
0	38489	54.22177824	1
0	38490	54.2218192	1
0	38491	54.22186016	1
0	38492	54.22190112	1
0	38493	54.22194208	1
0	38494	54.22198304	1
0	38495	54.222024	1
0	38545	54.32157344	1
0	38549	54.3216144	1
0	38554	54.32165536	1
0	38559	54.32169632	1
0	38560	54.32173728	1
0	38561	54.32177824	1
0	38562	54.3218192	1
0	38563	54.32186016	1
0	38564	54.32190112	1
0	38565	54.32194208	1
0	38566	54.32198304	1
0	38567	54.322024	1
0	38617	54.42157344	1
0	38621	54.4216144	1
0	38626	54.42165536	1
0	38631	54.42169632	1
0	38632	54.42173728	1
0	38633	54.42177824	1
0	38634	54.4218192	1
0	38635	54.42186016	1
0	38636	54.42190112	1
0	38637	54.42194208	1
0	38638	54.42198304	1
0	38639	54.422024	1
0	38689	54.52157344	1
0	38693	54.5216144	1
0	38698	54.52165536	1
0	38703	54.52169632	1
0	38704	54.52173728	1
0	38705	54.52177824	1
0	38706	54.5218192	1
0	38707	54.52186016	1
0	38708	54.52190112	1
0	38709	54.52194208	1
0	38710	54.52198304	1
0	38711	54.522024	1
0	38761	54.62157344	1
0	38765	54.6216144	1
0	38770	54.62165536	1
0	38775	54.62169632	1
0	38776	54.62173728	1
0	38777	54.62177824	1
0	38778	54.6218192	1
0	38779	54.62186016	1
0	38780	54.62190112	1
0	38781	54.62194208	1
0	38782	54.62198304	1
0	38783	54.622024	1
0	38833	54.72157344	1
0	38837	54.7216144	1
0	38842	54.72165536	1
0	38847	54.72169632	1
0	38848	54.72173728	1
0	38849	54.72177824	1
0	38850	54.7218192	1
0	38851	54.72186016	1
0	38852	54.72190112	1
0	38853	54.72194208	1
0	38854	54.72198304	1
0	38855	54.722024	1
0	38905	54.82157344	1
0	38909	54.8216144	1
0	38914	54.82165536	1
0	38919	54.82169632	1
0	38920	54.82173728	1
0	38921	54.82177824	1
0	38922	54.8218192	1
0	38923	54.82186016	1
0	38924	54.82190112	1
0	38925	54.82194208	1
0	38926	54.82198304	1
0	38927	54.822024	1
0	38977	54.92157344	1
0	38981	54.9216144	1
0	38986	54.92165536	1
0	38991	54.92169632	1
0	38992	54.92173728	1
0	38993	54.92177824	1
0	38994	54.9218192	1
0	38995	54.92186016	1
0	38996	54.92190112	1
0	38997	54.92194208	1
0	38998	54.92198304	1
0	38999	54.922024	1
0	39049	55.02157344	1
0	39053	55.0216144	1
0	39058	55.02165536	1
0	39063	55.02169632	1
0	39064	55.02173728	1
0	39065	55.02177824	1
0	39066	55.0218192	1
0	39067	55.02186016	1
0	39068	55.02190112	1
0	39069	55.02194208	1
0	39070	55.02198304	1
0	39071	55.022024	1
0	39121	55.12157344	1
0	39125	55.1216144	1
0	39130	55.12165536	1
0	39135	55.12169632	1
0	39136	55.12173728	1
0	39137	55.12177824	1
0	39138	55.1218192	1
0	39139	55.12186016	1
0	39140	55.12190112	1
0	39141	55.12194208	1
0	39142	55.12198304	1
0	39143	55.122024	1
0	39193	55.22157344	1
0	39197	55.2216144	1
0	39202	55.22165536	1
0	39207	55.22169632	1
0	39208	55.22173728	1
0	39209	55.22177824	1
0	39210	55.2218192	1
0	39211	55.22186016	1
0	39212	55.22190112	1
0	39213	55.22194208	1
0	39214	55.22198304	1
0	39215	55.222024	1
0	39265	55.32157344	1
0	39269	55.3216144	1
0	39274	55.32165536	1
0	39279	55.32169632	1
0	39280	55.32173728	1
0	39281	55.32177824	1
0	39282	55.3218192	1
0	39283	55.32186016	1
0	39284	55.32190112	1
0	39285	55.32194208	1
0	39286	55.32198304	1
0	39287	55.322024	1
0	39337	55.42157344	1
0	39341	55.4216144	1
0	39346	55.42165536	1
0	39351	55.42169632	1
0	39352	55.42173728	1
0	39353	55.42177824	1
0	39354	55.4218192	1
0	39355	55.42186016	1
0	39356	55.42190112	1
0	39357	55.42194208	1
0	39358	55.42198304	1
0	39359	55.422024	1
0	39409	55.52157344	1
0	39413	55.5216144	1
0	39418	55.52165536	1
0	39423	55.52169632	1
0	39424	55.52173728	1
0	39425	55.52177824	1
0	39426	55.5218192	1
0	39427	55.52186016	1
0	39428	55.52190112	1
0	39429	55.52194208	1
0	39430	55.52198304	1
0	39431	55.522024	1
0	39481	55.62157344	1
0	39485	55.6216144	1
0	39490	55.62165536	1
0	39495	55.62169632	1
0	39496	55.62173728	1
0	39497	55.62177824	1
0	39498	55.6218192	1
0	39499	55.62186016	1
0	39500	55.62190112	1
0	39501	55.62194208	1
0	39502	55.62198304	1
0	39503	55.622024	1
0	39553	55.72157344	1
0	39557	55.7216144	1
0	39562	55.72165536	1
0	39567	55.72169632	1
0	39568	55.72173728	1
0	39569	55.72177824	1
0	39570	55.7218192	1
0	39571	55.72186016	1
0	39572	55.72190112	1
0	39573	55.72194208	1
0	39574	55.72198304	1
0	39575	55.722024	1
0	39625	55.82157344	1
0	39629	55.8216144	1
0	39634	55.82165536	1
0	39639	55.82169632	1
0	39640	55.82173728	1
0	39641	55.82177824	1
0	39642	55.8218192	1
0	39643	55.82186016	1
0	39644	55.82190112	1
0	39645	55.82194208	1
0	39646	55.82198304	1
0	39647	55.822024	1
0	39697	55.92157344	1
0	39701	55.9216144	1
0	39706	55.92165536	1
0	39711	55.92169632	1
0	39712	55.92173728	1
0	39713	55.92177824	1
0	39714	55.9218192	1
0	39715	55.92186016	1
0	39716	55.92190112	1
0	39717	55.92194208	1
0	39718	55.92198304	1
0	39719	55.922024	1
0	39769	56.02157344	1
0	39773	56.0216144	1
0	39778	56.02165536	1
0	39783	56.02169632	1
0	39784	56.02173728	1
0	39785	56.02177824	1
0	39786	56.0218192	1
0	39787	56.02186016	1
0	39788	56.02190112	1
0	39789	56.02194208	1
0	39790	56.02198304	1
0	39791	56.022024	1
0	39841	56.12157344	1
0	39845	56.1216144	1
0	39850	56.12165536	1
0	39855	56.12169632	1
0	39856	56.12173728	1
0	39857	56.12177824	1
0	39858	56.1218192	1
0	39859	56.12186016	1
0	39860	56.12190112	1
0	39861	56.12194208	1
0	39862	56.12198304	1
0	39863	56.122024	1
0	39913	56.22157344	1
0	39917	56.2216144	1
0	39922	56.22165536	1
0	39927	56.22169632	1
0	39928	56.22173728	1
0	39929	56.22177824	1
0	39930	56.2218192	1
0	39931	56.22186016	1
0	39932	56.22190112	1
0	39933	56.22194208	1
0	39934	56.22198304	1
0	39935	56.222024	1
0	39985	56.32157344	1
0	39989	56.3216144	1
0	39994	56.32165536	1
0	39999	56.32169632	1
0	40000	56.32173728	1
0	40001	56.32177824	1
0	40002	56.3218192	1
0	40003	56.32186016	1
0	40004	56.32190112	1
0	40005	56.32194208	1
0	40006	56.32198304	1
0	40007	56.322024	1
0	40057	56.42157344	1
0	40061	56.4216144	1
0	40066	56.42165536	1
0	40071	56.42169632	1
0	40072	56.42173728	1
0	40073	56.42177824	1
0	40074	56.4218192	1
0	40075	56.42186016	1
0	40076	56.42190112	1
0	40077	56.42194208	1
0	40078	56.42198304	1
0	40079	56.422024	1
0	40129	56.52157344	1
0	40133	56.5216144	1
0	40138	56.52165536	1
0	40143	56.52169632	1
0	40144	56.52173728	1
0	40145	56.52177824	1
0	40146	56.5218192	1
0	40147	56.52186016	1
0	40148	56.52190112	1
0	40149	56.52194208	1
0	40150	56.52198304	1
0	40151	56.522024	1
0	40201	56.62157344	1
0	40205	56.6216144	1
0	40210	56.62165536	1
0	40215	56.62169632	1
0	40216	56.62173728	1
0	40217	56.62177824	1
0	40218	56.6218192	1
0	40219	56.62186016	1
0	40220	56.62190112	1
0	40221	56.62194208	1
0	40222	56.62198304	1
0	40223	56.622024	1
0	40273	56.72157344	1
0	40277	56.7216144	1
0	40282	56.72165536	1
0	40287	56.72169632	1
0	40288	56.72173728	1
0	40289	56.72177824	1
0	40290	56.7218192	1
0	40291	56.72186016	1
0	40292	56.72190112	1
0	40293	56.72194208	1
0	40294	56.72198304	1
0	40295	56.722024	1
0	40345	56.82157344	1
0	40349	56.8216144	1
0	40354	56.82165536	1
0	40359	56.82169632	1
0	40360	56.82173728	1
0	40361	56.82177824	1
0	40362	56.8218192	1
0	40363	56.82186016	1
0	40364	56.82190112	1
0	40365	56.82194208	1
0	40366	56.82198304	1
0	40367	56.822024	1
0	40417	56.92157344	1
0	40421	56.9216144	1
0	40426	56.92165536	1
0	40431	56.92169632	1
0	40432	56.92173728	1
0	40433	56.92177824	1
0	40434	56.9218192	1
0	40435	56.92186016	1
0	40436	56.92190112	1
0	40437	56.92194208	1
0	40438	56.92198304	1
0	40439	56.922024	1
0	40489	57.02157344	1
0	40493	57.0216144	1
0	40498	57.02165536	1
0	40503	57.02169632	1
0	40504	57.02173728	1
0	40505	57.02177824	1
0	40506	57.0218192	1
0	40507	57.02186016	1
0	40508	57.02190112	1
0	40509	57.02194208	1
0	40510	57.02198304	1
0	40511	57.022024	1
0	40561	57.12157344	1
0	40565	57.1216144	1
0	40570	57.12165536	1
0	40575	57.12169632	1
0	40576	57.12173728	1
0	40577	57.12177824	1
0	40578	57.1218192	1
0	40579	57.12186016	1
0	40580	57.12190112	1
0	40581	57.12194208	1
0	40582	57.12198304	1
0	40583	57.122024	1
0	40633	57.22157344	1
0	40637	57.2216144	1
0	40642	57.22165536	1
0	40647	57.22169632	1
0	40648	57.22173728	1
0	40649	57.22177824	1
0	40650	57.2218192	1
0	40651	57.22186016	1
0	40652	57.22190112	1
0	40653	57.22194208	1
0	40654	57.22198304	1
0	40655	57.222024	1
0	40705	57.32157344	1
0	40709	57.3216144	1
0	40714	57.32165536	1
0	40719	57.32169632	1
0	40720	57.32173728	1
0	40721	57.32177824	1
0	40722	57.3218192	1
0	40723	57.32186016	1
0	40724	57.32190112	1
0	40725	57.32194208	1
0	40726	57.32198304	1
0	40727	57.322024	1
0	40777	57.42157344	1
0	40781	57.4216144	1
0	40786	57.42165536	1
0	40791	57.42169632	1
0	40792	57.42173728	1
0	40793	57.42177824	1
0	40794	57.4218192	1
0	40795	57.42186016	1
0	40796	57.42190112	1
0	40797	57.42194208	1
0	40798	57.42198304	1
0	40799	57.422024	1
0	40849	57.52157344	1
0	40853	57.5216144	1
0	40858	57.52165536	1
0	40863	57.52169632	1
0	40864	57.52173728	1
0	40865	57.52177824	1
0	40866	57.5218192	1
0	40867	57.52186016	1
0	40868	57.52190112	1
0	40869	57.52194208	1
0	40870	57.52198304	1
0	40871	57.522024	1
0	40921	57.62157344	1
0	40925	57.6216144	1
0	40930	57.62165536	1
0	40935	57.62169632	1
0	40936	57.62173728	1
0	40937	57.62177824	1
0	40938	57.6218192	1
0	40939	57.62186016	1
0	40940	57.62190112	1
0	40941	57.62194208	1
0	40942	57.62198304	1
0	40943	57.622024	1
0	40993	57.72157344	1
0	40997	57.7216144	1
0	41002	57.72165536	1
0	41007	57.72169632	1
0	41008	57.72173728	1
0	41009	57.72177824	1
0	41010	57.7218192	1
0	41011	57.72186016	1
0	41012	57.72190112	1
0	41013	57.72194208	1
0	41014	57.72198304	1
0	41015	57.722024	1
0	41065	57.82157344	1
0	41069	57.8216144	1
0	41074	57.82165536	1
0	41079	57.82169632	1
0	41080	57.82173728	1
0	41081	57.82177824	1
0	41082	57.8218192	1
0	41083	57.82186016	1
0	41084	57.82190112	1
0	41085	57.82194208	1
0	41086	57.82198304	1
0	41087	57.822024	1
0	41137	57.92157344	1
0	41141	57.9216144	1
0	41146	57.92165536	1
0	41151	57.92169632	1
0	41152	57.92173728	1
0	41153	57.92177824	1
0	41154	57.9218192	1
0	41155	57.92186016	1
0	41156	57.92190112	1
0	41157	57.92194208	1
0	41158	57.92198304	1
0	41159	57.922024	1
0	41209	58.02157344	1
0	41213	58.0216144	1
0	41218	58.02165536	1
0	41223	58.02169632	1
0	41224	58.02173728	1
0	41225	58.02177824	1
0	41226	58.0218192	1
0	41227	58.02186016	1
0	41228	58.02190112	1
0	41229	58.02194208	1
0	41230	58.02198304	1
0	41231	58.022024	1
0	41281	58.12157344	1
0	41285	58.1216144	1
0	41290	58.12165536	1
0	41295	58.12169632	1
0	41296	58.12173728	1
0	41297	58.12177824	1
0	41298	58.1218192	1
0	41299	58.12186016	1
0	41300	58.12190112	1
0	41301	58.12194208	1
0	41302	58.12198304	1
0	41303	58.122024	1
0	41353	58.22157344	1
0	41357	58.2216144	1
0	41362	58.22165536	1
0	41367	58.22169632	1
0	41368	58.22173728	1
0	41369	58.22177824	1
0	41370	58.2218192	1
0	41371	58.22186016	1
0	41372	58.22190112	1
0	41373	58.22194208	1
0	41374	58.22198304	1
0	41375	58.222024	1
0	41425	58.32157344	1
0	41429	58.3216144	1
0	41434	58.32165536	1
0	41439	58.32169632	1
0	41440	58.32173728	1
0	41441	58.32177824	1
0	41442	58.3218192	1
0	41443	58.32186016	1
0	41444	58.32190112	1
0	41445	58.32194208	1
0	41446	58.32198304	1
0	41447	58.322024	1
0	41497	58.42157344	1
0	41501	58.4216144	1
0	41506	58.42165536	1
0	41511	58.42169632	1
0	41512	58.42173728	1
0	41513	58.42177824	1
0	41514	58.4218192	1
0	41515	58.42186016	1
0	41516	58.42190112	1
0	41517	58.42194208	1
0	41518	58.42198304	1
0	41519	58.422024	1
0	41569	58.52157344	1
0	41573	58.5216144	1
0	41578	58.52165536	1
0	41583	58.52169632	1
0	41584	58.52173728	1
0	41585	58.52177824	1
0	41586	58.5218192	1
0	41587	58.52186016	1
0	41588	58.52190112	1
0	41589	58.52194208	1
0	41590	58.52198304	1
0	41591	58.522024	1
0	41641	58.62157344	1
0	41645	58.6216144	1
0	41650	58.62165536	1
0	41655	58.62169632	1
0	41656	58.62173728	1
0	41657	58.62177824	1
0	41658	58.6218192	1
0	41659	58.62186016	1
0	41660	58.62190112	1
0	41661	58.62194208	1
0	41662	58.62198304	1
0	41663	58.622024	1
0	41713	58.72157344	1
0	41717	58.7216144	1
0	41722	58.72165536	1
0	41727	58.72169632	1
0	41728	58.72173728	1
0	41729	58.72177824	1
0	41730	58.7218192	1
0	41731	58.72186016	1
0	41732	58.72190112	1
0	41733	58.72194208	1
0	41734	58.72198304	1
0	41735	58.722024	1
0	41785	58.82157344	1
0	41789	58.8216144	1
0	41794	58.82165536	1
0	41799	58.82169632	1
0	41800	58.82173728	1
0	41801	58.82177824	1
0	41802	58.8218192	1
0	41803	58.82186016	1
0	41804	58.82190112	1
0	41805	58.82194208	1
0	41806	58.82198304	1
0	41807	58.822024	1
0	41857	58.92157344	1
0	41861	58.9216144	1
0	41866	58.92165536	1
0	41871	58.92169632	1
0	41872	58.92173728	1
0	41873	58.92177824	1
0	41874	58.9218192	1
0	41875	58.92186016	1
0	41876	58.92190112	1
0	41877	58.92194208	1
0	41878	58.92198304	1
0	41879	58.922024	1
0	41929	59.02157344	1
0	41933	59.0216144	1
0	41938	59.02165536	1
0	41943	59.02169632	1
0	41944	59.02173728	1
0	41945	59.02177824	1
0	41946	59.0218192	1
0	41947	59.02186016	1
0	41948	59.02190112	1
0	41949	59.02194208	1
0	41950	59.02198304	1
0	41951	59.022024	1
0	42001	59.12157344	1
0	42005	59.1216144	1
0	42010	59.12165536	1
0	42015	59.12169632	1
0	42016	59.12173728	1
0	42017	59.12177824	1
0	42018	59.1218192	1
0	42019	59.12186016	1
0	42020	59.12190112	1
0	42021	59.12194208	1
0	42022	59.12198304	1
0	42023	59.122024	1
0	42073	59.22157344	1
0	42077	59.2216144	1
0	42082	59.22165536	1
0	42087	59.22169632	1
0	42088	59.22173728	1
0	42089	59.22177824	1
0	42090	59.2218192	1
0	42091	59.22186016	1
0	42092	59.22190112	1
0	42093	59.22194208	1
0	42094	59.22198304	1
0	42095	59.222024	1
0	42145	59.32157344	1
0	42149	59.3216144	1
0	42154	59.32165536	1
0	42159	59.32169632	1
0	42160	59.32173728	1
0	42161	59.32177824	1
0	42162	59.3218192	1
0	42163	59.32186016	1
0	42164	59.32190112	1
0	42165	59.32194208	1
0	42166	59.32198304	1
0	42167	59.322024	1
0	42217	59.42157344	1
0	42221	59.4216144	1
0	42226	59.42165536	1
0	42231	59.42169632	1
0	42232	59.42173728	1
0	42233	59.42177824	1
0	42234	59.4218192	1
0	42235	59.42186016	1
0	42236	59.42190112	1
0	42237	59.42194208	1
0	42238	59.42198304	1
0	42239	59.422024	1
0	42289	59.52157344	1
0	42293	59.5216144	1
0	42298	59.52165536	1
0	42303	59.52169632	1
0	42304	59.52173728	1
0	42305	59.52177824	1
0	42306	59.5218192	1
0	42307	59.52186016	1
0	42308	59.52190112	1
0	42309	59.52194208	1
0	42310	59.52198304	1
0	42311	59.522024	1
0	42361	59.62157344	1
0	42365	59.6216144	1
0	42370	59.62165536	1
0	42375	59.62169632	1
0	42376	59.62173728	1
0	42377	59.62177824	1
0	42378	59.6218192	1
0	42379	59.62186016	1
0	42380	59.62190112	1
0	42381	59.62194208	1
0	42382	59.62198304	1
0	42383	59.622024	1
0	42433	59.72157344	1
0	42437	59.7216144	1
0	42442	59.72165536	1
0	42447	59.72169632	1
0	42448	59.72173728	1
0	42449	59.72177824	1
0	42450	59.7218192	1
0	42451	59.72186016	1
0	42452	59.72190112	1
0	42453	59.72194208	1
0	42454	59.72198304	1
0	42455	59.722024	1
0	42505	59.82157344	1
0	42509	59.8216144	1
0	42514	59.82165536	1
0	42519	59.82169632	1
0	42520	59.82173728	1
0	42521	59.82177824	1
0	42522	59.8218192	1
0	42523	59.82186016	1
0	42524	59.82190112	1
0	42525	59.82194208	1
0	42526	59.82198304	1
0	42527	59.822024	1
0	42577	59.92157344	1
0	42581	59.9216144	1
0	42586	59.92165536	1
0	42591	59.92169632	1
0	42592	59.92173728	1
0	42593	59.92177824	1
0	42594	59.9218192	1
0	42595	59.92186016	1
0	42596	59.92190112	1
0	42597	59.92194208	1
0	42598	59.92198304	1
0	42599	59.922024	1
0	42648	60.02157856	1
0	42651	60.02161952	1
0	42655	60.02166048	1
0	42659	60.02170144	1
0	42660	60.0217424	1
0	42661	60.02178336	1
0	42662	60.02182432	1
0	42663	60.02186528	1
0	42664	60.02190624	1
0	42708	60.12157856	1
0	42711	60.12161952	1
0	42715	60.12166048	1
0	42719	60.12170144	1
0	42720	60.1217424	1
0	42721	60.12178336	1
0	42722	60.12182432	1
0	42723	60.12186528	1
0	42724	60.12190624	1
0	42768	60.22157856	1
0	42771	60.22161952	1
0	42775	60.22166048	1
0	42779	60.22170144	1
0	42780	60.2217424	1
0	42781	60.22178336	1
0	42782	60.22182432	1
0	42783	60.22186528	1
0	42784	60.22190624	1
0	42828	60.32157856	1
0	42831	60.32161952	1
0	42835	60.32166048	1
0	42839	60.32170144	1
0	42840	60.3217424	1
0	42841	60.32178336	1
0	42842	60.32182432	1
0	42843	60.32186528	1
0	42844	60.32190624	1
0	42888	60.42157856	1
0	42891	60.42161952	1
0	42895	60.42166048	1
0	42899	60.42170144	1
0	42900	60.4217424	1
0	42901	60.42178336	1
0	42902	60.42182432	1
0	42903	60.42186528	1
0	42904	60.42190624	1
0	42948	60.52157856	1
0	42951	60.52161952	1
0	42955	60.52166048	1
0	42959	60.52170144	1
0	42960	60.5217424	1
0	42961	60.52178336	1
0	42962	60.52182432	1
0	42963	60.52186528	1
0	42964	60.52190624	1
0	43008	60.62157856	1
0	43011	60.62161952	1
0	43015	60.62166048	1
0	43019	60.62170144	1
0	43020	60.6217424	1
0	43021	60.62178336	1
0	43022	60.62182432	1
0	43023	60.62186528	1
0	43024	60.62190624	1
0	43068	60.72157856	1
0	43071	60.72161952	1
0	43075	60.72166048	1
0	43079	60.72170144	1
0	43080	60.7217424	1
0	43081	60.72178336	1
0	43082	60.72182432	1
0	43083	60.72186528	1
0	43084	60.72190624	1
0	43128	60.82157856	1
0	43131	60.82161952	1
0	43135	60.82166048	1
0	43139	60.82170144	1
0	43140	60.8217424	1
0	43141	60.82178336	1
0	43142	60.82182432	1
0	43143	60.82186528	1
0	43144	60.82190624	1
0	43188	60.92157856	1
0	43191	60.92161952	1
0	43195	60.92166048	1
0	43199	60.92170144	1
0	43200	60.9217424	1
0	43201	60.92178336	1
0	43202	60.92182432	1
0	43203	60.92186528	1
0	43204	60.92190624	1
0	43248	61.02157856	1
0	43251	61.02161952	1
0	43255	61.02166048	1
0	43259	61.02170144	1
0	43260	61.0217424	1
0	43261	61.02178336	1
0	43262	61.02182432	1
0	43263	61.02186528	1
0	43264	61.02190624	1
0	43308	61.12157856	1
0	43311	61.12161952	1
0	43315	61.12166048	1
0	43319	61.12170144	1
0	43320	61.1217424	1
0	43321	61.12178336	1
0	43322	61.12182432	1
0	43323	61.12186528	1
0	43324	61.12190624	1
0	43368	61.22157856	1
0	43371	61.22161952	1
0	43375	61.22166048	1
0	43379	61.22170144	1
0	43380	61.2217424	1
0	43381	61.22178336	1
0	43382	61.22182432	1
0	43383	61.22186528	1
0	43384	61.22190624	1
0	43428	61.32157856	1
0	43431	61.32161952	1
0	43435	61.32166048	1
0	43439	61.32170144	1
0	43440	61.3217424	1
0	43441	61.32178336	1
0	43442	61.32182432	1
0	43443	61.32186528	1
0	43444	61.32190624	1
0	43488	61.42157856	1
0	43491	61.42161952	1
0	43495	61.42166048	1
0	43499	61.42170144	1
0	43500	61.4217424	1
0	43501	61.42178336	1
0	43502	61.42182432	1
0	43503	61.42186528	1
0	43504	61.42190624	1
0	43548	61.52157856	1
0	43551	61.52161952	1
0	43555	61.52166048	1
0	43559	61.52170144	1
0	43560	61.5217424	1
0	43561	61.52178336	1
0	43562	61.52182432	1
0	43563	61.52186528	1
0	43564	61.52190624	1
0	43608	61.62157856	1
0	43611	61.62161952	1
0	43615	61.62166048	1
0	43619	61.62170144	1
0	43620	61.6217424	1
0	43621	61.62178336	1
0	43622	61.62182432	1
0	43623	61.62186528	1
0	43624	61.62190624	1
0	43668	61.72157856	1
0	43671	61.72161952	1
0	43675	61.72166048	1
0	43679	61.72170144	1
0	43680	61.7217424	1
0	43681	61.72178336	1
0	43682	61.72182432	1
0	43683	61.72186528	1
0	43684	61.72190624	1
0	43728	61.82157856	1
0	43731	61.82161952	1
0	43735	61.82166048	1
0	43739	61.82170144	1
0	43740	61.8217424	1
0	43741	61.82178336	1
0	43742	61.82182432	1
0	43743	61.82186528	1
0	43744	61.82190624	1
0	43788	61.92157856	1
0	43791	61.92161952	1
0	43795	61.92166048	1
0	43799	61.92170144	1
0	43800	61.9217424	1
0	43801	61.92178336	1
0	43802	61.92182432	1
0	43803	61.92186528	1
0	43804	61.92190624	1
0	43848	62.02157856	1
0	43851	62.02161952	1
0	43855	62.02166048	1
0	43859	62.02170144	1
0	43860	62.0217424	1
0	43861	62.02178336	1
0	43862	62.02182432	1
0	43863	62.02186528	1
0	43864	62.02190624	1
0	43908	62.12157856	1
0	43911	62.12161952	1
0	43915	62.12166048	1
0	43919	62.12170144	1
0	43920	62.1217424	1
0	43921	62.12178336	1
0	43922	62.12182432	1
0	43923	62.12186528	1
0	43924	62.12190624	1
0	43968	62.22157856	1
0	43971	62.22161952	1
0	43975	62.22166048	1
0	43979	62.22170144	1
0	43980	62.2217424	1
0	43981	62.22178336	1
0	43982	62.22182432	1
0	43983	62.22186528	1
0	43984	62.22190624	1
0	44028	62.32157856	1
0	44031	62.32161952	1
0	44035	62.32166048	1
0	44039	62.32170144	1
0	44040	62.3217424	1
0	44041	62.32178336	1
0	44042	62.32182432	1
0	44043	62.32186528	1
0	44044	62.32190624	1
0	44088	62.42157856	1
0	44091	62.42161952	1
0	44095	62.42166048	1
0	44099	62.42170144	1
0	44100	62.4217424	1
0	44101	62.42178336	1
0	44102	62.42182432	1
0	44103	62.42186528	1
0	44104	62.42190624	1
0	44148	62.52157856	1
0	44151	62.52161952	1
0	44155	62.52166048	1
0	44159	62.52170144	1
0	44160	62.5217424	1
0	44161	62.52178336	1
0	44162	62.52182432	1
0	44163	62.52186528	1
0	44164	62.52190624	1
0	44208	62.62157856	1
0	44211	62.62161952	1
0	44215	62.62166048	1
0	44219	62.62170144	1
0	44220	62.6217424	1
0	44221	62.62178336	1
0	44222	62.62182432	1
0	44223	62.62186528	1
0	44224	62.62190624	1
0	44268	62.72157856	1
0	44271	62.72161952	1
0	44275	62.72166048	1
0	44279	62.72170144	1
0	44280	62.7217424	1
0	44281	62.72178336	1
0	44282	62.72182432	1
0	44283	62.72186528	1
0	44284	62.72190624	1
0	44328	62.82157856	1
0	44331	62.82161952	1
0	44335	62.82166048	1
0	44339	62.82170144	1
0	44340	62.8217424	1
0	44341	62.82178336	1
0	44342	62.82182432	1
0	44343	62.82186528	1
0	44344	62.82190624	1
0	44388	62.92157856	1
0	44391	62.92161952	1
0	44395	62.92166048	1
0	44399	62.92170144	1
0	44400	62.9217424	1
0	44401	62.92178336	1
0	44402	62.92182432	1
0	44403	62.92186528	1
0	44404	62.92190624	1
0	44448	63.02157856	1
0	44451	63.02161952	1
0	44455	63.02166048	1
0	44459	63.02170144	1
0	44460	63.0217424	1
0	44461	63.02178336	1
0	44462	63.02182432	1
0	44463	63.02186528	1
0	44464	63.02190624	1
0	44508	63.12157856	1
0	44511	63.12161952	1
0	44515	63.12166048	1
0	44519	63.12170144	1
0	44520	63.1217424	1
0	44521	63.12178336	1
0	44522	63.12182432	1
0	44523	63.12186528	1
0	44524	63.12190624	1
0	44568	63.22157856	1
0	44571	63.22161952	1
0	44575	63.22166048	1
0	44579	63.22170144	1
0	44580	63.2217424	1
0	44581	63.22178336	1
0	44582	63.22182432	1
0	44583	63.22186528	1
0	44584	63.22190624	1
0	44628	63.32157856	1
0	44631	63.32161952	1
0	44635	63.32166048	1
0	44639	63.32170144	1
0	44640	63.3217424	1
0	44641	63.32178336	1
0	44642	63.32182432	1
0	44643	63.32186528	1
0	44644	63.32190624	1
0	44688	63.42157856	1
0	44691	63.42161952	1
0	44695	63.42166048	1
0	44699	63.42170144	1
0	44700	63.4217424	1
0	44701	63.42178336	1
0	44702	63.42182432	1
0	44703	63.42186528	1
0	44704	63.42190624	1
0	44748	63.52157856	1
0	44751	63.52161952	1
0	44755	63.52166048	1
0	44759	63.52170144	1
0	44760	63.5217424	1
0	44761	63.52178336	1
0	44762	63.52182432	1
0	44763	63.52186528	1
0	44764	63.52190624	1
0	44808	63.62157856	1
0	44811	63.62161952	1
0	44815	63.62166048	1
0	44819	63.62170144	1
0	44820	63.6217424	1
0	44821	63.62178336	1
0	44822	63.62182432	1
0	44823	63.62186528	1
0	44824	63.62190624	1
0	44868	63.72157856	1
0	44871	63.72161952	1
0	44875	63.72166048	1
0	44879	63.72170144	1
0	44880	63.7217424	1
0	44881	63.72178336	1
0	44882	63.72182432	1
0	44883	63.72186528	1
0	44884	63.72190624	1
0	44928	63.82157856	1
0	44931	63.82161952	1
0	44935	63.82166048	1
0	44939	63.82170144	1
0	44940	63.8217424	1
0	44941	63.82178336	1
0	44942	63.82182432	1
0	44943	63.82186528	1
0	44944	63.82190624	1
0	44988	63.92157856	1
0	44991	63.92161952	1
0	44995	63.92166048	1
0	44999	63.92170144	1
0	45000	63.9217424	1
0	45001	63.92178336	1
0	45002	63.92182432	1
0	45003	63.92186528	1
0	45004	63.92190624	1
0	45048	64.02157856	1
0	45051	64.02161952	1
0	45055	64.02166048	1
0	45059	64.02170144	1
0	45060	64.0217424	1
0	45061	64.02178336	1
0	45062	64.02182432	1
0	45063	64.02186528	1
0	45064	64.02190624	1
0	45108	64.12157856	1
0	45111	64.12161952	1
0	45115	64.12166048	1
0	45119	64.12170144	1
0	45120	64.1217424	1
0	45121	64.12178336	1
0	45122	64.12182432	1
0	45123	64.12186528	1
0	45124	64.12190624	1
0	45168	64.22157856	1
0	45171	64.22161952	1
0	45175	64.22166048	1
0	45179	64.22170144	1
0	45180	64.2217424	1
0	45181	64.22178336	1
0	45182	64.22182432	1
0	45183	64.22186528	1
0	45184	64.22190624	1
0	45228	64.32157856	1
0	45231	64.32161952	1
0	45235	64.32166048	1
0	45239	64.32170144	1
0	45240	64.3217424	1
0	45241	64.32178336	1
0	45242	64.32182432	1
0	45243	64.32186528	1
0	45244	64.32190624	1
0	45288	64.42157856	1
0	45291	64.42161952	1
0	45295	64.42166048	1
0	45299	64.42170144	1
0	45300	64.4217424	1
0	45301	64.42178336	1
0	45302	64.42182432	1
0	45303	64.42186528	1
0	45304	64.42190624	1
0	45348	64.52157856	1
0	45351	64.52161952	1
0	45355	64.52166048	1
0	45359	64.52170144	1
0	45360	64.5217424	1
0	45361	64.52178336	1
0	45362	64.52182432	1
0	45363	64.52186528	1
0	45364	64.52190624	1
0	45408	64.62157856	1
0	45411	64.62161952	1
0	45415	64.62166048	1
0	45419	64.62170144	1
0	45420	64.6217424	1
0	45421	64.62178336	1
0	45422	64.62182432	1
0	45423	64.62186528	1
0	45424	64.62190624	1
0	45468	64.72157856	1
0	45471	64.72161952	1
0	45475	64.72166048	1
0	45479	64.72170144	1
0	45480	64.7217424	1
0	45481	64.72178336	1
0	45482	64.72182432	1
0	45483	64.72186528	1
0	45484	64.72190624	1
0	45528	64.82157856	1
0	45531	64.82161952	1
0	45535	64.82166048	1
0	45539	64.82170144	1
0	45540	64.8217424	1
0	45541	64.82178336	1
0	45542	64.82182432	1
0	45543	64.82186528	1
0	45544	64.82190624	1
0	45588	64.92157856	1
0	45591	64.92161952	1
0	45595	64.92166048	1
0	45599	64.92170144	1
0	45600	64.9217424	1
0	45601	64.92178336	1
0	45602	64.92182432	1
0	45603	64.92186528	1
0	45604	64.92190624	1
0	45648	65.02157856	1
0	45651	65.02161952	1
0	45655	65.02166048	1
0	45659	65.02170144	1
0	45660	65.0217424	1
0	45661	65.02178336	1
0	45662	65.02182432	1
0	45663	65.02186528	1
0	45664	65.02190624	1
0	45708	65.12157856	1
0	45711	65.12161952	1
0	45715	65.12166048	1
0	45719	65.12170144	1
0	45720	65.1217424	1
0	45721	65.12178336	1
0	45722	65.12182432	1
0	45723	65.12186528	1
0	45724	65.12190624	1
0	45768	65.22157856	1
0	45771	65.22161952	1
0	45775	65.22166048	1
0	45779	65.22170144	1
0	45780	65.2217424	1
0	45781	65.22178336	1
0	45782	65.22182432	1
0	45783	65.22186528	1
0	45784	65.22190624	1
0	45828	65.32157856	1
0	45831	65.32161952	1
0	45835	65.32166048	1
0	45839	65.32170144	1
0	45840	65.3217424	1
0	45841	65.32178336	1
0	45842	65.32182432	1
0	45843	65.32186528	1
0	45844	65.32190624	1
0	45888	65.42157856	1
0	45891	65.42161952	1
0	45895	65.42166048	1
0	45899	65.42170144	1
0	45900	65.4217424	1
0	45901	65.42178336	1
0	45902	65.42182432	1
0	45903	65.42186528	1
0	45904	65.42190624	1
0	45948	65.52157856	1
0	45951	65.52161952	1
0	45955	65.52166048	1
0	45959	65.52170144	1
0	45960	65.5217424	1
0	45961	65.52178336	1
0	45962	65.52182432	1
0	45963	65.52186528	1
0	45964	65.52190624	1
0	46008	65.62157856	1
0	46011	65.62161952	1
0	46015	65.62166048	1
0	46019	65.62170144	1
0	46020	65.6217424	1
0	46021	65.62178336	1
0	46022	65.62182432	1
0	46023	65.62186528	1
0	46024	65.62190624	1
0	46068	65.72157856	1
0	46071	65.72161952	1
0	46075	65.72166048	1
0	46079	65.72170144	1
0	46080	65.7217424	1
0	46081	65.72178336	1
0	46082	65.72182432	1
0	46083	65.72186528	1
0	46084	65.72190624	1
0	46128	65.82157856	1
0	46131	65.82161952	1
0	46135	65.82166048	1
0	46139	65.82170144	1
0	46140	65.8217424	1
0	46141	65.82178336	1
0	46142	65.82182432	1
0	46143	65.82186528	1
0	46144	65.82190624	1
0	46188	65.92157856	1
0	46191	65.92161952	1
0	46195	65.92166048	1
0	46199	65.92170144	1
0	46200	65.9217424	1
0	46201	65.92178336	1
0	46202	65.92182432	1
0	46203	65.92186528	1
0	46204	65.92190624	1
0	46248	66.02157856	1
0	46251	66.02161952	1
0	46255	66.02166048	1
0	46259	66.02170144	1
0	46260	66.0217424	1
0	46261	66.02178336	1
0	46262	66.02182432	1
0	46263	66.02186528	1
0	46264	66.02190624	1
0	46308	66.12157856	1
0	46311	66.12161952	1
0	46315	66.12166048	1
0	46319	66.12170144	1
0	46320	66.1217424	1
0	46321	66.12178336	1
0	46322	66.12182432	1
0	46323	66.12186528	1
0	46324	66.12190624	1
0	46368	66.22157856	1
0	46371	66.22161952	1
0	46375	66.22166048	1
0	46379	66.22170144	1
0	46380	66.2217424	1
0	46381	66.22178336	1
0	46382	66.22182432	1
0	46383	66.22186528	1
0	46384	66.22190624	1
0	46428	66.32157856	1
0	46431	66.32161952	1
0	46435	66.32166048	1
0	46439	66.32170144	1
0	46440	66.3217424	1
0	46441	66.32178336	1
0	46442	66.32182432	1
0	46443	66.32186528	1
0	46444	66.32190624	1
0	46488	66.42157856	1
0	46491	66.42161952	1
0	46495	66.42166048	1
0	46499	66.42170144	1
0	46500	66.4217424	1
0	46501	66.42178336	1
0	46502	66.42182432	1
0	46503	66.42186528	1
0	46504	66.42190624	1
0	46548	66.52157856	1
0	46551	66.52161952	1
0	46555	66.52166048	1
0	46559	66.52170144	1
0	46560	66.5217424	1
0	46561	66.52178336	1
0	46562	66.52182432	1
0	46563	66.52186528	1
0	46564	66.52190624	1
0	46608	66.62157856	1
0	46611	66.62161952	1
0	46615	66.62166048	1
0	46619	66.62170144	1
0	46620	66.6217424	1
0	46621	66.62178336	1
0	46622	66.62182432	1
0	46623	66.62186528	1
0	46624	66.62190624	1
0	46668	66.72157856	1
0	46671	66.72161952	1
0	46675	66.72166048	1
0	46679	66.72170144	1
0	46680	66.7217424	1
0	46681	66.72178336	1
0	46682	66.72182432	1
0	46683	66.72186528	1
0	46684	66.72190624	1
0	46728	66.82157856	1
0	46731	66.82161952	1
0	46735	66.82166048	1
0	46739	66.82170144	1
0	46740	66.8217424	1
0	46741	66.82178336	1
0	46742	66.82182432	1
0	46743	66.82186528	1
0	46744	66.82190624	1
0	46788	66.92157856	1
0	46791	66.92161952	1
0	46795	66.92166048	1
0	46799	66.92170144	1
0	46800	66.9217424	1
0	46801	66.92178336	1
0	46802	66.92182432	1
0	46803	66.92186528	1
0	46804	66.92190624	1
0	46848	67.02157856	1
0	46851	67.02161952	1
0	46855	67.02166048	1
0	46859	67.02170144	1
0	46860	67.0217424	1
0	46861	67.02178336	1
0	46862	67.02182432	1
0	46863	67.02186528	1
0	46864	67.02190624	1
0	46908	67.12157856	1
0	46911	67.12161952	1
0	46915	67.12166048	1
0	46919	67.12170144	1
0	46920	67.1217424	1
0	46921	67.12178336	1
0	46922	67.12182432	1
0	46923	67.12186528	1
0	46924	67.12190624	1
0	46968	67.22157856	1
0	46971	67.22161952	1
0	46975	67.22166048	1
0	46979	67.22170144	1
0	46980	67.2217424	1
0	46981	67.22178336	1
0	46982	67.22182432	1
0	46983	67.22186528	1
0	46984	67.22190624	1
0	47028	67.32157856	1
0	47031	67.32161952	1
0	47035	67.32166048	1
0	47039	67.32170144	1
0	47040	67.3217424	1
0	47041	67.32178336	1
0	47042	67.32182432	1
0	47043	67.32186528	1
0	47044	67.32190624	1
0	47088	67.42157856	1
0	47091	67.42161952	1
0	47095	67.42166048	1
0	47099	67.42170144	1
0	47100	67.4217424	1
0	47101	67.42178336	1
0	47102	67.42182432	1
0	47103	67.42186528	1
0	47104	67.42190624	1
0	47148	67.52157856	1
0	47151	67.52161952	1
0	47155	67.52166048	1
0	47159	67.52170144	1
0	47160	67.5217424	1
0	47161	67.52178336	1
0	47162	67.52182432	1
0	47163	67.52186528	1
0	47164	67.52190624	1
0	47208	67.62157856	1
0	47211	67.62161952	1
0	47215	67.62166048	1
0	47219	67.62170144	1
0	47220	67.6217424	1
0	47221	67.62178336	1
0	47222	67.62182432	1
0	47223	67.62186528	1
0	47224	67.62190624	1
0	47268	67.72157856	1
0	47271	67.72161952	1
0	47275	67.72166048	1
0	47279	67.72170144	1
0	47280	67.7217424	1
0	47281	67.72178336	1
0	47282	67.72182432	1
0	47283	67.72186528	1
0	47284	67.72190624	1
0	47328	67.82157856	1
0	47331	67.82161952	1
0	47335	67.82166048	1
0	47339	67.82170144	1
0	47340	67.8217424	1
0	47341	67.82178336	1
0	47342	67.82182432	1
0	47343	67.82186528	1
0	47344	67.82190624	1
0	47388	67.92157856	1
0	47391	67.92161952	1
0	47395	67.92166048	1
0	47399	67.92170144	1
0	47400	67.9217424	1
0	47401	67.92178336	1
0	47402	67.92182432	1
0	47403	67.92186528	1
0	47404	67.92190624	1
0	47448	68.02157856	1
0	47451	68.02161952	1
0	47455	68.02166048	1
0	47459	68.02170144	1
0	47460	68.0217424	1
0	47461	68.02178336	1
0	47462	68.02182432	1
0	47463	68.02186528	1
0	47464	68.02190624	1
0	47508	68.12157856	1
0	47511	68.12161952	1
0	47515	68.12166048	1
0	47519	68.12170144	1
0	47520	68.1217424	1
0	47521	68.12178336	1
0	47522	68.12182432	1
0	47523	68.12186528	1
0	47524	68.12190624	1
0	47568	68.22157856	1
0	47571	68.22161952	1
0	47575	68.22166048	1
0	47579	68.22170144	1
0	47580	68.2217424	1
0	47581	68.22178336	1
0	47582	68.22182432	1
0	47583	68.22186528	1
0	47584	68.22190624	1
0	47628	68.32157856	1
0	47631	68.32161952	1
0	47635	68.32166048	1
0	47639	68.32170144	1
0	47640	68.3217424	1
0	47641	68.32178336	1
0	47642	68.32182432	1
0	47643	68.32186528	1
0	47644	68.32190624	1
0	47688	68.42157856	1
0	47691	68.42161952	1
0	47695	68.42166048	1
0	47699	68.42170144	1
0	47700	68.4217424	1
0	47701	68.42178336	1
0	47702	68.42182432	1
0	47703	68.42186528	1
0	47704	68.42190624	1
0	47748	68.52157856	1
0	47751	68.52161952	1
0	47755	68.52166048	1
0	47759	68.52170144	1
0	47760	68.5217424	1
0	47761	68.52178336	1
0	47762	68.52182432	1
0	47763	68.52186528	1
0	47764	68.52190624	1
0	47808	68.62157856	1
0	47811	68.62161952	1
0	47815	68.62166048	1
0	47819	68.62170144	1
0	47820	68.6217424	1
0	47821	68.62178336	1
0	47822	68.62182432	1
0	47823	68.62186528	1
0	47824	68.62190624	1
0	47868	68.72157856	1
0	47871	68.72161952	1
0	47875	68.72166048	1
0	47879	68.72170144	1
0	47880	68.7217424	1
0	47881	68.72178336	1
0	47882	68.72182432	1
0	47883	68.72186528	1
0	47884	68.72190624	1
0	47928	68.82157856	1
0	47931	68.82161952	1
0	47935	68.82166048	1
0	47939	68.82170144	1
0	47940	68.8217424	1
0	47941	68.82178336	1
0	47942	68.82182432	1
0	47943	68.82186528	1
0	47944	68.82190624	1
0	47988	68.92157856	1
0	47991	68.92161952	1
0	47995	68.92166048	1
0	47999	68.92170144	1
0	48000	68.9217424	1
0	48001	68.92178336	1
0	48002	68.92182432	1
0	48003	68.92186528	1
0	48004	68.92190624	1
0	48048	69.02157856	1
0	48051	69.02161952	1
0	48055	69.02166048	1
0	48059	69.02170144	1
0	48060	69.0217424	1
0	48061	69.02178336	1
0	48062	69.02182432	1
0	48063	69.02186528	1
0	48064	69.02190624	1
0	48108	69.12157856	1
0	48111	69.12161952	1
0	48115	69.12166048	1
0	48119	69.12170144	1
0	48120	69.1217424	1
0	48121	69.12178336	1
0	48122	69.12182432	1
0	48123	69.12186528	1
0	48124	69.12190624	1
0	48168	69.22157856	1
0	48171	69.22161952	1
0	48175	69.22166048	1
0	48179	69.22170144	1
0	48180	69.2217424	1
0	48181	69.22178336	1
0	48182	69.22182432	1
0	48183	69.22186528	1
0	48184	69.22190624	1
0	48228	69.32157856	1
0	48231	69.32161952	1
0	48235	69.32166048	1
0	48239	69.32170144	1
0	48240	69.3217424	1
0	48241	69.32178336	1
0	48242	69.32182432	1
0	48243	69.32186528	1
0	48244	69.32190624	1
0	48288	69.42157856	1
0	48291	69.42161952	1
0	48295	69.42166048	1
0	48299	69.42170144	1
0	48300	69.4217424	1
0	48301	69.42178336	1
0	48302	69.42182432	1
0	48303	69.42186528	1
0	48304	69.42190624	1
0	48348	69.52157856	1
0	48351	69.52161952	1
0	48355	69.52166048	1
0	48359	69.52170144	1
0	48360	69.5217424	1
0	48361	69.52178336	1
0	48362	69.52182432	1
0	48363	69.52186528	1
0	48364	69.52190624	1
0	48408	69.62157856	1
0	48411	69.62161952	1
0	48415	69.62166048	1
0	48419	69.62170144	1
0	48420	69.6217424	1
0	48421	69.62178336	1
0	48422	69.62182432	1
0	48423	69.62186528	1
0	48424	69.62190624	1
0	48468	69.72157856	1
0	48471	69.72161952	1
0	48475	69.72166048	1
0	48479	69.72170144	1
0	48480	69.7217424	1
0	48481	69.72178336	1
0	48482	69.72182432	1
0	48483	69.72186528	1
0	48484	69.72190624	1
0	48528	69.82157856	1
0	48531	69.82161952	1
0	48535	69.82166048	1
0	48539	69.82170144	1
0	48540	69.8217424	1
0	48541	69.82178336	1
0	48542	69.82182432	1
0	48543	69.82186528	1
0	48544	69.82190624	1
0	48588	69.92157856	1
0	48591	69.92161952	1
0	48595	69.92166048	1
0	48599	69.92170144	1
0	48600	69.9217424	1
0	48601	69.92178336	1
0	48602	69.92182432	1
0	48603	69.92186528	1
0	48604	69.92190624	1
0	48648	70.02157856	1
0	48651	70.02161952	1
0	48655	70.02166048	1
0	48659	70.02170144	1
0	48660	70.0217424	1
0	48661	70.02178336	1
0	48662	70.02182432	1
0	48663	70.02186528	1
0	48664	70.02190624	1
0	48708	70.12157856	1
0	48711	70.12161952	1
0	48715	70.12166048	1
0	48719	70.12170144	1
0	48720	70.1217424	1
0	48721	70.12178336	1
0	48722	70.12182432	1
0	48723	70.12186528	1
0	48724	70.12190624	1
0	48768	70.22157856	1
0	48771	70.22161952	1
0	48775	70.22166048	1
0	48779	70.22170144	1
0	48780	70.2217424	1
0	48781	70.22178336	1
0	48782	70.22182432	1
0	48783	70.22186528	1
0	48784	70.22190624	1
0	48828	70.32157856	1
0	48831	70.32161952	1
0	48835	70.32166048	1
0	48839	70.32170144	1
0	48840	70.3217424	1
0	48841	70.32178336	1
0	48842	70.32182432	1
0	48843	70.32186528	1
0	48844	70.32190624	1
0	48888	70.42157856	1
0	48891	70.42161952	1
0	48895	70.42166048	1
0	48899	70.42170144	1
0	48900	70.4217424	1
0	48901	70.42178336	1
0	48902	70.42182432	1
0	48903	70.42186528	1
0	48904	70.42190624	1
0	48948	70.52157856	1
0	48951	70.52161952	1
0	48955	70.52166048	1
0	48959	70.52170144	1
0	48960	70.5217424	1
0	48961	70.52178336	1
0	48962	70.52182432	1
0	48963	70.52186528	1
0	48964	70.52190624	1
0	49008	70.62157856	1
0	49011	70.62161952	1
0	49015	70.62166048	1
0	49019	70.62170144	1
0	49020	70.6217424	1
0	49021	70.62178336	1
0	49022	70.62182432	1
0	49023	70.62186528	1
0	49024	70.62190624	1
0	49068	70.72157856	1
0	49071	70.72161952	1
0	49075	70.72166048	1
0	49079	70.72170144	1
0	49080	70.7217424	1
0	49081	70.72178336	1
0	49082	70.72182432	1
0	49083	70.72186528	1
0	49084	70.72190624	1
0	49128	70.82157856	1
0	49131	70.82161952	1
0	49135	70.82166048	1
0	49139	70.82170144	1
0	49140	70.8217424	1
0	49141	70.82178336	1
0	49142	70.82182432	1
0	49143	70.82186528	1
0	49144	70.82190624	1
0	49188	70.92157856	1
0	49191	70.92161952	1
0	49195	70.92166048	1
0	49199	70.92170144	1
0	49200	70.9217424	1
0	49201	70.92178336	1
0	49202	70.92182432	1
0	49203	70.92186528	1
0	49204	70.92190624	1
0	49248	71.02157856	1
0	49251	71.02161952	1
0	49255	71.02166048	1
0	49259	71.02170144	1
0	49260	71.0217424	1
0	49261	71.02178336	1
0	49262	71.02182432	1
0	49263	71.02186528	1
0	49264	71.02190624	1
0	49308	71.12157856	1
0	49311	71.12161952	1
0	49315	71.12166048	1
0	49319	71.12170144	1
0	49320	71.1217424	1
0	49321	71.12178336	1
0	49322	71.12182432	1
0	49323	71.12186528	1
0	49324	71.12190624	1
0	49368	71.22157856	1
0	49371	71.22161952	1
0	49375	71.22166048	1
0	49379	71.22170144	1
0	49380	71.2217424	1
0	49381	71.22178336	1
0	49382	71.22182432	1
0	49383	71.22186528	1
0	49384	71.22190624	1
0	49428	71.32157856	1
0	49431	71.32161952	1
0	49435	71.32166048	1
0	49439	71.32170144	1
0	49440	71.3217424	1
0	49441	71.32178336	1
0	49442	71.32182432	1
0	49443	71.32186528	1
0	49444	71.32190624	1
0	49488	71.42157856	1
0	49491	71.42161952	1
0	49495	71.42166048	1
0	49499	71.42170144	1
0	49500	71.4217424	1
0	49501	71.42178336	1
0	49502	71.42182432	1
0	49503	71.42186528	1
0	49504	71.42190624	1
0	49548	71.52157856	1
0	49551	71.52161952	1
0	49555	71.52166048	1
0	49559	71.52170144	1
0	49560	71.5217424	1
0	49561	71.52178336	1
0	49562	71.52182432	1
0	49563	71.52186528	1
0	49564	71.52190624	1
0	49608	71.62157856	1
0	49611	71.62161952	1
0	49615	71.62166048	1
0	49619	71.62170144	1
0	49620	71.6217424	1
0	49621	71.62178336	1
0	49622	71.62182432	1
0	49623	71.62186528	1
0	49624	71.62190624	1
0	49668	71.72157856	1
0	49671	71.72161952	1
0	49675	71.72166048	1
0	49679	71.72170144	1
0	49680	71.7217424	1
0	49681	71.72178336	1
0	49682	71.72182432	1
0	49683	71.72186528	1
0	49684	71.72190624	1
0	49728	71.82157856	1
0	49731	71.82161952	1
0	49735	71.82166048	1
0	49739	71.82170144	1
0	49740	71.8217424	1
0	49741	71.82178336	1
0	49742	71.82182432	1
0	49743	71.82186528	1
0	49744	71.82190624	1
0	49788	71.92157856	1
0	49791	71.92161952	1
0	49795	71.92166048	1
0	49799	71.92170144	1
0	49800	71.9217424	1
0	49801	71.92178336	1
0	49802	71.92182432	1
0	49803	71.92186528	1
0	49804	71.92190624	1
0	49848	72.02157856	1
0	49851	72.02161952	1
0	49855	72.02166048	1
0	49859	72.02170144	1
0	49860	72.0217424	1
0	49861	72.02178336	1
0	49862	72.02182432	1
0	49863	72.02186528	1
0	49864	72.02190624	1
0	49908	72.12157856	1
0	49911	72.12161952	1
0	49915	72.12166048	1
0	49919	72.12170144	1
0	49920	72.1217424	1
0	49921	72.12178336	1
0	49922	72.12182432	1
0	49923	72.12186528	1
0	49924	72.12190624	1
0	49968	72.22157856	1
0	49971	72.22161952	1
0	49975	72.22166048	1
0	49979	72.22170144	1
0	49980	72.2217424	1
0	49981	72.22178336	1
0	49982	72.22182432	1
0	49983	72.22186528	1
0	49984	72.22190624	1
0	50028	72.32157856	1
0	50031	72.32161952	1
0	50035	72.32166048	1
0	50039	72.32170144	1
0	50040	72.3217424	1
0	50041	72.32178336	1
0	50042	72.32182432	1
0	50043	72.32186528	1
0	50044	72.32190624	1
0	50088	72.42157856	1
0	50091	72.42161952	1
0	50095	72.42166048	1
0	50099	72.42170144	1
0	50100	72.4217424	1
0	50101	72.42178336	1
0	50102	72.42182432	1
0	50103	72.42186528	1
0	50104	72.42190624	1
0	50148	72.52157856	1
0	50151	72.52161952	1
0	50155	72.52166048	1
0	50159	72.52170144	1
0	50160	72.5217424	1
0	50161	72.52178336	1
0	50162	72.52182432	1
0	50163	72.52186528	1
0	50164	72.52190624	1
0	50208	72.62157856	1
0	50211	72.62161952	1
0	50215	72.62166048	1
0	50219	72.62170144	1
0	50220	72.6217424	1
0	50221	72.62178336	1
0	50222	72.62182432	1
0	50223	72.62186528	1
0	50224	72.62190624	1
0	50268	72.72157856	1
0	50271	72.72161952	1
0	50275	72.72166048	1
0	50279	72.72170144	1
0	50280	72.7217424	1
0	50281	72.72178336	1
0	50282	72.72182432	1
0	50283	72.72186528	1
0	50284	72.72190624	1
0	50328	72.82157856	1
0	50331	72.82161952	1
0	50335	72.82166048	1
0	50339	72.82170144	1
0	50340	72.8217424	1
0	50341	72.82178336	1
0	50342	72.82182432	1
0	50343	72.82186528	1
0	50344	72.82190624	1
0	50388	72.92157856	1
0	50391	72.92161952	1
0	50395	72.92166048	1
0	50399	72.92170144	1
0	50400	72.9217424	1
0	50401	72.92178336	1
0	50402	72.92182432	1
0	50403	72.92186528	1
0	50404	72.92190624	1
0	50448	73.02157856	1
0	50451	73.02161952	1
0	50455	73.02166048	1
0	50459	73.02170144	1
0	50460	73.0217424	1
0	50461	73.02178336	1
0	50462	73.02182432	1
0	50463	73.02186528	1
0	50464	73.02190624	1
0	50508	73.12157856	1
0	50511	73.12161952	1
0	50515	73.12166048	1
0	50519	73.12170144	1
0	50520	73.1217424	1
0	50521	73.12178336	1
0	50522	73.12182432	1
0	50523	73.12186528	1
0	50524	73.12190624	1
0	50568	73.22157856	1
0	50571	73.22161952	1
0	50575	73.22166048	1
0	50579	73.22170144	1
0	50580	73.2217424	1
0	50581	73.22178336	1
0	50582	73.22182432	1
0	50583	73.22186528	1
0	50584	73.22190624	1
0	50628	73.32157856	1
0	50631	73.32161952	1
0	50635	73.32166048	1
0	50639	73.32170144	1
0	50640	73.3217424	1
0	50641	73.32178336	1
0	50642	73.32182432	1
0	50643	73.32186528	1
0	50644	73.32190624	1
0	50688	73.42157856	1
0	50691	73.42161952	1
0	50695	73.42166048	1
0	50699	73.42170144	1
0	50700	73.4217424	1
0	50701	73.42178336	1
0	50702	73.42182432	1
0	50703	73.42186528	1
0	50704	73.42190624	1
0	50748	73.52157856	1
0	50751	73.52161952	1
0	50755	73.52166048	1
0	50759	73.52170144	1
0	50760	73.5217424	1
0	50761	73.52178336	1
0	50762	73.52182432	1
0	50763	73.52186528	1
0	50764	73.52190624	1
0	50808	73.62157856	1
0	50811	73.62161952	1
0	50815	73.62166048	1
0	50819	73.62170144	1
0	50820	73.6217424	1
0	50821	73.62178336	1
0	50822	73.62182432	1
0	50823	73.62186528	1
0	50824	73.62190624	1
0	50868	73.72157856	1
0	50871	73.72161952	1
0	50875	73.72166048	1
0	50879	73.72170144	1
0	50880	73.7217424	1
0	50881	73.72178336	1
0	50882	73.72182432	1
0	50883	73.72186528	1
0	50884	73.72190624	1
0	50928	73.82157856	1
0	50931	73.82161952	1
0	50935	73.82166048	1
0	50939	73.82170144	1
0	50940	73.8217424	1
0	50941	73.82178336	1
0	50942	73.82182432	1
0	50943	73.82186528	1
0	50944	73.82190624	1
0	50988	73.92157856	1
0	50991	73.92161952	1
0	50995	73.92166048	1
0	50999	73.92170144	1
0	51000	73.9217424	1
0	51001	73.92178336	1
0	51002	73.92182432	1
0	51003	73.92186528	1
0	51004	73.92190624	1
0	51048	74.02157856	1
0	51051	74.02161952	1
0	51055	74.02166048	1
0	51059	74.02170144	1
0	51060	74.0217424	1
0	51061	74.02178336	1
0	51062	74.02182432	1
0	51063	74.02186528	1
0	51064	74.02190624	1
0	51108	74.12157856	1
0	51111	74.12161952	1
0	51115	74.12166048	1
0	51119	74.12170144	1
0	51120	74.1217424	1
0	51121	74.12178336	1
0	51122	74.12182432	1
0	51123	74.12186528	1
0	51124	74.12190624	1
0	51168	74.22157856	1
0	51171	74.22161952	1
0	51175	74.22166048	1
0	51179	74.22170144	1
0	51180	74.2217424	1
0	51181	74.22178336	1
0	51182	74.22182432	1
0	51183	74.22186528	1
0	51184	74.22190624	1
0	51228	74.32157856	1
0	51231	74.32161952	1
0	51235	74.32166048	1
0	51239	74.32170144	1
0	51240	74.3217424	1
0	51241	74.32178336	1
0	51242	74.32182432	1
0	51243	74.32186528	1
0	51244	74.32190624	1
0	51288	74.42157856	1
0	51291	74.42161952	1
0	51295	74.42166048	1
0	51299	74.42170144	1
0	51300	74.4217424	1
0	51301	74.42178336	1
0	51302	74.42182432	1
0	51303	74.42186528	1
0	51304	74.42190624	1
0	51348	74.52157856	1
0	51351	74.52161952	1
0	51355	74.52166048	1
0	51359	74.52170144	1
0	51360	74.5217424	1
0	51361	74.52178336	1
0	51362	74.52182432	1
0	51363	74.52186528	1
0	51364	74.52190624	1
0	51408	74.62157856	1
0	51411	74.62161952	1
0	51415	74.62166048	1
0	51419	74.62170144	1
0	51420	74.6217424	1
0	51421	74.62178336	1
0	51422	74.62182432	1
0	51423	74.62186528	1
0	51424	74.62190624	1
0	51468	74.72157856	1
0	51471	74.72161952	1
0	51475	74.72166048	1
0	51479	74.72170144	1
0	51480	74.7217424	1
0	51481	74.72178336	1
0	51482	74.72182432	1
0	51483	74.72186528	1
0	51484	74.72190624	1
0	51528	74.82157856	1
0	51531	74.82161952	1
0	51535	74.82166048	1
0	51539	74.82170144	1
0	51540	74.8217424	1
0	51541	74.82178336	1
0	51542	74.82182432	1
0	51543	74.82186528	1
0	51544	74.82190624	1
0	51588	74.92157856	1
0	51591	74.92161952	1
0	51595	74.92166048	1
0	51599	74.92170144	1
0	51600	74.9217424	1
0	51601	74.92178336	1
0	51602	74.92182432	1
0	51603	74.92186528	1
0	51604	74.92190624	1
0	51648	75.02157856	1
0	51651	75.02161952	1
0	51655	75.02166048	1
0	51659	75.02170144	1
0	51660	75.0217424	1
0	51661	75.02178336	1
0	51662	75.02182432	1
0	51663	75.02186528	1
0	51664	75.02190624	1
0	51708	75.12157856	1
0	51711	75.12161952	1
0	51715	75.12166048	1
0	51719	75.12170144	1
0	51720	75.1217424	1
0	51721	75.12178336	1
0	51722	75.12182432	1
0	51723	75.12186528	1
0	51724	75.12190624	1
0	51768	75.22157856	1
0	51771	75.22161952	1
0	51775	75.22166048	1
0	51779	75.22170144	1
0	51780	75.2217424	1
0	51781	75.22178336	1
0	51782	75.22182432	1
0	51783	75.22186528	1
0	51784	75.22190624	1
0	51828	75.32157856	1
0	51831	75.32161952	1
0	51835	75.32166048	1
0	51839	75.32170144	1
0	51840	75.3217424	1
0	51841	75.32178336	1
0	51842	75.32182432	1
0	51843	75.32186528	1
0	51844	75.32190624	1
0	51888	75.42157856	1
0	51891	75.42161952	1
0	51895	75.42166048	1
0	51899	75.42170144	1
0	51900	75.4217424	1
0	51901	75.42178336	1
0	51902	75.42182432	1
0	51903	75.42186528	1
0	51904	75.42190624	1
0	51948	75.52157856	1
0	51951	75.52161952	1
0	51955	75.52166048	1
0	51959	75.52170144	1
0	51960	75.5217424	1
0	51961	75.52178336	1
0	51962	75.52182432	1
0	51963	75.52186528	1
0	51964	75.52190624	1
0	52008	75.62157856	1
0	52011	75.62161952	1
0	52015	75.62166048	1
0	52019	75.62170144	1
0	52020	75.6217424	1
0	52021	75.62178336	1
0	52022	75.62182432	1
0	52023	75.62186528	1
0	52024	75.62190624	1
0	52068	75.72157856	1
0	52071	75.72161952	1
0	52075	75.72166048	1
0	52079	75.72170144	1
0	52080	75.7217424	1
0	52081	75.72178336	1
0	52082	75.72182432	1
0	52083	75.72186528	1
0	52084	75.72190624	1
0	52128	75.82157856	1
0	52131	75.82161952	1
0	52135	75.82166048	1
0	52139	75.82170144	1
0	52140	75.8217424	1
0	52141	75.82178336	1
0	52142	75.82182432	1
0	52143	75.82186528	1
0	52144	75.82190624	1
0	52188	75.92157856	1
0	52191	75.92161952	1
0	52195	75.92166048	1
0	52199	75.92170144	1
0	52200	75.9217424	1
0	52201	75.92178336	1
0	52202	75.92182432	1
0	52203	75.92186528	1
0	52204	75.92190624	1
0	52248	76.02157856	1
0	52251	76.02161952	1
0	52255	76.02166048	1
0	52259	76.02170144	1
0	52260	76.0217424	1
0	52261	76.02178336	1
0	52262	76.02182432	1
0	52263	76.02186528	1
0	52264	76.02190624	1
0	52308	76.12157856	1
0	52311	76.12161952	1
0	52315	76.12166048	1
0	52319	76.12170144	1
0	52320	76.1217424	1
0	52321	76.12178336	1
0	52322	76.12182432	1
0	52323	76.12186528	1
0	52324	76.12190624	1
0	52368	76.22157856	1
0	52371	76.22161952	1
0	52375	76.22166048	1
0	52379	76.22170144	1
0	52380	76.2217424	1
0	52381	76.22178336	1
0	52382	76.22182432	1
0	52383	76.22186528	1
0	52384	76.22190624	1
0	52428	76.32157856	1
0	52431	76.32161952	1
0	52435	76.32166048	1
0	52439	76.32170144	1
0	52440	76.3217424	1
0	52441	76.32178336	1
0	52442	76.32182432	1
0	52443	76.32186528	1
0	52444	76.32190624	1
0	52488	76.42157856	1
0	52491	76.42161952	1
0	52495	76.42166048	1
0	52499	76.42170144	1
0	52500	76.4217424	1
0	52501	76.42178336	1
0	52502	76.42182432	1
0	52503	76.42186528	1
0	52504	76.42190624	1
0	52548	76.52157856	1
0	52551	76.52161952	1
0	52555	76.52166048	1
0	52559	76.52170144	1
0	52560	76.5217424	1
0	52561	76.52178336	1
0	52562	76.52182432	1
0	52563	76.52186528	1
0	52564	76.52190624	1
0	52608	76.62157856	1
0	52611	76.62161952	1
0	52615	76.62166048	1
0	52619	76.62170144	1
0	52620	76.6217424	1
0	52621	76.62178336	1
0	52622	76.62182432	1
0	52623	76.62186528	1
0	52624	76.62190624	1
0	52668	76.72157856	1
0	52671	76.72161952	1
0	52675	76.72166048	1
0	52679	76.72170144	1
0	52680	76.7217424	1
0	52681	76.72178336	1
0	52682	76.72182432	1
0	52683	76.72186528	1
0	52684	76.72190624	1
0	52728	76.82157856	1
0	52731	76.82161952	1
0	52735	76.82166048	1
0	52739	76.82170144	1
0	52740	76.8217424	1
0	52741	76.82178336	1
0	52742	76.82182432	1
0	52743	76.82186528	1
0	52744	76.82190624	1
0	52788	76.92157856	1
0	52791	76.92161952	1
0	52795	76.92166048	1
0	52799	76.92170144	1
0	52800	76.9217424	1
0	52801	76.92178336	1
0	52802	76.92182432	1
0	52803	76.92186528	1
0	52804	76.92190624	1
0	52848	77.02157856	1
0	52851	77.02161952	1
0	52855	77.02166048	1
0	52859	77.02170144	1
0	52860	77.0217424	1
0	52861	77.02178336	1
0	52862	77.02182432	1
0	52863	77.02186528	1
0	52864	77.02190624	1
0	52908	77.12157856	1
0	52911	77.12161952	1
0	52915	77.12166048	1
0	52919	77.12170144	1
0	52920	77.1217424	1
0	52921	77.12178336	1
0	52922	77.12182432	1
0	52923	77.12186528	1
0	52924	77.12190624	1
0	52968	77.22157856	1
0	52971	77.22161952	1
0	52975	77.22166048	1
0	52979	77.22170144	1
0	52980	77.2217424	1
0	52981	77.22178336	1
0	52982	77.22182432	1
0	52983	77.22186528	1
0	52984	77.22190624	1
0	53028	77.32157856	1
0	53031	77.32161952	1
0	53035	77.32166048	1
0	53039	77.32170144	1
0	53040	77.3217424	1
0	53041	77.32178336	1
0	53042	77.32182432	1
0	53043	77.32186528	1
0	53044	77.32190624	1
0	53088	77.42157856	1
0	53091	77.42161952	1
0	53095	77.42166048	1
0	53099	77.42170144	1
0	53100	77.4217424	1
0	53101	77.42178336	1
0	53102	77.42182432	1
0	53103	77.42186528	1
0	53104	77.42190624	1
0	53148	77.52157856	1
0	53151	77.52161952	1
0	53155	77.52166048	1
0	53159	77.52170144	1
0	53160	77.5217424	1
0	53161	77.52178336	1
0	53162	77.52182432	1
0	53163	77.52186528	1
0	53164	77.52190624	1
0	53208	77.62157856	1
0	53211	77.62161952	1
0	53215	77.62166048	1
0	53219	77.62170144	1
0	53220	77.6217424	1
0	53221	77.62178336	1
0	53222	77.62182432	1
0	53223	77.62186528	1
0	53224	77.62190624	1
0	53268	77.72157856	1
0	53271	77.72161952	1
0	53275	77.72166048	1
0	53279	77.72170144	1
0	53280	77.7217424	1
0	53281	77.72178336	1
0	53282	77.72182432	1
0	53283	77.72186528	1
0	53284	77.72190624	1
0	53328	77.82157856	1
0	53331	77.82161952	1
0	53335	77.82166048	1
0	53339	77.82170144	1
0	53340	77.8217424	1
0	53341	77.82178336	1
0	53342	77.82182432	1
0	53343	77.82186528	1
0	53344	77.82190624	1
0	53388	77.92157856	1
0	53391	77.92161952	1
0	53395	77.92166048	1
0	53399	77.92170144	1
0	53400	77.9217424	1
0	53401	77.92178336	1
0	53402	77.92182432	1
0	53403	77.92186528	1
0	53404	77.92190624	1
0	53448	78.02157856	1
0	53451	78.02161952	1
0	53455	78.02166048	1
0	53459	78.02170144	1
0	53460	78.0217424	1
0	53461	78.02178336	1
0	53462	78.02182432	1
0	53463	78.02186528	1
0	53464	78.02190624	1
0	53508	78.12157856	1
0	53511	78.12161952	1
0	53515	78.12166048	1
0	53519	78.12170144	1
0	53520	78.1217424	1
0	53521	78.12178336	1
0	53522	78.12182432	1
0	53523	78.12186528	1
0	53524	78.12190624	1
0	53568	78.22157856	1
0	53571	78.22161952	1
0	53575	78.22166048	1
0	53579	78.22170144	1
0	53580	78.2217424	1
0	53581	78.22178336	1
0	53582	78.22182432	1
0	53583	78.22186528	1
0	53584	78.22190624	1
0	53628	78.32157856	1
0	53631	78.32161952	1
0	53635	78.32166048	1
0	53639	78.32170144	1
0	53640	78.3217424	1
0	53641	78.32178336	1
0	53642	78.32182432	1
0	53643	78.32186528	1
0	53644	78.32190624	1
0	53688	78.42157856	1
0	53691	78.42161952	1
0	53695	78.42166048	1
0	53699	78.42170144	1
0	53700	78.4217424	1
0	53701	78.42178336	1
0	53702	78.42182432	1
0	53703	78.42186528	1
0	53704	78.42190624	1
0	53748	78.52157856	1
0	53751	78.52161952	1
0	53755	78.52166048	1
0	53759	78.52170144	1
0	53760	78.5217424	1
0	53761	78.52178336	1
0	53762	78.52182432	1
0	53763	78.52186528	1
0	53764	78.52190624	1
0	53808	78.62157856	1
0	53811	78.62161952	1
0	53815	78.62166048	1
0	53819	78.62170144	1
0	53820	78.6217424	1
0	53821	78.62178336	1
0	53822	78.62182432	1
0	53823	78.62186528	1
0	53824	78.62190624	1
0	53868	78.72157856	1
0	53871	78.72161952	1
0	53875	78.72166048	1
0	53879	78.72170144	1
0	53880	78.7217424	1
0	53881	78.72178336	1
0	53882	78.72182432	1
0	53883	78.72186528	1
0	53884	78.72190624	1
0	53928	78.82157856	1
0	53931	78.82161952	1
0	53935	78.82166048	1
0	53939	78.82170144	1
0	53940	78.8217424	1
0	53941	78.82178336	1
0	53942	78.82182432	1
0	53943	78.82186528	1
0	53944	78.82190624	1
0	53988	78.92157856	1
0	53991	78.92161952	1
0	53995	78.92166048	1
0	53999	78.92170144	1
0	54000	78.9217424	1
0	54001	78.92178336	1
0	54002	78.92182432	1
0	54003	78.92186528	1
0	54004	78.92190624	1
0	54048	79.02157856	1
0	54051	79.02161952	1
0	54055	79.02166048	1
0	54059	79.02170144	1
0	54060	79.0217424	1
0	54061	79.02178336	1
0	54062	79.02182432	1
0	54063	79.02186528	1
0	54064	79.02190624	1
0	54108	79.12157856	1
0	54111	79.12161952	1
0	54115	79.12166048	1
0	54119	79.12170144	1
0	54120	79.1217424	1
0	54121	79.12178336	1
0	54122	79.12182432	1
0	54123	79.12186528	1
0	54124	79.12190624	1
0	54168	79.22157856	1
0	54171	79.22161952	1
0	54175	79.22166048	1
0	54179	79.22170144	1
0	54180	79.2217424	1
0	54181	79.22178336	1
0	54182	79.22182432	1
0	54183	79.22186528	1
0	54184	79.22190624	1
0	54228	79.32157856	1
0	54231	79.32161952	1
0	54235	79.32166048	1
0	54239	79.32170144	1
0	54240	79.3217424	1
0	54241	79.32178336	1
0	54242	79.32182432	1
0	54243	79.32186528	1
0	54244	79.32190624	1
0	54288	79.42157856	1
0	54291	79.42161952	1
0	54295	79.42166048	1
0	54299	79.42170144	1
0	54300	79.4217424	1
0	54301	79.42178336	1
0	54302	79.42182432	1
0	54303	79.42186528	1
0	54304	79.42190624	1
0	54348	79.52157856	1
0	54351	79.52161952	1
0	54355	79.52166048	1
0	54359	79.52170144	1
0	54360	79.5217424	1
0	54361	79.52178336	1
0	54362	79.52182432	1
0	54363	79.52186528	1
0	54364	79.52190624	1
0	54408	79.62157856	1
0	54411	79.62161952	1
0	54415	79.62166048	1
0	54419	79.62170144	1
0	54420	79.6217424	1
0	54421	79.62178336	1
0	54422	79.62182432	1
0	54423	79.62186528	1
0	54424	79.62190624	1
0	54468	79.72157856	1
0	54471	79.72161952	1
0	54475	79.72166048	1
0	54479	79.72170144	1
0	54480	79.7217424	1
0	54481	79.72178336	1
0	54482	79.72182432	1
0	54483	79.72186528	1
0	54484	79.72190624	1
0	54528	79.82157856	1
0	54531	79.82161952	1
0	54535	79.82166048	1
0	54539	79.82170144	1
0	54540	79.8217424	1
0	54541	79.82178336	1
0	54542	79.82182432	1
0	54543	79.82186528	1
0	54544	79.82190624	1
0	54588	79.92157856	1
0	54591	79.92161952	1
0	54595	79.92166048	1
0	54599	79.92170144	1
0	54600	79.9217424	1
0	54601	79.92178336	1
0	54602	79.92182432	1
0	54603	79.92186528	1
0	54604	79.92190624	1
0	54648	80.02157856	1
0	54651	80.02161952	1
0	54655	80.02166048	1
0	54659	80.02170144	1
0	54660	80.0217424	1
0	54661	80.02178336	1
0	54662	80.02182432	1
0	54663	80.02186528	1
0	54664	80.02190624	1
0	54708	80.12157856	1
0	54711	80.12161952	1
0	54715	80.12166048	1
0	54719	80.12170144	1
0	54720	80.1217424	1
0	54721	80.12178336	1
0	54722	80.12182432	1
0	54723	80.12186528	1
0	54724	80.12190624	1
0	54768	80.22157856	1
0	54771	80.22161952	1
0	54775	80.22166048	1
0	54779	80.22170144	1
0	54780	80.2217424	1
0	54781	80.22178336	1
0	54782	80.22182432	1
0	54783	80.22186528	1
0	54784	80.22190624	1
0	54828	80.32157856	1
0	54831	80.32161952	1
0	54835	80.32166048	1
0	54839	80.32170144	1
0	54840	80.3217424	1
0	54841	80.32178336	1
0	54842	80.32182432	1
0	54843	80.32186528	1
0	54844	80.32190624	1
0	54888	80.42157856	1
0	54891	80.42161952	1
0	54895	80.42166048	1
0	54899	80.42170144	1
0	54900	80.4217424	1
0	54901	80.42178336	1
0	54902	80.42182432	1
0	54903	80.42186528	1
0	54904	80.42190624	1
0	54948	80.52157856	1
0	54951	80.52161952	1
0	54955	80.52166048	1
0	54959	80.52170144	1
0	54960	80.5217424	1
0	54961	80.52178336	1
0	54962	80.52182432	1
0	54963	80.52186528	1
0	54964	80.52190624	1
0	55008	80.62157856	1
0	55011	80.62161952	1
0	55015	80.62166048	1
0	55019	80.62170144	1
0	55020	80.6217424	1
0	55021	80.62178336	1
0	55022	80.62182432	1
0	55023	80.62186528	1
0	55024	80.62190624	1
0	55068	80.72157856	1
0	55071	80.72161952	1
0	55075	80.72166048	1
0	55079	80.72170144	1
0	55080	80.7217424	1
0	55081	80.72178336	1
0	55082	80.72182432	1
0	55083	80.72186528	1
0	55084	80.72190624	1
0	55128	80.82157856	1
0	55131	80.82161952	1
0	55135	80.82166048	1
0	55139	80.82170144	1
0	55140	80.8217424	1
0	55141	80.82178336	1
0	55142	80.82182432	1
0	55143	80.82186528	1
0	55144	80.82190624	1
0	55188	80.92157856	1
0	55191	80.92161952	1
0	55195	80.92166048	1
0	55199	80.92170144	1
0	55200	80.9217424	1
0	55201	80.92178336	1
0	55202	80.92182432	1
0	55203	80.92186528	1
0	55204	80.92190624	1
0	55248	81.02157856	1
0	55251	81.02161952	1
0	55255	81.02166048	1
0	55259	81.02170144	1
0	55260	81.0217424	1
0	55261	81.02178336	1
0	55262	81.02182432	1
0	55263	81.02186528	1
0	55264	81.02190624	1
0	55308	81.12157856	1
0	55311	81.12161952	1
0	55315	81.12166048	1
0	55319	81.12170144	1
0	55320	81.1217424	1
0	55321	81.12178336	1
0	55322	81.12182432	1
0	55323	81.12186528	1
0	55324	81.12190624	1
0	55368	81.22157856	1
0	55371	81.22161952	1
0	55375	81.22166048	1
0	55379	81.22170144	1
0	55380	81.2217424	1
0	55381	81.22178336	1
0	55382	81.22182432	1
0	55383	81.22186528	1
0	55384	81.22190624	1
0	55428	81.32157856	1
0	55431	81.32161952	1
0	55435	81.32166048	1
0	55439	81.32170144	1
0	55440	81.3217424	1
0	55441	81.32178336	1
0	55442	81.32182432	1
0	55443	81.32186528	1
0	55444	81.32190624	1
0	55488	81.42157856	1
0	55491	81.42161952	1
0	55495	81.42166048	1
0	55499	81.42170144	1
0	55500	81.4217424	1
0	55501	81.42178336	1
0	55502	81.42182432	1
0	55503	81.42186528	1
0	55504	81.42190624	1
0	55548	81.52157856	1
0	55551	81.52161952	1
0	55555	81.52166048	1
0	55559	81.52170144	1
0	55560	81.5217424	1
0	55561	81.52178336	1
0	55562	81.52182432	1
0	55563	81.52186528	1
0	55564	81.52190624	1
0	55608	81.62157856	1
0	55611	81.62161952	1
0	55615	81.62166048	1
0	55619	81.62170144	1
0	55620	81.6217424	1
0	55621	81.62178336	1
0	55622	81.62182432	1
0	55623	81.62186528	1
0	55624	81.62190624	1
0	55668	81.72157856	1
0	55671	81.72161952	1
0	55675	81.72166048	1
0	55679	81.72170144	1
0	55680	81.7217424	1
0	55681	81.72178336	1
0	55682	81.72182432	1
0	55683	81.72186528	1
0	55684	81.72190624	1
0	55728	81.82157856	1
0	55731	81.82161952	1
0	55735	81.82166048	1
0	55739	81.82170144	1
0	55740	81.8217424	1
0	55741	81.82178336	1
0	55742	81.82182432	1
0	55743	81.82186528	1
0	55744	81.82190624	1
0	55788	81.92157856	1
0	55791	81.92161952	1
0	55795	81.92166048	1
0	55799	81.92170144	1
0	55800	81.9217424	1
0	55801	81.92178336	1
0	55802	81.92182432	1
0	55803	81.92186528	1
0	55804	81.92190624	1
0	55848	82.02157856	1
0	55851	82.02161952	1
0	55855	82.02166048	1
0	55859	82.02170144	1
0	55860	82.0217424	1
0	55861	82.02178336	1
0	55862	82.02182432	1
0	55863	82.02186528	1
0	55864	82.02190624	1
0	55908	82.12157856	1
0	55911	82.12161952	1
0	55915	82.12166048	1
0	55919	82.12170144	1
0	55920	82.1217424	1
0	55921	82.12178336	1
0	55922	82.12182432	1
0	55923	82.12186528	1
0	55924	82.12190624	1
0	55968	82.22157856	1
0	55971	82.22161952	1
0	55975	82.22166048	1
0	55979	82.22170144	1
0	55980	82.2217424	1
0	55981	82.22178336	1
0	55982	82.22182432	1
0	55983	82.22186528	1
0	55984	82.22190624	1
0	56028	82.32157856	1
0	56031	82.32161952	1
0	56035	82.32166048	1
0	56039	82.32170144	1
0	56040	82.3217424	1
0	56041	82.32178336	1
0	56042	82.32182432	1
0	56043	82.32186528	1
0	56044	82.32190624	1
0	56088	82.42157856	1
0	56091	82.42161952	1
0	56095	82.42166048	1
0	56099	82.42170144	1
0	56100	82.4217424	1
0	56101	82.42178336	1
0	56102	82.42182432	1
0	56103	82.42186528	1
0	56104	82.42190624	1
0	56148	82.52157856	1
0	56151	82.52161952	1
0	56155	82.52166048	1
0	56159	82.52170144	1
0	56160	82.5217424	1
0	56161	82.52178336	1
0	56162	82.52182432	1
0	56163	82.52186528	1
0	56164	82.52190624	1
0	56208	82.62157856	1
0	56211	82.62161952	1
0	56215	82.62166048	1
0	56219	82.62170144	1
0	56220	82.6217424	1
0	56221	82.62178336	1
0	56222	82.62182432	1
0	56223	82.62186528	1
0	56224	82.62190624	1
0	56268	82.72157856	1
0	56271	82.72161952	1
0	56275	82.72166048	1
0	56279	82.72170144	1
0	56280	82.7217424	1
0	56281	82.72178336	1
0	56282	82.72182432	1
0	56283	82.72186528	1
0	56284	82.72190624	1
0	56328	82.82157856	1
0	56331	82.82161952	1
0	56335	82.82166048	1
0	56339	82.82170144	1
0	56340	82.8217424	1
0	56341	82.82178336	1
0	56342	82.82182432	1
0	56343	82.82186528	1
0	56344	82.82190624	1
0	56388	82.92157856	1
0	56391	82.92161952	1
0	56395	82.92166048	1
0	56399	82.92170144	1
0	56400	82.9217424	1
0	56401	82.92178336	1
0	56402	82.92182432	1
0	56403	82.92186528	1
0	56404	82.92190624	1
0	56448	83.02157856	1
0	56451	83.02161952	1
0	56455	83.02166048	1
0	56459	83.02170144	1
0	56460	83.0217424	1
0	56461	83.02178336	1
0	56462	83.02182432	1
0	56463	83.02186528	1
0	56464	83.02190624	1
0	56508	83.12157856	1
0	56511	83.12161952	1
0	56515	83.12166048	1
0	56519	83.12170144	1
0	56520	83.1217424	1
0	56521	83.12178336	1
0	56522	83.12182432	1
0	56523	83.12186528	1
0	56524	83.12190624	1
0	56568	83.22157856	1
0	56571	83.22161952	1
0	56575	83.22166048	1
0	56579	83.22170144	1
0	56580	83.2217424	1
0	56581	83.22178336	1
0	56582	83.22182432	1
0	56583	83.22186528	1
0	56584	83.22190624	1
0	56628	83.32157856	1
0	56631	83.32161952	1
0	56635	83.32166048	1
0	56639	83.32170144	1
0	56640	83.3217424	1
0	56641	83.32178336	1
0	56642	83.32182432	1
0	56643	83.32186528	1
0	56644	83.32190624	1
0	56688	83.42157856	1
0	56691	83.42161952	1
0	56695	83.42166048	1
0	56699	83.42170144	1
0	56700	83.4217424	1
0	56701	83.42178336	1
0	56702	83.42182432	1
0	56703	83.42186528	1
0	56704	83.42190624	1
0	56748	83.52157856	1
0	56751	83.52161952	1
0	56755	83.52166048	1
0	56759	83.52170144	1
0	56760	83.5217424	1
0	56761	83.52178336	1
0	56762	83.52182432	1
0	56763	83.52186528	1
0	56764	83.52190624	1
0	56808	83.62157856	1
0	56811	83.62161952	1
0	56815	83.62166048	1
0	56819	83.62170144	1
0	56820	83.6217424	1
0	56821	83.62178336	1
0	56822	83.62182432	1
0	56823	83.62186528	1
0	56824	83.62190624	1
0	56868	83.72157856	1
0	56871	83.72161952	1
0	56875	83.72166048	1
0	56879	83.72170144	1
0	56880	83.7217424	1
0	56881	83.72178336	1
0	56882	83.72182432	1
0	56883	83.72186528	1
0	56884	83.72190624	1
0	56928	83.82157856	1
0	56931	83.82161952	1
0	56935	83.82166048	1
0	56939	83.82170144	1
0	56940	83.8217424	1
0	56941	83.82178336	1
0	56942	83.82182432	1
0	56943	83.82186528	1
0	56944	83.82190624	1
0	56988	83.92157856	1
0	56991	83.92161952	1
0	56995	83.92166048	1
0	56999	83.92170144	1
0	57000	83.9217424	1
0	57001	83.92178336	1
0	57002	83.92182432	1
0	57003	83.92186528	1
0	57004	83.92190624	1
0	57048	84.02157856	1
0	57051	84.02161952	1
0	57055	84.02166048	1
0	57059	84.02170144	1
0	57060	84.0217424	1
0	57061	84.02178336	1
0	57062	84.02182432	1
0	57063	84.02186528	1
0	57064	84.02190624	1
0	57108	84.12157856	1
0	57111	84.12161952	1
0	57115	84.12166048	1
0	57119	84.12170144	1
0	57120	84.1217424	1
0	57121	84.12178336	1
0	57122	84.12182432	1
0	57123	84.12186528	1
0	57124	84.12190624	1
0	57168	84.22157856	1
0	57171	84.22161952	1
0	57175	84.22166048	1
0	57179	84.22170144	1
0	57180	84.2217424	1
0	57181	84.22178336	1
0	57182	84.22182432	1
0	57183	84.22186528	1
0	57184	84.22190624	1
0	57228	84.32157856	1
0	57231	84.32161952	1
0	57235	84.32166048	1
0	57239	84.32170144	1
0	57240	84.3217424	1
0	57241	84.32178336	1
0	57242	84.32182432	1
0	57243	84.32186528	1
0	57244	84.32190624	1
0	57288	84.42157856	1
0	57291	84.42161952	1
0	57295	84.42166048	1
0	57299	84.42170144	1
0	57300	84.4217424	1
0	57301	84.42178336	1
0	57302	84.42182432	1
0	57303	84.42186528	1
0	57304	84.42190624	1
0	57348	84.52157856	1
0	57351	84.52161952	1
0	57355	84.52166048	1
0	57359	84.52170144	1
0	57360	84.5217424	1
0	57361	84.52178336	1
0	57362	84.52182432	1
0	57363	84.52186528	1
0	57364	84.52190624	1
0	57408	84.62157856	1
0	57411	84.62161952	1
0	57415	84.62166048	1
0	57419	84.62170144	1
0	57420	84.6217424	1
0	57421	84.62178336	1
0	57422	84.62182432	1
0	57423	84.62186528	1
0	57424	84.62190624	1
0	57468	84.72157856	1
0	57471	84.72161952	1
0	57475	84.72166048	1
0	57479	84.72170144	1
0	57480	84.7217424	1
0	57481	84.72178336	1
0	57482	84.72182432	1
0	57483	84.72186528	1
0	57484	84.72190624	1
0	57528	84.82157856	1
0	57531	84.82161952	1
0	57535	84.82166048	1
0	57539	84.82170144	1
0	57540	84.8217424	1
0	57541	84.82178336	1
0	57542	84.82182432	1
0	57543	84.82186528	1
0	57544	84.82190624	1
0	57588	84.92157856	1
0	57591	84.92161952	1
0	57595	84.92166048	1
0	57599	84.92170144	1
0	57600	84.9217424	1
0	57601	84.92178336	1
0	57602	84.92182432	1
0	57603	84.92186528	1
0	57604	84.92190624	1
0	57648	85.02157856	1
0	57651	85.02161952	1
0	57655	85.02166048	1
0	57659	85.02170144	1
0	57660	85.0217424	1
0	57661	85.02178336	1
0	57662	85.02182432	1
0	57663	85.02186528	1
0	57664	85.02190624	1
0	57708	85.12157856	1
0	57711	85.12161952	1
0	57715	85.12166048	1
0	57719	85.12170144	1
0	57720	85.1217424	1
0	57721	85.12178336	1
0	57722	85.12182432	1
0	57723	85.12186528	1
0	57724	85.12190624	1
0	57768	85.22157856	1
0	57771	85.22161952	1
0	57775	85.22166048	1
0	57779	85.22170144	1
0	57780	85.2217424	1
0	57781	85.22178336	1
0	57782	85.22182432	1
0	57783	85.22186528	1
0	57784	85.22190624	1
0	57828	85.32157856	1
0	57831	85.32161952	1
0	57835	85.32166048	1
0	57839	85.32170144	1
0	57840	85.3217424	1
0	57841	85.32178336	1
0	57842	85.32182432	1
0	57843	85.32186528	1
0	57844	85.32190624	1
0	57888	85.42157856	1
0	57891	85.42161952	1
0	57895	85.42166048	1
0	57899	85.42170144	1
0	57900	85.4217424	1
0	57901	85.42178336	1
0	57902	85.42182432	1
0	57903	85.42186528	1
0	57904	85.42190624	1
0	57948	85.52157856	1
0	57951	85.52161952	1
0	57955	85.52166048	1
0	57959	85.52170144	1
0	57960	85.5217424	1
0	57961	85.52178336	1
0	57962	85.52182432	1
0	57963	85.52186528	1
0	57964	85.52190624	1
0	58008	85.62157856	1
0	58011	85.62161952	1
0	58015	85.62166048	1
0	58019	85.62170144	1
0	58020	85.6217424	1
0	58021	85.62178336	1
0	58022	85.62182432	1
0	58023	85.62186528	1
0	58024	85.62190624	1
0	58068	85.72157856	1
0	58071	85.72161952	1
0	58075	85.72166048	1
0	58079	85.72170144	1
0	58080	85.7217424	1
0	58081	85.72178336	1
0	58082	85.72182432	1
0	58083	85.72186528	1
0	58084	85.72190624	1
0	58128	85.82157856	1
0	58131	85.82161952	1
0	58135	85.82166048	1
0	58139	85.82170144	1
0	58140	85.8217424	1
0	58141	85.82178336	1
0	58142	85.82182432	1
0	58143	85.82186528	1
0	58144	85.82190624	1
0	58188	85.92157856	1
0	58191	85.92161952	1
0	58195	85.92166048	1
0	58199	85.92170144	1
0	58200	85.9217424	1
0	58201	85.92178336	1
0	58202	85.92182432	1
0	58203	85.92186528	1
0	58204	85.92190624	1
0	58248	86.02157856	1
0	58251	86.02161952	1
0	58255	86.02166048	1
0	58259	86.02170144	1
0	58260	86.0217424	1
0	58261	86.02178336	1
0	58262	86.02182432	1
0	58263	86.02186528	1
0	58264	86.02190624	1
0	58308	86.12157856	1
0	58311	86.12161952	1
0	58315	86.12166048	1
0	58319	86.12170144	1
0	58320	86.1217424	1
0	58321	86.12178336	1
0	58322	86.12182432	1
0	58323	86.12186528	1
0	58324	86.12190624	1
0	58368	86.22157856	1
0	58371	86.22161952	1
0	58375	86.22166048	1
0	58379	86.22170144	1
0	58380	86.2217424	1
0	58381	86.22178336	1
0	58382	86.22182432	1
0	58383	86.22186528	1
0	58384	86.22190624	1
0	58428	86.32157856	1
0	58431	86.32161952	1
0	58435	86.32166048	1
0	58439	86.32170144	1
0	58440	86.3217424	1
0	58441	86.32178336	1
0	58442	86.32182432	1
0	58443	86.32186528	1
0	58444	86.32190624	1
0	58488	86.42157856	1
0	58491	86.42161952	1
0	58495	86.42166048	1
0	58499	86.42170144	1
0	58500	86.4217424	1
0	58501	86.42178336	1
0	58502	86.42182432	1
0	58503	86.42186528	1
0	58504	86.42190624	1
0	58548	86.52157856	1
0	58551	86.52161952	1
0	58555	86.52166048	1
0	58559	86.52170144	1
0	58560	86.5217424	1
0	58561	86.52178336	1
0	58562	86.52182432	1
0	58563	86.52186528	1
0	58564	86.52190624	1
0	58608	86.62157856	1
0	58611	86.62161952	1
0	58615	86.62166048	1
0	58619	86.62170144	1
0	58620	86.6217424	1
0	58621	86.62178336	1
0	58622	86.62182432	1
0	58623	86.62186528	1
0	58624	86.62190624	1
0	58668	86.72157856	1
0	58671	86.72161952	1
0	58675	86.72166048	1
0	58679	86.72170144	1
0	58680	86.7217424	1
0	58681	86.72178336	1
0	58682	86.72182432	1
0	58683	86.72186528	1
0	58684	86.72190624	1
0	58728	86.82157856	1
0	58731	86.82161952	1
0	58735	86.82166048	1
0	58739	86.82170144	1
0	58740	86.8217424	1
0	58741	86.82178336	1
0	58742	86.82182432	1
0	58743	86.82186528	1
0	58744	86.82190624	1
0	58788	86.92157856	1
0	58791	86.92161952	1
0	58795	86.92166048	1
0	58799	86.92170144	1
0	58800	86.9217424	1
0	58801	86.92178336	1
0	58802	86.92182432	1
0	58803	86.92186528	1
0	58804	86.92190624	1
0	58848	87.02157856	1
0	58851	87.02161952	1
0	58855	87.02166048	1
0	58859	87.02170144	1
0	58860	87.0217424	1
0	58861	87.02178336	1
0	58862	87.02182432	1
0	58863	87.02186528	1
0	58864	87.02190624	1
0	58908	87.12157856	1
0	58911	87.12161952	1
0	58915	87.12166048	1
0	58919	87.12170144	1
0	58920	87.1217424	1
0	58921	87.12178336	1
0	58922	87.12182432	1
0	58923	87.12186528	1
0	58924	87.12190624	1
0	58968	87.22157856	1
0	58971	87.22161952	1
0	58975	87.22166048	1
0	58979	87.22170144	1
0	58980	87.2217424	1
0	58981	87.22178336	1
0	58982	87.22182432	1
0	58983	87.22186528	1
0	58984	87.22190624	1
0	59028	87.32157856	1
0	59031	87.32161952	1
0	59035	87.32166048	1
0	59039	87.32170144	1
0	59040	87.3217424	1
0	59041	87.32178336	1
0	59042	87.32182432	1
0	59043	87.32186528	1
0	59044	87.32190624	1
0	59088	87.42157856	1
0	59091	87.42161952	1
0	59095	87.42166048	1
0	59099	87.42170144	1
0	59100	87.4217424	1
0	59101	87.42178336	1
0	59102	87.42182432	1
0	59103	87.42186528	1
0	59104	87.42190624	1
0	59148	87.52157856	1
0	59151	87.52161952	1
0	59155	87.52166048	1
0	59159	87.52170144	1
0	59160	87.5217424	1
0	59161	87.52178336	1
0	59162	87.52182432	1
0	59163	87.52186528	1
0	59164	87.52190624	1
0	59208	87.62157856	1
0	59211	87.62161952	1
0	59215	87.62166048	1
0	59219	87.62170144	1
0	59220	87.6217424	1
0	59221	87.62178336	1
0	59222	87.62182432	1
0	59223	87.62186528	1
0	59224	87.62190624	1
0	59268	87.72157856	1
0	59271	87.72161952	1
0	59275	87.72166048	1
0	59279	87.72170144	1
0	59280	87.7217424	1
0	59281	87.72178336	1
0	59282	87.72182432	1
0	59283	87.72186528	1
0	59284	87.72190624	1
0	59328	87.82157856	1
0	59331	87.82161952	1
0	59335	87.82166048	1
0	59339	87.82170144	1
0	59340	87.8217424	1
0	59341	87.82178336	1
0	59342	87.82182432	1
0	59343	87.82186528	1
0	59344	87.82190624	1
0	59388	87.92157856	1
0	59391	87.92161952	1
0	59395	87.92166048	1
0	59399	87.92170144	1
0	59400	87.9217424	1
0	59401	87.92178336	1
0	59402	87.92182432	1
0	59403	87.92186528	1
0	59404	87.92190624	1
0	59448	88.02157856	1
0	59451	88.02161952	1
0	59455	88.02166048	1
0	59459	88.02170144	1
0	59460	88.0217424	1
0	59461	88.02178336	1
0	59462	88.02182432	1
0	59463	88.02186528	1
0	59464	88.02190624	1
0	59508	88.12157856	1
0	59511	88.12161952	1
0	59515	88.12166048	1
0	59519	88.12170144	1
0	59520	88.1217424	1
0	59521	88.12178336	1
0	59522	88.12182432	1
0	59523	88.12186528	1
0	59524	88.12190624	1
0	59568	88.22157856	1
0	59571	88.22161952	1
0	59575	88.22166048	1
0	59579	88.22170144	1
0	59580	88.2217424	1
0	59581	88.22178336	1
0	59582	88.22182432	1
0	59583	88.22186528	1
0	59584	88.22190624	1
0	59628	88.32157856	1
0	59631	88.32161952	1
0	59635	88.32166048	1
0	59639	88.32170144	1
0	59640	88.3217424	1
0	59641	88.32178336	1
0	59642	88.32182432	1
0	59643	88.32186528	1
0	59644	88.32190624	1
0	59688	88.42157856	1
0	59691	88.42161952	1
0	59695	88.42166048	1
0	59699	88.42170144	1
0	59700	88.4217424	1
0	59701	88.42178336	1
0	59702	88.42182432	1
0	59703	88.42186528	1
0	59704	88.42190624	1
0	59748	88.52157856	1
0	59751	88.52161952	1
0	59755	88.52166048	1
0	59759	88.52170144	1
0	59760	88.5217424	1
0	59761	88.52178336	1
0	59762	88.52182432	1
0	59763	88.52186528	1
0	59764	88.52190624	1
0	59808	88.62157856	1
0	59811	88.62161952	1
0	59815	88.62166048	1
0	59819	88.62170144	1
0	59820	88.6217424	1
0	59821	88.62178336	1
0	59822	88.62182432	1
0	59823	88.62186528	1
0	59824	88.62190624	1
0	59868	88.72157856	1
0	59871	88.72161952	1
0	59875	88.72166048	1
0	59879	88.72170144	1
0	59880	88.7217424	1
0	59881	88.72178336	1
0	59882	88.72182432	1
0	59883	88.72186528	1
0	59884	88.72190624	1
0	59928	88.82157856	1
0	59931	88.82161952	1
0	59935	88.82166048	1
0	59939	88.82170144	1
0	59940	88.8217424	1
0	59941	88.82178336	1
0	59942	88.82182432	1
0	59943	88.82186528	1
0	59944	88.82190624	1
0	59988	88.92157856	1
0	59991	88.92161952	1
0	59995	88.92166048	1
0	59999	88.92170144	1
0	60000	88.9217424	1
0	60001	88.92178336	1
0	60002	88.92182432	1
0	60003	88.92186528	1
0	60004	88.92190624	1
0	60048	89.02157856	1
0	60051	89.02161952	1
0	60055	89.02166048	1
0	60059	89.02170144	1
0	60060	89.0217424	1
0	60061	89.02178336	1
0	60062	89.02182432	1
0	60063	89.02186528	1
0	60064	89.02190624	1
0	60108	89.12157856	1
0	60111	89.12161952	1
0	60115	89.12166048	1
0	60119	89.12170144	1
0	60120	89.1217424	1
0	60121	89.12178336	1
0	60122	89.12182432	1
0	60123	89.12186528	1
0	60124	89.12190624	1
0	60168	89.22157856	1
0	60171	89.22161952	1
0	60175	89.22166048	1
0	60179	89.22170144	1
0	60180	89.2217424	1
0	60181	89.22178336	1
0	60182	89.22182432	1
0	60183	89.22186528	1
0	60184	89.22190624	1
0	60228	89.32157856	1
0	60231	89.32161952	1
0	60235	89.32166048	1
0	60239	89.32170144	1
0	60240	89.3217424	1
0	60241	89.32178336	1
0	60242	89.32182432	1
0	60243	89.32186528	1
0	60244	89.32190624	1
0	60288	89.42157856	1
0	60291	89.42161952	1
0	60295	89.42166048	1
0	60299	89.42170144	1
0	60300	89.4217424	1
0	60301	89.42178336	1
0	60302	89.42182432	1
0	60303	89.42186528	1
0	60304	89.42190624	1
0	60348	89.52157856	1
0	60351	89.52161952	1
0	60355	89.52166048	1
0	60359	89.52170144	1
0	60360	89.5217424	1
0	60361	89.52178336	1
0	60362	89.52182432	1
0	60363	89.52186528	1
0	60364	89.52190624	1
0	60408	89.62157856	1
0	60411	89.62161952	1
0	60415	89.62166048	1
0	60419	89.62170144	1
0	60420	89.6217424	1
0	60421	89.62178336	1
0	60422	89.62182432	1
0	60423	89.62186528	1
0	60424	89.62190624	1
0	60468	89.72157856	1
0	60471	89.72161952	1
0	60475	89.72166048	1
0	60479	89.72170144	1
0	60480	89.7217424	1
0	60481	89.72178336	1
0	60482	89.72182432	1
0	60483	89.72186528	1
0	60484	89.72190624	1
0	60528	89.82157856	1
0	60531	89.82161952	1
0	60535	89.82166048	1
0	60539	89.82170144	1
0	60540	89.8217424	1
0	60541	89.82178336	1
0	60542	89.82182432	1
0	60543	89.82186528	1
0	60544	89.82190624	1
0	60588	89.92157856	1
0	60591	89.92161952	1
0	60595	89.92166048	1
0	60599	89.92170144	1
0	60600	89.9217424	1
0	60601	89.92178336	1
0	60602	89.92182432	1
0	60603	89.92186528	1
0	60604	89.92190624	1
0	60648	90.02157856	1
0	60651	90.02161952	1
0	60655	90.02166048	1
0	60659	90.02170144	1
0	60660	90.0217424	1
0	60661	90.02178336	1
0	60662	90.02182432	1
0	60663	90.02186528	1
0	60664	90.02190624	1
0	60708	90.12157856	1
0	60711	90.12161952	1
0	60715	90.12166048	1
0	60719	90.12170144	1
0	60720	90.1217424	1
0	60721	90.12178336	1
0	60722	90.12182432	1
0	60723	90.12186528	1
0	60724	90.12190624	1
0	60768	90.22157856	1
0	60771	90.22161952	1
0	60775	90.22166048	1
0	60779	90.22170144	1
0	60780	90.2217424	1
0	60781	90.22178336	1
0	60782	90.22182432	1
0	60783	90.22186528	1
0	60784	90.22190624	1
0	60828	90.32157856	1
0	60831	90.32161952	1
0	60835	90.32166048	1
0	60839	90.32170144	1
0	60840	90.3217424	1
0	60841	90.32178336	1
0	60842	90.32182432	1
0	60843	90.32186528	1
0	60844	90.32190624	1
0	60888	90.42157856	1
0	60891	90.42161952	1
0	60895	90.42166048	1
0	60899	90.42170144	1
0	60900	90.4217424	1
0	60901	90.42178336	1
0	60902	90.42182432	1
0	60903	90.42186528	1
0	60904	90.42190624	1
0	60948	90.52157856	1
0	60951	90.52161952	1
0	60955	90.52166048	1
0	60959	90.52170144	1
0	60960	90.5217424	1
0	60961	90.52178336	1
0	60962	90.52182432	1
0	60963	90.52186528	1
0	60964	90.52190624	1
0	61008	90.62157856	1
0	61011	90.62161952	1
0	61015	90.62166048	1
0	61019	90.62170144	1
0	61020	90.6217424	1
0	61021	90.62178336	1
0	61022	90.62182432	1
0	61023	90.62186528	1
0	61024	90.62190624	1
0	61068	90.72157856	1
0	61071	90.72161952	1
0	61075	90.72166048	1
0	61079	90.72170144	1
0	61080	90.7217424	1
0	61081	90.72178336	1
0	61082	90.72182432	1
0	61083	90.72186528	1
0	61084	90.72190624	1
0	61128	90.82157856	1
0	61131	90.82161952	1
0	61135	90.82166048	1
0	61139	90.82170144	1
0	61140	90.8217424	1
0	61141	90.82178336	1
0	61142	90.82182432	1
0	61143	90.82186528	1
0	61144	90.82190624	1
0	61188	90.92157856	1
0	61191	90.92161952	1
0	61195	90.92166048	1
0	61199	90.92170144	1
0	61200	90.9217424	1
0	61201	90.92178336	1
0	61202	90.92182432	1
0	61203	90.92186528	1
0	61204	90.92190624	1
0	61248	91.02157856	1
0	61251	91.02161952	1
0	61255	91.02166048	1
0	61259	91.02170144	1
0	61260	91.0217424	1
0	61261	91.02178336	1
0	61262	91.02182432	1
0	61263	91.02186528	1
0	61264	91.02190624	1
0	61308	91.12157856	1
0	61311	91.12161952	1
0	61315	91.12166048	1
0	61319	91.12170144	1
0	61320	91.1217424	1
0	61321	91.12178336	1
0	61322	91.12182432	1
0	61323	91.12186528	1
0	61324	91.12190624	1
0	61368	91.22157856	1
0	61371	91.22161952	1
0	61375	91.22166048	1
0	61379	91.22170144	1
0	61380	91.2217424	1
0	61381	91.22178336	1
0	61382	91.22182432	1
0	61383	91.22186528	1
0	61384	91.22190624	1
0	61428	91.32157856	1
0	61431	91.32161952	1
0	61435	91.32166048	1
0	61439	91.32170144	1
0	61440	91.3217424	1
0	61441	91.32178336	1
0	61442	91.32182432	1
0	61443	91.32186528	1
0	61444	91.32190624	1
0	61488	91.42157856	1
0	61491	91.42161952	1
0	61495	91.42166048	1
0	61499	91.42170144	1
0	61500	91.4217424	1
0	61501	91.42178336	1
0	61502	91.42182432	1
0	61503	91.42186528	1
0	61504	91.42190624	1
0	61548	91.52157856	1
0	61551	91.52161952	1
0	61555	91.52166048	1
0	61559	91.52170144	1
0	61560	91.5217424	1
0	61561	91.52178336	1
0	61562	91.52182432	1
0	61563	91.52186528	1
0	61564	91.52190624	1
0	61608	91.62157856	1
0	61611	91.62161952	1
0	61615	91.62166048	1
0	61619	91.62170144	1
0	61620	91.6217424	1
0	61621	91.62178336	1
0	61622	91.62182432	1
0	61623	91.62186528	1
0	61624	91.62190624	1
0	61668	91.72157856	1
0	61671	91.72161952	1
0	61675	91.72166048	1
0	61679	91.72170144	1
0	61680	91.7217424	1
0	61681	91.72178336	1
0	61682	91.72182432	1
0	61683	91.72186528	1
0	61684	91.72190624	1
0	61728	91.82157856	1
0	61731	91.82161952	1
0	61735	91.82166048	1
0	61739	91.82170144	1
0	61740	91.8217424	1
0	61741	91.82178336	1
0	61742	91.82182432	1
0	61743	91.82186528	1
0	61744	91.82190624	1
0	61788	91.92157856	1
0	61791	91.92161952	1
0	61795	91.92166048	1
0	61799	91.92170144	1
0	61800	91.9217424	1
0	61801	91.92178336	1
0	61802	91.92182432	1
0	61803	91.92186528	1
0	61804	91.92190624	1
0	61848	92.02157856	1
0	61851	92.02161952	1
0	61855	92.02166048	1
0	61859	92.02170144	1
0	61860	92.0217424	1
0	61861	92.02178336	1
0	61862	92.02182432	1
0	61863	92.02186528	1
0	61864	92.02190624	1
0	61908	92.12157856	1
0	61911	92.12161952	1
0	61915	92.12166048	1
0	61919	92.12170144	1
0	61920	92.1217424	1
0	61921	92.12178336	1
0	61922	92.12182432	1
0	61923	92.12186528	1
0	61924	92.12190624	1
0	61968	92.22157856	1
0	61971	92.22161952	1
0	61975	92.22166048	1
0	61979	92.22170144	1
0	61980	92.2217424	1
0	61981	92.22178336	1
0	61982	92.22182432	1
0	61983	92.22186528	1
0	61984	92.22190624	1
0	62028	92.32157856	1
0	62031	92.32161952	1
0	62035	92.32166048	1
0	62039	92.32170144	1
0	62040	92.3217424	1
0	62041	92.32178336	1
0	62042	92.32182432	1
0	62043	92.32186528	1
0	62044	92.32190624	1
0	62088	92.42157856	1
0	62091	92.42161952	1
0	62095	92.42166048	1
0	62099	92.42170144	1
0	62100	92.4217424	1
0	62101	92.42178336	1
0	62102	92.42182432	1
0	62103	92.42186528	1
0	62104	92.42190624	1
0	62148	92.52157856	1
0	62151	92.52161952	1
0	62155	92.52166048	1
0	62159	92.52170144	1
0	62160	92.5217424	1
0	62161	92.52178336	1
0	62162	92.52182432	1
0	62163	92.52186528	1
0	62164	92.52190624	1
0	62208	92.62157856	1
0	62211	92.62161952	1
0	62215	92.62166048	1
0	62219	92.62170144	1
0	62220	92.6217424	1
0	62221	92.62178336	1
0	62222	92.62182432	1
0	62223	92.62186528	1
0	62224	92.62190624	1
0	62268	92.72157856	1
0	62271	92.72161952	1
0	62275	92.72166048	1
0	62279	92.72170144	1
0	62280	92.7217424	1
0	62281	92.72178336	1
0	62282	92.72182432	1
0	62283	92.72186528	1
0	62284	92.72190624	1
0	62328	92.82157856	1
0	62331	92.82161952	1
0	62335	92.82166048	1
0	62339	92.82170144	1
0	62340	92.8217424	1
0	62341	92.82178336	1
0	62342	92.82182432	1
0	62343	92.82186528	1
0	62344	92.82190624	1
0	62388	92.92157856	1
0	62391	92.92161952	1
0	62395	92.92166048	1
0	62399	92.92170144	1
0	62400	92.9217424	1
0	62401	92.92178336	1
0	62402	92.92182432	1
0	62403	92.92186528	1
0	62404	92.92190624	1
0	62448	93.02157856	1
0	62451	93.02161952	1
0	62455	93.02166048	1
0	62459	93.02170144	1
0	62460	93.0217424	1
0	62461	93.02178336	1
0	62462	93.02182432	1
0	62463	93.02186528	1
0	62464	93.02190624	1
0	62508	93.12157856	1
0	62511	93.12161952	1
0	62515	93.12166048	1
0	62519	93.12170144	1
0	62520	93.1217424	1
0	62521	93.12178336	1
0	62522	93.12182432	1
0	62523	93.12186528	1
0	62524	93.12190624	1
0	62568	93.22157856	1
0	62571	93.22161952	1
0	62575	93.22166048	1
0	62579	93.22170144	1
0	62580	93.2217424	1
0	62581	93.22178336	1
0	62582	93.22182432	1
0	62583	93.22186528	1
0	62584	93.22190624	1
0	62628	93.32157856	1
0	62631	93.32161952	1
0	62635	93.32166048	1
0	62639	93.32170144	1
0	62640	93.3217424	1
0	62641	93.32178336	1
0	62642	93.32182432	1
0	62643	93.32186528	1
0	62644	93.32190624	1
0	62688	93.42157856	1
0	62691	93.42161952	1
0	62695	93.42166048	1
0	62699	93.42170144	1
0	62700	93.4217424	1
0	62701	93.42178336	1
0	62702	93.42182432	1
0	62703	93.42186528	1
0	62704	93.42190624	1
0	62748	93.52157856	1
0	62751	93.52161952	1
0	62755	93.52166048	1
0	62759	93.52170144	1
0	62760	93.5217424	1
0	62761	93.52178336	1
0	62762	93.52182432	1
0	62763	93.52186528	1
0	62764	93.52190624	1
0	62808	93.62157856	1
0	62811	93.62161952	1
0	62815	93.62166048	1
0	62819	93.62170144	1
0	62820	93.6217424	1
0	62821	93.62178336	1
0	62822	93.62182432	1
0	62823	93.62186528	1
0	62824	93.62190624	1
0	62868	93.72157856	1
0	62871	93.72161952	1
0	62875	93.72166048	1
0	62879	93.72170144	1
0	62880	93.7217424	1
0	62881	93.72178336	1
0	62882	93.72182432	1
0	62883	93.72186528	1
0	62884	93.72190624	1
0	62928	93.82157856	1
0	62931	93.82161952	1
0	62935	93.82166048	1
0	62939	93.82170144	1
0	62940	93.8217424	1
0	62941	93.82178336	1
0	62942	93.82182432	1
0	62943	93.82186528	1
0	62944	93.82190624	1
0	62988	93.92157856	1
0	62991	93.92161952	1
0	62995	93.92166048	1
0	62999	93.92170144	1
0	63000	93.9217424	1
0	63001	93.92178336	1
0	63002	93.92182432	1
0	63003	93.92186528	1
0	63004	93.92190624	1
0	63048	94.02157856	1
0	63051	94.02161952	1
0	63055	94.02166048	1
0	63059	94.02170144	1
0	63060	94.0217424	1
0	63061	94.02178336	1
0	63062	94.02182432	1
0	63063	94.02186528	1
0	63064	94.02190624	1
0	63108	94.12157856	1
0	63111	94.12161952	1
0	63115	94.12166048	1
0	63119	94.12170144	1
0	63120	94.1217424	1
0	63121	94.12178336	1
0	63122	94.12182432	1
0	63123	94.12186528	1
0	63124	94.12190624	1
0	63168	94.22157856	1
0	63171	94.22161952	1
0	63175	94.22166048	1
0	63179	94.22170144	1
0	63180	94.2217424	1
0	63181	94.22178336	1
0	63182	94.22182432	1
0	63183	94.22186528	1
0	63184	94.22190624	1
0	63228	94.32157856	1
0	63231	94.32161952	1
0	63235	94.32166048	1
0	63239	94.32170144	1
0	63240	94.3217424	1
0	63241	94.32178336	1
0	63242	94.32182432	1
0	63243	94.32186528	1
0	63244	94.32190624	1
0	63288	94.42157856	1
0	63291	94.42161952	1
0	63295	94.42166048	1
0	63299	94.42170144	1
0	63300	94.4217424	1
0	63301	94.42178336	1
0	63302	94.42182432	1
0	63303	94.42186528	1
0	63304	94.42190624	1
0	63348	94.52157856	1
0	63351	94.52161952	1
0	63355	94.52166048	1
0	63359	94.52170144	1
0	63360	94.5217424	1
0	63361	94.52178336	1
0	63362	94.52182432	1
0	63363	94.52186528	1
0	63364	94.52190624	1
0	63408	94.62157856	1
0	63411	94.62161952	1
0	63415	94.62166048	1
0	63419	94.62170144	1
0	63420	94.6217424	1
0	63421	94.62178336	1
0	63422	94.62182432	1
0	63423	94.62186528	1
0	63424	94.62190624	1
0	63468	94.72157856	1
0	63471	94.72161952	1
0	63475	94.72166048	1
0	63479	94.72170144	1
0	63480	94.7217424	1
0	63481	94.72178336	1
0	63482	94.72182432	1
0	63483	94.72186528	1
0	63484	94.72190624	1
0	63528	94.82157856	1
0	63531	94.82161952	1
0	63535	94.82166048	1
0	63539	94.82170144	1
0	63540	94.8217424	1
0	63541	94.82178336	1
0	63542	94.82182432	1
0	63543	94.82186528	1
0	63544	94.82190624	1
0	63588	94.92157856	1
0	63591	94.92161952	1
0	63595	94.92166048	1
0	63599	94.92170144	1
0	63600	94.9217424	1
0	63601	94.92178336	1
0	63602	94.92182432	1
0	63603	94.92186528	1
0	63604	94.92190624	1
0	63648	95.02157856	1
0	63651	95.02161952	1
0	63655	95.02166048	1
0	63659	95.02170144	1
0	63660	95.0217424	1
0	63661	95.02178336	1
0	63662	95.02182432	1
0	63663	95.02186528	1
0	63664	95.02190624	1
0	63708	95.12157856	1
0	63711	95.12161952	1
0	63715	95.12166048	1
0	63719	95.12170144	1
0	63720	95.1217424	1
0	63721	95.12178336	1
0	63722	95.12182432	1
0	63723	95.12186528	1
0	63724	95.12190624	1
0	63768	95.22157856	1
0	63771	95.22161952	1
0	63775	95.22166048	1
0	63779	95.22170144	1
0	63780	95.2217424	1
0	63781	95.22178336	1
0	63782	95.22182432	1
0	63783	95.22186528	1
0	63784	95.22190624	1
0	63828	95.32157856	1
0	63831	95.32161952	1
0	63835	95.32166048	1
0	63839	95.32170144	1
0	63840	95.3217424	1
0	63841	95.32178336	1
0	63842	95.32182432	1
0	63843	95.32186528	1
0	63844	95.32190624	1
0	63888	95.42157856	1
0	63891	95.42161952	1
0	63895	95.42166048	1
0	63899	95.42170144	1
0	63900	95.4217424	1
0	63901	95.42178336	1
0	63902	95.42182432	1
0	63903	95.42186528	1
0	63904	95.42190624	1
0	63948	95.52157856	1
0	63951	95.52161952	1
0	63955	95.52166048	1
0	63959	95.52170144	1
0	63960	95.5217424	1
0	63961	95.52178336	1
0	63962	95.52182432	1
0	63963	95.52186528	1
0	63964	95.52190624	1
0	64008	95.62157856	1
0	64011	95.62161952	1
0	64015	95.62166048	1
0	64019	95.62170144	1
0	64020	95.6217424	1
0	64021	95.62178336	1
0	64022	95.62182432	1
0	64023	95.62186528	1
0	64024	95.62190624	1
0	64068	95.72157856	1
0	64071	95.72161952	1
0	64075	95.72166048	1
0	64079	95.72170144	1
0	64080	95.7217424	1
0	64081	95.72178336	1
0	64082	95.72182432	1
0	64083	95.72186528	1
0	64084	95.72190624	1
0	64128	95.82157856	1
0	64131	95.82161952	1
0	64135	95.82166048	1
0	64139	95.82170144	1
0	64140	95.8217424	1
0	64141	95.82178336	1
0	64142	95.82182432	1
0	64143	95.82186528	1
0	64144	95.82190624	1
0	64188	95.92157856	1
0	64191	95.92161952	1
0	64195	95.92166048	1
0	64199	95.92170144	1
0	64200	95.9217424	1
0	64201	95.92178336	1
0	64202	95.92182432	1
0	64203	95.92186528	1
0	64204	95.92190624	1
0	64248	96.02157856	1
0	64251	96.02161952	1
0	64255	96.02166048	1
0	64259	96.02170144	1
0	64260	96.0217424	1
0	64261	96.02178336	1
0	64262	96.02182432	1
0	64263	96.02186528	1
0	64264	96.02190624	1
0	64308	96.12157856	1
0	64311	96.12161952	1
0	64315	96.12166048	1
0	64319	96.12170144	1
0	64320	96.1217424	1
0	64321	96.12178336	1
0	64322	96.12182432	1
0	64323	96.12186528	1
0	64324	96.12190624	1
0	64368	96.22157856	1
0	64371	96.22161952	1
0	64375	96.22166048	1
0	64379	96.22170144	1
0	64380	96.2217424	1
0	64381	96.22178336	1
0	64382	96.22182432	1
0	64383	96.22186528	1
0	64384	96.22190624	1
0	64428	96.32157856	1
0	64431	96.32161952	1
0	64435	96.32166048	1
0	64439	96.32170144	1
0	64440	96.3217424	1
0	64441	96.32178336	1
0	64442	96.32182432	1
0	64443	96.32186528	1
0	64444	96.32190624	1
0	64488	96.42157856	1
0	64491	96.42161952	1
0	64495	96.42166048	1
0	64499	96.42170144	1
0	64500	96.4217424	1
0	64501	96.42178336	1
0	64502	96.42182432	1
0	64503	96.42186528	1
0	64504	96.42190624	1
0	64548	96.52157856	1
0	64551	96.52161952	1
0	64555	96.52166048	1
0	64559	96.52170144	1
0	64560	96.5217424	1
0	64561	96.52178336	1
0	64562	96.52182432	1
0	64563	96.52186528	1
0	64564	96.52190624	1
0	64608	96.62157856	1
0	64611	96.62161952	1
0	64615	96.62166048	1
0	64619	96.62170144	1
0	64620	96.6217424	1
0	64621	96.62178336	1
0	64622	96.62182432	1
0	64623	96.62186528	1
0	64624	96.62190624	1
0	64668	96.72157856	1
0	64671	96.72161952	1
0	64675	96.72166048	1
0	64679	96.72170144	1
0	64680	96.7217424	1
0	64681	96.72178336	1
0	64682	96.72182432	1
0	64683	96.72186528	1
0	64684	96.72190624	1
0	64728	96.82157856	1
0	64731	96.82161952	1
0	64735	96.82166048	1
0	64739	96.82170144	1
0	64740	96.8217424	1
0	64741	96.82178336	1
0	64742	96.82182432	1
0	64743	96.82186528	1
0	64744	96.82190624	1
0	64788	96.92157856	1
0	64791	96.92161952	1
0	64795	96.92166048	1
0	64799	96.92170144	1
0	64800	96.9217424	1
0	64801	96.92178336	1
0	64802	96.92182432	1
0	64803	96.92186528	1
0	64804	96.92190624	1
0	64848	97.02157856	1
0	64851	97.02161952	1
0	64855	97.02166048	1
0	64859	97.02170144	1
0	64860	97.0217424	1
0	64861	97.02178336	1
0	64862	97.02182432	1
0	64863	97.02186528	1
0	64864	97.02190624	1
0	64908	97.12157856	1
0	64911	97.12161952	1
0	64915	97.12166048	1
0	64919	97.12170144	1
0	64920	97.1217424	1
0	64921	97.12178336	1
0	64922	97.12182432	1
0	64923	97.12186528	1
0	64924	97.12190624	1
0	64968	97.22157856	1
0	64971	97.22161952	1
0	64975	97.22166048	1
0	64979	97.22170144	1
0	64980	97.2217424	1
0	64981	97.22178336	1
0	64982	97.22182432	1
0	64983	97.22186528	1
0	64984	97.22190624	1
0	65028	97.32157856	1
0	65031	97.32161952	1
0	65035	97.32166048	1
0	65039	97.32170144	1
0	65040	97.3217424	1
0	65041	97.32178336	1
0	65042	97.32182432	1
0	65043	97.32186528	1
0	65044	97.32190624	1
0	65088	97.42157856	1
0	65091	97.42161952	1
0	65095	97.42166048	1
0	65099	97.42170144	1
0	65100	97.4217424	1
0	65101	97.42178336	1
0	65102	97.42182432	1
0	65103	97.42186528	1
0	65104	97.42190624	1
0	65148	97.52157856	1
0	65151	97.52161952	1
0	65155	97.52166048	1
0	65159	97.52170144	1
0	65160	97.5217424	1
0	65161	97.52178336	1
0	65162	97.52182432	1
0	65163	97.52186528	1
0	65164	97.52190624	1
0	65208	97.62157856	1
0	65211	97.62161952	1
0	65215	97.62166048	1
0	65219	97.62170144	1
0	65220	97.6217424	1
0	65221	97.62178336	1
0	65222	97.62182432	1
0	65223	97.62186528	1
0	65224	97.62190624	1
0	65268	97.72157856	1
0	65271	97.72161952	1
0	65275	97.72166048	1
0	65279	97.72170144	1
0	65280	97.7217424	1
0	65281	97.72178336	1
0	65282	97.72182432	1
0	65283	97.72186528	1
0	65284	97.72190624	1
0	65328	97.82157856	1
0	65331	97.82161952	1
0	65335	97.82166048	1
0	65339	97.82170144	1
0	65340	97.8217424	1
0	65341	97.82178336	1
0	65342	97.82182432	1
0	65343	97.82186528	1
0	65344	97.82190624	1
0	65388	97.92157856	1
0	65391	97.92161952	1
0	65395	97.92166048	1
0	65399	97.92170144	1
0	65400	97.9217424	1
0	65401	97.92178336	1
0	65402	97.92182432	1
0	65403	97.92186528	1
0	65404	97.92190624	1
0	65448	98.02157856	1
0	65451	98.02161952	1
0	65455	98.02166048	1
0	65459	98.02170144	1
0	65460	98.0217424	1
0	65461	98.02178336	1
0	65462	98.02182432	1
0	65463	98.02186528	1
0	65464	98.02190624	1
0	65508	98.12157856	1
0	65511	98.12161952	1
0	65515	98.12166048	1
0	65519	98.12170144	1
0	65520	98.1217424	1
0	65521	98.12178336	1
0	65522	98.12182432	1
0	65523	98.12186528	1
0	65524	98.12190624	1
0	65568	98.22157856	1
0	65571	98.22161952	1
0	65575	98.22166048	1
0	65579	98.22170144	1
0	65580	98.2217424	1
0	65581	98.22178336	1
0	65582	98.22182432	1
0	65583	98.22186528	1
0	65584	98.22190624	1
0	65628	98.32157856	1
0	65631	98.32161952	1
0	65635	98.32166048	1
0	65639	98.32170144	1
0	65640	98.3217424	1
0	65641	98.32178336	1
0	65642	98.32182432	1
0	65643	98.32186528	1
0	65644	98.32190624	1
0	65688	98.42157856	1
0	65691	98.42161952	1
0	65695	98.42166048	1
0	65699	98.42170144	1
0	65700	98.4217424	1
0	65701	98.42178336	1
0	65702	98.42182432	1
0	65703	98.42186528	1
0	65704	98.42190624	1
0	65748	98.52157856	1
0	65751	98.52161952	1
0	65755	98.52166048	1
0	65759	98.52170144	1
0	65760	98.5217424	1
0	65761	98.52178336	1
0	65762	98.52182432	1
0	65763	98.52186528	1
0	65764	98.52190624	1
0	65808	98.62157856	1
0	65811	98.62161952	1
0	65815	98.62166048	1
0	65819	98.62170144	1
0	65820	98.6217424	1
0	65821	98.62178336	1
0	65822	98.62182432	1
0	65823	98.62186528	1
0	65824	98.62190624	1
0	65868	98.72157856	1
0	65871	98.72161952	1
0	65875	98.72166048	1
0	65879	98.72170144	1
0	65880	98.7217424	1
0	65881	98.72178336	1
0	65882	98.72182432	1
0	65883	98.72186528	1
0	65884	98.72190624	1
0	65928	98.82157856	1
0	65931	98.82161952	1
0	65935	98.82166048	1
0	65939	98.82170144	1
0	65940	98.8217424	1
0	65941	98.82178336	1
0	65942	98.82182432	1
0	65943	98.82186528	1
0	65944	98.82190624	1
0	65988	98.92157856	1
0	65991	98.92161952	1
0	65995	98.92166048	1
0	65999	98.92170144	1
0	66000	98.9217424	1
0	66001	98.92178336	1
0	66002	98.92182432	1
0	66003	98.92186528	1
0	66004	98.92190624	1
0	66048	99.02157856	1
0	66051	99.02161952	1
0	66055	99.02166048	1
0	66059	99.02170144	1
0	66060	99.0217424	1
0	66061	99.02178336	1
0	66062	99.02182432	1
0	66063	99.02186528	1
0	66064	99.02190624	1
0	66108	99.12157856	1
0	66111	99.12161952	1
0	66115	99.12166048	1
0	66119	99.12170144	1
0	66120	99.1217424	1
0	66121	99.12178336	1
0	66122	99.12182432	1
0	66123	99.12186528	1
0	66124	99.12190624	1
0	66168	99.22157856	1
0	66171	99.22161952	1
0	66175	99.22166048	1
0	66179	99.22170144	1
0	66180	99.2217424	1
0	66181	99.22178336	1
0	66182	99.22182432	1
0	66183	99.22186528	1
0	66184	99.22190624	1
0	66228	99.32157856	1
0	66231	99.32161952	1
0	66235	99.32166048	1
0	66239	99.32170144	1
0	66240	99.3217424	1
0	66241	99.32178336	1
0	66242	99.32182432	1
0	66243	99.32186528	1
0	66244	99.32190624	1
0	66288	99.42157856	1
0	66291	99.42161952	1
0	66295	99.42166048	1
0	66299	99.42170144	1
0	66300	99.4217424	1
0	66301	99.42178336	1
0	66302	99.42182432	1
0	66303	99.42186528	1
0	66304	99.42190624	1
0	66348	99.52157856	1
0	66351	99.52161952	1
0	66355	99.52166048	1
0	66359	99.52170144	1
0	66360	99.5217424	1
0	66361	99.52178336	1
0	66362	99.52182432	1
0	66363	99.52186528	1
0	66364	99.52190624	1
0	66408	99.62157856	1
0	66411	99.62161952	1
0	66415	99.62166048	1
0	66419	99.62170144	1
0	66420	99.6217424	1
0	66421	99.62178336	1
0	66422	99.62182432	1
0	66423	99.62186528	1
0	66424	99.62190624	1
0	66468	99.72157856	1
0	66471	99.72161952	1
0	66475	99.72166048	1
0	66479	99.72170144	1
0	66480	99.7217424	1
0	66481	99.72178336	1
0	66482	99.72182432	1
0	66483	99.72186528	1
0	66484	99.72190624	1
0	66528	99.82157856	1
0	66531	99.82161952	1
0	66535	99.82166048	1
0	66539	99.82170144	1
0	66540	99.8217424	1
0	66541	99.82178336	1
0	66542	99.82182432	1
0	66543	99.82186528	1
0	66544	99.82190624	1
0	66588	99.92157856	1
0	66591	99.92161952	1
0	66595	99.92166048	1
0	66599	99.92170144	1
0	66600	99.9217424	1
0	66601	99.92178336	1
0	66602	99.92182432	1
0	66603	99.92186528	1
0	66604	99.92190624	1
0	66648	100.02157856	1
0	66651	100.02161952	1
0	66655	100.02166048	1
0	66659	100.02170144	1
0	66660	100.0217424	1
0	66661	100.02178336	1
0	66662	100.02182432	1
0	66663	100.02186528	1
0	66664	100.02190624	1
0	66708	100.12157856	1
0	66711	100.12161952	1
0	66715	100.12166048	1
0	66719	100.12170144	1
0	66720	100.1217424	1
0	66721	100.12178336	1
0	66722	100.12182432	1
0	66723	100.12186528	1
0	66724	100.12190624	1
0	66768	100.22157856	1
0	66771	100.22161952	1
0	66775	100.22166048	1
0	66779	100.22170144	1
0	66780	100.2217424	1
0	66781	100.22178336	1
0	66782	100.22182432	1
0	66783	100.22186528	1
0	66784	100.22190624	1
0	66828	100.32157856	1
0	66831	100.32161952	1
0	66835	100.32166048	1
0	66839	100.32170144	1
0	66840	100.3217424	1
0	66841	100.32178336	1
0	66842	100.32182432	1
0	66843	100.32186528	1
0	66844	100.32190624	1
0	66888	100.42157856	1
0	66891	100.42161952	1
0	66895	100.42166048	1
0	66899	100.42170144	1
0	66900	100.4217424	1
0	66901	100.42178336	1
0	66902	100.42182432	1
0	66903	100.42186528	1
0	66904	100.42190624	1
0	66948	100.52157856	1
0	66951	100.52161952	1
0	66955	100.52166048	1
0	66959	100.52170144	1
0	66960	100.5217424	1
0	66961	100.52178336	1
0	66962	100.52182432	1
0	66963	100.52186528	1
0	66964	100.52190624	1
0	67008	100.62157856	1
0	67011	100.62161952	1
0	67015	100.62166048	1
0	67019	100.62170144	1
0	67020	100.6217424	1
0	67021	100.62178336	1
0	67022	100.62182432	1
0	67023	100.62186528	1
0	67024	100.62190624	1
0	67068	100.72157856	1
0	67071	100.72161952	1
0	67075	100.72166048	1
0	67079	100.72170144	1
0	67080	100.7217424	1
0	67081	100.72178336	1
0	67082	100.72182432	1
0	67083	100.72186528	1
0	67084	100.72190624	1
0	67128	100.82157856	1
0	67131	100.82161952	1
0	67135	100.82166048	1
0	67139	100.82170144	1
0	67140	100.8217424	1
0	67141	100.82178336	1
0	67142	100.82182432	1
0	67143	100.82186528	1
0	67144	100.82190624	1
0	67188	100.92157856	1
0	67191	100.92161952	1
0	67195	100.92166048	1
0	67199	100.92170144	1
0	67200	100.9217424	1
0	67201	100.92178336	1
0	67202	100.92182432	1
0	67203	100.92186528	1
0	67204	100.92190624	1
0	67248	101.02157856	1
0	67251	101.02161952	1
0	67255	101.02166048	1
0	67259	101.02170144	1
0	67260	101.0217424	1
0	67261	101.02178336	1
0	67262	101.02182432	1
0	67263	101.02186528	1
0	67264	101.02190624	1
0	67308	101.12157856	1
0	67311	101.12161952	1
0	67315	101.12166048	1
0	67319	101.12170144	1
0	67320	101.1217424	1
0	67321	101.12178336	1
0	67322	101.12182432	1
0	67323	101.12186528	1
0	67324	101.12190624	1
0	67368	101.22157856	1
0	67371	101.22161952	1
0	67375	101.22166048	1
0	67379	101.22170144	1
0	67380	101.2217424	1
0	67381	101.22178336	1
0	67382	101.22182432	1
0	67383	101.22186528	1
0	67384	101.22190624	1
0	67428	101.32157856	1
0	67431	101.32161952	1
0	67435	101.32166048	1
0	67439	101.32170144	1
0	67440	101.3217424	1
0	67441	101.32178336	1
0	67442	101.32182432	1
0	67443	101.32186528	1
0	67444	101.32190624	1
0	67488	101.42157856	1
0	67491	101.42161952	1
0	67495	101.42166048	1
0	67499	101.42170144	1
0	67500	101.4217424	1
0	67501	101.42178336	1
0	67502	101.42182432	1
0	67503	101.42186528	1
0	67504	101.42190624	1
0	67548	101.52157856	1
0	67551	101.52161952	1
0	67555	101.52166048	1
0	67559	101.52170144	1
0	67560	101.5217424	1
0	67561	101.52178336	1
0	67562	101.52182432	1
0	67563	101.52186528	1
0	67564	101.52190624	1
0	67608	101.62157856	1
0	67611	101.62161952	1
0	67615	101.62166048	1
0	67619	101.62170144	1
0	67620	101.6217424	1
0	67621	101.62178336	1
0	67622	101.62182432	1
0	67623	101.62186528	1
0	67624	101.62190624	1
0	67668	101.72157856	1
0	67671	101.72161952	1
0	67675	101.72166048	1
0	67679	101.72170144	1
0	67680	101.7217424	1
0	67681	101.72178336	1
0	67682	101.72182432	1
0	67683	101.72186528	1
0	67684	101.72190624	1
0	67728	101.82157856	1
0	67731	101.82161952	1
0	67735	101.82166048	1
0	67739	101.82170144	1
0	67740	101.8217424	1
0	67741	101.82178336	1
0	67742	101.82182432	1
0	67743	101.82186528	1
0	67744	101.82190624	1
0	67788	101.92157856	1
0	67791	101.92161952	1
0	67795	101.92166048	1
0	67799	101.92170144	1
0	67800	101.9217424	1
0	67801	101.92178336	1
0	67802	101.92182432	1
0	67803	101.92186528	1
0	67804	101.92190624	1
0	67848	102.02157856	1
0	67851	102.02161952	1
0	67855	102.02166048	1
0	67859	102.02170144	1
0	67860	102.0217424	1
0	67861	102.02178336	1
0	67862	102.02182432	1
0	67863	102.02186528	1
0	67864	102.02190624	1
0	67908	102.12157856	1
0	67911	102.12161952	1
0	67915	102.12166048	1
0	67919	102.12170144	1
0	67920	102.1217424	1
0	67921	102.12178336	1
0	67922	102.12182432	1
0	67923	102.12186528	1
0	67924	102.12190624	1
0	67968	102.22157856	1
0	67971	102.22161952	1
0	67975	102.22166048	1
0	67979	102.22170144	1
0	67980	102.2217424	1
0	67981	102.22178336	1
0	67982	102.22182432	1
0	67983	102.22186528	1
0	67984	102.22190624	1
0	68028	102.32157856	1
0	68031	102.32161952	1
0	68035	102.32166048	1
0	68039	102.32170144	1
0	68040	102.3217424	1
0	68041	102.32178336	1
0	68042	102.32182432	1
0	68043	102.32186528	1
0	68044	102.32190624	1
0	68088	102.42157856	1
0	68091	102.42161952	1
0	68095	102.42166048	1
0	68099	102.42170144	1
0	68100	102.4217424	1
0	68101	102.42178336	1
0	68102	102.42182432	1
0	68103	102.42186528	1
0	68104	102.42190624	1
0	68148	102.52157856	1
0	68151	102.52161952	1
0	68155	102.52166048	1
0	68159	102.52170144	1
0	68160	102.5217424	1
0	68161	102.52178336	1
0	68162	102.52182432	1
0	68163	102.52186528	1
0	68164	102.52190624	1
0	68208	102.62157856	1
0	68211	102.62161952	1
0	68215	102.62166048	1
0	68219	102.62170144	1
0	68220	102.6217424	1
0	68221	102.62178336	1
0	68222	102.62182432	1
0	68223	102.62186528	1
0	68224	102.62190624	1
0	68268	102.72157856	1
0	68271	102.72161952	1
0	68275	102.72166048	1
0	68279	102.72170144	1
0	68280	102.7217424	1
0	68281	102.72178336	1
0	68282	102.72182432	1
0	68283	102.72186528	1
0	68284	102.72190624	1
0	68328	102.82157856	1
0	68331	102.82161952	1
0	68335	102.82166048	1
0	68339	102.82170144	1
0	68340	102.8217424	1
0	68341	102.82178336	1
0	68342	102.82182432	1
0	68343	102.82186528	1
0	68344	102.82190624	1
0	68388	102.92157856	1
0	68391	102.92161952	1
0	68395	102.92166048	1
0	68399	102.92170144	1
0	68400	102.9217424	1
0	68401	102.92178336	1
0	68402	102.92182432	1
0	68403	102.92186528	1
0	68404	102.92190624	1
0	68448	103.02157856	1
0	68451	103.02161952	1
0	68455	103.02166048	1
0	68459	103.02170144	1
0	68460	103.0217424	1
0	68461	103.02178336	1
0	68462	103.02182432	1
0	68463	103.02186528	1
0	68464	103.02190624	1
0	68508	103.12157856	1
0	68511	103.12161952	1
0	68515	103.12166048	1
0	68519	103.12170144	1
0	68520	103.1217424	1
0	68521	103.12178336	1
0	68522	103.12182432	1
0	68523	103.12186528	1
0	68524	103.12190624	1
0	68568	103.22157856	1
0	68571	103.22161952	1
0	68575	103.22166048	1
0	68579	103.22170144	1
0	68580	103.2217424	1
0	68581	103.22178336	1
0	68582	103.22182432	1
0	68583	103.22186528	1
0	68584	103.22190624	1
0	68628	103.32157856	1
0	68631	103.32161952	1
0	68635	103.32166048	1
0	68639	103.32170144	1
0	68640	103.3217424	1
0	68641	103.32178336	1
0	68642	103.32182432	1
0	68643	103.32186528	1
0	68644	103.32190624	1
0	68688	103.42157856	1
0	68691	103.42161952	1
0	68695	103.42166048	1
0	68699	103.42170144	1
0	68700	103.4217424	1
0	68701	103.42178336	1
0	68702	103.42182432	1
0	68703	103.42186528	1
0	68704	103.42190624	1
0	68748	103.52157856	1
0	68751	103.52161952	1
0	68755	103.52166048	1
0	68759	103.52170144	1
0	68760	103.5217424	1
0	68761	103.52178336	1
0	68762	103.52182432	1
0	68763	103.52186528	1
0	68764	103.52190624	1
0	68808	103.62157856	1
0	68811	103.62161952	1
0	68815	103.62166048	1
0	68819	103.62170144	1
0	68820	103.6217424	1
0	68821	103.62178336	1
0	68822	103.62182432	1
0	68823	103.62186528	1
0	68824	103.62190624	1
0	68868	103.72157856	1
0	68871	103.72161952	1
0	68875	103.72166048	1
0	68879	103.72170144	1
0	68880	103.7217424	1
0	68881	103.72178336	1
0	68882	103.72182432	1
0	68883	103.72186528	1
0	68884	103.72190624	1
0	68928	103.82157856	1
0	68931	103.82161952	1
0	68935	103.82166048	1
0	68939	103.82170144	1
0	68940	103.8217424	1
0	68941	103.82178336	1
0	68942	103.82182432	1
0	68943	103.82186528	1
0	68944	103.82190624	1
0	68988	103.92157856	1
0	68991	103.92161952	1
0	68995	103.92166048	1
0	68999	103.92170144	1
0	69000	103.9217424	1
0	69001	103.92178336	1
0	69002	103.92182432	1
0	69003	103.92186528	1
0	69004	103.92190624	1
0	69048	104.02157856	1
0	69051	104.02161952	1
0	69055	104.02166048	1
0	69059	104.02170144	1
0	69060	104.0217424	1
0	69061	104.02178336	1
0	69062	104.02182432	1
0	69063	104.02186528	1
0	69064	104.02190624	1
0	69108	104.12157856	1
0	69111	104.12161952	1
0	69115	104.12166048	1
0	69119	104.12170144	1
0	69120	104.1217424	1
0	69121	104.12178336	1
0	69122	104.12182432	1
0	69123	104.12186528	1
0	69124	104.12190624	1
0	69168	104.22157856	1
0	69171	104.22161952	1
0	69175	104.22166048	1
0	69179	104.22170144	1
0	69180	104.2217424	1
0	69181	104.22178336	1
0	69182	104.22182432	1
0	69183	104.22186528	1
0	69184	104.22190624	1
0	69228	104.32157856	1
0	69231	104.32161952	1
0	69235	104.32166048	1
0	69239	104.32170144	1
0	69240	104.3217424	1
0	69241	104.32178336	1
0	69242	104.32182432	1
0	69243	104.32186528	1
0	69244	104.32190624	1
0	69288	104.42157856	1
0	69291	104.42161952	1
0	69295	104.42166048	1
0	69299	104.42170144	1
0	69300	104.4217424	1
0	69301	104.42178336	1
0	69302	104.42182432	1
0	69303	104.42186528	1
0	69304	104.42190624	1
0	69348	104.52157856	1
0	69351	104.52161952	1
0	69355	104.52166048	1
0	69359	104.52170144	1
0	69360	104.5217424	1
0	69361	104.52178336	1
0	69362	104.52182432	1
0	69363	104.52186528	1
0	69364	104.52190624	1
0	69408	104.62157856	1
0	69411	104.62161952	1
0	69415	104.62166048	1
0	69419	104.62170144	1
0	69420	104.6217424	1
0	69421	104.62178336	1
0	69422	104.62182432	1
0	69423	104.62186528	1
0	69424	104.62190624	1
0	69468	104.72157856	1
0	69471	104.72161952	1
0	69475	104.72166048	1
0	69479	104.72170144	1
0	69480	104.7217424	1
0	69481	104.72178336	1
0	69482	104.72182432	1
0	69483	104.72186528	1
0	69484	104.72190624	1
0	69528	104.82157856	1
0	69531	104.82161952	1
0	69535	104.82166048	1
0	69539	104.82170144	1
0	69540	104.8217424	1
0	69541	104.82178336	1
0	69542	104.82182432	1
0	69543	104.82186528	1
0	69544	104.82190624	1
0	69588	104.92157856	1
0	69591	104.92161952	1
0	69595	104.92166048	1
0	69599	104.92170144	1
0	69600	104.9217424	1
0	69601	104.92178336	1
0	69602	104.92182432	1
0	69603	104.92186528	1
0	69604	104.92190624	1
0	69648	105.02157856	1
0	69651	105.02161952	1
0	69655	105.02166048	1
0	69659	105.02170144	1
0	69660	105.0217424	1
0	69661	105.02178336	1
0	69662	105.02182432	1
0	69663	105.02186528	1
0	69664	105.02190624	1
0	69708	105.12157856	1
0	69711	105.12161952	1
0	69715	105.12166048	1
0	69719	105.12170144	1
0	69720	105.1217424	1
0	69721	105.12178336	1
0	69722	105.12182432	1
0	69723	105.12186528	1
0	69724	105.12190624	1
0	69768	105.22157856	1
0	69771	105.22161952	1
0	69775	105.22166048	1
0	69779	105.22170144	1
0	69780	105.2217424	1
0	69781	105.22178336	1
0	69782	105.22182432	1
0	69783	105.22186528	1
0	69784	105.22190624	1
0	69828	105.32157856	1
0	69831	105.32161952	1
0	69835	105.32166048	1
0	69839	105.32170144	1
0	69840	105.3217424	1
0	69841	105.32178336	1
0	69842	105.32182432	1
0	69843	105.32186528	1
0	69844	105.32190624	1
0	69888	105.42157856	1
0	69891	105.42161952	1
0	69895	105.42166048	1
0	69899	105.42170144	1
0	69900	105.4217424	1
0	69901	105.42178336	1
0	69902	105.42182432	1
0	69903	105.42186528	1
0	69904	105.42190624	1
0	69948	105.52157856	1
0	69951	105.52161952	1
0	69955	105.52166048	1
0	69959	105.52170144	1
0	69960	105.5217424	1
0	69961	105.52178336	1
0	69962	105.52182432	1
0	69963	105.52186528	1
0	69964	105.52190624	1
0	70008	105.62157856	1
0	70011	105.62161952	1
0	70015	105.62166048	1
0	70019	105.62170144	1
0	70020	105.6217424	1
0	70021	105.62178336	1
0	70022	105.62182432	1
0	70023	105.62186528	1
0	70024	105.62190624	1
0	70068	105.72157856	1
0	70071	105.72161952	1
0	70075	105.72166048	1
0	70079	105.72170144	1
0	70080	105.7217424	1
0	70081	105.72178336	1
0	70082	105.72182432	1
0	70083	105.72186528	1
0	70084	105.72190624	1
0	70128	105.82157856	1
0	70131	105.82161952	1
0	70135	105.82166048	1
0	70139	105.82170144	1
0	70140	105.8217424	1
0	70141	105.82178336	1
0	70142	105.82182432	1
0	70143	105.82186528	1
0	70144	105.82190624	1
0	70188	105.92157856	1
0	70191	105.92161952	1
0	70195	105.92166048	1
0	70199	105.92170144	1
0	70200	105.9217424	1
0	70201	105.92178336	1
0	70202	105.92182432	1
0	70203	105.92186528	1
0	70204	105.92190624	1
0	70248	106.02157856	1
0	70251	106.02161952	1
0	70255	106.02166048	1
0	70259	106.02170144	1
0	70260	106.0217424	1
0	70261	106.02178336	1
0	70262	106.02182432	1
0	70263	106.02186528	1
0	70264	106.02190624	1
0	70308	106.12157856	1
0	70311	106.12161952	1
0	70315	106.12166048	1
0	70319	106.12170144	1
0	70320	106.1217424	1
0	70321	106.12178336	1
0	70322	106.12182432	1
0	70323	106.12186528	1
0	70324	106.12190624	1
0	70368	106.22157856	1
0	70371	106.22161952	1
0	70375	106.22166048	1
0	70379	106.22170144	1
0	70380	106.2217424	1
0	70381	106.22178336	1
0	70382	106.22182432	1
0	70383	106.22186528	1
0	70384	106.22190624	1
0	70428	106.32157856	1
0	70431	106.32161952	1
0	70435	106.32166048	1
0	70439	106.32170144	1
0	70440	106.3217424	1
0	70441	106.32178336	1
0	70442	106.32182432	1
0	70443	106.32186528	1
0	70444	106.32190624	1
0	70488	106.42157856	1
0	70491	106.42161952	1
0	70495	106.42166048	1
0	70499	106.42170144	1
0	70500	106.4217424	1
0	70501	106.42178336	1
0	70502	106.42182432	1
0	70503	106.42186528	1
0	70504	106.42190624	1
0	70548	106.52157856	1
0	70551	106.52161952	1
0	70555	106.52166048	1
0	70559	106.52170144	1
0	70560	106.5217424	1
0	70561	106.52178336	1
0	70562	106.52182432	1
0	70563	106.52186528	1
0	70564	106.52190624	1
0	70608	106.62157856	1
0	70611	106.62161952	1
0	70615	106.62166048	1
0	70619	106.62170144	1
0	70620	106.6217424	1
0	70621	106.62178336	1
0	70622	106.62182432	1
0	70623	106.62186528	1
0	70624	106.62190624	1
0	70668	106.72157856	1
0	70671	106.72161952	1
0	70675	106.72166048	1
0	70679	106.72170144	1
0	70680	106.7217424	1
0	70681	106.72178336	1
0	70682	106.72182432	1
0	70683	106.72186528	1
0	70684	106.72190624	1
0	70728	106.82157856	1
0	70731	106.82161952	1
0	70735	106.82166048	1
0	70739	106.82170144	1
0	70740	106.8217424	1
0	70741	106.82178336	1
0	70742	106.82182432	1
0	70743	106.82186528	1
0	70744	106.82190624	1
0	70788	106.92157856	1
0	70791	106.92161952	1
0	70795	106.92166048	1
0	70799	106.92170144	1
0	70800	106.9217424	1
0	70801	106.92178336	1
0	70802	106.92182432	1
0	70803	106.92186528	1
0	70804	106.92190624	1
0	70848	107.02157856	1
0	70851	107.02161952	1
0	70855	107.02166048	1
0	70859	107.02170144	1
0	70860	107.0217424	1
0	70861	107.02178336	1
0	70862	107.02182432	1
0	70863	107.02186528	1
0	70864	107.02190624	1
0	70908	107.12157856	1
0	70911	107.12161952	1
0	70915	107.12166048	1
0	70919	107.12170144	1
0	70920	107.1217424	1
0	70921	107.12178336	1
0	70922	107.12182432	1
0	70923	107.12186528	1
0	70924	107.12190624	1
0	70968	107.22157856	1
0	70971	107.22161952	1
0	70975	107.22166048	1
0	70979	107.22170144	1
0	70980	107.2217424	1
0	70981	107.22178336	1
0	70982	107.22182432	1
0	70983	107.22186528	1
0	70984	107.22190624	1
0	71028	107.32157856	1
0	71031	107.32161952	1
0	71035	107.32166048	1
0	71039	107.32170144	1
0	71040	107.3217424	1
0	71041	107.32178336	1
0	71042	107.32182432	1
0	71043	107.32186528	1
0	71044	107.32190624	1
0	71088	107.42157856	1
0	71091	107.42161952	1
0	71095	107.42166048	1
0	71099	107.42170144	1
0	71100	107.4217424	1
0	71101	107.42178336	1
0	71102	107.42182432	1
0	71103	107.42186528	1
0	71104	107.42190624	1
0	71148	107.52157856	1
0	71151	107.52161952	1
0	71155	107.52166048	1
0	71159	107.52170144	1
0	71160	107.5217424	1
0	71161	107.52178336	1
0	71162	107.52182432	1
0	71163	107.52186528	1
0	71164	107.52190624	1
0	71208	107.62157856	1
0	71211	107.62161952	1
0	71215	107.62166048	1
0	71219	107.62170144	1
0	71220	107.6217424	1
0	71221	107.62178336	1
0	71222	107.62182432	1
0	71223	107.62186528	1
0	71224	107.62190624	1
0	71268	107.72157856	1
0	71271	107.72161952	1
0	71275	107.72166048	1
0	71279	107.72170144	1
0	71280	107.7217424	1
0	71281	107.72178336	1
0	71282	107.72182432	1
0	71283	107.72186528	1
0	71284	107.72190624	1
0	71328	107.82157856	1
0	71331	107.82161952	1
0	71335	107.82166048	1
0	71339	107.82170144	1
0	71340	107.8217424	1
0	71341	107.82178336	1
0	71342	107.82182432	1
0	71343	107.82186528	1
0	71344	107.82190624	1
0	71388	107.92157856	1
0	71391	107.92161952	1
0	71395	107.92166048	1
0	71399	107.92170144	1
0	71400	107.9217424	1
0	71401	107.92178336	1
0	71402	107.92182432	1
0	71403	107.92186528	1
0	71404	107.92190624	1
0	71448	108.02157856	1
0	71451	108.02161952	1
0	71455	108.02166048	1
0	71459	108.02170144	1
0	71460	108.0217424	1
0	71461	108.02178336	1
0	71462	108.02182432	1
0	71463	108.02186528	1
0	71464	108.02190624	1
0	71508	108.12157856	1
0	71511	108.12161952	1
0	71515	108.12166048	1
0	71519	108.12170144	1
0	71520	108.1217424	1
0	71521	108.12178336	1
0	71522	108.12182432	1
0	71523	108.12186528	1
0	71524	108.12190624	1
0	71568	108.22157856	1
0	71571	108.22161952	1
0	71575	108.22166048	1
0	71579	108.22170144	1
0	71580	108.2217424	1
0	71581	108.22178336	1
0	71582	108.22182432	1
0	71583	108.22186528	1
0	71584	108.22190624	1
0	71628	108.32157856	1
0	71631	108.32161952	1
0	71635	108.32166048	1
0	71639	108.32170144	1
0	71640	108.3217424	1
0	71641	108.32178336	1
0	71642	108.32182432	1
0	71643	108.32186528	1
0	71644	108.32190624	1
0	71688	108.42157856	1
0	71691	108.42161952	1
0	71695	108.42166048	1
0	71699	108.42170144	1
0	71700	108.4217424	1
0	71701	108.42178336	1
0	71702	108.42182432	1
0	71703	108.42186528	1
0	71704	108.42190624	1
0	71748	108.52157856	1
0	71751	108.52161952	1
0	71755	108.52166048	1
0	71759	108.52170144	1
0	71760	108.5217424	1
0	71761	108.52178336	1
0	71762	108.52182432	1
0	71763	108.52186528	1
0	71764	108.52190624	1
0	71808	108.62157856	1
0	71811	108.62161952	1
0	71815	108.62166048	1
0	71819	108.62170144	1
0	71820	108.6217424	1
0	71821	108.62178336	1
0	71822	108.62182432	1
0	71823	108.62186528	1
0	71824	108.62190624	1
0	71868	108.72157856	1
0	71871	108.72161952	1
0	71875	108.72166048	1
0	71879	108.72170144	1
0	71880	108.7217424	1
0	71881	108.72178336	1
0	71882	108.72182432	1
0	71883	108.72186528	1
0	71884	108.72190624	1
0	71928	108.82157856	1
0	71931	108.82161952	1
0	71935	108.82166048	1
0	71939	108.82170144	1
0	71940	108.8217424	1
0	71941	108.82178336	1
0	71942	108.82182432	1
0	71943	108.82186528	1
0	71944	108.82190624	1
0	71988	108.92157856	1
0	71991	108.92161952	1
0	71995	108.92166048	1
0	71999	108.92170144	1
0	72000	108.9217424	1
0	72001	108.92178336	1
0	72002	108.92182432	1
0	72003	108.92186528	1
0	72004	108.92190624	1
0	72048	109.02157856	1
0	72051	109.02161952	1
0	72055	109.02166048	1
0	72059	109.02170144	1
0	72060	109.0217424	1
0	72061	109.02178336	1
0	72062	109.02182432	1
0	72063	109.02186528	1
0	72064	109.02190624	1
0	72108	109.12157856	1
0	72111	109.12161952	1
0	72115	109.12166048	1
0	72119	109.12170144	1
0	72120	109.1217424	1
0	72121	109.12178336	1
0	72122	109.12182432	1
0	72123	109.12186528	1
0	72124	109.12190624	1
0	72168	109.22157856	1
0	72171	109.22161952	1
0	72175	109.22166048	1
0	72179	109.22170144	1
0	72180	109.2217424	1
0	72181	109.22178336	1
0	72182	109.22182432	1
0	72183	109.22186528	1
0	72184	109.22190624	1
0	72228	109.32157856	1
0	72231	109.32161952	1
0	72235	109.32166048	1
0	72239	109.32170144	1
0	72240	109.3217424	1
0	72241	109.32178336	1
0	72242	109.32182432	1
0	72243	109.32186528	1
0	72244	109.32190624	1
0	72288	109.42157856	1
0	72291	109.42161952	1
0	72295	109.42166048	1
0	72299	109.42170144	1
0	72300	109.4217424	1
0	72301	109.42178336	1
0	72302	109.42182432	1
0	72303	109.42186528	1
0	72304	109.42190624	1
0	72348	109.52157856	1
0	72351	109.52161952	1
0	72355	109.52166048	1
0	72359	109.52170144	1
0	72360	109.5217424	1
0	72361	109.52178336	1
0	72362	109.52182432	1
0	72363	109.52186528	1
0	72364	109.52190624	1
0	72408	109.62157856	1
0	72411	109.62161952	1
0	72415	109.62166048	1
0	72419	109.62170144	1
0	72420	109.6217424	1
0	72421	109.62178336	1
0	72422	109.62182432	1
0	72423	109.62186528	1
0	72424	109.62190624	1
0	72468	109.72157856	1
0	72471	109.72161952	1
0	72475	109.72166048	1
0	72479	109.72170144	1
0	72480	109.7217424	1
0	72481	109.72178336	1
0	72482	109.72182432	1
0	72483	109.72186528	1
0	72484	109.72190624	1
0	72528	109.82157856	1
0	72531	109.82161952	1
0	72535	109.82166048	1
0	72539	109.82170144	1
0	72540	109.8217424	1
0	72541	109.82178336	1
0	72542	109.82182432	1
0	72543	109.82186528	1
0	72544	109.82190624	1
0	72588	109.92157856	1
0	72591	109.92161952	1
0	72595	109.92166048	1
0	72599	109.92170144	1
0	72600	109.9217424	1
0	72601	109.92178336	1
0	72602	109.92182432	1
0	72603	109.92186528	1
0	72604	109.92190624	1
0	72648	110.02157856	1
0	72651	110.02161952	1
0	72655	110.02166048	1
0	72659	110.02170144	1
0	72660	110.0217424	1
0	72661	110.02178336	1
0	72662	110.02182432	1
0	72663	110.02186528	1
0	72664	110.02190624	1
0	72708	110.12157856	1
0	72711	110.12161952	1
0	72715	110.12166048	1
0	72719	110.12170144	1
0	72720	110.1217424	1
0	72721	110.12178336	1
0	72722	110.12182432	1
0	72723	110.12186528	1
0	72724	110.12190624	1
0	72768	110.22157856	1
0	72771	110.22161952	1
0	72775	110.22166048	1
0	72779	110.22170144	1
0	72780	110.2217424	1
0	72781	110.22178336	1
0	72782	110.22182432	1
0	72783	110.22186528	1
0	72784	110.22190624	1
0	72828	110.32157856	1
0	72831	110.32161952	1
0	72835	110.32166048	1
0	72839	110.32170144	1
0	72840	110.3217424	1
0	72841	110.32178336	1
0	72842	110.32182432	1
0	72843	110.32186528	1
0	72844	110.32190624	1
0	72888	110.42157856	1
0	72891	110.42161952	1
0	72895	110.42166048	1
0	72899	110.42170144	1
0	72900	110.4217424	1
0	72901	110.42178336	1
0	72902	110.42182432	1
0	72903	110.42186528	1
0	72904	110.42190624	1
0	72948	110.52157856	1
0	72951	110.52161952	1
0	72955	110.52166048	1
0	72959	110.52170144	1
0	72960	110.5217424	1
0	72961	110.52178336	1
0	72962	110.52182432	1
0	72963	110.52186528	1
0	72964	110.52190624	1
0	73008	110.62157856	1
0	73011	110.62161952	1
0	73015	110.62166048	1
0	73019	110.62170144	1
0	73020	110.6217424	1
0	73021	110.62178336	1
0	73022	110.62182432	1
0	73023	110.62186528	1
0	73024	110.62190624	1
0	73068	110.72157856	1
0	73071	110.72161952	1
0	73075	110.72166048	1
0	73079	110.72170144	1
0	73080	110.7217424	1
0	73081	110.72178336	1
0	73082	110.72182432	1
0	73083	110.72186528	1
0	73084	110.72190624	1
0	73128	110.82157856	1
0	73131	110.82161952	1
0	73135	110.82166048	1
0	73139	110.82170144	1
0	73140	110.8217424	1
0	73141	110.82178336	1
0	73142	110.82182432	1
0	73143	110.82186528	1
0	73144	110.82190624	1
0	73188	110.92157856	1
0	73191	110.92161952	1
0	73195	110.92166048	1
0	73199	110.92170144	1
0	73200	110.9217424	1
0	73201	110.92178336	1
0	73202	110.92182432	1
0	73203	110.92186528	1
0	73204	110.92190624	1
0	73248	111.02157856	1
0	73251	111.02161952	1
0	73255	111.02166048	1
0	73259	111.02170144	1
0	73260	111.0217424	1
0	73261	111.02178336	1
0	73262	111.02182432	1
0	73263	111.02186528	1
0	73264	111.02190624	1
0	73308	111.12157856	1
0	73311	111.12161952	1
0	73315	111.12166048	1
0	73319	111.12170144	1
0	73320	111.1217424	1
0	73321	111.12178336	1
0	73322	111.12182432	1
0	73323	111.12186528	1
0	73324	111.12190624	1
0	73368	111.22157856	1
0	73371	111.22161952	1
0	73375	111.22166048	1
0	73379	111.22170144	1
0	73380	111.2217424	1
0	73381	111.22178336	1
0	73382	111.22182432	1
0	73383	111.22186528	1
0	73384	111.22190624	1
0	73428	111.32157856	1
0	73431	111.32161952	1
0	73435	111.32166048	1
0	73439	111.32170144	1
0	73440	111.3217424	1
0	73441	111.32178336	1
0	73442	111.32182432	1
0	73443	111.32186528	1
0	73444	111.32190624	1
0	73488	111.42157856	1
0	73491	111.42161952	1
0	73495	111.42166048	1
0	73499	111.42170144	1
0	73500	111.4217424	1
0	73501	111.42178336	1
0	73502	111.42182432	1
0	73503	111.42186528	1
0	73504	111.42190624	1
0	73548	111.52157856	1
0	73551	111.52161952	1
0	73555	111.52166048	1
0	73559	111.52170144	1
0	73560	111.5217424	1
0	73561	111.52178336	1
0	73562	111.52182432	1
0	73563	111.52186528	1
0	73564	111.52190624	1
0	73608	111.62157856	1
0	73611	111.62161952	1
0	73615	111.62166048	1
0	73619	111.62170144	1
0	73620	111.6217424	1
0	73621	111.62178336	1
0	73622	111.62182432	1
0	73623	111.62186528	1
0	73624	111.62190624	1
0	73668	111.72157856	1
0	73671	111.72161952	1
0	73675	111.72166048	1
0	73679	111.72170144	1
0	73680	111.7217424	1
0	73681	111.72178336	1
0	73682	111.72182432	1
0	73683	111.72186528	1
0	73684	111.72190624	1
0	73728	111.82157856	1
0	73731	111.82161952	1
0	73735	111.82166048	1
0	73739	111.82170144	1
0	73740	111.8217424	1
0	73741	111.82178336	1
0	73742	111.82182432	1
0	73743	111.82186528	1
0	73744	111.82190624	1
0	73788	111.92157856	1
0	73791	111.92161952	1
0	73795	111.92166048	1
0	73799	111.92170144	1
0	73800	111.9217424	1
0	73801	111.92178336	1
0	73802	111.92182432	1
0	73803	111.92186528	1
0	73804	111.92190624	1
0	73848	112.02157856	1
0	73851	112.02161952	1
0	73855	112.02166048	1
0	73859	112.02170144	1
0	73860	112.0217424	1
0	73861	112.02178336	1
0	73862	112.02182432	1
0	73863	112.02186528	1
0	73864	112.02190624	1
0	73908	112.12157856	1
0	73911	112.12161952	1
0	73915	112.12166048	1
0	73919	112.12170144	1
0	73920	112.1217424	1
0	73921	112.12178336	1
0	73922	112.12182432	1
0	73923	112.12186528	1
0	73924	112.12190624	1
0	73968	112.22157856	1
0	73971	112.22161952	1
0	73975	112.22166048	1
0	73979	112.22170144	1
0	73980	112.2217424	1
0	73981	112.22178336	1
0	73982	112.22182432	1
0	73983	112.22186528	1
0	73984	112.22190624	1
0	74028	112.32157856	1
0	74031	112.32161952	1
0	74035	112.32166048	1
0	74039	112.32170144	1
0	74040	112.3217424	1
0	74041	112.32178336	1
0	74042	112.32182432	1
0	74043	112.32186528	1
0	74044	112.32190624	1
0	74088	112.42157856	1
0	74091	112.42161952	1
0	74095	112.42166048	1
0	74099	112.42170144	1
0	74100	112.4217424	1
0	74101	112.42178336	1
0	74102	112.42182432	1
0	74103	112.42186528	1
0	74104	112.42190624	1
0	74148	112.52157856	1
0	74151	112.52161952	1
0	74155	112.52166048	1
0	74159	112.52170144	1
0	74160	112.5217424	1
0	74161	112.52178336	1
0	74162	112.52182432	1
0	74163	112.52186528	1
0	74164	112.52190624	1
0	74208	112.62157856	1
0	74211	112.62161952	1
0	74215	112.62166048	1
0	74219	112.62170144	1
0	74220	112.6217424	1
0	74221	112.62178336	1
0	74222	112.62182432	1
0	74223	112.62186528	1
0	74224	112.62190624	1
0	74268	112.72157856	1
0	74271	112.72161952	1
0	74275	112.72166048	1
0	74279	112.72170144	1
0	74280	112.7217424	1
0	74281	112.72178336	1
0	74282	112.72182432	1
0	74283	112.72186528	1
0	74284	112.72190624	1
0	74328	112.82157856	1
0	74331	112.82161952	1
0	74335	112.82166048	1
0	74339	112.82170144	1
0	74340	112.8217424	1
0	74341	112.82178336	1
0	74342	112.82182432	1
0	74343	112.82186528	1
0	74344	112.82190624	1
0	74388	112.92157856	1
0	74391	112.92161952	1
0	74395	112.92166048	1
0	74399	112.92170144	1
0	74400	112.9217424	1
0	74401	112.92178336	1
0	74402	112.92182432	1
0	74403	112.92186528	1
0	74404	112.92190624	1
0	74448	113.02157856	1
0	74451	113.02161952	1
0	74455	113.02166048	1
0	74459	113.02170144	1
0	74460	113.0217424	1
0	74461	113.02178336	1
0	74462	113.02182432	1
0	74463	113.02186528	1
0	74464	113.02190624	1
0	74508	113.12157856	1
0	74511	113.12161952	1
0	74515	113.12166048	1
0	74519	113.12170144	1
0	74520	113.1217424	1
0	74521	113.12178336	1
0	74522	113.12182432	1
0	74523	113.12186528	1
0	74524	113.12190624	1
0	74568	113.22157856	1
0	74571	113.22161952	1
0	74575	113.22166048	1
0	74579	113.22170144	1
0	74580	113.2217424	1
0	74581	113.22178336	1
0	74582	113.22182432	1
0	74583	113.22186528	1
0	74584	113.22190624	1
0	74628	113.32157856	1
0	74631	113.32161952	1
0	74635	113.32166048	1
0	74639	113.32170144	1
0	74640	113.3217424	1
0	74641	113.32178336	1
0	74642	113.32182432	1
0	74643	113.32186528	1
0	74644	113.32190624	1
0	74688	113.42157856	1
0	74691	113.42161952	1
0	74695	113.42166048	1
0	74699	113.42170144	1
0	74700	113.4217424	1
0	74701	113.42178336	1
0	74702	113.42182432	1
0	74703	113.42186528	1
0	74704	113.42190624	1
0	74748	113.52157856	1
0	74751	113.52161952	1
0	74755	113.52166048	1
0	74759	113.52170144	1
0	74760	113.5217424	1
0	74761	113.52178336	1
0	74762	113.52182432	1
0	74763	113.52186528	1
0	74764	113.52190624	1
0	74808	113.62157856	1
0	74811	113.62161952	1
0	74815	113.62166048	1
0	74819	113.62170144	1
0	74820	113.6217424	1
0	74821	113.62178336	1
0	74822	113.62182432	1
0	74823	113.62186528	1
0	74824	113.62190624	1
0	74868	113.72157856	1
0	74871	113.72161952	1
0	74875	113.72166048	1
0	74879	113.72170144	1
0	74880	113.7217424	1
0	74881	113.72178336	1
0	74882	113.72182432	1
0	74883	113.72186528	1
0	74884	113.72190624	1
0	74928	113.82157856	1
0	74931	113.82161952	1
0	74935	113.82166048	1
0	74939	113.82170144	1
0	74940	113.8217424	1
0	74941	113.82178336	1
0	74942	113.82182432	1
0	74943	113.82186528	1
0	74944	113.82190624	1
0	74988	113.92157856	1
0	74991	113.92161952	1
0	74995	113.92166048	1
0	74999	113.92170144	1
0	75000	113.9217424	1
0	75001	113.92178336	1
0	75002	113.92182432	1
0	75003	113.92186528	1
0	75004	113.92190624	1
0	75048	114.02157856	1
0	75051	114.02161952	1
0	75055	114.02166048	1
0	75059	114.02170144	1
0	75060	114.0217424	1
0	75061	114.02178336	1
0	75062	114.02182432	1
0	75063	114.02186528	1
0	75064	114.02190624	1
0	75108	114.12157856	1
0	75111	114.12161952	1
0	75115	114.12166048	1
0	75119	114.12170144	1
0	75120	114.1217424	1
0	75121	114.12178336	1
0	75122	114.12182432	1
0	75123	114.12186528	1
0	75124	114.12190624	1
0	75168	114.22157856	1
0	75171	114.22161952	1
0	75175	114.22166048	1
0	75179	114.22170144	1
0	75180	114.2217424	1
0	75181	114.22178336	1
0	75182	114.22182432	1
0	75183	114.22186528	1
0	75184	114.22190624	1
0	75228	114.32157856	1
0	75231	114.32161952	1
0	75235	114.32166048	1
0	75239	114.32170144	1
0	75240	114.3217424	1
0	75241	114.32178336	1
0	75242	114.32182432	1
0	75243	114.32186528	1
0	75244	114.32190624	1
0	75288	114.42157856	1
0	75291	114.42161952	1
0	75295	114.42166048	1
0	75299	114.42170144	1
0	75300	114.4217424	1
0	75301	114.42178336	1
0	75302	114.42182432	1
0	75303	114.42186528	1
0	75304	114.42190624	1
0	75348	114.52157856	1
0	75351	114.52161952	1
0	75355	114.52166048	1
0	75359	114.52170144	1
0	75360	114.5217424	1
0	75361	114.52178336	1
0	75362	114.52182432	1
0	75363	114.52186528	1
0	75364	114.52190624	1
0	75408	114.62157856	1
0	75411	114.62161952	1
0	75415	114.62166048	1
0	75419	114.62170144	1
0	75420	114.6217424	1
0	75421	114.62178336	1
0	75422	114.62182432	1
0	75423	114.62186528	1
0	75424	114.62190624	1
0	75468	114.72157856	1
0	75471	114.72161952	1
0	75475	114.72166048	1
0	75479	114.72170144	1
0	75480	114.7217424	1
0	75481	114.72178336	1
0	75482	114.72182432	1
0	75483	114.72186528	1
0	75484	114.72190624	1
0	75528	114.82157856	1
0	75531	114.82161952	1
0	75535	114.82166048	1
0	75539	114.82170144	1
0	75540	114.8217424	1
0	75541	114.82178336	1
0	75542	114.82182432	1
0	75543	114.82186528	1
0	75544	114.82190624	1
0	75588	114.92157856	1
0	75591	114.92161952	1
0	75595	114.92166048	1
0	75599	114.92170144	1
0	75600	114.9217424	1
0	75601	114.92178336	1
0	75602	114.92182432	1
0	75603	114.92186528	1
0	75604	114.92190624	1
0	75648	115.02157856	1
0	75651	115.02161952	1
0	75655	115.02166048	1
0	75659	115.02170144	1
0	75660	115.0217424	1
0	75661	115.02178336	1
0	75662	115.02182432	1
0	75663	115.02186528	1
0	75664	115.02190624	1
0	75708	115.12157856	1
0	75711	115.12161952	1
0	75715	115.12166048	1
0	75719	115.12170144	1
0	75720	115.1217424	1
0	75721	115.12178336	1
0	75722	115.12182432	1
0	75723	115.12186528	1
0	75724	115.12190624	1
0	75768	115.22157856	1
0	75771	115.22161952	1
0	75775	115.22166048	1
0	75779	115.22170144	1
0	75780	115.2217424	1
0	75781	115.22178336	1
0	75782	115.22182432	1
0	75783	115.22186528	1
0	75784	115.22190624	1
0	75828	115.32157856	1
0	75831	115.32161952	1
0	75835	115.32166048	1
0	75839	115.32170144	1
0	75840	115.3217424	1
0	75841	115.32178336	1
0	75842	115.32182432	1
0	75843	115.32186528	1
0	75844	115.32190624	1
0	75888	115.42157856	1
0	75891	115.42161952	1
0	75895	115.42166048	1
0	75899	115.42170144	1
0	75900	115.4217424	1
0	75901	115.42178336	1
0	75902	115.42182432	1
0	75903	115.42186528	1
0	75904	115.42190624	1
0	75948	115.52157856	1
0	75951	115.52161952	1
0	75955	115.52166048	1
0	75959	115.52170144	1
0	75960	115.5217424	1
0	75961	115.52178336	1
0	75962	115.52182432	1
0	75963	115.52186528	1
0	75964	115.52190624	1
0	76008	115.62157856	1
0	76011	115.62161952	1
0	76015	115.62166048	1
0	76019	115.62170144	1
0	76020	115.6217424	1
0	76021	115.62178336	1
0	76022	115.62182432	1
0	76023	115.62186528	1
0	76024	115.62190624	1
0	76068	115.72157856	1
0	76071	115.72161952	1
0	76075	115.72166048	1
0	76079	115.72170144	1
0	76080	115.7217424	1
0	76081	115.72178336	1
0	76082	115.72182432	1
0	76083	115.72186528	1
0	76084	115.72190624	1
0	76128	115.82157856	1
0	76131	115.82161952	1
0	76135	115.82166048	1
0	76139	115.82170144	1
0	76140	115.8217424	1
0	76141	115.82178336	1
0	76142	115.82182432	1
0	76143	115.82186528	1
0	76144	115.82190624	1
0	76188	115.92157856	1
0	76191	115.92161952	1
0	76195	115.92166048	1
0	76199	115.92170144	1
0	76200	115.9217424	1
0	76201	115.92178336	1
0	76202	115.92182432	1
0	76203	115.92186528	1
0	76204	115.92190624	1
0	76248	116.02157856	1
0	76251	116.02161952	1
0	76255	116.02166048	1
0	76259	116.02170144	1
0	76260	116.0217424	1
0	76261	116.02178336	1
0	76262	116.02182432	1
0	76263	116.02186528	1
0	76264	116.02190624	1
0	76308	116.12157856	1
0	76311	116.12161952	1
0	76315	116.12166048	1
0	76319	116.12170144	1
0	76320	116.1217424	1
0	76321	116.12178336	1
0	76322	116.12182432	1
0	76323	116.12186528	1
0	76324	116.12190624	1
0	76368	116.22157856	1
0	76371	116.22161952	1
0	76375	116.22166048	1
0	76379	116.22170144	1
0	76380	116.2217424	1
0	76381	116.22178336	1
0	76382	116.22182432	1
0	76383	116.22186528	1
0	76384	116.22190624	1
0	76428	116.32157856	1
0	76431	116.32161952	1
0	76435	116.32166048	1
0	76439	116.32170144	1
0	76440	116.3217424	1
0	76441	116.32178336	1
0	76442	116.32182432	1
0	76443	116.32186528	1
0	76444	116.32190624	1
0	76488	116.42157856	1
0	76491	116.42161952	1
0	76495	116.42166048	1
0	76499	116.42170144	1
0	76500	116.4217424	1
0	76501	116.42178336	1
0	76502	116.42182432	1
0	76503	116.42186528	1
0	76504	116.42190624	1
0	76548	116.52157856	1
0	76551	116.52161952	1
0	76555	116.52166048	1
0	76559	116.52170144	1
0	76560	116.5217424	1
0	76561	116.52178336	1
0	76562	116.52182432	1
0	76563	116.52186528	1
0	76564	116.52190624	1
0	76608	116.62157856	1
0	76611	116.62161952	1
0	76615	116.62166048	1
0	76619	116.62170144	1
0	76620	116.6217424	1
0	76621	116.62178336	1
0	76622	116.62182432	1
0	76623	116.62186528	1
0	76624	116.62190624	1
0	76668	116.72157856	1
0	76671	116.72161952	1
0	76675	116.72166048	1
0	76679	116.72170144	1
0	76680	116.7217424	1
0	76681	116.72178336	1
0	76682	116.72182432	1
0	76683	116.72186528	1
0	76684	116.72190624	1
0	76728	116.82157856	1
0	76731	116.82161952	1
0	76735	116.82166048	1
0	76739	116.82170144	1
0	76740	116.8217424	1
0	76741	116.82178336	1
0	76742	116.82182432	1
0	76743	116.82186528	1
0	76744	116.82190624	1
0	76788	116.92157856	1
0	76791	116.92161952	1
0	76795	116.92166048	1
0	76799	116.92170144	1
0	76800	116.9217424	1
0	76801	116.92178336	1
0	76802	116.92182432	1
0	76803	116.92186528	1
0	76804	116.92190624	1
0	76848	117.02157856	1
0	76851	117.02161952	1
0	76855	117.02166048	1
0	76859	117.02170144	1
0	76860	117.0217424	1
0	76861	117.02178336	1
0	76862	117.02182432	1
0	76863	117.02186528	1
0	76864	117.02190624	1
0	76908	117.12157856	1
0	76911	117.12161952	1
0	76915	117.12166048	1
0	76919	117.12170144	1
0	76920	117.1217424	1
0	76921	117.12178336	1
0	76922	117.12182432	1
0	76923	117.12186528	1
0	76924	117.12190624	1
0	76968	117.22157856	1
0	76971	117.22161952	1
0	76975	117.22166048	1
0	76979	117.22170144	1
0	76980	117.2217424	1
0	76981	117.22178336	1
0	76982	117.22182432	1
0	76983	117.22186528	1
0	76984	117.22190624	1
0	77028	117.32157856	1
0	77031	117.32161952	1
0	77035	117.32166048	1
0	77039	117.32170144	1
0	77040	117.3217424	1
0	77041	117.32178336	1
0	77042	117.32182432	1
0	77043	117.32186528	1
0	77044	117.32190624	1
0	77088	117.42157856	1
0	77091	117.42161952	1
0	77095	117.42166048	1
0	77099	117.42170144	1
0	77100	117.4217424	1
0	77101	117.42178336	1
0	77102	117.42182432	1
0	77103	117.42186528	1
0	77104	117.42190624	1
0	77148	117.52157856	1
0	77151	117.52161952	1
0	77155	117.52166048	1
0	77159	117.52170144	1
0	77160	117.5217424	1
0	77161	117.52178336	1
0	77162	117.52182432	1
0	77163	117.52186528	1
0	77164	117.52190624	1
0	77208	117.62157856	1
0	77211	117.62161952	1
0	77215	117.62166048	1
0	77219	117.62170144	1
0	77220	117.6217424	1
0	77221	117.62178336	1
0	77222	117.62182432	1
0	77223	117.62186528	1
0	77224	117.62190624	1
0	77268	117.72157856	1
0	77271	117.72161952	1
0	77275	117.72166048	1
0	77279	117.72170144	1
0	77280	117.7217424	1
0	77281	117.72178336	1
0	77282	117.72182432	1
0	77283	117.72186528	1
0	77284	117.72190624	1
0	77328	117.82157856	1
0	77331	117.82161952	1
0	77335	117.82166048	1
0	77339	117.82170144	1
0	77340	117.8217424	1
0	77341	117.82178336	1
0	77342	117.82182432	1
0	77343	117.82186528	1
0	77344	117.82190624	1
0	77388	117.92157856	1
0	77391	117.92161952	1
0	77395	117.92166048	1
0	77399	117.92170144	1
0	77400	117.9217424	1
0	77401	117.92178336	1
0	77402	117.92182432	1
0	77403	117.92186528	1
0	77404	117.92190624	1
0	77448	118.02157856	1
0	77451	118.02161952	1
0	77455	118.02166048	1
0	77459	118.02170144	1
0	77460	118.0217424	1
0	77461	118.02178336	1
0	77462	118.02182432	1
0	77463	118.02186528	1
0	77464	118.02190624	1
0	77508	118.12157856	1
0	77511	118.12161952	1
0	77515	118.12166048	1
0	77519	118.12170144	1
0	77520	118.1217424	1
0	77521	118.12178336	1
0	77522	118.12182432	1
0	77523	118.12186528	1
0	77524	118.12190624	1
0	77568	118.22157856	1
0	77571	118.22161952	1
0	77575	118.22166048	1
0	77579	118.22170144	1
0	77580	118.2217424	1
0	77581	118.22178336	1
0	77582	118.22182432	1
0	77583	118.22186528	1
0	77584	118.22190624	1
0	77628	118.32157856	1
0	77631	118.32161952	1
0	77635	118.32166048	1
0	77639	118.32170144	1
0	77640	118.3217424	1
0	77641	118.32178336	1
0	77642	118.32182432	1
0	77643	118.32186528	1
0	77644	118.32190624	1
0	77688	118.42157856	1
0	77691	118.42161952	1
0	77695	118.42166048	1
0	77699	118.42170144	1
0	77700	118.4217424	1
0	77701	118.42178336	1
0	77702	118.42182432	1
0	77703	118.42186528	1
0	77704	118.42190624	1
0	77748	118.52157856	1
0	77751	118.52161952	1
0	77755	118.52166048	1
0	77759	118.52170144	1
0	77760	118.5217424	1
0	77761	118.52178336	1
0	77762	118.52182432	1
0	77763	118.52186528	1
0	77764	118.52190624	1
0	77808	118.62157856	1
0	77811	118.62161952	1
0	77815	118.62166048	1
0	77819	118.62170144	1
0	77820	118.6217424	1
0	77821	118.62178336	1
0	77822	118.62182432	1
0	77823	118.62186528	1
0	77824	118.62190624	1
0	77868	118.72157856	1
0	77871	118.72161952	1
0	77875	118.72166048	1
0	77879	118.72170144	1
0	77880	118.7217424	1
0	77881	118.72178336	1
0	77882	118.72182432	1
0	77883	118.72186528	1
0	77884	118.72190624	1
0	77928	118.82157856	1
0	77931	118.82161952	1
0	77935	118.82166048	1
0	77939	118.82170144	1
0	77940	118.8217424	1
0	77941	118.82178336	1
0	77942	118.82182432	1
0	77943	118.82186528	1
0	77944	118.82190624	1
0	77988	118.92157856	1
0	77991	118.92161952	1
0	77995	118.92166048	1
0	77999	118.92170144	1
0	78000	118.9217424	1
0	78001	118.92178336	1
0	78002	118.92182432	1
0	78003	118.92186528	1
0	78004	118.92190624	1
0	78048	119.02157856	1
0	78051	119.02161952	1
0	78055	119.02166048	1
0	78059	119.02170144	1
0	78060	119.0217424	1
0	78061	119.02178336	1
0	78062	119.02182432	1
0	78063	119.02186528	1
0	78064	119.02190624	1
0	78108	119.12157856	1
0	78111	119.12161952	1
0	78115	119.12166048	1
0	78119	119.12170144	1
0	78120	119.1217424	1
0	78121	119.12178336	1
0	78122	119.12182432	1
0	78123	119.12186528	1
0	78124	119.12190624	1
0	78168	119.22157856	1
0	78171	119.22161952	1
0	78175	119.22166048	1
0	78179	119.22170144	1
0	78180	119.2217424	1
0	78181	119.22178336	1
0	78182	119.22182432	1
0	78183	119.22186528	1
0	78184	119.22190624	1
0	78228	119.32157856	1
0	78231	119.32161952	1
0	78235	119.32166048	1
0	78239	119.32170144	1
0	78240	119.3217424	1
0	78241	119.32178336	1
0	78242	119.32182432	1
0	78243	119.32186528	1
0	78244	119.32190624	1
0	78288	119.42157856	1
0	78291	119.42161952	1
0	78295	119.42166048	1
0	78299	119.42170144	1
0	78300	119.4217424	1
0	78301	119.42178336	1
0	78302	119.42182432	1
0	78303	119.42186528	1
0	78304	119.42190624	1
0	78348	119.52157856	1
0	78351	119.52161952	1
0	78355	119.52166048	1
0	78359	119.52170144	1
0	78360	119.5217424	1
0	78361	119.52178336	1
0	78362	119.52182432	1
0	78363	119.52186528	1
0	78364	119.52190624	1
0	78408	119.62157856	1
0	78411	119.62161952	1
0	78415	119.62166048	1
0	78419	119.62170144	1
0	78420	119.6217424	1
0	78421	119.62178336	1
0	78422	119.62182432	1
0	78423	119.62186528	1
0	78424	119.62190624	1
0	78468	119.72157856	1
0	78471	119.72161952	1
0	78475	119.72166048	1
0	78479	119.72170144	1
0	78480	119.7217424	1
0	78481	119.72178336	1
0	78482	119.72182432	1
0	78483	119.72186528	1
0	78484	119.72190624	1
0	78528	119.82157856	1
0	78531	119.82161952	1
0	78535	119.82166048	1
0	78539	119.82170144	1
0	78540	119.8217424	1
0	78541	119.82178336	1
0	78542	119.82182432	1
0	78543	119.82186528	1
0	78544	119.82190624	1
0	78588	119.92157856	1
0	78591	119.92161952	1
0	78595	119.92166048	1
0	78599	119.92170144	1
0	78600	119.9217424	1
0	78601	119.92178336	1
0	78602	119.92182432	1
0	78603	119.92186528	1
0	78604	119.92190624	1
0	78653	120.02157344	1
0	78657	120.0216144	1
0	78662	120.02165536	1
0	78667	120.02169632	1
0	78668	120.02173728	1
0	78669	120.02177824	1
0	78670	120.0218192	1
0	78671	120.02186016	1
0	78672	120.02190112	1
0	78673	120.02194208	1
0	78674	120.02198304	1
0	78675	120.022024	1
0	78725	120.12157344	1
0	78729	120.1216144	1
0	78734	120.12165536	1
0	78739	120.12169632	1
0	78740	120.12173728	1
0	78741	120.12177824	1
0	78742	120.1218192	1
0	78743	120.12186016	1
0	78744	120.12190112	1
0	78745	120.12194208	1
0	78746	120.12198304	1
0	78747	120.122024	1
0	78797	120.22157344	1
0	78801	120.2216144	1
0	78806	120.22165536	1
0	78811	120.22169632	1
0	78812	120.22173728	1
0	78813	120.22177824	1
0	78814	120.2218192	1
0	78815	120.22186016	1
0	78816	120.22190112	1
0	78817	120.22194208	1
0	78818	120.22198304	1
0	78819	120.222024	1
0	78869	120.32157344	1
0	78873	120.3216144	1
0	78878	120.32165536	1
0	78883	120.32169632	1
0	78884	120.32173728	1
0	78885	120.32177824	1
0	78886	120.3218192	1
0	78887	120.32186016	1
0	78888	120.32190112	1
0	78889	120.32194208	1
0	78890	120.32198304	1
0	78891	120.322024	1
0	78941	120.42157344	1
0	78945	120.4216144	1
0	78950	120.42165536	1
0	78955	120.42169632	1
0	78956	120.42173728	1
0	78957	120.42177824	1
0	78958	120.4218192	1
0	78959	120.42186016	1
0	78960	120.42190112	1
0	78961	120.42194208	1
0	78962	120.42198304	1
0	78963	120.422024	1
0	79013	120.52157344	1
0	79017	120.5216144	1
0	79022	120.52165536	1
0	79027	120.52169632	1
0	79028	120.52173728	1
0	79029	120.52177824	1
0	79030	120.5218192	1
0	79031	120.52186016	1
0	79032	120.52190112	1
0	79033	120.52194208	1
0	79034	120.52198304	1
0	79035	120.522024	1
0	79085	120.62157344	1
0	79089	120.6216144	1
0	79094	120.62165536	1
0	79099	120.62169632	1
0	79100	120.62173728	1
0	79101	120.62177824	1
0	79102	120.6218192	1
0	79103	120.62186016	1
0	79104	120.62190112	1
0	79105	120.62194208	1
0	79106	120.62198304	1
0	79107	120.622024	1
0	79157	120.72157344	1
0	79161	120.7216144	1
0	79166	120.72165536	1
0	79171	120.72169632	1
0	79172	120.72173728	1
0	79173	120.72177824	1
0	79174	120.7218192	1
0	79175	120.72186016	1
0	79176	120.72190112	1
0	79177	120.72194208	1
0	79178	120.72198304	1
0	79179	120.722024	1
0	79229	120.82157344	1
0	79233	120.8216144	1
0	79238	120.82165536	1
0	79243	120.82169632	1
0	79244	120.82173728	1
0	79245	120.82177824	1
0	79246	120.8218192	1
0	79247	120.82186016	1
0	79248	120.82190112	1
0	79249	120.82194208	1
0	79250	120.82198304	1
0	79251	120.822024	1
0	79301	120.92157344	1
0	79305	120.9216144	1
0	79310	120.92165536	1
0	79315	120.92169632	1
0	79316	120.92173728	1
0	79317	120.92177824	1
0	79318	120.9218192	1
0	79319	120.92186016	1
0	79320	120.92190112	1
0	79321	120.92194208	1
0	79322	120.92198304	1
0	79323	120.922024	1
0	79373	121.02157344	1
0	79377	121.0216144	1
0	79382	121.02165536	1
0	79387	121.02169632	1
0	79388	121.02173728	1
0	79389	121.02177824	1
0	79390	121.0218192	1
0	79391	121.02186016	1
0	79392	121.02190112	1
0	79393	121.02194208	1
0	79394	121.02198304	1
0	79395	121.022024	1
0	79445	121.12157344	1
0	79449	121.1216144	1
0	79454	121.12165536	1
0	79459	121.12169632	1
0	79460	121.12173728	1
0	79461	121.12177824	1
0	79462	121.1218192	1
0	79463	121.12186016	1
0	79464	121.12190112	1
0	79465	121.12194208	1
0	79466	121.12198304	1
0	79467	121.122024	1
0	79517	121.22157344	1
0	79521	121.2216144	1
0	79526	121.22165536	1
0	79531	121.22169632	1
0	79532	121.22173728	1
0	79533	121.22177824	1
0	79534	121.2218192	1
0	79535	121.22186016	1
0	79536	121.22190112	1
0	79537	121.22194208	1
0	79538	121.22198304	1
0	79539	121.222024	1
0	79589	121.32157344	1
0	79593	121.3216144	1
0	79598	121.32165536	1
0	79603	121.32169632	1
0	79604	121.32173728	1
0	79605	121.32177824	1
0	79606	121.3218192	1
0	79607	121.32186016	1
0	79608	121.32190112	1
0	79609	121.32194208	1
0	79610	121.32198304	1
0	79611	121.322024	1
0	79661	121.42157344	1
0	79665	121.4216144	1
0	79670	121.42165536	1
0	79675	121.42169632	1
0	79676	121.42173728	1
0	79677	121.42177824	1
0	79678	121.4218192	1
0	79679	121.42186016	1
0	79680	121.42190112	1
0	79681	121.42194208	1
0	79682	121.42198304	1
0	79683	121.422024	1
0	79733	121.52157344	1
0	79737	121.5216144	1
0	79742	121.52165536	1
0	79747	121.52169632	1
0	79748	121.52173728	1
0	79749	121.52177824	1
0	79750	121.5218192	1
0	79751	121.52186016	1
0	79752	121.52190112	1
0	79753	121.52194208	1
0	79754	121.52198304	1
0	79755	121.522024	1
0	79805	121.62157344	1
0	79809	121.6216144	1
0	79814	121.62165536	1
0	79819	121.62169632	1
0	79820	121.62173728	1
0	79821	121.62177824	1
0	79822	121.6218192	1
0	79823	121.62186016	1
0	79824	121.62190112	1
0	79825	121.62194208	1
0	79826	121.62198304	1
0	79827	121.622024	1
0	79877	121.72157344	1
0	79881	121.7216144	1
0	79886	121.72165536	1
0	79891	121.72169632	1
0	79892	121.72173728	1
0	79893	121.72177824	1
0	79894	121.7218192	1
0	79895	121.72186016	1
0	79896	121.72190112	1
0	79897	121.72194208	1
0	79898	121.72198304	1
0	79899	121.722024	1
0	79949	121.82157344	1
0	79953	121.8216144	1
0	79958	121.82165536	1
0	79963	121.82169632	1
0	79964	121.82173728	1
0	79965	121.82177824	1
0	79966	121.8218192	1
0	79967	121.82186016	1
0	79968	121.82190112	1
0	79969	121.82194208	1
0	79970	121.82198304	1
0	79971	121.822024	1
0	80021	121.92157344	1
0	80025	121.9216144	1
0	80030	121.92165536	1
0	80035	121.92169632	1
0	80036	121.92173728	1
0	80037	121.92177824	1
0	80038	121.9218192	1
0	80039	121.92186016	1
0	80040	121.92190112	1
0	80041	121.92194208	1
0	80042	121.92198304	1
0	80043	121.922024	1
0	80093	122.02157344	1
0	80097	122.0216144	1
0	80102	122.02165536	1
0	80107	122.02169632	1
0	80108	122.02173728	1
0	80109	122.02177824	1
0	80110	122.0218192	1
0	80111	122.02186016	1
0	80112	122.02190112	1
0	80113	122.02194208	1
0	80114	122.02198304	1
0	80115	122.022024	1
0	80165	122.12157344	1
0	80169	122.1216144	1
0	80174	122.12165536	1
0	80179	122.12169632	1
0	80180	122.12173728	1
0	80181	122.12177824	1
0	80182	122.1218192	1
0	80183	122.12186016	1
0	80184	122.12190112	1
0	80185	122.12194208	1
0	80186	122.12198304	1
0	80187	122.122024	1
0	80237	122.22157344	1
0	80241	122.2216144	1
0	80246	122.22165536	1
0	80251	122.22169632	1
0	80252	122.22173728	1
0	80253	122.22177824	1
0	80254	122.2218192	1
0	80255	122.22186016	1
0	80256	122.22190112	1
0	80257	122.22194208	1
0	80258	122.22198304	1
0	80259	122.222024	1
0	80309	122.32157344	1
0	80313	122.3216144	1
0	80318	122.32165536	1
0	80323	122.32169632	1
0	80324	122.32173728	1
0	80325	122.32177824	1
0	80326	122.3218192	1
0	80327	122.32186016	1
0	80328	122.32190112	1
0	80329	122.32194208	1
0	80330	122.32198304	1
0	80331	122.322024	1
0	80381	122.42157344	1
0	80385	122.4216144	1
0	80390	122.42165536	1
0	80395	122.42169632	1
0	80396	122.42173728	1
0	80397	122.42177824	1
0	80398	122.4218192	1
0	80399	122.42186016	1
0	80400	122.42190112	1
0	80401	122.42194208	1
0	80402	122.42198304	1
0	80403	122.422024	1
0	80453	122.52157344	1
0	80457	122.5216144	1
0	80462	122.52165536	1
0	80467	122.52169632	1
0	80468	122.52173728	1
0	80469	122.52177824	1
0	80470	122.5218192	1
0	80471	122.52186016	1
0	80472	122.52190112	1
0	80473	122.52194208	1
0	80474	122.52198304	1
0	80475	122.522024	1
0	80525	122.62157344	1
0	80529	122.6216144	1
0	80534	122.62165536	1
0	80539	122.62169632	1
0	80540	122.62173728	1
0	80541	122.62177824	1
0	80542	122.6218192	1
0	80543	122.62186016	1
0	80544	122.62190112	1
0	80545	122.62194208	1
0	80546	122.62198304	1
0	80547	122.622024	1
0	80597	122.72157344	1
0	80601	122.7216144	1
0	80606	122.72165536	1
0	80611	122.72169632	1
0	80612	122.72173728	1
0	80613	122.72177824	1
0	80614	122.7218192	1
0	80615	122.72186016	1
0	80616	122.72190112	1
0	80617	122.72194208	1
0	80618	122.72198304	1
0	80619	122.722024	1
0	80669	122.82157344	1
0	80673	122.8216144	1
0	80678	122.82165536	1
0	80683	122.82169632	1
0	80684	122.82173728	1
0	80685	122.82177824	1
0	80686	122.8218192	1
0	80687	122.82186016	1
0	80688	122.82190112	1
0	80689	122.82194208	1
0	80690	122.82198304	1
0	80691	122.822024	1
0	80741	122.92157344	1
0	80745	122.9216144	1
0	80750	122.92165536	1
0	80755	122.92169632	1
0	80756	122.92173728	1
0	80757	122.92177824	1
0	80758	122.9218192	1
0	80759	122.92186016	1
0	80760	122.92190112	1
0	80761	122.92194208	1
0	80762	122.92198304	1
0	80763	122.922024	1
0	80813	123.02157344	1
0	80817	123.0216144	1
0	80822	123.02165536	1
0	80827	123.02169632	1
0	80828	123.02173728	1
0	80829	123.02177824	1
0	80830	123.0218192	1
0	80831	123.02186016	1
0	80832	123.02190112	1
0	80833	123.02194208	1
0	80834	123.02198304	1
0	80835	123.022024	1
0	80885	123.12157344	1
0	80889	123.1216144	1
0	80894	123.12165536	1
0	80899	123.12169632	1
0	80900	123.12173728	1
0	80901	123.12177824	1
0	80902	123.1218192	1
0	80903	123.12186016	1
0	80904	123.12190112	1
0	80905	123.12194208	1
0	80906	123.12198304	1
0	80907	123.122024	1
0	80957	123.22157344	1
0	80961	123.2216144	1
0	80966	123.22165536	1
0	80971	123.22169632	1
0	80972	123.22173728	1
0	80973	123.22177824	1
0	80974	123.2218192	1
0	80975	123.22186016	1
0	80976	123.22190112	1
0	80977	123.22194208	1
0	80978	123.22198304	1
0	80979	123.222024	1
0	81029	123.32157344	1
0	81033	123.3216144	1
0	81038	123.32165536	1
0	81043	123.32169632	1
0	81044	123.32173728	1
0	81045	123.32177824	1
0	81046	123.3218192	1
0	81047	123.32186016	1
0	81048	123.32190112	1
0	81049	123.32194208	1
0	81050	123.32198304	1
0	81051	123.322024	1
0	81101	123.42157344	1
0	81105	123.4216144	1
0	81110	123.42165536	1
0	81115	123.42169632	1
0	81116	123.42173728	1
0	81117	123.42177824	1
0	81118	123.4218192	1
0	81119	123.42186016	1
0	81120	123.42190112	1
0	81121	123.42194208	1
0	81122	123.42198304	1
0	81123	123.422024	1
0	81173	123.52157344	1
0	81177	123.5216144	1
0	81182	123.52165536	1
0	81187	123.52169632	1
0	81188	123.52173728	1
0	81189	123.52177824	1
0	81190	123.5218192	1
0	81191	123.52186016	1
0	81192	123.52190112	1
0	81193	123.52194208	1
0	81194	123.52198304	1
0	81195	123.522024	1
0	81245	123.62157344	1
0	81249	123.6216144	1
0	81254	123.62165536	1
0	81259	123.62169632	1
0	81260	123.62173728	1
0	81261	123.62177824	1
0	81262	123.6218192	1
0	81263	123.62186016	1
0	81264	123.62190112	1
0	81265	123.62194208	1
0	81266	123.62198304	1
0	81267	123.622024	1
0	81317	123.72157344	1
0	81321	123.7216144	1
0	81326	123.72165536	1
0	81331	123.72169632	1
0	81332	123.72173728	1
0	81333	123.72177824	1
0	81334	123.7218192	1
0	81335	123.72186016	1
0	81336	123.72190112	1
0	81337	123.72194208	1
0	81338	123.72198304	1
0	81339	123.722024	1
0	81389	123.82157344	1
0	81393	123.8216144	1
0	81398	123.82165536	1
0	81403	123.82169632	1
0	81404	123.82173728	1
0	81405	123.82177824	1
0	81406	123.8218192	1
0	81407	123.82186016	1
0	81408	123.82190112	1
0	81409	123.82194208	1
0	81410	123.82198304	1
0	81411	123.822024	1
0	81461	123.92157344	1
0	81465	123.9216144	1
0	81470	123.92165536	1
0	81475	123.92169632	1
0	81476	123.92173728	1
0	81477	123.92177824	1
0	81478	123.9218192	1
0	81479	123.92186016	1
0	81480	123.92190112	1
0	81481	123.92194208	1
0	81482	123.92198304	1
0	81483	123.922024	1
0	81533	124.02157344	1
0	81537	124.0216144	1
0	81542	124.02165536	1
0	81547	124.02169632	1
0	81548	124.02173728	1
0	81549	124.02177824	1
0	81550	124.0218192	1
0	81551	124.02186016	1
0	81552	124.02190112	1
0	81553	124.02194208	1
0	81554	124.02198304	1
0	81555	124.022024	1
0	81605	124.12157344	1
0	81609	124.1216144	1
0	81614	124.12165536	1
0	81619	124.12169632	1
0	81620	124.12173728	1
0	81621	124.12177824	1
0	81622	124.1218192	1
0	81623	124.12186016	1
0	81624	124.12190112	1
0	81625	124.12194208	1
0	81626	124.12198304	1
0	81627	124.122024	1
0	81677	124.22157344	1
0	81681	124.2216144	1
0	81686	124.22165536	1
0	81691	124.22169632	1
0	81692	124.22173728	1
0	81693	124.22177824	1
0	81694	124.2218192	1
0	81695	124.22186016	1
0	81696	124.22190112	1
0	81697	124.22194208	1
0	81698	124.22198304	1
0	81699	124.222024	1
0	81749	124.32157344	1
0	81753	124.3216144	1
0	81758	124.32165536	1
0	81763	124.32169632	1
0	81764	124.32173728	1
0	81765	124.32177824	1
0	81766	124.3218192	1
0	81767	124.32186016	1
0	81768	124.32190112	1
0	81769	124.32194208	1
0	81770	124.32198304	1
0	81771	124.322024	1
0	81821	124.42157344	1
0	81825	124.4216144	1
0	81830	124.42165536	1
0	81835	124.42169632	1
0	81836	124.42173728	1
0	81837	124.42177824	1
0	81838	124.4218192	1
0	81839	124.42186016	1
0	81840	124.42190112	1
0	81841	124.42194208	1
0	81842	124.42198304	1
0	81843	124.422024	1
0	81893	124.52157344	1
0	81897	124.5216144	1
0	81902	124.52165536	1
0	81907	124.52169632	1
0	81908	124.52173728	1
0	81909	124.52177824	1
0	81910	124.5218192	1
0	81911	124.52186016	1
0	81912	124.52190112	1
0	81913	124.52194208	1
0	81914	124.52198304	1
0	81915	124.522024	1
0	81965	124.62157344	1
0	81969	124.6216144	1
0	81974	124.62165536	1
0	81979	124.62169632	1
0	81980	124.62173728	1
0	81981	124.62177824	1
0	81982	124.6218192	1
0	81983	124.62186016	1
0	81984	124.62190112	1
0	81985	124.62194208	1
0	81986	124.62198304	1
0	81987	124.622024	1
0	82037	124.72157344	1
0	82041	124.7216144	1
0	82046	124.72165536	1
0	82051	124.72169632	1
0	82052	124.72173728	1
0	82053	124.72177824	1
0	82054	124.7218192	1
0	82055	124.72186016	1
0	82056	124.72190112	1
0	82057	124.72194208	1
0	82058	124.72198304	1
0	82059	124.722024	1
0	82109	124.82157344	1
0	82113	124.8216144	1
0	82118	124.82165536	1
0	82123	124.82169632	1
0	82124	124.82173728	1
0	82125	124.82177824	1
0	82126	124.8218192	1
0	82127	124.82186016	1
0	82128	124.82190112	1
0	82129	124.82194208	1
0	82130	124.82198304	1
0	82131	124.822024	1
0	82181	124.92157344	1
0	82185	124.9216144	1
0	82190	124.92165536	1
0	82195	124.92169632	1
0	82196	124.92173728	1
0	82197	124.92177824	1
0	82198	124.9218192	1
0	82199	124.92186016	1
0	82200	124.92190112	1
0	82201	124.92194208	1
0	82202	124.92198304	1
0	82203	124.922024	1
0	82253	125.02157344	1
0	82257	125.0216144	1
0	82262	125.02165536	1
0	82267	125.02169632	1
0	82268	125.02173728	1
0	82269	125.02177824	1
0	82270	125.0218192	1
0	82271	125.02186016	1
0	82272	125.02190112	1
0	82273	125.02194208	1
0	82274	125.02198304	1
0	82275	125.022024	1
0	82325	125.12157344	1
0	82329	125.1216144	1
0	82334	125.12165536	1
0	82339	125.12169632	1
0	82340	125.12173728	1
0	82341	125.12177824	1
0	82342	125.1218192	1
0	82343	125.12186016	1
0	82344	125.12190112	1
0	82345	125.12194208	1
0	82346	125.12198304	1
0	82347	125.122024	1
0	82397	125.22157344	1
0	82401	125.2216144	1
0	82406	125.22165536	1
0	82411	125.22169632	1
0	82412	125.22173728	1
0	82413	125.22177824	1
0	82414	125.2218192	1
0	82415	125.22186016	1
0	82416	125.22190112	1
0	82417	125.22194208	1
0	82418	125.22198304	1
0	82419	125.222024	1
0	82469	125.32157344	1
0	82473	125.3216144	1
0	82478	125.32165536	1
0	82483	125.32169632	1
0	82484	125.32173728	1
0	82485	125.32177824	1
0	82486	125.3218192	1
0	82487	125.32186016	1
0	82488	125.32190112	1
0	82489	125.32194208	1
0	82490	125.32198304	1
0	82491	125.322024	1
0	82541	125.42157344	1
0	82545	125.4216144	1
0	82550	125.42165536	1
0	82555	125.42169632	1
0	82556	125.42173728	1
0	82557	125.42177824	1
0	82558	125.4218192	1
0	82559	125.42186016	1
0	82560	125.42190112	1
0	82561	125.42194208	1
0	82562	125.42198304	1
0	82563	125.422024	1
0	82613	125.52157344	1
0	82617	125.5216144	1
0	82622	125.52165536	1
0	82627	125.52169632	1
0	82628	125.52173728	1
0	82629	125.52177824	1
0	82630	125.5218192	1
0	82631	125.52186016	1
0	82632	125.52190112	1
0	82633	125.52194208	1
0	82634	125.52198304	1
0	82635	125.522024	1
0	82685	125.62157344	1
0	82689	125.6216144	1
0	82694	125.62165536	1
0	82699	125.62169632	1
0	82700	125.62173728	1
0	82701	125.62177824	1
0	82702	125.6218192	1
0	82703	125.62186016	1
0	82704	125.62190112	1
0	82705	125.62194208	1
0	82706	125.62198304	1
0	82707	125.622024	1
0	82757	125.72157344	1
0	82761	125.7216144	1
0	82766	125.72165536	1
0	82771	125.72169632	1
0	82772	125.72173728	1
0	82773	125.72177824	1
0	82774	125.7218192	1
0	82775	125.72186016	1
0	82776	125.72190112	1
0	82777	125.72194208	1
0	82778	125.72198304	1
0	82779	125.722024	1
0	82829	125.82157344	1
0	82833	125.8216144	1
0	82838	125.82165536	1
0	82843	125.82169632	1
0	82844	125.82173728	1
0	82845	125.82177824	1
0	82846	125.8218192	1
0	82847	125.82186016	1
0	82848	125.82190112	1
0	82849	125.82194208	1
0	82850	125.82198304	1
0	82851	125.822024	1
0	82901	125.92157344	1
0	82905	125.9216144	1
0	82910	125.92165536	1
0	82915	125.92169632	1
0	82916	125.92173728	1
0	82917	125.92177824	1
0	82918	125.9218192	1
0	82919	125.92186016	1
0	82920	125.92190112	1
0	82921	125.92194208	1
0	82922	125.92198304	1
0	82923	125.922024	1
0	82973	126.02157344	1
0	82977	126.0216144	1
0	82982	126.02165536	1
0	82987	126.02169632	1
0	82988	126.02173728	1
0	82989	126.02177824	1
0	82990	126.0218192	1
0	82991	126.02186016	1
0	82992	126.02190112	1
0	82993	126.02194208	1
0	82994	126.02198304	1
0	82995	126.022024	1
0	83045	126.12157344	1
0	83049	126.1216144	1
0	83054	126.12165536	1
0	83059	126.12169632	1
0	83060	126.12173728	1
0	83061	126.12177824	1
0	83062	126.1218192	1
0	83063	126.12186016	1
0	83064	126.12190112	1
0	83065	126.12194208	1
0	83066	126.12198304	1
0	83067	126.122024	1
0	83117	126.22157344	1
0	83121	126.2216144	1
0	83126	126.22165536	1
0	83131	126.22169632	1
0	83132	126.22173728	1
0	83133	126.22177824	1
0	83134	126.2218192	1
0	83135	126.22186016	1
0	83136	126.22190112	1
0	83137	126.22194208	1
0	83138	126.22198304	1
0	83139	126.222024	1
0	83189	126.32157344	1
0	83193	126.3216144	1
0	83198	126.32165536	1
0	83203	126.32169632	1
0	83204	126.32173728	1
0	83205	126.32177824	1
0	83206	126.3218192	1
0	83207	126.32186016	1
0	83208	126.32190112	1
0	83209	126.32194208	1
0	83210	126.32198304	1
0	83211	126.322024	1
0	83261	126.42157344	1
0	83265	126.4216144	1
0	83270	126.42165536	1
0	83275	126.42169632	1
0	83276	126.42173728	1
0	83277	126.42177824	1
0	83278	126.4218192	1
0	83279	126.42186016	1
0	83280	126.42190112	1
0	83281	126.42194208	1
0	83282	126.42198304	1
0	83283	126.422024	1
0	83333	126.52157344	1
0	83337	126.5216144	1
0	83342	126.52165536	1
0	83347	126.52169632	1
0	83348	126.52173728	1
0	83349	126.52177824	1
0	83350	126.5218192	1
0	83351	126.52186016	1
0	83352	126.52190112	1
0	83353	126.52194208	1
0	83354	126.52198304	1
0	83355	126.522024	1
0	83405	126.62157344	1
0	83409	126.6216144	1
0	83414	126.62165536	1
0	83419	126.62169632	1
0	83420	126.62173728	1
0	83421	126.62177824	1
0	83422	126.6218192	1
0	83423	126.62186016	1
0	83424	126.62190112	1
0	83425	126.62194208	1
0	83426	126.62198304	1
0	83427	126.622024	1
0	83477	126.72157344	1
0	83481	126.7216144	1
0	83486	126.72165536	1
0	83491	126.72169632	1
0	83492	126.72173728	1
0	83493	126.72177824	1
0	83494	126.7218192	1
0	83495	126.72186016	1
0	83496	126.72190112	1
0	83497	126.72194208	1
0	83498	126.72198304	1
0	83499	126.722024	1
0	83549	126.82157344	1
0	83553	126.8216144	1
0	83558	126.82165536	1
0	83563	126.82169632	1
0	83564	126.82173728	1
0	83565	126.82177824	1
0	83566	126.8218192	1
0	83567	126.82186016	1
0	83568	126.82190112	1
0	83569	126.82194208	1
0	83570	126.82198304	1
0	83571	126.822024	1
0	83621	126.92157344	1
0	83625	126.9216144	1
0	83630	126.92165536	1
0	83635	126.92169632	1
0	83636	126.92173728	1
0	83637	126.92177824	1
0	83638	126.9218192	1
0	83639	126.92186016	1
0	83640	126.92190112	1
0	83641	126.92194208	1
0	83642	126.92198304	1
0	83643	126.922024	1
0	83693	127.02157344	1
0	83697	127.0216144	1
0	83702	127.02165536	1
0	83707	127.02169632	1
0	83708	127.02173728	1
0	83709	127.02177824	1
0	83710	127.0218192	1
0	83711	127.02186016	1
0	83712	127.02190112	1
0	83713	127.02194208	1
0	83714	127.02198304	1
0	83715	127.022024	1
0	83765	127.12157344	1
0	83769	127.1216144	1
0	83774	127.12165536	1
0	83779	127.12169632	1
0	83780	127.12173728	1
0	83781	127.12177824	1
0	83782	127.1218192	1
0	83783	127.12186016	1
0	83784	127.12190112	1
0	83785	127.12194208	1
0	83786	127.12198304	1
0	83787	127.122024	1
0	83837	127.22157344	1
0	83841	127.2216144	1
0	83846	127.22165536	1
0	83851	127.22169632	1
0	83852	127.22173728	1
0	83853	127.22177824	1
0	83854	127.2218192	1
0	83855	127.22186016	1
0	83856	127.22190112	1
0	83857	127.22194208	1
0	83858	127.22198304	1
0	83859	127.222024	1
0	83909	127.32157344	1
0	83913	127.3216144	1
0	83918	127.32165536	1
0	83923	127.32169632	1
0	83924	127.32173728	1
0	83925	127.32177824	1
0	83926	127.3218192	1
0	83927	127.32186016	1
0	83928	127.32190112	1
0	83929	127.32194208	1
0	83930	127.32198304	1
0	83931	127.322024	1
0	83981	127.42157344	1
0	83985	127.4216144	1
0	83990	127.42165536	1
0	83995	127.42169632	1
0	83996	127.42173728	1
0	83997	127.42177824	1
0	83998	127.4218192	1
0	83999	127.42186016	1
0	84000	127.42190112	1
0	84001	127.42194208	1
0	84002	127.42198304	1
0	84003	127.422024	1
0	84053	127.52157344	1
0	84057	127.5216144	1
0	84062	127.52165536	1
0	84067	127.52169632	1
0	84068	127.52173728	1
0	84069	127.52177824	1
0	84070	127.5218192	1
0	84071	127.52186016	1
0	84072	127.52190112	1
0	84073	127.52194208	1
0	84074	127.52198304	1
0	84075	127.522024	1
0	84125	127.62157344	1
0	84129	127.6216144	1
0	84134	127.62165536	1
0	84139	127.62169632	1
0	84140	127.62173728	1
0	84141	127.62177824	1
0	84142	127.6218192	1
0	84143	127.62186016	1
0	84144	127.62190112	1
0	84145	127.62194208	1
0	84146	127.62198304	1
0	84147	127.622024	1
0	84197	127.72157344	1
0	84201	127.7216144	1
0	84206	127.72165536	1
0	84211	127.72169632	1
0	84212	127.72173728	1
0	84213	127.72177824	1
0	84214	127.7218192	1
0	84215	127.72186016	1
0	84216	127.72190112	1
0	84217	127.72194208	1
0	84218	127.72198304	1
0	84219	127.722024	1
0	84269	127.82157344	1
0	84273	127.8216144	1
0	84278	127.82165536	1
0	84283	127.82169632	1
0	84284	127.82173728	1
0	84285	127.82177824	1
0	84286	127.8218192	1
0	84287	127.82186016	1
0	84288	127.82190112	1
0	84289	127.82194208	1
0	84290	127.82198304	1
0	84291	127.822024	1
0	84341	127.92157344	1
0	84345	127.9216144	1
0	84350	127.92165536	1
0	84355	127.92169632	1
0	84356	127.92173728	1
0	84357	127.92177824	1
0	84358	127.9218192	1
0	84359	127.92186016	1
0	84360	127.92190112	1
0	84361	127.92194208	1
0	84362	127.92198304	1
0	84363	127.922024	1
0	84413	128.02157344	1
0	84417	128.0216144	1
0	84422	128.02165536	1
0	84427	128.02169632	1
0	84428	128.02173728	1
0	84429	128.02177824	1
0	84430	128.0218192	1
0	84431	128.02186016	1
0	84432	128.02190112	1
0	84433	128.02194208	1
0	84434	128.02198304	1
0	84435	128.022024	1
0	84485	128.12157344	1
0	84489	128.1216144	1
0	84494	128.12165536	1
0	84499	128.12169632	1
0	84500	128.12173728	1
0	84501	128.12177824	1
0	84502	128.1218192	1
0	84503	128.12186016	1
0	84504	128.12190112	1
0	84505	128.12194208	1
0	84506	128.12198304	1
0	84507	128.122024	1
0	84557	128.22157344	1
0	84561	128.2216144	1
0	84566	128.22165536	1
0	84571	128.22169632	1
0	84572	128.22173728	1
0	84573	128.22177824	1
0	84574	128.2218192	1
0	84575	128.22186016	1
0	84576	128.22190112	1
0	84577	128.22194208	1
0	84578	128.22198304	1
0	84579	128.222024	1
0	84629	128.32157344	1
0	84633	128.3216144	1
0	84638	128.32165536	1
0	84643	128.32169632	1
0	84644	128.32173728	1
0	84645	128.32177824	1
0	84646	128.3218192	1
0	84647	128.32186016	1
0	84648	128.32190112	1
0	84649	128.32194208	1
0	84650	128.32198304	1
0	84651	128.322024	1
0	84701	128.42157344	1
0	84705	128.4216144	1
0	84710	128.42165536	1
0	84715	128.42169632	1
0	84716	128.42173728	1
0	84717	128.42177824	1
0	84718	128.4218192	1
0	84719	128.42186016	1
0	84720	128.42190112	1
0	84721	128.42194208	1
0	84722	128.42198304	1
0	84723	128.422024	1
0	84773	128.52157344	1
0	84777	128.5216144	1
0	84782	128.52165536	1
0	84787	128.52169632	1
0	84788	128.52173728	1
0	84789	128.52177824	1
0	84790	128.5218192	1
0	84791	128.52186016	1
0	84792	128.52190112	1
0	84793	128.52194208	1
0	84794	128.52198304	1
0	84795	128.522024	1
0	84845	128.62157344	1
0	84849	128.6216144	1
0	84854	128.62165536	1
0	84859	128.62169632	1
0	84860	128.62173728	1
0	84861	128.62177824	1
0	84862	128.6218192	1
0	84863	128.62186016	1
0	84864	128.62190112	1
0	84865	128.62194208	1
0	84866	128.62198304	1
0	84867	128.622024	1
0	84917	128.72157344	1
0	84921	128.7216144	1
0	84926	128.72165536	1
0	84931	128.72169632	1
0	84932	128.72173728	1
0	84933	128.72177824	1
0	84934	128.7218192	1
0	84935	128.72186016	1
0	84936	128.72190112	1
0	84937	128.72194208	1
0	84938	128.72198304	1
0	84939	128.722024	1
0	84989	128.82157344	1
0	84993	128.8216144	1
0	84998	128.82165536	1
0	85003	128.82169632	1
0	85004	128.82173728	1
0	85005	128.82177824	1
0	85006	128.8218192	1
0	85007	128.82186016	1
0	85008	128.82190112	1
0	85009	128.82194208	1
0	85010	128.82198304	1
0	85011	128.822024	1
0	85061	128.92157344	1
0	85065	128.9216144	1
0	85070	128.92165536	1
0	85075	128.92169632	1
0	85076	128.92173728	1
0	85077	128.92177824	1
0	85078	128.9218192	1
0	85079	128.92186016	1
0	85080	128.92190112	1
0	85081	128.92194208	1
0	85082	128.92198304	1
0	85083	128.922024	1
0	85133	129.02157344	1
0	85137	129.0216144	1
0	85142	129.02165536	1
0	85147	129.02169632	1
0	85148	129.02173728	1
0	85149	129.02177824	1
0	85150	129.0218192	1
0	85151	129.02186016	1
0	85152	129.02190112	1
0	85153	129.02194208	1
0	85154	129.02198304	1
0	85155	129.022024	1
0	85205	129.12157344	1
0	85209	129.1216144	1
0	85214	129.12165536	1
0	85219	129.12169632	1
0	85220	129.12173728	1
0	85221	129.12177824	1
0	85222	129.1218192	1
0	85223	129.12186016	1
0	85224	129.12190112	1
0	85225	129.12194208	1
0	85226	129.12198304	1
0	85227	129.122024	1
0	85277	129.22157344	1
0	85281	129.2216144	1
0	85286	129.22165536	1
0	85291	129.22169632	1
0	85292	129.22173728	1
0	85293	129.22177824	1
0	85294	129.2218192	1
0	85295	129.22186016	1
0	85296	129.22190112	1
0	85297	129.22194208	1
0	85298	129.22198304	1
0	85299	129.222024	1
0	85349	129.32157344	1
0	85353	129.3216144	1
0	85358	129.32165536	1
0	85363	129.32169632	1
0	85364	129.32173728	1
0	85365	129.32177824	1
0	85366	129.3218192	1
0	85367	129.32186016	1
0	85368	129.32190112	1
0	85369	129.32194208	1
0	85370	129.32198304	1
0	85371	129.322024	1
0	85421	129.42157344	1
0	85425	129.4216144	1
0	85430	129.42165536	1
0	85435	129.42169632	1
0	85436	129.42173728	1
0	85437	129.42177824	1
0	85438	129.4218192	1
0	85439	129.42186016	1
0	85440	129.42190112	1
0	85441	129.42194208	1
0	85442	129.42198304	1
0	85443	129.422024	1
0	85493	129.52157344	1
0	85497	129.5216144	1
0	85502	129.52165536	1
0	85507	129.52169632	1
0	85508	129.52173728	1
0	85509	129.52177824	1
0	85510	129.5218192	1
0	85511	129.52186016	1
0	85512	129.52190112	1
0	85513	129.52194208	1
0	85514	129.52198304	1
0	85515	129.522024	1
0	85565	129.62157344	1
0	85569	129.6216144	1
0	85574	129.62165536	1
0	85579	129.62169632	1
0	85580	129.62173728	1
0	85581	129.62177824	1
0	85582	129.6218192	1
0	85583	129.62186016	1
0	85584	129.62190112	1
0	85585	129.62194208	1
0	85586	129.62198304	1
0	85587	129.622024	1
0	85637	129.72157344	1
0	85641	129.7216144	1
0	85646	129.72165536	1
0	85651	129.72169632	1
0	85652	129.72173728	1
0	85653	129.72177824	1
0	85654	129.7218192	1
0	85655	129.72186016	1
0	85656	129.72190112	1
0	85657	129.72194208	1
0	85658	129.72198304	1
0	85659	129.722024	1
0	85709	129.82157344	1
0	85713	129.8216144	1
0	85718	129.82165536	1
0	85723	129.82169632	1
0	85724	129.82173728	1
0	85725	129.82177824	1
0	85726	129.8218192	1
0	85727	129.82186016	1
0	85728	129.82190112	1
0	85729	129.82194208	1
0	85730	129.82198304	1
0	85731	129.822024	1
0	85781	129.92157344	1
0	85785	129.9216144	1
0	85790	129.92165536	1
0	85795	129.92169632	1
0	85796	129.92173728	1
0	85797	129.92177824	1
0	85798	129.9218192	1
0	85799	129.92186016	1
0	85800	129.92190112	1
0	85801	129.92194208	1
0	85802	129.92198304	1
0	85803	129.922024	1
0	85853	130.02157344	1
0	85857	130.0216144	1
0	85862	130.02165536	1
0	85867	130.02169632	1
0	85868	130.02173728	1
0	85869	130.02177824	1
0	85870	130.0218192	1
0	85871	130.02186016	1
0	85872	130.02190112	1
0	85873	130.02194208	1
0	85874	130.02198304	1
0	85875	130.022024	1
0	85925	130.12157344	1
0	85929	130.1216144	1
0	85934	130.12165536	1
0	85939	130.12169632	1
0	85940	130.12173728	1
0	85941	130.12177824	1
0	85942	130.1218192	1
0	85943	130.12186016	1
0	85944	130.12190112	1
0	85945	130.12194208	1
0	85946	130.12198304	1
0	85947	130.122024	1
0	85997	130.22157344	1
0	86001	130.2216144	1
0	86006	130.22165536	1
0	86011	130.22169632	1
0	86012	130.22173728	1
0	86013	130.22177824	1
0	86014	130.2218192	1
0	86015	130.22186016	1
0	86016	130.22190112	1
0	86017	130.22194208	1
0	86018	130.22198304	1
0	86019	130.222024	1
0	86069	130.32157344	1
0	86073	130.3216144	1
0	86078	130.32165536	1
0	86083	130.32169632	1
0	86084	130.32173728	1
0	86085	130.32177824	1
0	86086	130.3218192	1
0	86087	130.32186016	1
0	86088	130.32190112	1
0	86089	130.32194208	1
0	86090	130.32198304	1
0	86091	130.322024	1
0	86141	130.42157344	1
0	86145	130.4216144	1
0	86150	130.42165536	1
0	86155	130.42169632	1
0	86156	130.42173728	1
0	86157	130.42177824	1
0	86158	130.4218192	1
0	86159	130.42186016	1
0	86160	130.42190112	1
0	86161	130.42194208	1
0	86162	130.42198304	1
0	86163	130.422024	1
0	86213	130.52157344	1
0	86217	130.5216144	1
0	86222	130.52165536	1
0	86227	130.52169632	1
0	86228	130.52173728	1
0	86229	130.52177824	1
0	86230	130.5218192	1
0	86231	130.52186016	1
0	86232	130.52190112	1
0	86233	130.52194208	1
0	86234	130.52198304	1
0	86235	130.522024	1
0	86285	130.62157344	1
0	86289	130.6216144	1
0	86294	130.62165536	1
0	86299	130.62169632	1
0	86300	130.62173728	1
0	86301	130.62177824	1
0	86302	130.6218192	1
0	86303	130.62186016	1
0	86304	130.62190112	1
0	86305	130.62194208	1
0	86306	130.62198304	1
0	86307	130.622024	1
0	86357	130.72157344	1
0	86361	130.7216144	1
0	86366	130.72165536	1
0	86371	130.72169632	1
0	86372	130.72173728	1
0	86373	130.72177824	1
0	86374	130.7218192	1
0	86375	130.72186016	1
0	86376	130.72190112	1
0	86377	130.72194208	1
0	86378	130.72198304	1
0	86379	130.722024	1
0	86429	130.82157344	1
0	86433	130.8216144	1
0	86438	130.82165536	1
0	86443	130.82169632	1
0	86444	130.82173728	1
0	86445	130.82177824	1
0	86446	130.8218192	1
0	86447	130.82186016	1
0	86448	130.82190112	1
0	86449	130.82194208	1
0	86450	130.82198304	1
0	86451	130.822024	1
0	86501	130.92157344	1
0	86505	130.9216144	1
0	86510	130.92165536	1
0	86515	130.92169632	1
0	86516	130.92173728	1
0	86517	130.92177824	1
0	86518	130.9218192	1
0	86519	130.92186016	1
0	86520	130.92190112	1
0	86521	130.92194208	1
0	86522	130.92198304	1
0	86523	130.922024	1
0	86573	131.02157344	1
0	86577	131.0216144	1
0	86582	131.02165536	1
0	86587	131.02169632	1
0	86588	131.02173728	1
0	86589	131.02177824	1
0	86590	131.0218192	1
0	86591	131.02186016	1
0	86592	131.02190112	1
0	86593	131.02194208	1
0	86594	131.02198304	1
0	86595	131.022024	1
0	86645	131.12157344	1
0	86649	131.1216144	1
0	86654	131.12165536	1
0	86659	131.12169632	1
0	86660	131.12173728	1
0	86661	131.12177824	1
0	86662	131.1218192	1
0	86663	131.12186016	1
0	86664	131.12190112	1
0	86665	131.12194208	1
0	86666	131.12198304	1
0	86667	131.122024	1
0	86717	131.22157344	1
0	86721	131.2216144	1
0	86726	131.22165536	1
0	86731	131.22169632	1
0	86732	131.22173728	1
0	86733	131.22177824	1
0	86734	131.2218192	1
0	86735	131.22186016	1
0	86736	131.22190112	1
0	86737	131.22194208	1
0	86738	131.22198304	1
0	86739	131.222024	1
0	86789	131.32157344	1
0	86793	131.3216144	1
0	86798	131.32165536	1
0	86803	131.32169632	1
0	86804	131.32173728	1
0	86805	131.32177824	1
0	86806	131.3218192	1
0	86807	131.32186016	1
0	86808	131.32190112	1
0	86809	131.32194208	1
0	86810	131.32198304	1
0	86811	131.322024	1
0	86861	131.42157344	1
0	86865	131.4216144	1
0	86870	131.42165536	1
0	86875	131.42169632	1
0	86876	131.42173728	1
0	86877	131.42177824	1
0	86878	131.4218192	1
0	86879	131.42186016	1
0	86880	131.42190112	1
0	86881	131.42194208	1
0	86882	131.42198304	1
0	86883	131.422024	1
0	86933	131.52157344	1
0	86937	131.5216144	1
0	86942	131.52165536	1
0	86947	131.52169632	1
0	86948	131.52173728	1
0	86949	131.52177824	1
0	86950	131.5218192	1
0	86951	131.52186016	1
0	86952	131.52190112	1
0	86953	131.52194208	1
0	86954	131.52198304	1
0	86955	131.522024	1
0	87005	131.62157344	1
0	87009	131.6216144	1
0	87014	131.62165536	1
0	87019	131.62169632	1
0	87020	131.62173728	1
0	87021	131.62177824	1
0	87022	131.6218192	1
0	87023	131.62186016	1
0	87024	131.62190112	1
0	87025	131.62194208	1
0	87026	131.62198304	1
0	87027	131.622024	1
0	87077	131.72157344	1
0	87081	131.7216144	1
0	87086	131.72165536	1
0	87091	131.72169632	1
0	87092	131.72173728	1
0	87093	131.72177824	1
0	87094	131.7218192	1
0	87095	131.72186016	1
0	87096	131.72190112	1
0	87097	131.72194208	1
0	87098	131.72198304	1
0	87099	131.722024	1
0	87149	131.82157344	1
0	87153	131.8216144	1
0	87158	131.82165536	1
0	87163	131.82169632	1
0	87164	131.82173728	1
0	87165	131.82177824	1
0	87166	131.8218192	1
0	87167	131.82186016	1
0	87168	131.82190112	1
0	87169	131.82194208	1
0	87170	131.82198304	1
0	87171	131.822024	1
0	87221	131.92157344	1
0	87225	131.9216144	1
0	87230	131.92165536	1
0	87235	131.92169632	1
0	87236	131.92173728	1
0	87237	131.92177824	1
0	87238	131.9218192	1
0	87239	131.92186016	1
0	87240	131.92190112	1
0	87241	131.92194208	1
0	87242	131.92198304	1
0	87243	131.922024	1
0	87293	132.02157344	1
0	87297	132.0216144	1
0	87302	132.02165536	1
0	87307	132.02169632	1
0	87308	132.02173728	1
0	87309	132.02177824	1
0	87310	132.0218192	1
0	87311	132.02186016	1
0	87312	132.02190112	1
0	87313	132.02194208	1
0	87314	132.02198304	1
0	87315	132.022024	1
0	87365	132.12157344	1
0	87369	132.1216144	1
0	87374	132.12165536	1
0	87379	132.12169632	1
0	87380	132.12173728	1
0	87381	132.12177824	1
0	87382	132.1218192	1
0	87383	132.12186016	1
0	87384	132.12190112	1
0	87385	132.12194208	1
0	87386	132.12198304	1
0	87387	132.122024	1
0	87437	132.22157344	1
0	87441	132.2216144	1
0	87446	132.22165536	1
0	87451	132.22169632	1
0	87452	132.22173728	1
0	87453	132.22177824	1
0	87454	132.2218192	1
0	87455	132.22186016	1
0	87456	132.22190112	1
0	87457	132.22194208	1
0	87458	132.22198304	1
0	87459	132.222024	1
0	87509	132.32157344	1
0	87513	132.3216144	1
0	87518	132.32165536	1
0	87523	132.32169632	1
0	87524	132.32173728	1
0	87525	132.32177824	1
0	87526	132.3218192	1
0	87527	132.32186016	1
0	87528	132.32190112	1
0	87529	132.32194208	1
0	87530	132.32198304	1
0	87531	132.322024	1
0	87581	132.42157344	1
0	87585	132.4216144	1
0	87590	132.42165536	1
0	87595	132.42169632	1
0	87596	132.42173728	1
0	87597	132.42177824	1
0	87598	132.4218192	1
0	87599	132.42186016	1
0	87600	132.42190112	1
0	87601	132.42194208	1
0	87602	132.42198304	1
0	87603	132.422024	1
0	87653	132.52157344	1
0	87657	132.5216144	1
0	87662	132.52165536	1
0	87667	132.52169632	1
0	87668	132.52173728	1
0	87669	132.52177824	1
0	87670	132.5218192	1
0	87671	132.52186016	1
0	87672	132.52190112	1
0	87673	132.52194208	1
0	87674	132.52198304	1
0	87675	132.522024	1
0	87725	132.62157344	1
0	87729	132.6216144	1
0	87734	132.62165536	1
0	87739	132.62169632	1
0	87740	132.62173728	1
0	87741	132.62177824	1
0	87742	132.6218192	1
0	87743	132.62186016	1
0	87744	132.62190112	1
0	87745	132.62194208	1
0	87746	132.62198304	1
0	87747	132.622024	1
0	87797	132.72157344	1
0	87801	132.7216144	1
0	87806	132.72165536	1
0	87811	132.72169632	1
0	87812	132.72173728	1
0	87813	132.72177824	1
0	87814	132.7218192	1
0	87815	132.72186016	1
0	87816	132.72190112	1
0	87817	132.72194208	1
0	87818	132.72198304	1
0	87819	132.722024	1
0	87869	132.82157344	1
0	87873	132.8216144	1
0	87878	132.82165536	1
0	87883	132.82169632	1
0	87884	132.82173728	1
0	87885	132.82177824	1
0	87886	132.8218192	1
0	87887	132.82186016	1
0	87888	132.82190112	1
0	87889	132.82194208	1
0	87890	132.82198304	1
0	87891	132.822024	1
0	87941	132.92157344	1
0	87945	132.9216144	1
0	87950	132.92165536	1
0	87955	132.92169632	1
0	87956	132.92173728	1
0	87957	132.92177824	1
0	87958	132.9218192	1
0	87959	132.92186016	1
0	87960	132.92190112	1
0	87961	132.92194208	1
0	87962	132.92198304	1
0	87963	132.922024	1
0	88013	133.02157344	1
0	88017	133.0216144	1
0	88022	133.02165536	1
0	88027	133.02169632	1
0	88028	133.02173728	1
0	88029	133.02177824	1
0	88030	133.0218192	1
0	88031	133.02186016	1
0	88032	133.02190112	1
0	88033	133.02194208	1
0	88034	133.02198304	1
0	88035	133.022024	1
0	88085	133.12157344	1
0	88089	133.1216144	1
0	88094	133.12165536	1
0	88099	133.12169632	1
0	88100	133.12173728	1
0	88101	133.12177824	1
0	88102	133.1218192	1
0	88103	133.12186016	1
0	88104	133.12190112	1
0	88105	133.12194208	1
0	88106	133.12198304	1
0	88107	133.122024	1
0	88157	133.22157344	1
0	88161	133.2216144	1
0	88166	133.22165536	1
0	88171	133.22169632	1
0	88172	133.22173728	1
0	88173	133.22177824	1
0	88174	133.2218192	1
0	88175	133.22186016	1
0	88176	133.22190112	1
0	88177	133.22194208	1
0	88178	133.22198304	1
0	88179	133.222024	1
0	88229	133.32157344	1
0	88233	133.3216144	1
0	88238	133.32165536	1
0	88243	133.32169632	1
0	88244	133.32173728	1
0	88245	133.32177824	1
0	88246	133.3218192	1
0	88247	133.32186016	1
0	88248	133.32190112	1
0	88249	133.32194208	1
0	88250	133.32198304	1
0	88251	133.322024	1
0	88301	133.42157344	1
0	88305	133.4216144	1
0	88310	133.42165536	1
0	88315	133.42169632	1
0	88316	133.42173728	1
0	88317	133.42177824	1
0	88318	133.4218192	1
0	88319	133.42186016	1
0	88320	133.42190112	1
0	88321	133.42194208	1
0	88322	133.42198304	1
0	88323	133.422024	1
0	88373	133.52157344	1
0	88377	133.5216144	1
0	88382	133.52165536	1
0	88387	133.52169632	1
0	88388	133.52173728	1
0	88389	133.52177824	1
0	88390	133.5218192	1
0	88391	133.52186016	1
0	88392	133.52190112	1
0	88393	133.52194208	1
0	88394	133.52198304	1
0	88395	133.522024	1
0	88445	133.62157344	1
0	88449	133.6216144	1
0	88454	133.62165536	1
0	88459	133.62169632	1
0	88460	133.62173728	1
0	88461	133.62177824	1
0	88462	133.6218192	1
0	88463	133.62186016	1
0	88464	133.62190112	1
0	88465	133.62194208	1
0	88466	133.62198304	1
0	88467	133.622024	1
0	88517	133.72157344	1
0	88521	133.7216144	1
0	88526	133.72165536	1
0	88531	133.72169632	1
0	88532	133.72173728	1
0	88533	133.72177824	1
0	88534	133.7218192	1
0	88535	133.72186016	1
0	88536	133.72190112	1
0	88537	133.72194208	1
0	88538	133.72198304	1
0	88539	133.722024	1
0	88589	133.82157344	1
0	88593	133.8216144	1
0	88598	133.82165536	1
0	88603	133.82169632	1
0	88604	133.82173728	1
0	88605	133.82177824	1
0	88606	133.8218192	1
0	88607	133.82186016	1
0	88608	133.82190112	1
0	88609	133.82194208	1
0	88610	133.82198304	1
0	88611	133.822024	1
0	88661	133.92157344	1
0	88665	133.9216144	1
0	88670	133.92165536	1
0	88675	133.92169632	1
0	88676	133.92173728	1
0	88677	133.92177824	1
0	88678	133.9218192	1
0	88679	133.92186016	1
0	88680	133.92190112	1
0	88681	133.92194208	1
0	88682	133.92198304	1
0	88683	133.922024	1
0	88733	134.02157344	1
0	88737	134.0216144	1
0	88742	134.02165536	1
0	88747	134.02169632	1
0	88748	134.02173728	1
0	88749	134.02177824	1
0	88750	134.0218192	1
0	88751	134.02186016	1
0	88752	134.02190112	1
0	88753	134.02194208	1
0	88754	134.02198304	1
0	88755	134.022024	1
0	88805	134.12157344	1
0	88809	134.1216144	1
0	88814	134.12165536	1
0	88819	134.12169632	1
0	88820	134.12173728	1
0	88821	134.12177824	1
0	88822	134.1218192	1
0	88823	134.12186016	1
0	88824	134.12190112	1
0	88825	134.12194208	1
0	88826	134.12198304	1
0	88827	134.122024	1
0	88877	134.22157344	1
0	88881	134.2216144	1
0	88886	134.22165536	1
0	88891	134.22169632	1
0	88892	134.22173728	1
0	88893	134.22177824	1
0	88894	134.2218192	1
0	88895	134.22186016	1
0	88896	134.22190112	1
0	88897	134.22194208	1
0	88898	134.22198304	1
0	88899	134.222024	1
0	88949	134.32157344	1
0	88953	134.3216144	1
0	88958	134.32165536	1
0	88963	134.32169632	1
0	88964	134.32173728	1
0	88965	134.32177824	1
0	88966	134.3218192	1
0	88967	134.32186016	1
0	88968	134.32190112	1
0	88969	134.32194208	1
0	88970	134.32198304	1
0	88971	134.322024	1
0	89021	134.42157344	1
0	89025	134.4216144	1
0	89030	134.42165536	1
0	89035	134.42169632	1
0	89036	134.42173728	1
0	89037	134.42177824	1
0	89038	134.4218192	1
0	89039	134.42186016	1
0	89040	134.42190112	1
0	89041	134.42194208	1
0	89042	134.42198304	1
0	89043	134.422024	1
0	89093	134.52157344	1
0	89097	134.5216144	1
0	89102	134.52165536	1
0	89107	134.52169632	1
0	89108	134.52173728	1
0	89109	134.52177824	1
0	89110	134.5218192	1
0	89111	134.52186016	1
0	89112	134.52190112	1
0	89113	134.52194208	1
0	89114	134.52198304	1
0	89115	134.522024	1
0	89165	134.62157344	1
0	89169	134.6216144	1
0	89174	134.62165536	1
0	89179	134.62169632	1
0	89180	134.62173728	1
0	89181	134.62177824	1
0	89182	134.6218192	1
0	89183	134.62186016	1
0	89184	134.62190112	1
0	89185	134.62194208	1
0	89186	134.62198304	1
0	89187	134.622024	1
0	89237	134.72157344	1
0	89241	134.7216144	1
0	89246	134.72165536	1
0	89251	134.72169632	1
0	89252	134.72173728	1
0	89253	134.72177824	1
0	89254	134.7218192	1
0	89255	134.72186016	1
0	89256	134.72190112	1
0	89257	134.72194208	1
0	89258	134.72198304	1
0	89259	134.722024	1
0	89309	134.82157344	1
0	89313	134.8216144	1
0	89318	134.82165536	1
0	89323	134.82169632	1
0	89324	134.82173728	1
0	89325	134.82177824	1
0	89326	134.8218192	1
0	89327	134.82186016	1
0	89328	134.82190112	1
0	89329	134.82194208	1
0	89330	134.82198304	1
0	89331	134.822024	1
0	89381	134.92157344	1
0	89385	134.9216144	1
0	89390	134.92165536	1
0	89395	134.92169632	1
0	89396	134.92173728	1
0	89397	134.92177824	1
0	89398	134.9218192	1
0	89399	134.92186016	1
0	89400	134.92190112	1
0	89401	134.92194208	1
0	89402	134.92198304	1
0	89403	134.922024	1
0	89453	135.02157344	1
0	89457	135.0216144	1
0	89462	135.02165536	1
0	89467	135.02169632	1
0	89468	135.02173728	1
0	89469	135.02177824	1
0	89470	135.0218192	1
0	89471	135.02186016	1
0	89472	135.02190112	1
0	89473	135.02194208	1
0	89474	135.02198304	1
0	89475	135.022024	1
0	89525	135.12157344	1
0	89529	135.1216144	1
0	89534	135.12165536	1
0	89539	135.12169632	1
0	89540	135.12173728	1
0	89541	135.12177824	1
0	89542	135.1218192	1
0	89543	135.12186016	1
0	89544	135.12190112	1
0	89545	135.12194208	1
0	89546	135.12198304	1
0	89547	135.122024	1
0	89597	135.22157344	1
0	89601	135.2216144	1
0	89606	135.22165536	1
0	89611	135.22169632	1
0	89612	135.22173728	1
0	89613	135.22177824	1
0	89614	135.2218192	1
0	89615	135.22186016	1
0	89616	135.22190112	1
0	89617	135.22194208	1
0	89618	135.22198304	1
0	89619	135.222024	1
0	89669	135.32157344	1
0	89673	135.3216144	1
0	89678	135.32165536	1
0	89683	135.32169632	1
0	89684	135.32173728	1
0	89685	135.32177824	1
0	89686	135.3218192	1
0	89687	135.32186016	1
0	89688	135.32190112	1
0	89689	135.32194208	1
0	89690	135.32198304	1
0	89691	135.322024	1
0	89741	135.42157344	1
0	89745	135.4216144	1
0	89750	135.42165536	1
0	89755	135.42169632	1
0	89756	135.42173728	1
0	89757	135.42177824	1
0	89758	135.4218192	1
0	89759	135.42186016	1
0	89760	135.42190112	1
0	89761	135.42194208	1
0	89762	135.42198304	1
0	89763	135.422024	1
0	89813	135.52157344	1
0	89817	135.5216144	1
0	89822	135.52165536	1
0	89827	135.52169632	1
0	89828	135.52173728	1
0	89829	135.52177824	1
0	89830	135.5218192	1
0	89831	135.52186016	1
0	89832	135.52190112	1
0	89833	135.52194208	1
0	89834	135.52198304	1
0	89835	135.522024	1
0	89885	135.62157344	1
0	89889	135.6216144	1
0	89894	135.62165536	1
0	89899	135.62169632	1
0	89900	135.62173728	1
0	89901	135.62177824	1
0	89902	135.6218192	1
0	89903	135.62186016	1
0	89904	135.62190112	1
0	89905	135.62194208	1
0	89906	135.62198304	1
0	89907	135.622024	1
0	89957	135.72157344	1
0	89961	135.7216144	1
0	89966	135.72165536	1
0	89971	135.72169632	1
0	89972	135.72173728	1
0	89973	135.72177824	1
0	89974	135.7218192	1
0	89975	135.72186016	1
0	89976	135.72190112	1
0	89977	135.72194208	1
0	89978	135.72198304	1
0	89979	135.722024	1
0	90029	135.82157344	1
0	90033	135.8216144	1
0	90038	135.82165536	1
0	90043	135.82169632	1
0	90044	135.82173728	1
0	90045	135.82177824	1
0	90046	135.8218192	1
0	90047	135.82186016	1
0	90048	135.82190112	1
0	90049	135.82194208	1
0	90050	135.82198304	1
0	90051	135.822024	1
0	90101	135.92157344	1
0	90105	135.9216144	1
0	90110	135.92165536	1
0	90115	135.92169632	1
0	90116	135.92173728	1
0	90117	135.92177824	1
0	90118	135.9218192	1
0	90119	135.92186016	1
0	90120	135.92190112	1
0	90121	135.92194208	1
0	90122	135.92198304	1
0	90123	135.922024	1
0	90173	136.02157344	1
0	90177	136.0216144	1
0	90182	136.02165536	1
0	90187	136.02169632	1
0	90188	136.02173728	1
0	90189	136.02177824	1
0	90190	136.0218192	1
0	90191	136.02186016	1
0	90192	136.02190112	1
0	90193	136.02194208	1
0	90194	136.02198304	1
0	90195	136.022024	1
0	90245	136.12157344	1
0	90249	136.1216144	1
0	90254	136.12165536	1
0	90259	136.12169632	1
0	90260	136.12173728	1
0	90261	136.12177824	1
0	90262	136.1218192	1
0	90263	136.12186016	1
0	90264	136.12190112	1
0	90265	136.12194208	1
0	90266	136.12198304	1
0	90267	136.122024	1
0	90317	136.22157344	1
0	90321	136.2216144	1
0	90326	136.22165536	1
0	90331	136.22169632	1
0	90332	136.22173728	1
0	90333	136.22177824	1
0	90334	136.2218192	1
0	90335	136.22186016	1
0	90336	136.22190112	1
0	90337	136.22194208	1
0	90338	136.22198304	1
0	90339	136.222024	1
0	90389	136.32157344	1
0	90393	136.3216144	1
0	90398	136.32165536	1
0	90403	136.32169632	1
0	90404	136.32173728	1
0	90405	136.32177824	1
0	90406	136.3218192	1
0	90407	136.32186016	1
0	90408	136.32190112	1
0	90409	136.32194208	1
0	90410	136.32198304	1
0	90411	136.322024	1
0	90461	136.42157344	1
0	90465	136.4216144	1
0	90470	136.42165536	1
0	90475	136.42169632	1
0	90476	136.42173728	1
0	90477	136.42177824	1
0	90478	136.4218192	1
0	90479	136.42186016	1
0	90480	136.42190112	1
0	90481	136.42194208	1
0	90482	136.42198304	1
0	90483	136.422024	1
0	90533	136.52157344	1
0	90537	136.5216144	1
0	90542	136.52165536	1
0	90547	136.52169632	1
0	90548	136.52173728	1
0	90549	136.52177824	1
0	90550	136.5218192	1
0	90551	136.52186016	1
0	90552	136.52190112	1
0	90553	136.52194208	1
0	90554	136.52198304	1
0	90555	136.522024	1
0	90605	136.62157344	1
0	90609	136.6216144	1
0	90614	136.62165536	1
0	90619	136.62169632	1
0	90620	136.62173728	1
0	90621	136.62177824	1
0	90622	136.6218192	1
0	90623	136.62186016	1
0	90624	136.62190112	1
0	90625	136.62194208	1
0	90626	136.62198304	1
0	90627	136.622024	1
0	90677	136.72157344	1
0	90681	136.7216144	1
0	90686	136.72165536	1
0	90691	136.72169632	1
0	90692	136.72173728	1
0	90693	136.72177824	1
0	90694	136.7218192	1
0	90695	136.72186016	1
0	90696	136.72190112	1
0	90697	136.72194208	1
0	90698	136.72198304	1
0	90699	136.722024	1
0	90749	136.82157344	1
0	90753	136.8216144	1
0	90758	136.82165536	1
0	90763	136.82169632	1
0	90764	136.82173728	1
0	90765	136.82177824	1
0	90766	136.8218192	1
0	90767	136.82186016	1
0	90768	136.82190112	1
0	90769	136.82194208	1
0	90770	136.82198304	1
0	90771	136.822024	1
0	90821	136.92157344	1
0	90825	136.9216144	1
0	90830	136.92165536	1
0	90835	136.92169632	1
0	90836	136.92173728	1
0	90837	136.92177824	1
0	90838	136.9218192	1
0	90839	136.92186016	1
0	90840	136.92190112	1
0	90841	136.92194208	1
0	90842	136.92198304	1
0	90843	136.922024	1
0	90893	137.02157344	1
0	90897	137.0216144	1
0	90902	137.02165536	1
0	90907	137.02169632	1
0	90908	137.02173728	1
0	90909	137.02177824	1
0	90910	137.0218192	1
0	90911	137.02186016	1
0	90912	137.02190112	1
0	90913	137.02194208	1
0	90914	137.02198304	1
0	90915	137.022024	1
0	90965	137.12157344	1
0	90969	137.1216144	1
0	90974	137.12165536	1
0	90979	137.12169632	1
0	90980	137.12173728	1
0	90981	137.12177824	1
0	90982	137.1218192	1
0	90983	137.12186016	1
0	90984	137.12190112	1
0	90985	137.12194208	1
0	90986	137.12198304	1
0	90987	137.122024	1
0	91037	137.22157344	1
0	91041	137.2216144	1
0	91046	137.22165536	1
0	91051	137.22169632	1
0	91052	137.22173728	1
0	91053	137.22177824	1
0	91054	137.2218192	1
0	91055	137.22186016	1
0	91056	137.22190112	1
0	91057	137.22194208	1
0	91058	137.22198304	1
0	91059	137.222024	1
0	91109	137.32157344	1
0	91113	137.3216144	1
0	91118	137.32165536	1
0	91123	137.32169632	1
0	91124	137.32173728	1
0	91125	137.32177824	1
0	91126	137.3218192	1
0	91127	137.32186016	1
0	91128	137.32190112	1
0	91129	137.32194208	1
0	91130	137.32198304	1
0	91131	137.322024	1
0	91181	137.42157344	1
0	91185	137.4216144	1
0	91190	137.42165536	1
0	91195	137.42169632	1
0	91196	137.42173728	1
0	91197	137.42177824	1
0	91198	137.4218192	1
0	91199	137.42186016	1
0	91200	137.42190112	1
0	91201	137.42194208	1
0	91202	137.42198304	1
0	91203	137.422024	1
0	91253	137.52157344	1
0	91257	137.5216144	1
0	91262	137.52165536	1
0	91267	137.52169632	1
0	91268	137.52173728	1
0	91269	137.52177824	1
0	91270	137.5218192	1
0	91271	137.52186016	1
0	91272	137.52190112	1
0	91273	137.52194208	1
0	91274	137.52198304	1
0	91275	137.522024	1
0	91325	137.62157344	1
0	91329	137.6216144	1
0	91334	137.62165536	1
0	91339	137.62169632	1
0	91340	137.62173728	1
0	91341	137.62177824	1
0	91342	137.6218192	1
0	91343	137.62186016	1
0	91344	137.62190112	1
0	91345	137.62194208	1
0	91346	137.62198304	1
0	91347	137.622024	1
0	91397	137.72157344	1
0	91401	137.7216144	1
0	91406	137.72165536	1
0	91411	137.72169632	1
0	91412	137.72173728	1
0	91413	137.72177824	1
0	91414	137.7218192	1
0	91415	137.72186016	1
0	91416	137.72190112	1
0	91417	137.72194208	1
0	91418	137.72198304	1
0	91419	137.722024	1
0	91469	137.82157344	1
0	91473	137.8216144	1
0	91478	137.82165536	1
0	91483	137.82169632	1
0	91484	137.82173728	1
0	91485	137.82177824	1
0	91486	137.8218192	1
0	91487	137.82186016	1
0	91488	137.82190112	1
0	91489	137.82194208	1
0	91490	137.82198304	1
0	91491	137.822024	1
0	91541	137.92157344	1
0	91545	137.9216144	1
0	91550	137.92165536	1
0	91555	137.92169632	1
0	91556	137.92173728	1
0	91557	137.92177824	1
0	91558	137.9218192	1
0	91559	137.92186016	1
0	91560	137.92190112	1
0	91561	137.92194208	1
0	91562	137.92198304	1
0	91563	137.922024	1
0	91613	138.02157344	1
0	91617	138.0216144	1
0	91622	138.02165536	1
0	91627	138.02169632	1
0	91628	138.02173728	1
0	91629	138.02177824	1
0	91630	138.0218192	1
0	91631	138.02186016	1
0	91632	138.02190112	1
0	91633	138.02194208	1
0	91634	138.02198304	1
0	91635	138.022024	1
0	91685	138.12157344	1
0	91689	138.1216144	1
0	91694	138.12165536	1
0	91699	138.12169632	1
0	91700	138.12173728	1
0	91701	138.12177824	1
0	91702	138.1218192	1
0	91703	138.12186016	1
0	91704	138.12190112	1
0	91705	138.12194208	1
0	91706	138.12198304	1
0	91707	138.122024	1
0	91757	138.22157344	1
0	91761	138.2216144	1
0	91766	138.22165536	1
0	91771	138.22169632	1
0	91772	138.22173728	1
0	91773	138.22177824	1
0	91774	138.2218192	1
0	91775	138.22186016	1
0	91776	138.22190112	1
0	91777	138.22194208	1
0	91778	138.22198304	1
0	91779	138.222024	1
0	91829	138.32157344	1
0	91833	138.3216144	1
0	91838	138.32165536	1
0	91843	138.32169632	1
0	91844	138.32173728	1
0	91845	138.32177824	1
0	91846	138.3218192	1
0	91847	138.32186016	1
0	91848	138.32190112	1
0	91849	138.32194208	1
0	91850	138.32198304	1
0	91851	138.322024	1
0	91901	138.42157344	1
0	91905	138.4216144	1
0	91910	138.42165536	1
0	91915	138.42169632	1
0	91916	138.42173728	1
0	91917	138.42177824	1
0	91918	138.4218192	1
0	91919	138.42186016	1
0	91920	138.42190112	1
0	91921	138.42194208	1
0	91922	138.42198304	1
0	91923	138.422024	1
0	91973	138.52157344	1
0	91977	138.5216144	1
0	91982	138.52165536	1
0	91987	138.52169632	1
0	91988	138.52173728	1
0	91989	138.52177824	1
0	91990	138.5218192	1
0	91991	138.52186016	1
0	91992	138.52190112	1
0	91993	138.52194208	1
0	91994	138.52198304	1
0	91995	138.522024	1
0	92045	138.62157344	1
0	92049	138.6216144	1
0	92054	138.62165536	1
0	92059	138.62169632	1
0	92060	138.62173728	1
0	92061	138.62177824	1
0	92062	138.6218192	1
0	92063	138.62186016	1
0	92064	138.62190112	1
0	92065	138.62194208	1
0	92066	138.62198304	1
0	92067	138.622024	1
0	92117	138.72157344	1
0	92121	138.7216144	1
0	92126	138.72165536	1
0	92131	138.72169632	1
0	92132	138.72173728	1
0	92133	138.72177824	1
0	92134	138.7218192	1
0	92135	138.72186016	1
0	92136	138.72190112	1
0	92137	138.72194208	1
0	92138	138.72198304	1
0	92139	138.722024	1
0	92189	138.82157344	1
0	92193	138.8216144	1
0	92198	138.82165536	1
0	92203	138.82169632	1
0	92204	138.82173728	1
0	92205	138.82177824	1
0	92206	138.8218192	1
0	92207	138.82186016	1
0	92208	138.82190112	1
0	92209	138.82194208	1
0	92210	138.82198304	1
0	92211	138.822024	1
0	92261	138.92157344	1
0	92265	138.9216144	1
0	92270	138.92165536	1
0	92275	138.92169632	1
0	92276	138.92173728	1
0	92277	138.92177824	1
0	92278	138.9218192	1
0	92279	138.92186016	1
0	92280	138.92190112	1
0	92281	138.92194208	1
0	92282	138.92198304	1
0	92283	138.922024	1
0	92333	139.02157344	1
0	92337	139.0216144	1
0	92342	139.02165536	1
0	92347	139.02169632	1
0	92348	139.02173728	1
0	92349	139.02177824	1
0	92350	139.0218192	1
0	92351	139.02186016	1
0	92352	139.02190112	1
0	92353	139.02194208	1
0	92354	139.02198304	1
0	92355	139.022024	1
0	92405	139.12157344	1
0	92409	139.1216144	1
0	92414	139.12165536	1
0	92419	139.12169632	1
0	92420	139.12173728	1
0	92421	139.12177824	1
0	92422	139.1218192	1
0	92423	139.12186016	1
0	92424	139.12190112	1
0	92425	139.12194208	1
0	92426	139.12198304	1
0	92427	139.122024	1
0	92477	139.22157344	1
0	92481	139.2216144	1
0	92486	139.22165536	1
0	92491	139.22169632	1
0	92492	139.22173728	1
0	92493	139.22177824	1
0	92494	139.2218192	1
0	92495	139.22186016	1
0	92496	139.22190112	1
0	92497	139.22194208	1
0	92498	139.22198304	1
0	92499	139.222024	1
0	92549	139.32157344	1
0	92553	139.3216144	1
0	92558	139.32165536	1
0	92563	139.32169632	1
0	92564	139.32173728	1
0	92565	139.32177824	1
0	92566	139.3218192	1
0	92567	139.32186016	1
0	92568	139.32190112	1
0	92569	139.32194208	1
0	92570	139.32198304	1
0	92571	139.322024	1
0	92621	139.42157344	1
0	92625	139.4216144	1
0	92630	139.42165536	1
0	92635	139.42169632	1
0	92636	139.42173728	1
0	92637	139.42177824	1
0	92638	139.4218192	1
0	92639	139.42186016	1
0	92640	139.42190112	1
0	92641	139.42194208	1
0	92642	139.42198304	1
0	92643	139.422024	1
0	92693	139.52157344	1
0	92697	139.5216144	1
0	92702	139.52165536	1
0	92707	139.52169632	1
0	92708	139.52173728	1
0	92709	139.52177824	1
0	92710	139.5218192	1
0	92711	139.52186016	1
0	92712	139.52190112	1
0	92713	139.52194208	1
0	92714	139.52198304	1
0	92715	139.522024	1
0	92765	139.62157344	1
0	92769	139.6216144	1
0	92774	139.62165536	1
0	92779	139.62169632	1
0	92780	139.62173728	1
0	92781	139.62177824	1
0	92782	139.6218192	1
0	92783	139.62186016	1
0	92784	139.62190112	1
0	92785	139.62194208	1
0	92786	139.62198304	1
0	92787	139.622024	1
0	92837	139.72157344	1
0	92841	139.7216144	1
0	92846	139.72165536	1
0	92851	139.72169632	1
0	92852	139.72173728	1
0	92853	139.72177824	1
0	92854	139.7218192	1
0	92855	139.72186016	1
0	92856	139.72190112	1
0	92857	139.72194208	1
0	92858	139.72198304	1
0	92859	139.722024	1
0	92909	139.82157344	1
0	92913	139.8216144	1
0	92918	139.82165536	1
0	92923	139.82169632	1
0	92924	139.82173728	1
0	92925	139.82177824	1
0	92926	139.8218192	1
0	92927	139.82186016	1
0	92928	139.82190112	1
0	92929	139.82194208	1
0	92930	139.82198304	1
0	92931	139.822024	1
0	92981	139.92157344	1
0	92985	139.9216144	1
0	92990	139.92165536	1
0	92995	139.92169632	1
0	92996	139.92173728	1
0	92997	139.92177824	1
0	92998	139.9218192	1
0	92999	139.92186016	1
0	93000	139.92190112	1
0	93001	139.92194208	1
0	93002	139.92198304	1
0	93003	139.922024	1
0	93053	140.02157344	1
0	93057	140.0216144	1
0	93062	140.02165536	1
0	93067	140.02169632	1
0	93068	140.02173728	1
0	93069	140.02177824	1
0	93070	140.0218192	1
0	93071	140.02186016	1
0	93072	140.02190112	1
0	93073	140.02194208	1
0	93074	140.02198304	1
0	93075	140.022024	1
0	93125	140.12157344	1
0	93129	140.1216144	1
0	93134	140.12165536	1
0	93139	140.12169632	1
0	93140	140.12173728	1
0	93141	140.12177824	1
0	93142	140.1218192	1
0	93143	140.12186016	1
0	93144	140.12190112	1
0	93145	140.12194208	1
0	93146	140.12198304	1
0	93147	140.122024	1
0	93197	140.22157344	1
0	93201	140.2216144	1
0	93206	140.22165536	1
0	93211	140.22169632	1
0	93212	140.22173728	1
0	93213	140.22177824	1
0	93214	140.2218192	1
0	93215	140.22186016	1
0	93216	140.22190112	1
0	93217	140.22194208	1
0	93218	140.22198304	1
0	93219	140.222024	1
0	93269	140.32157344	1
0	93273	140.3216144	1
0	93278	140.32165536	1
0	93283	140.32169632	1
0	93284	140.32173728	1
0	93285	140.32177824	1
0	93286	140.3218192	1
0	93287	140.32186016	1
0	93288	140.32190112	1
0	93289	140.32194208	1
0	93290	140.32198304	1
0	93291	140.322024	1
0	93341	140.42157344	1
0	93345	140.4216144	1
0	93350	140.42165536	1
0	93355	140.42169632	1
0	93356	140.42173728	1
0	93357	140.42177824	1
0	93358	140.4218192	1
0	93359	140.42186016	1
0	93360	140.42190112	1
0	93361	140.42194208	1
0	93362	140.42198304	1
0	93363	140.422024	1
0	93413	140.52157344	1
0	93417	140.5216144	1
0	93422	140.52165536	1
0	93427	140.52169632	1
0	93428	140.52173728	1
0	93429	140.52177824	1
0	93430	140.5218192	1
0	93431	140.52186016	1
0	93432	140.52190112	1
0	93433	140.52194208	1
0	93434	140.52198304	1
0	93435	140.522024	1
0	93485	140.62157344	1
0	93489	140.6216144	1
0	93494	140.62165536	1
0	93499	140.62169632	1
0	93500	140.62173728	1
0	93501	140.62177824	1
0	93502	140.6218192	1
0	93503	140.62186016	1
0	93504	140.62190112	1
0	93505	140.62194208	1
0	93506	140.62198304	1
0	93507	140.622024	1
0	93557	140.72157344	1
0	93561	140.7216144	1
0	93566	140.72165536	1
0	93571	140.72169632	1
0	93572	140.72173728	1
0	93573	140.72177824	1
0	93574	140.7218192	1
0	93575	140.72186016	1
0	93576	140.72190112	1
0	93577	140.72194208	1
0	93578	140.72198304	1
0	93579	140.722024	1
0	93629	140.82157344	1
0	93633	140.8216144	1
0	93638	140.82165536	1
0	93643	140.82169632	1
0	93644	140.82173728	1
0	93645	140.82177824	1
0	93646	140.8218192	1
0	93647	140.82186016	1
0	93648	140.82190112	1
0	93649	140.82194208	1
0	93650	140.82198304	1
0	93651	140.822024	1
0	93701	140.92157344	1
0	93705	140.9216144	1
0	93710	140.92165536	1
0	93715	140.92169632	1
0	93716	140.92173728	1
0	93717	140.92177824	1
0	93718	140.9218192	1
0	93719	140.92186016	1
0	93720	140.92190112	1
0	93721	140.92194208	1
0	93722	140.92198304	1
0	93723	140.922024	1
0	93773	141.02157344	1
0	93777	141.0216144	1
0	93782	141.02165536	1
0	93787	141.02169632	1
0	93788	141.02173728	1
0	93789	141.02177824	1
0	93790	141.0218192	1
0	93791	141.02186016	1
0	93792	141.02190112	1
0	93793	141.02194208	1
0	93794	141.02198304	1
0	93795	141.022024	1
0	93845	141.12157344	1
0	93849	141.1216144	1
0	93854	141.12165536	1
0	93859	141.12169632	1
0	93860	141.12173728	1
0	93861	141.12177824	1
0	93862	141.1218192	1
0	93863	141.12186016	1
0	93864	141.12190112	1
0	93865	141.12194208	1
0	93866	141.12198304	1
0	93867	141.122024	1
0	93917	141.22157344	1
0	93921	141.2216144	1
0	93926	141.22165536	1
0	93931	141.22169632	1
0	93932	141.22173728	1
0	93933	141.22177824	1
0	93934	141.2218192	1
0	93935	141.22186016	1
0	93936	141.22190112	1
0	93937	141.22194208	1
0	93938	141.22198304	1
0	93939	141.222024	1
0	93989	141.32157344	1
0	93993	141.3216144	1
0	93998	141.32165536	1
0	94003	141.32169632	1
0	94004	141.32173728	1
0	94005	141.32177824	1
0	94006	141.3218192	1
0	94007	141.32186016	1
0	94008	141.32190112	1
0	94009	141.32194208	1
0	94010	141.32198304	1
0	94011	141.322024	1
0	94061	141.42157344	1
0	94065	141.4216144	1
0	94070	141.42165536	1
0	94075	141.42169632	1
0	94076	141.42173728	1
0	94077	141.42177824	1
0	94078	141.4218192	1
0	94079	141.42186016	1
0	94080	141.42190112	1
0	94081	141.42194208	1
0	94082	141.42198304	1
0	94083	141.422024	1
0	94133	141.52157344	1
0	94137	141.5216144	1
0	94142	141.52165536	1
0	94147	141.52169632	1
0	94148	141.52173728	1
0	94149	141.52177824	1
0	94150	141.5218192	1
0	94151	141.52186016	1
0	94152	141.52190112	1
0	94153	141.52194208	1
0	94154	141.52198304	1
0	94155	141.522024	1
0	94205	141.62157344	1
0	94209	141.6216144	1
0	94214	141.62165536	1
0	94219	141.62169632	1
0	94220	141.62173728	1
0	94221	141.62177824	1
0	94222	141.6218192	1
0	94223	141.62186016	1
0	94224	141.62190112	1
0	94225	141.62194208	1
0	94226	141.62198304	1
0	94227	141.622024	1
0	94277	141.72157344	1
0	94281	141.7216144	1
0	94286	141.72165536	1
0	94291	141.72169632	1
0	94292	141.72173728	1
0	94293	141.72177824	1
0	94294	141.7218192	1
0	94295	141.72186016	1
0	94296	141.72190112	1
0	94297	141.72194208	1
0	94298	141.72198304	1
0	94299	141.722024	1
0	94349	141.82157344	1
0	94353	141.8216144	1
0	94358	141.82165536	1
0	94363	141.82169632	1
0	94364	141.82173728	1
0	94365	141.82177824	1
0	94366	141.8218192	1
0	94367	141.82186016	1
0	94368	141.82190112	1
0	94369	141.82194208	1
0	94370	141.82198304	1
0	94371	141.822024	1
0	94421	141.92157344	1
0	94425	141.9216144	1
0	94430	141.92165536	1
0	94435	141.92169632	1
0	94436	141.92173728	1
0	94437	141.92177824	1
0	94438	141.9218192	1
0	94439	141.92186016	1
0	94440	141.92190112	1
0	94441	141.92194208	1
0	94442	141.92198304	1
0	94443	141.922024	1
0	94493	142.02157344	1
0	94497	142.0216144	1
0	94502	142.02165536	1
0	94507	142.02169632	1
0	94508	142.02173728	1
0	94509	142.02177824	1
0	94510	142.0218192	1
0	94511	142.02186016	1
0	94512	142.02190112	1
0	94513	142.02194208	1
0	94514	142.02198304	1
0	94515	142.022024	1
0	94565	142.12157344	1
0	94569	142.1216144	1
0	94574	142.12165536	1
0	94579	142.12169632	1
0	94580	142.12173728	1
0	94581	142.12177824	1
0	94582	142.1218192	1
0	94583	142.12186016	1
0	94584	142.12190112	1
0	94585	142.12194208	1
0	94586	142.12198304	1
0	94587	142.122024	1
0	94637	142.22157344	1
0	94641	142.2216144	1
0	94646	142.22165536	1
0	94651	142.22169632	1
0	94652	142.22173728	1
0	94653	142.22177824	1
0	94654	142.2218192	1
0	94655	142.22186016	1
0	94656	142.22190112	1
0	94657	142.22194208	1
0	94658	142.22198304	1
0	94659	142.222024	1
0	94709	142.32157344	1
0	94713	142.3216144	1
0	94718	142.32165536	1
0	94723	142.32169632	1
0	94724	142.32173728	1
0	94725	142.32177824	1
0	94726	142.3218192	1
0	94727	142.32186016	1
0	94728	142.32190112	1
0	94729	142.32194208	1
0	94730	142.32198304	1
0	94731	142.322024	1
0	94781	142.42157344	1
0	94785	142.4216144	1
0	94790	142.42165536	1
0	94795	142.42169632	1
0	94796	142.42173728	1
0	94797	142.42177824	1
0	94798	142.4218192	1
0	94799	142.42186016	1
0	94800	142.42190112	1
0	94801	142.42194208	1
0	94802	142.42198304	1
0	94803	142.422024	1
0	94853	142.52157344	1
0	94857	142.5216144	1
0	94862	142.52165536	1
0	94867	142.52169632	1
0	94868	142.52173728	1
0	94869	142.52177824	1
0	94870	142.5218192	1
0	94871	142.52186016	1
0	94872	142.52190112	1
0	94873	142.52194208	1
0	94874	142.52198304	1
0	94875	142.522024	1
0	94925	142.62157344	1
0	94929	142.6216144	1
0	94934	142.62165536	1
0	94939	142.62169632	1
0	94940	142.62173728	1
0	94941	142.62177824	1
0	94942	142.6218192	1
0	94943	142.62186016	1
0	94944	142.62190112	1
0	94945	142.62194208	1
0	94946	142.62198304	1
0	94947	142.622024	1
0	94997	142.72157344	1
0	95001	142.7216144	1
0	95006	142.72165536	1
0	95011	142.72169632	1
0	95012	142.72173728	1
0	95013	142.72177824	1
0	95014	142.7218192	1
0	95015	142.72186016	1
0	95016	142.72190112	1
0	95017	142.72194208	1
0	95018	142.72198304	1
0	95019	142.722024	1
0	95069	142.82157344	1
0	95073	142.8216144	1
0	95078	142.82165536	1
0	95083	142.82169632	1
0	95084	142.82173728	1
0	95085	142.82177824	1
0	95086	142.8218192	1
0	95087	142.82186016	1
0	95088	142.82190112	1
0	95089	142.82194208	1
0	95090	142.82198304	1
0	95091	142.822024	1
0	95141	142.92157344	1
0	95145	142.9216144	1
0	95150	142.92165536	1
0	95155	142.92169632	1
0	95156	142.92173728	1
0	95157	142.92177824	1
0	95158	142.9218192	1
0	95159	142.92186016	1
0	95160	142.92190112	1
0	95161	142.92194208	1
0	95162	142.92198304	1
0	95163	142.922024	1
0	95213	143.02157344	1
0	95217	143.0216144	1
0	95222	143.02165536	1
0	95227	143.02169632	1
0	95228	143.02173728	1
0	95229	143.02177824	1
0	95230	143.0218192	1
0	95231	143.02186016	1
0	95232	143.02190112	1
0	95233	143.02194208	1
0	95234	143.02198304	1
0	95235	143.022024	1
0	95285	143.12157344	1
0	95289	143.1216144	1
0	95294	143.12165536	1
0	95299	143.12169632	1
0	95300	143.12173728	1
0	95301	143.12177824	1
0	95302	143.1218192	1
0	95303	143.12186016	1
0	95304	143.12190112	1
0	95305	143.12194208	1
0	95306	143.12198304	1
0	95307	143.122024	1
0	95357	143.22157344	1
0	95361	143.2216144	1
0	95366	143.22165536	1
0	95371	143.22169632	1
0	95372	143.22173728	1
0	95373	143.22177824	1
0	95374	143.2218192	1
0	95375	143.22186016	1
0	95376	143.22190112	1
0	95377	143.22194208	1
0	95378	143.22198304	1
0	95379	143.222024	1
0	95429	143.32157344	1
0	95433	143.3216144	1
0	95438	143.32165536	1
0	95443	143.32169632	1
0	95444	143.32173728	1
0	95445	143.32177824	1
0	95446	143.3218192	1
0	95447	143.32186016	1
0	95448	143.32190112	1
0	95449	143.32194208	1
0	95450	143.32198304	1
0	95451	143.322024	1
0	95501	143.42157344	1
0	95505	143.4216144	1
0	95510	143.42165536	1
0	95515	143.42169632	1
0	95516	143.42173728	1
0	95517	143.42177824	1
0	95518	143.4218192	1
0	95519	143.42186016	1
0	95520	143.42190112	1
0	95521	143.42194208	1
0	95522	143.42198304	1
0	95523	143.422024	1
0	95573	143.52157344	1
0	95577	143.5216144	1
0	95582	143.52165536	1
0	95587	143.52169632	1
0	95588	143.52173728	1
0	95589	143.52177824	1
0	95590	143.5218192	1
0	95591	143.52186016	1
0	95592	143.52190112	1
0	95593	143.52194208	1
0	95594	143.52198304	1
0	95595	143.522024	1
0	95645	143.62157344	1
0	95649	143.6216144	1
0	95654	143.62165536	1
0	95659	143.62169632	1
0	95660	143.62173728	1
0	95661	143.62177824	1
0	95662	143.6218192	1
0	95663	143.62186016	1
0	95664	143.62190112	1
0	95665	143.62194208	1
0	95666	143.62198304	1
0	95667	143.622024	1
0	95717	143.72157344	1
0	95721	143.7216144	1
0	95726	143.72165536	1
0	95731	143.72169632	1
0	95732	143.72173728	1
0	95733	143.72177824	1
0	95734	143.7218192	1
0	95735	143.72186016	1
0	95736	143.72190112	1
0	95737	143.72194208	1
0	95738	143.72198304	1
0	95739	143.722024	1
0	95789	143.82157344	1
0	95793	143.8216144	1
0	95798	143.82165536	1
0	95803	143.82169632	1
0	95804	143.82173728	1
0	95805	143.82177824	1
0	95806	143.8218192	1
0	95807	143.82186016	1
0	95808	143.82190112	1
0	95809	143.82194208	1
0	95810	143.82198304	1
0	95811	143.822024	1
0	95861	143.92157344	1
0	95865	143.9216144	1
0	95870	143.92165536	1
0	95875	143.92169632	1
0	95876	143.92173728	1
0	95877	143.92177824	1
0	95878	143.9218192	1
0	95879	143.92186016	1
0	95880	143.92190112	1
0	95881	143.92194208	1
0	95882	143.92198304	1
0	95883	143.922024	1
0	95933	144.02157344	1
0	95937	144.0216144	1
0	95942	144.02165536	1
0	95947	144.02169632	1
0	95948	144.02173728	1
0	95949	144.02177824	1
0	95950	144.0218192	1
0	95951	144.02186016	1
0	95952	144.02190112	1
0	95953	144.02194208	1
0	95954	144.02198304	1
0	95955	144.022024	1
0	96005	144.12157344	1
0	96009	144.1216144	1
0	96014	144.12165536	1
0	96019	144.12169632	1
0	96020	144.12173728	1
0	96021	144.12177824	1
0	96022	144.1218192	1
0	96023	144.12186016	1
0	96024	144.12190112	1
0	96025	144.12194208	1
0	96026	144.12198304	1
0	96027	144.122024	1
0	96077	144.22157344	1
0	96081	144.2216144	1
0	96086	144.22165536	1
0	96091	144.22169632	1
0	96092	144.22173728	1
0	96093	144.22177824	1
0	96094	144.2218192	1
0	96095	144.22186016	1
0	96096	144.22190112	1
0	96097	144.22194208	1
0	96098	144.22198304	1
0	96099	144.222024	1
0	96149	144.32157344	1
0	96153	144.3216144	1
0	96158	144.32165536	1
0	96163	144.32169632	1
0	96164	144.32173728	1
0	96165	144.32177824	1
0	96166	144.3218192	1
0	96167	144.32186016	1
0	96168	144.32190112	1
0	96169	144.32194208	1
0	96170	144.32198304	1
0	96171	144.322024	1
0	96221	144.42157344	1
0	96225	144.4216144	1
0	96230	144.42165536	1
0	96235	144.42169632	1
0	96236	144.42173728	1
0	96237	144.42177824	1
0	96238	144.4218192	1
0	96239	144.42186016	1
0	96240	144.42190112	1
0	96241	144.42194208	1
0	96242	144.42198304	1
0	96243	144.422024	1
0	96293	144.52157344	1
0	96297	144.5216144	1
0	96302	144.52165536	1
0	96307	144.52169632	1
0	96308	144.52173728	1
0	96309	144.52177824	1
0	96310	144.5218192	1
0	96311	144.52186016	1
0	96312	144.52190112	1
0	96313	144.52194208	1
0	96314	144.52198304	1
0	96315	144.522024	1
0	96365	144.62157344	1
0	96369	144.6216144	1
0	96374	144.62165536	1
0	96379	144.62169632	1
0	96380	144.62173728	1
0	96381	144.62177824	1
0	96382	144.6218192	1
0	96383	144.62186016	1
0	96384	144.62190112	1
0	96385	144.62194208	1
0	96386	144.62198304	1
0	96387	144.622024	1
0	96437	144.72157344	1
0	96441	144.7216144	1
0	96446	144.72165536	1
0	96451	144.72169632	1
0	96452	144.72173728	1
0	96453	144.72177824	1
0	96454	144.7218192	1
0	96455	144.72186016	1
0	96456	144.72190112	1
0	96457	144.72194208	1
0	96458	144.72198304	1
0	96459	144.722024	1
0	96509	144.82157344	1
0	96513	144.8216144	1
0	96518	144.82165536	1
0	96523	144.82169632	1
0	96524	144.82173728	1
0	96525	144.82177824	1
0	96526	144.8218192	1
0	96527	144.82186016	1
0	96528	144.82190112	1
0	96529	144.82194208	1
0	96530	144.82198304	1
0	96531	144.822024	1
0	96581	144.92157344	1
0	96585	144.9216144	1
0	96590	144.92165536	1
0	96595	144.92169632	1
0	96596	144.92173728	1
0	96597	144.92177824	1
0	96598	144.9218192	1
0	96599	144.92186016	1
0	96600	144.92190112	1
0	96601	144.92194208	1
0	96602	144.92198304	1
0	96603	144.922024	1
0	96653	145.02157344	1
0	96657	145.0216144	1
0	96662	145.02165536	1
0	96667	145.02169632	1
0	96668	145.02173728	1
0	96669	145.02177824	1
0	96670	145.0218192	1
0	96671	145.02186016	1
0	96672	145.02190112	1
0	96673	145.02194208	1
0	96674	145.02198304	1
0	96675	145.022024	1
0	96725	145.12157344	1
0	96729	145.1216144	1
0	96734	145.12165536	1
0	96739	145.12169632	1
0	96740	145.12173728	1
0	96741	145.12177824	1
0	96742	145.1218192	1
0	96743	145.12186016	1
0	96744	145.12190112	1
0	96745	145.12194208	1
0	96746	145.12198304	1
0	96747	145.122024	1
0	96797	145.22157344	1
0	96801	145.2216144	1
0	96806	145.22165536	1
0	96811	145.22169632	1
0	96812	145.22173728	1
0	96813	145.22177824	1
0	96814	145.2218192	1
0	96815	145.22186016	1
0	96816	145.22190112	1
0	96817	145.22194208	1
0	96818	145.22198304	1
0	96819	145.222024	1
0	96869	145.32157344	1
0	96873	145.3216144	1
0	96878	145.32165536	1
0	96883	145.32169632	1
0	96884	145.32173728	1
0	96885	145.32177824	1
0	96886	145.3218192	1
0	96887	145.32186016	1
0	96888	145.32190112	1
0	96889	145.32194208	1
0	96890	145.32198304	1
0	96891	145.322024	1
0	96941	145.42157344	1
0	96945	145.4216144	1
0	96950	145.42165536	1
0	96955	145.42169632	1
0	96956	145.42173728	1
0	96957	145.42177824	1
0	96958	145.4218192	1
0	96959	145.42186016	1
0	96960	145.42190112	1
0	96961	145.42194208	1
0	96962	145.42198304	1
0	96963	145.422024	1
0	97013	145.52157344	1
0	97017	145.5216144	1
0	97022	145.52165536	1
0	97027	145.52169632	1
0	97028	145.52173728	1
0	97029	145.52177824	1
0	97030	145.5218192	1
0	97031	145.52186016	1
0	97032	145.52190112	1
0	97033	145.52194208	1
0	97034	145.52198304	1
0	97035	145.522024	1
0	97085	145.62157344	1
0	97089	145.6216144	1
0	97094	145.62165536	1
0	97099	145.62169632	1
0	97100	145.62173728	1
0	97101	145.62177824	1
0	97102	145.6218192	1
0	97103	145.62186016	1
0	97104	145.62190112	1
0	97105	145.62194208	1
0	97106	145.62198304	1
0	97107	145.622024	1
0	97157	145.72157344	1
0	97161	145.7216144	1
0	97166	145.72165536	1
0	97171	145.72169632	1
0	97172	145.72173728	1
0	97173	145.72177824	1
0	97174	145.7218192	1
0	97175	145.72186016	1
0	97176	145.72190112	1
0	97177	145.72194208	1
0	97178	145.72198304	1
0	97179	145.722024	1
0	97229	145.82157344	1
0	97233	145.8216144	1
0	97238	145.82165536	1
0	97243	145.82169632	1
0	97244	145.82173728	1
0	97245	145.82177824	1
0	97246	145.8218192	1
0	97247	145.82186016	1
0	97248	145.82190112	1
0	97249	145.82194208	1
0	97250	145.82198304	1
0	97251	145.822024	1
0	97301	145.92157344	1
0	97305	145.9216144	1
0	97310	145.92165536	1
0	97315	145.92169632	1
0	97316	145.92173728	1
0	97317	145.92177824	1
0	97318	145.9218192	1
0	97319	145.92186016	1
0	97320	145.92190112	1
0	97321	145.92194208	1
0	97322	145.92198304	1
0	97323	145.922024	1
0	97373	146.02157344	1
0	97377	146.0216144	1
0	97382	146.02165536	1
0	97387	146.02169632	1
0	97388	146.02173728	1
0	97389	146.02177824	1
0	97390	146.0218192	1
0	97391	146.02186016	1
0	97392	146.02190112	1
0	97393	146.02194208	1
0	97394	146.02198304	1
0	97395	146.022024	1
0	97445	146.12157344	1
0	97449	146.1216144	1
0	97454	146.12165536	1
0	97459	146.12169632	1
0	97460	146.12173728	1
0	97461	146.12177824	1
0	97462	146.1218192	1
0	97463	146.12186016	1
0	97464	146.12190112	1
0	97465	146.12194208	1
0	97466	146.12198304	1
0	97467	146.122024	1
0	97517	146.22157344	1
0	97521	146.2216144	1
0	97526	146.22165536	1
0	97531	146.22169632	1
0	97532	146.22173728	1
0	97533	146.22177824	1
0	97534	146.2218192	1
0	97535	146.22186016	1
0	97536	146.22190112	1
0	97537	146.22194208	1
0	97538	146.22198304	1
0	97539	146.222024	1
0	97589	146.32157344	1
0	97593	146.3216144	1
0	97598	146.32165536	1
0	97603	146.32169632	1
0	97604	146.32173728	1
0	97605	146.32177824	1
0	97606	146.3218192	1
0	97607	146.32186016	1
0	97608	146.32190112	1
0	97609	146.32194208	1
0	97610	146.32198304	1
0	97611	146.322024	1
0	97661	146.42157344	1
0	97665	146.4216144	1
0	97670	146.42165536	1
0	97675	146.42169632	1
0	97676	146.42173728	1
0	97677	146.42177824	1
0	97678	146.4218192	1
0	97679	146.42186016	1
0	97680	146.42190112	1
0	97681	146.42194208	1
0	97682	146.42198304	1
0	97683	146.422024	1
0	97733	146.52157344	1
0	97737	146.5216144	1
0	97742	146.52165536	1
0	97747	146.52169632	1
0	97748	146.52173728	1
0	97749	146.52177824	1
0	97750	146.5218192	1
0	97751	146.52186016	1
0	97752	146.52190112	1
0	97753	146.52194208	1
0	97754	146.52198304	1
0	97755	146.522024	1
0	97805	146.62157344	1
0	97809	146.6216144	1
0	97814	146.62165536	1
0	97819	146.62169632	1
0	97820	146.62173728	1
0	97821	146.62177824	1
0	97822	146.6218192	1
0	97823	146.62186016	1
0	97824	146.62190112	1
0	97825	146.62194208	1
0	97826	146.62198304	1
0	97827	146.622024	1
0	97877	146.72157344	1
0	97881	146.7216144	1
0	97886	146.72165536	1
0	97891	146.72169632	1
0	97892	146.72173728	1
0	97893	146.72177824	1
0	97894	146.7218192	1
0	97895	146.72186016	1
0	97896	146.72190112	1
0	97897	146.72194208	1
0	97898	146.72198304	1
0	97899	146.722024	1
0	97949	146.82157344	1
0	97953	146.8216144	1
0	97958	146.82165536	1
0	97963	146.82169632	1
0	97964	146.82173728	1
0	97965	146.82177824	1
0	97966	146.8218192	1
0	97967	146.82186016	1
0	97968	146.82190112	1
0	97969	146.82194208	1
0	97970	146.82198304	1
0	97971	146.822024	1
0	98021	146.92157344	1
0	98025	146.9216144	1
0	98030	146.92165536	1
0	98035	146.92169632	1
0	98036	146.92173728	1
0	98037	146.92177824	1
0	98038	146.9218192	1
0	98039	146.92186016	1
0	98040	146.92190112	1
0	98041	146.92194208	1
0	98042	146.92198304	1
0	98043	146.922024	1
0	98093	147.02157344	1
0	98097	147.0216144	1
0	98102	147.02165536	1
0	98107	147.02169632	1
0	98108	147.02173728	1
0	98109	147.02177824	1
0	98110	147.0218192	1
0	98111	147.02186016	1
0	98112	147.02190112	1
0	98113	147.02194208	1
0	98114	147.02198304	1
0	98115	147.022024	1
0	98165	147.12157344	1
0	98169	147.1216144	1
0	98174	147.12165536	1
0	98179	147.12169632	1
0	98180	147.12173728	1
0	98181	147.12177824	1
0	98182	147.1218192	1
0	98183	147.12186016	1
0	98184	147.12190112	1
0	98185	147.12194208	1
0	98186	147.12198304	1
0	98187	147.122024	1
0	98237	147.22157344	1
0	98241	147.2216144	1
0	98246	147.22165536	1
0	98251	147.22169632	1
0	98252	147.22173728	1
0	98253	147.22177824	1
0	98254	147.2218192	1
0	98255	147.22186016	1
0	98256	147.22190112	1
0	98257	147.22194208	1
0	98258	147.22198304	1
0	98259	147.222024	1
0	98309	147.32157344	1
0	98313	147.3216144	1
0	98318	147.32165536	1
0	98323	147.32169632	1
0	98324	147.32173728	1
0	98325	147.32177824	1
0	98326	147.3218192	1
0	98327	147.32186016	1
0	98328	147.32190112	1
0	98329	147.32194208	1
0	98330	147.32198304	1
0	98331	147.322024	1
0	98381	147.42157344	1
0	98385	147.4216144	1
0	98390	147.42165536	1
0	98395	147.42169632	1
0	98396	147.42173728	1
0	98397	147.42177824	1
0	98398	147.4218192	1
0	98399	147.42186016	1
0	98400	147.42190112	1
0	98401	147.42194208	1
0	98402	147.42198304	1
0	98403	147.422024	1
0	98453	147.52157344	1
0	98457	147.5216144	1
0	98462	147.52165536	1
0	98467	147.52169632	1
0	98468	147.52173728	1
0	98469	147.52177824	1
0	98470	147.5218192	1
0	98471	147.52186016	1
0	98472	147.52190112	1
0	98473	147.52194208	1
0	98474	147.52198304	1
0	98475	147.522024	1
0	98525	147.62157344	1
0	98529	147.6216144	1
0	98534	147.62165536	1
0	98539	147.62169632	1
0	98540	147.62173728	1
0	98541	147.62177824	1
0	98542	147.6218192	1
0	98543	147.62186016	1
0	98544	147.62190112	1
0	98545	147.62194208	1
0	98546	147.62198304	1
0	98547	147.622024	1
0	98597	147.72157344	1
0	98601	147.7216144	1
0	98606	147.72165536	1
0	98611	147.72169632	1
0	98612	147.72173728	1
0	98613	147.72177824	1
0	98614	147.7218192	1
0	98615	147.72186016	1
0	98616	147.72190112	1
0	98617	147.72194208	1
0	98618	147.72198304	1
0	98619	147.722024	1
0	98669	147.82157344	1
0	98673	147.8216144	1
0	98678	147.82165536	1
0	98683	147.82169632	1
0	98684	147.82173728	1
0	98685	147.82177824	1
0	98686	147.8218192	1
0	98687	147.82186016	1
0	98688	147.82190112	1
0	98689	147.82194208	1
0	98690	147.82198304	1
0	98691	147.822024	1
0	98741	147.92157344	1
0	98745	147.9216144	1
0	98750	147.92165536	1
0	98755	147.92169632	1
0	98756	147.92173728	1
0	98757	147.92177824	1
0	98758	147.9218192	1
0	98759	147.92186016	1
0	98760	147.92190112	1
0	98761	147.92194208	1
0	98762	147.92198304	1
0	98763	147.922024	1
0	98813	148.02157344	1
0	98817	148.0216144	1
0	98822	148.02165536	1
0	98827	148.02169632	1
0	98828	148.02173728	1
0	98829	148.02177824	1
0	98830	148.0218192	1
0	98831	148.02186016	1
0	98832	148.02190112	1
0	98833	148.02194208	1
0	98834	148.02198304	1
0	98835	148.022024	1
0	98885	148.12157344	1
0	98889	148.1216144	1
0	98894	148.12165536	1
0	98899	148.12169632	1
0	98900	148.12173728	1
0	98901	148.12177824	1
0	98902	148.1218192	1
0	98903	148.12186016	1
0	98904	148.12190112	1
0	98905	148.12194208	1
0	98906	148.12198304	1
0	98907	148.122024	1
0	98957	148.22157344	1
0	98961	148.2216144	1
0	98966	148.22165536	1
0	98971	148.22169632	1
0	98972	148.22173728	1
0	98973	148.22177824	1
0	98974	148.2218192	1
0	98975	148.22186016	1
0	98976	148.22190112	1
0	98977	148.22194208	1
0	98978	148.22198304	1
0	98979	148.222024	1
0	99029	148.32157344	1
0	99033	148.3216144	1
0	99038	148.32165536	1
0	99043	148.32169632	1
0	99044	148.32173728	1
0	99045	148.32177824	1
0	99046	148.3218192	1
0	99047	148.32186016	1
0	99048	148.32190112	1
0	99049	148.32194208	1
0	99050	148.32198304	1
0	99051	148.322024	1
0	99101	148.42157344	1
0	99105	148.4216144	1
0	99110	148.42165536	1
0	99115	148.42169632	1
0	99116	148.42173728	1
0	99117	148.42177824	1
0	99118	148.4218192	1
0	99119	148.42186016	1
0	99120	148.42190112	1
0	99121	148.42194208	1
0	99122	148.42198304	1
0	99123	148.422024	1
0	99173	148.52157344	1
0	99177	148.5216144	1
0	99182	148.52165536	1
0	99187	148.52169632	1
0	99188	148.52173728	1
0	99189	148.52177824	1
0	99190	148.5218192	1
0	99191	148.52186016	1
0	99192	148.52190112	1
0	99193	148.52194208	1
0	99194	148.52198304	1
0	99195	148.522024	1
0	99245	148.62157344	1
0	99249	148.6216144	1
0	99254	148.62165536	1
0	99259	148.62169632	1
0	99260	148.62173728	1
0	99261	148.62177824	1
0	99262	148.6218192	1
0	99263	148.62186016	1
0	99264	148.62190112	1
0	99265	148.62194208	1
0	99266	148.62198304	1
0	99267	148.622024	1
0	99317	148.72157344	1
0	99321	148.7216144	1
0	99326	148.72165536	1
0	99331	148.72169632	1
0	99332	148.72173728	1
0	99333	148.72177824	1
0	99334	148.7218192	1
0	99335	148.72186016	1
0	99336	148.72190112	1
0	99337	148.72194208	1
0	99338	148.72198304	1
0	99339	148.722024	1
0	99389	148.82157344	1
0	99393	148.8216144	1
0	99398	148.82165536	1
0	99403	148.82169632	1
0	99404	148.82173728	1
0	99405	148.82177824	1
0	99406	148.8218192	1
0	99407	148.82186016	1
0	99408	148.82190112	1
0	99409	148.82194208	1
0	99410	148.82198304	1
0	99411	148.822024	1
0	99461	148.92157344	1
0	99465	148.9216144	1
0	99470	148.92165536	1
0	99475	148.92169632	1
0	99476	148.92173728	1
0	99477	148.92177824	1
0	99478	148.9218192	1
0	99479	148.92186016	1
0	99480	148.92190112	1
0	99481	148.92194208	1
0	99482	148.92198304	1
0	99483	148.922024	1
0	99533	149.02157344	1
0	99537	149.0216144	1
0	99542	149.02165536	1
0	99547	149.02169632	1
0	99548	149.02173728	1
0	99549	149.02177824	1
0	99550	149.0218192	1
0	99551	149.02186016	1
0	99552	149.02190112	1
0	99553	149.02194208	1
0	99554	149.02198304	1
0	99555	149.022024	1
0	99605	149.12157344	1
0	99609	149.1216144	1
0	99614	149.12165536	1
0	99619	149.12169632	1
0	99620	149.12173728	1
0	99621	149.12177824	1
0	99622	149.1218192	1
0	99623	149.12186016	1
0	99624	149.12190112	1
0	99625	149.12194208	1
0	99626	149.12198304	1
0	99627	149.122024	1
0	99677	149.22157344	1
0	99681	149.2216144	1
0	99686	149.22165536	1
0	99691	149.22169632	1
0	99692	149.22173728	1
0	99693	149.22177824	1
0	99694	149.2218192	1
0	99695	149.22186016	1
0	99696	149.22190112	1
0	99697	149.22194208	1
0	99698	149.22198304	1
0	99699	149.222024	1
0	99749	149.32157344	1
0	99753	149.3216144	1
0	99758	149.32165536	1
0	99763	149.32169632	1
0	99764	149.32173728	1
0	99765	149.32177824	1
0	99766	149.3218192	1
0	99767	149.32186016	1
0	99768	149.32190112	1
0	99769	149.32194208	1
0	99770	149.32198304	1
0	99771	149.322024	1
0	99821	149.42157344	1
0	99825	149.4216144	1
0	99830	149.42165536	1
0	99835	149.42169632	1
0	99836	149.42173728	1
0	99837	149.42177824	1
0	99838	149.4218192	1
0	99839	149.42186016	1
0	99840	149.42190112	1
0	99841	149.42194208	1
0	99842	149.42198304	1
0	99843	149.422024	1
0	99893	149.52157344	1
0	99897	149.5216144	1
0	99902	149.52165536	1
0	99907	149.52169632	1
0	99908	149.52173728	1
0	99909	149.52177824	1
0	99910	149.5218192	1
0	99911	149.52186016	1
0	99912	149.52190112	1
0	99913	149.52194208	1
0	99914	149.52198304	1
0	99915	149.522024	1
0	99965	149.62157344	1
0	99969	149.6216144	1
0	99974	149.62165536	1
0	99979	149.62169632	1
0	99980	149.62173728	1
0	99981	149.62177824	1
0	99982	149.6218192	1
0	99983	149.62186016	1
0	99984	149.62190112	1
0	99985	149.62194208	1
0	99986	149.62198304	1
0	99987	149.622024	1
0	100037	149.72157344	1
0	100041	149.7216144	1
0	100046	149.72165536	1
0	100051	149.72169632	1
0	100052	149.72173728	1
0	100053	149.72177824	1
0	100054	149.7218192	1
0	100055	149.72186016	1
0	100056	149.72190112	1
0	100057	149.72194208	1
0	100058	149.72198304	1
0	100059	149.722024	1
0	100109	149.82157344	1
0	100113	149.8216144	1
0	100118	149.82165536	1
0	100123	149.82169632	1
0	100124	149.82173728	1
0	100125	149.82177824	1
0	100126	149.8218192	1
0	100127	149.82186016	1
0	100128	149.82190112	1
0	100129	149.82194208	1
0	100130	149.82198304	1
0	100131	149.822024	1
0	100181	149.92157344	1
0	100185	149.9216144	1
0	100190	149.92165536	1
0	100195	149.92169632	1
0	100196	149.92173728	1
0	100197	149.92177824	1
0	100198	149.9218192	1
0	100199	149.92186016	1
0	100200	149.92190112	1
0	100201	149.92194208	1
0	100202	149.92198304	1
0	100203	149.922024	1
0	100253	150.02157344	1
0	100257	150.0216144	1
0	100262	150.02165536	1
0	100267	150.02169632	1
0	100268	150.02173728	1
0	100269	150.02177824	1
0	100270	150.0218192	1
0	100271	150.02186016	1
0	100272	150.02190112	1
0	100273	150.02194208	1
0	100274	150.02198304	1
0	100275	150.022024	1
0	100325	150.12157344	1
0	100329	150.1216144	1
0	100334	150.12165536	1
0	100339	150.12169632	1
0	100340	150.12173728	1
0	100341	150.12177824	1
0	100342	150.1218192	1
0	100343	150.12186016	1
0	100344	150.12190112	1
0	100345	150.12194208	1
0	100346	150.12198304	1
0	100347	150.122024	1
0	100397	150.22157344	1
0	100401	150.2216144	1
0	100406	150.22165536	1
0	100411	150.22169632	1
0	100412	150.22173728	1
0	100413	150.22177824	1
0	100414	150.2218192	1
0	100415	150.22186016	1
0	100416	150.22190112	1
0	100417	150.22194208	1
0	100418	150.22198304	1
0	100419	150.222024	1
0	100469	150.32157344	1
0	100473	150.3216144	1
0	100478	150.32165536	1
0	100483	150.32169632	1
0	100484	150.32173728	1
0	100485	150.32177824	1
0	100486	150.3218192	1
0	100487	150.32186016	1
0	100488	150.32190112	1
0	100489	150.32194208	1
0	100490	150.32198304	1
0	100491	150.322024	1
0	100541	150.42157344	1
0	100545	150.4216144	1
0	100550	150.42165536	1
0	100555	150.42169632	1
0	100556	150.42173728	1
0	100557	150.42177824	1
0	100558	150.4218192	1
0	100559	150.42186016	1
0	100560	150.42190112	1
0	100561	150.42194208	1
0	100562	150.42198304	1
0	100563	150.422024	1
0	100613	150.52157344	1
0	100617	150.5216144	1
0	100622	150.52165536	1
0	100627	150.52169632	1
0	100628	150.52173728	1
0	100629	150.52177824	1
0	100630	150.5218192	1
0	100631	150.52186016	1
0	100632	150.52190112	1
0	100633	150.52194208	1
0	100634	150.52198304	1
0	100635	150.522024	1
0	100685	150.62157344	1
0	100689	150.6216144	1
0	100694	150.62165536	1
0	100699	150.62169632	1
0	100700	150.62173728	1
0	100701	150.62177824	1
0	100702	150.6218192	1
0	100703	150.62186016	1
0	100704	150.62190112	1
0	100705	150.62194208	1
0	100706	150.62198304	1
0	100707	150.622024	1
0	100757	150.72157344	1
0	100761	150.7216144	1
0	100766	150.72165536	1
0	100771	150.72169632	1
0	100772	150.72173728	1
0	100773	150.72177824	1
0	100774	150.7218192	1
0	100775	150.72186016	1
0	100776	150.72190112	1
0	100777	150.72194208	1
0	100778	150.72198304	1
0	100779	150.722024	1
0	100829	150.82157344	1
0	100833	150.8216144	1
0	100838	150.82165536	1
0	100843	150.82169632	1
0	100844	150.82173728	1
0	100845	150.82177824	1
0	100846	150.8218192	1
0	100847	150.82186016	1
0	100848	150.82190112	1
0	100849	150.82194208	1
0	100850	150.82198304	1
0	100851	150.822024	1
0	100901	150.92157344	1
0	100905	150.9216144	1
0	100910	150.92165536	1
0	100915	150.92169632	1
0	100916	150.92173728	1
0	100917	150.92177824	1
0	100918	150.9218192	1
0	100919	150.92186016	1
0	100920	150.92190112	1
0	100921	150.92194208	1
0	100922	150.92198304	1
0	100923	150.922024	1
0	100973	151.02157344	1
0	100977	151.0216144	1
0	100982	151.02165536	1
0	100987	151.02169632	1
0	100988	151.02173728	1
0	100989	151.02177824	1
0	100990	151.0218192	1
0	100991	151.02186016	1
0	100992	151.02190112	1
0	100993	151.02194208	1
0	100994	151.02198304	1
0	100995	151.022024	1
0	101045	151.12157344	1
0	101049	151.1216144	1
0	101054	151.12165536	1
0	101059	151.12169632	1
0	101060	151.12173728	1
0	101061	151.12177824	1
0	101062	151.1218192	1
0	101063	151.12186016	1
0	101064	151.12190112	1
0	101065	151.12194208	1
0	101066	151.12198304	1
0	101067	151.122024	1
0	101117	151.22157344	1
0	101121	151.2216144	1
0	101126	151.22165536	1
0	101131	151.22169632	1
0	101132	151.22173728	1
0	101133	151.22177824	1
0	101134	151.2218192	1
0	101135	151.22186016	1
0	101136	151.22190112	1
0	101137	151.22194208	1
0	101138	151.22198304	1
0	101139	151.222024	1
0	101189	151.32157344	1
0	101193	151.3216144	1
0	101198	151.32165536	1
0	101203	151.32169632	1
0	101204	151.32173728	1
0	101205	151.32177824	1
0	101206	151.3218192	1
0	101207	151.32186016	1
0	101208	151.32190112	1
0	101209	151.32194208	1
0	101210	151.32198304	1
0	101211	151.322024	1
0	101261	151.42157344	1
0	101265	151.4216144	1
0	101270	151.42165536	1
0	101275	151.42169632	1
0	101276	151.42173728	1
0	101277	151.42177824	1
0	101278	151.4218192	1
0	101279	151.42186016	1
0	101280	151.42190112	1
0	101281	151.42194208	1
0	101282	151.42198304	1
0	101283	151.422024	1
0	101333	151.52157344	1
0	101337	151.5216144	1
0	101342	151.52165536	1
0	101347	151.52169632	1
0	101348	151.52173728	1
0	101349	151.52177824	1
0	101350	151.5218192	1
0	101351	151.52186016	1
0	101352	151.52190112	1
0	101353	151.52194208	1
0	101354	151.52198304	1
0	101355	151.522024	1
0	101405	151.62157344	1
0	101409	151.6216144	1
0	101414	151.62165536	1
0	101419	151.62169632	1
0	101420	151.62173728	1
0	101421	151.62177824	1
0	101422	151.6218192	1
0	101423	151.62186016	1
0	101424	151.62190112	1
0	101425	151.62194208	1
0	101426	151.62198304	1
0	101427	151.622024	1
0	101477	151.72157344	1
0	101481	151.7216144	1
0	101486	151.72165536	1
0	101491	151.72169632	1
0	101492	151.72173728	1
0	101493	151.72177824	1
0	101494	151.7218192	1
0	101495	151.72186016	1
0	101496	151.72190112	1
0	101497	151.72194208	1
0	101498	151.72198304	1
0	101499	151.722024	1
0	101549	151.82157344	1
0	101553	151.8216144	1
0	101558	151.82165536	1
0	101563	151.82169632	1
0	101564	151.82173728	1
0	101565	151.82177824	1
0	101566	151.8218192	1
0	101567	151.82186016	1
0	101568	151.82190112	1
0	101569	151.82194208	1
0	101570	151.82198304	1
0	101571	151.822024	1
0	101621	151.92157344	1
0	101625	151.9216144	1
0	101630	151.92165536	1
0	101635	151.92169632	1
0	101636	151.92173728	1
0	101637	151.92177824	1
0	101638	151.9218192	1
0	101639	151.92186016	1
0	101640	151.92190112	1
0	101641	151.92194208	1
0	101642	151.92198304	1
0	101643	151.922024	1
0	101693	152.02157344	1
0	101697	152.0216144	1
0	101702	152.02165536	1
0	101707	152.02169632	1
0	101708	152.02173728	1
0	101709	152.02177824	1
0	101710	152.0218192	1
0	101711	152.02186016	1
0	101712	152.02190112	1
0	101713	152.02194208	1
0	101714	152.02198304	1
0	101715	152.022024	1
0	101765	152.12157344	1
0	101769	152.1216144	1
0	101774	152.12165536	1
0	101779	152.12169632	1
0	101780	152.12173728	1
0	101781	152.12177824	1
0	101782	152.1218192	1
0	101783	152.12186016	1
0	101784	152.12190112	1
0	101785	152.12194208	1
0	101786	152.12198304	1
0	101787	152.122024	1
0	101837	152.22157344	1
0	101841	152.2216144	1
0	101846	152.22165536	1
0	101851	152.22169632	1
0	101852	152.22173728	1
0	101853	152.22177824	1
0	101854	152.2218192	1
0	101855	152.22186016	1
0	101856	152.22190112	1
0	101857	152.22194208	1
0	101858	152.22198304	1
0	101859	152.222024	1
0	101909	152.32157344	1
0	101913	152.3216144	1
0	101918	152.32165536	1
0	101923	152.32169632	1
0	101924	152.32173728	1
0	101925	152.32177824	1
0	101926	152.3218192	1
0	101927	152.32186016	1
0	101928	152.32190112	1
0	101929	152.32194208	1
0	101930	152.32198304	1
0	101931	152.322024	1
0	101981	152.42157344	1
0	101985	152.4216144	1
0	101990	152.42165536	1
0	101995	152.42169632	1
0	101996	152.42173728	1
0	101997	152.42177824	1
0	101998	152.4218192	1
0	101999	152.42186016	1
0	102000	152.42190112	1
0	102001	152.42194208	1
0	102002	152.42198304	1
0	102003	152.422024	1
0	102053	152.52157344	1
0	102057	152.5216144	1
0	102062	152.52165536	1
0	102067	152.52169632	1
0	102068	152.52173728	1
0	102069	152.52177824	1
0	102070	152.5218192	1
0	102071	152.52186016	1
0	102072	152.52190112	1
0	102073	152.52194208	1
0	102074	152.52198304	1
0	102075	152.522024	1
0	102125	152.62157344	1
0	102129	152.6216144	1
0	102134	152.62165536	1
0	102139	152.62169632	1
0	102140	152.62173728	1
0	102141	152.62177824	1
0	102142	152.6218192	1
0	102143	152.62186016	1
0	102144	152.62190112	1
0	102145	152.62194208	1
0	102146	152.62198304	1
0	102147	152.622024	1
0	102197	152.72157344	1
0	102201	152.7216144	1
0	102206	152.72165536	1
0	102211	152.72169632	1
0	102212	152.72173728	1
0	102213	152.72177824	1
0	102214	152.7218192	1
0	102215	152.72186016	1
0	102216	152.72190112	1
0	102217	152.72194208	1
0	102218	152.72198304	1
0	102219	152.722024	1
0	102269	152.82157344	1
0	102273	152.8216144	1
0	102278	152.82165536	1
0	102283	152.82169632	1
0	102284	152.82173728	1
0	102285	152.82177824	1
0	102286	152.8218192	1
0	102287	152.82186016	1
0	102288	152.82190112	1
0	102289	152.82194208	1
0	102290	152.82198304	1
0	102291	152.822024	1
0	102341	152.92157344	1
0	102345	152.9216144	1
0	102350	152.92165536	1
0	102355	152.92169632	1
0	102356	152.92173728	1
0	102357	152.92177824	1
0	102358	152.9218192	1
0	102359	152.92186016	1
0	102360	152.92190112	1
0	102361	152.92194208	1
0	102362	152.92198304	1
0	102363	152.922024	1
0	102413	153.02157344	1
0	102417	153.0216144	1
0	102422	153.02165536	1
0	102427	153.02169632	1
0	102428	153.02173728	1
0	102429	153.02177824	1
0	102430	153.0218192	1
0	102431	153.02186016	1
0	102432	153.02190112	1
0	102433	153.02194208	1
0	102434	153.02198304	1
0	102435	153.022024	1
0	102485	153.12157344	1
0	102489	153.1216144	1
0	102494	153.12165536	1
0	102499	153.12169632	1
0	102500	153.12173728	1
0	102501	153.12177824	1
0	102502	153.1218192	1
0	102503	153.12186016	1
0	102504	153.12190112	1
0	102505	153.12194208	1
0	102506	153.12198304	1
0	102507	153.122024	1
0	102557	153.22157344	1
0	102561	153.2216144	1
0	102566	153.22165536	1
0	102571	153.22169632	1
0	102572	153.22173728	1
0	102573	153.22177824	1
0	102574	153.2218192	1
0	102575	153.22186016	1
0	102576	153.22190112	1
0	102577	153.22194208	1
0	102578	153.22198304	1
0	102579	153.222024	1
0	102629	153.32157344	1
0	102633	153.3216144	1
0	102638	153.32165536	1
0	102643	153.32169632	1
0	102644	153.32173728	1
0	102645	153.32177824	1
0	102646	153.3218192	1
0	102647	153.32186016	1
0	102648	153.32190112	1
0	102649	153.32194208	1
0	102650	153.32198304	1
0	102651	153.322024	1
0	102701	153.42157344	1
0	102705	153.4216144	1
0	102710	153.42165536	1
0	102715	153.42169632	1
0	102716	153.42173728	1
0	102717	153.42177824	1
0	102718	153.4218192	1
0	102719	153.42186016	1
0	102720	153.42190112	1
0	102721	153.42194208	1
0	102722	153.42198304	1
0	102723	153.422024	1
0	102773	153.52157344	1
0	102777	153.5216144	1
0	102782	153.52165536	1
0	102787	153.52169632	1
0	102788	153.52173728	1
0	102789	153.52177824	1
0	102790	153.5218192	1
0	102791	153.52186016	1
0	102792	153.52190112	1
0	102793	153.52194208	1
0	102794	153.52198304	1
0	102795	153.522024	1
0	102845	153.62157344	1
0	102849	153.6216144	1
0	102854	153.62165536	1
0	102859	153.62169632	1
0	102860	153.62173728	1
0	102861	153.62177824	1
0	102862	153.6218192	1
0	102863	153.62186016	1
0	102864	153.62190112	1
0	102865	153.62194208	1
0	102866	153.62198304	1
0	102867	153.622024	1
0	102917	153.72157344	1
0	102921	153.7216144	1
0	102926	153.72165536	1
0	102931	153.72169632	1
0	102932	153.72173728	1
0	102933	153.72177824	1
0	102934	153.7218192	1
0	102935	153.72186016	1
0	102936	153.72190112	1
0	102937	153.72194208	1
0	102938	153.72198304	1
0	102939	153.722024	1
0	102989	153.82157344	1
0	102993	153.8216144	1
0	102998	153.82165536	1
0	103003	153.82169632	1
0	103004	153.82173728	1
0	103005	153.82177824	1
0	103006	153.8218192	1
0	103007	153.82186016	1
0	103008	153.82190112	1
0	103009	153.82194208	1
0	103010	153.82198304	1
0	103011	153.822024	1
0	103061	153.92157344	1
0	103065	153.9216144	1
0	103070	153.92165536	1
0	103075	153.92169632	1
0	103076	153.92173728	1
0	103077	153.92177824	1
0	103078	153.9218192	1
0	103079	153.92186016	1
0	103080	153.92190112	1
0	103081	153.92194208	1
0	103082	153.92198304	1
0	103083	153.922024	1
0	103133	154.02157344	1
0	103137	154.0216144	1
0	103142	154.02165536	1
0	103147	154.02169632	1
0	103148	154.02173728	1
0	103149	154.02177824	1
0	103150	154.0218192	1
0	103151	154.02186016	1
0	103152	154.02190112	1
0	103153	154.02194208	1
0	103154	154.02198304	1
0	103155	154.022024	1
0	103205	154.12157344	1
0	103209	154.1216144	1
0	103214	154.12165536	1
0	103219	154.12169632	1
0	103220	154.12173728	1
0	103221	154.12177824	1
0	103222	154.1218192	1
0	103223	154.12186016	1
0	103224	154.12190112	1
0	103225	154.12194208	1
0	103226	154.12198304	1
0	103227	154.122024	1
0	103277	154.22157344	1
0	103281	154.2216144	1
0	103286	154.22165536	1
0	103291	154.22169632	1
0	103292	154.22173728	1
0	103293	154.22177824	1
0	103294	154.2218192	1
0	103295	154.22186016	1
0	103296	154.22190112	1
0	103297	154.22194208	1
0	103298	154.22198304	1
0	103299	154.222024	1
0	103349	154.32157344	1
0	103353	154.3216144	1
0	103358	154.32165536	1
0	103363	154.32169632	1
0	103364	154.32173728	1
0	103365	154.32177824	1
0	103366	154.3218192	1
0	103367	154.32186016	1
0	103368	154.32190112	1
0	103369	154.32194208	1
0	103370	154.32198304	1
0	103371	154.322024	1
0	103421	154.42157344	1
0	103425	154.4216144	1
0	103430	154.42165536	1
0	103435	154.42169632	1
0	103436	154.42173728	1
0	103437	154.42177824	1
0	103438	154.4218192	1
0	103439	154.42186016	1
0	103440	154.42190112	1
0	103441	154.42194208	1
0	103442	154.42198304	1
0	103443	154.422024	1
0	103493	154.52157344	1
0	103497	154.5216144	1
0	103502	154.52165536	1
0	103507	154.52169632	1
0	103508	154.52173728	1
0	103509	154.52177824	1
0	103510	154.5218192	1
0	103511	154.52186016	1
0	103512	154.52190112	1
0	103513	154.52194208	1
0	103514	154.52198304	1
0	103515	154.522024	1
0	103565	154.62157344	1
0	103569	154.6216144	1
0	103574	154.62165536	1
0	103579	154.62169632	1
0	103580	154.62173728	1
0	103581	154.62177824	1
0	103582	154.6218192	1
0	103583	154.62186016	1
0	103584	154.62190112	1
0	103585	154.62194208	1
0	103586	154.62198304	1
0	103587	154.622024	1
0	103637	154.72157344	1
0	103641	154.7216144	1
0	103646	154.72165536	1
0	103651	154.72169632	1
0	103652	154.72173728	1
0	103653	154.72177824	1
0	103654	154.7218192	1
0	103655	154.72186016	1
0	103656	154.72190112	1
0	103657	154.72194208	1
0	103658	154.72198304	1
0	103659	154.722024	1
0	103709	154.82157344	1
0	103713	154.8216144	1
0	103718	154.82165536	1
0	103723	154.82169632	1
0	103724	154.82173728	1
0	103725	154.82177824	1
0	103726	154.8218192	1
0	103727	154.82186016	1
0	103728	154.82190112	1
0	103729	154.82194208	1
0	103730	154.82198304	1
0	103731	154.822024	1
0	103781	154.92157344	1
0	103785	154.9216144	1
0	103790	154.92165536	1
0	103795	154.92169632	1
0	103796	154.92173728	1
0	103797	154.92177824	1
0	103798	154.9218192	1
0	103799	154.92186016	1
0	103800	154.92190112	1
0	103801	154.92194208	1
0	103802	154.92198304	1
0	103803	154.922024	1
0	103853	155.02157344	1
0	103857	155.0216144	1
0	103862	155.02165536	1
0	103867	155.02169632	1
0	103868	155.02173728	1
0	103869	155.02177824	1
0	103870	155.0218192	1
0	103871	155.02186016	1
0	103872	155.02190112	1
0	103873	155.02194208	1
0	103874	155.02198304	1
0	103875	155.022024	1
0	103925	155.12157344	1
0	103929	155.1216144	1
0	103934	155.12165536	1
0	103939	155.12169632	1
0	103940	155.12173728	1
0	103941	155.12177824	1
0	103942	155.1218192	1
0	103943	155.12186016	1
0	103944	155.12190112	1
0	103945	155.12194208	1
0	103946	155.12198304	1
0	103947	155.122024	1
0	103997	155.22157344	1
0	104001	155.2216144	1
0	104006	155.22165536	1
0	104011	155.22169632	1
0	104012	155.22173728	1
0	104013	155.22177824	1
0	104014	155.2218192	1
0	104015	155.22186016	1
0	104016	155.22190112	1
0	104017	155.22194208	1
0	104018	155.22198304	1
0	104019	155.222024	1
0	104069	155.32157344	1
0	104073	155.3216144	1
0	104078	155.32165536	1
0	104083	155.32169632	1
0	104084	155.32173728	1
0	104085	155.32177824	1
0	104086	155.3218192	1
0	104087	155.32186016	1
0	104088	155.32190112	1
0	104089	155.32194208	1
0	104090	155.32198304	1
0	104091	155.322024	1
0	104141	155.42157344	1
0	104145	155.4216144	1
0	104150	155.42165536	1
0	104155	155.42169632	1
0	104156	155.42173728	1
0	104157	155.42177824	1
0	104158	155.4218192	1
0	104159	155.42186016	1
0	104160	155.42190112	1
0	104161	155.42194208	1
0	104162	155.42198304	1
0	104163	155.422024	1
0	104213	155.52157344	1
0	104217	155.5216144	1
0	104222	155.52165536	1
0	104227	155.52169632	1
0	104228	155.52173728	1
0	104229	155.52177824	1
0	104230	155.5218192	1
0	104231	155.52186016	1
0	104232	155.52190112	1
0	104233	155.52194208	1
0	104234	155.52198304	1
0	104235	155.522024	1
0	104285	155.62157344	1
0	104289	155.6216144	1
0	104294	155.62165536	1
0	104299	155.62169632	1
0	104300	155.62173728	1
0	104301	155.62177824	1
0	104302	155.6218192	1
0	104303	155.62186016	1
0	104304	155.62190112	1
0	104305	155.62194208	1
0	104306	155.62198304	1
0	104307	155.622024	1
0	104357	155.72157344	1
0	104361	155.7216144	1
0	104366	155.72165536	1
0	104371	155.72169632	1
0	104372	155.72173728	1
0	104373	155.72177824	1
0	104374	155.7218192	1
0	104375	155.72186016	1
0	104376	155.72190112	1
0	104377	155.72194208	1
0	104378	155.72198304	1
0	104379	155.722024	1
0	104429	155.82157344	1
0	104433	155.8216144	1
0	104438	155.82165536	1
0	104443	155.82169632	1
0	104444	155.82173728	1
0	104445	155.82177824	1
0	104446	155.8218192	1
0	104447	155.82186016	1
0	104448	155.82190112	1
0	104449	155.82194208	1
0	104450	155.82198304	1
0	104451	155.822024	1
0	104501	155.92157344	1
0	104505	155.9216144	1
0	104510	155.92165536	1
0	104515	155.92169632	1
0	104516	155.92173728	1
0	104517	155.92177824	1
0	104518	155.9218192	1
0	104519	155.92186016	1
0	104520	155.92190112	1
0	104521	155.92194208	1
0	104522	155.92198304	1
0	104523	155.922024	1
0	104573	156.02157344	1
0	104577	156.0216144	1
0	104582	156.02165536	1
0	104587	156.02169632	1
0	104588	156.02173728	1
0	104589	156.02177824	1
0	104590	156.0218192	1
0	104591	156.02186016	1
0	104592	156.02190112	1
0	104593	156.02194208	1
0	104594	156.02198304	1
0	104595	156.022024	1
0	104645	156.12157344	1
0	104649	156.1216144	1
0	104654	156.12165536	1
0	104659	156.12169632	1
0	104660	156.12173728	1
0	104661	156.12177824	1
0	104662	156.1218192	1
0	104663	156.12186016	1
0	104664	156.12190112	1
0	104665	156.12194208	1
0	104666	156.12198304	1
0	104667	156.122024	1
0	104717	156.22157344	1
0	104721	156.2216144	1
0	104726	156.22165536	1
0	104731	156.22169632	1
0	104732	156.22173728	1
0	104733	156.22177824	1
0	104734	156.2218192	1
0	104735	156.22186016	1
0	104736	156.22190112	1
0	104737	156.22194208	1
0	104738	156.22198304	1
0	104739	156.222024	1
0	104789	156.32157344	1
0	104793	156.3216144	1
0	104798	156.32165536	1
0	104803	156.32169632	1
0	104804	156.32173728	1
0	104805	156.32177824	1
0	104806	156.3218192	1
0	104807	156.32186016	1
0	104808	156.32190112	1
0	104809	156.32194208	1
0	104810	156.32198304	1
0	104811	156.322024	1
0	104861	156.42157344	1
0	104865	156.4216144	1
0	104870	156.42165536	1
0	104875	156.42169632	1
0	104876	156.42173728	1
0	104877	156.42177824	1
0	104878	156.4218192	1
0	104879	156.42186016	1
0	104880	156.42190112	1
0	104881	156.42194208	1
0	104882	156.42198304	1
0	104883	156.422024	1
0	104933	156.52157344	1
0	104937	156.5216144	1
0	104942	156.52165536	1
0	104947	156.52169632	1
0	104948	156.52173728	1
0	104949	156.52177824	1
0	104950	156.5218192	1
0	104951	156.52186016	1
0	104952	156.52190112	1
0	104953	156.52194208	1
0	104954	156.52198304	1
0	104955	156.522024	1
0	105005	156.62157344	1
0	105009	156.6216144	1
0	105014	156.62165536	1
0	105019	156.62169632	1
0	105020	156.62173728	1
0	105021	156.62177824	1
0	105022	156.6218192	1
0	105023	156.62186016	1
0	105024	156.62190112	1
0	105025	156.62194208	1
0	105026	156.62198304	1
0	105027	156.622024	1
0	105077	156.72157344	1
0	105081	156.7216144	1
0	105086	156.72165536	1
0	105091	156.72169632	1
0	105092	156.72173728	1
0	105093	156.72177824	1
0	105094	156.7218192	1
0	105095	156.72186016	1
0	105096	156.72190112	1
0	105097	156.72194208	1
0	105098	156.72198304	1
0	105099	156.722024	1
0	105149	156.82157344	1
0	105153	156.8216144	1
0	105158	156.82165536	1
0	105163	156.82169632	1
0	105164	156.82173728	1
0	105165	156.82177824	1
0	105166	156.8218192	1
0	105167	156.82186016	1
0	105168	156.82190112	1
0	105169	156.82194208	1
0	105170	156.82198304	1
0	105171	156.822024	1
0	105221	156.92157344	1
0	105225	156.9216144	1
0	105230	156.92165536	1
0	105235	156.92169632	1
0	105236	156.92173728	1
0	105237	156.92177824	1
0	105238	156.9218192	1
0	105239	156.92186016	1
0	105240	156.92190112	1
0	105241	156.92194208	1
0	105242	156.92198304	1
0	105243	156.922024	1
0	105293	157.02157344	1
0	105297	157.0216144	1
0	105302	157.02165536	1
0	105307	157.02169632	1
0	105308	157.02173728	1
0	105309	157.02177824	1
0	105310	157.0218192	1
0	105311	157.02186016	1
0	105312	157.02190112	1
0	105313	157.02194208	1
0	105314	157.02198304	1
0	105315	157.022024	1
0	105365	157.12157344	1
0	105369	157.1216144	1
0	105374	157.12165536	1
0	105379	157.12169632	1
0	105380	157.12173728	1
0	105381	157.12177824	1
0	105382	157.1218192	1
0	105383	157.12186016	1
0	105384	157.12190112	1
0	105385	157.12194208	1
0	105386	157.12198304	1
0	105387	157.122024	1
0	105437	157.22157344	1
0	105441	157.2216144	1
0	105446	157.22165536	1
0	105451	157.22169632	1
0	105452	157.22173728	1
0	105453	157.22177824	1
0	105454	157.2218192	1
0	105455	157.22186016	1
0	105456	157.22190112	1
0	105457	157.22194208	1
0	105458	157.22198304	1
0	105459	157.222024	1
0	105509	157.32157344	1
0	105513	157.3216144	1
0	105518	157.32165536	1
0	105523	157.32169632	1
0	105524	157.32173728	1
0	105525	157.32177824	1
0	105526	157.3218192	1
0	105527	157.32186016	1
0	105528	157.32190112	1
0	105529	157.32194208	1
0	105530	157.32198304	1
0	105531	157.322024	1
0	105581	157.42157344	1
0	105585	157.4216144	1
0	105590	157.42165536	1
0	105595	157.42169632	1
0	105596	157.42173728	1
0	105597	157.42177824	1
0	105598	157.4218192	1
0	105599	157.42186016	1
0	105600	157.42190112	1
0	105601	157.42194208	1
0	105602	157.42198304	1
0	105603	157.422024	1
0	105653	157.52157344	1
0	105657	157.5216144	1
0	105662	157.52165536	1
0	105667	157.52169632	1
0	105668	157.52173728	1
0	105669	157.52177824	1
0	105670	157.5218192	1
0	105671	157.52186016	1
0	105672	157.52190112	1
0	105673	157.52194208	1
0	105674	157.52198304	1
0	105675	157.522024	1
0	105725	157.62157344	1
0	105729	157.6216144	1
0	105734	157.62165536	1
0	105739	157.62169632	1
0	105740	157.62173728	1
0	105741	157.62177824	1
0	105742	157.6218192	1
0	105743	157.62186016	1
0	105744	157.62190112	1
0	105745	157.62194208	1
0	105746	157.62198304	1
0	105747	157.622024	1
0	105797	157.72157344	1
0	105801	157.7216144	1
0	105806	157.72165536	1
0	105811	157.72169632	1
0	105812	157.72173728	1
0	105813	157.72177824	1
0	105814	157.7218192	1
0	105815	157.72186016	1
0	105816	157.72190112	1
0	105817	157.72194208	1
0	105818	157.72198304	1
0	105819	157.722024	1
0	105869	157.82157344	1
0	105873	157.8216144	1
0	105878	157.82165536	1
0	105883	157.82169632	1
0	105884	157.82173728	1
0	105885	157.82177824	1
0	105886	157.8218192	1
0	105887	157.82186016	1
0	105888	157.82190112	1
0	105889	157.82194208	1
0	105890	157.82198304	1
0	105891	157.822024	1
0	105941	157.92157344	1
0	105945	157.9216144	1
0	105950	157.92165536	1
0	105955	157.92169632	1
0	105956	157.92173728	1
0	105957	157.92177824	1
0	105958	157.9218192	1
0	105959	157.92186016	1
0	105960	157.92190112	1
0	105961	157.92194208	1
0	105962	157.92198304	1
0	105963	157.922024	1
0	106013	158.02157344	1
0	106017	158.0216144	1
0	106022	158.02165536	1
0	106027	158.02169632	1
0	106028	158.02173728	1
0	106029	158.02177824	1
0	106030	158.0218192	1
0	106031	158.02186016	1
0	106032	158.02190112	1
0	106033	158.02194208	1
0	106034	158.02198304	1
0	106035	158.022024	1
0	106085	158.12157344	1
0	106089	158.1216144	1
0	106094	158.12165536	1
0	106099	158.12169632	1
0	106100	158.12173728	1
0	106101	158.12177824	1
0	106102	158.1218192	1
0	106103	158.12186016	1
0	106104	158.12190112	1
0	106105	158.12194208	1
0	106106	158.12198304	1
0	106107	158.122024	1
0	106157	158.22157344	1
0	106161	158.2216144	1
0	106166	158.22165536	1
0	106171	158.22169632	1
0	106172	158.22173728	1
0	106173	158.22177824	1
0	106174	158.2218192	1
0	106175	158.22186016	1
0	106176	158.22190112	1
0	106177	158.22194208	1
0	106178	158.22198304	1
0	106179	158.222024	1
0	106229	158.32157344	1
0	106233	158.3216144	1
0	106238	158.32165536	1
0	106243	158.32169632	1
0	106244	158.32173728	1
0	106245	158.32177824	1
0	106246	158.3218192	1
0	106247	158.32186016	1
0	106248	158.32190112	1
0	106249	158.32194208	1
0	106250	158.32198304	1
0	106251	158.322024	1
0	106301	158.42157344	1
0	106305	158.4216144	1
0	106310	158.42165536	1
0	106315	158.42169632	1
0	106316	158.42173728	1
0	106317	158.42177824	1
0	106318	158.4218192	1
0	106319	158.42186016	1
0	106320	158.42190112	1
0	106321	158.42194208	1
0	106322	158.42198304	1
0	106323	158.422024	1
0	106373	158.52157344	1
0	106377	158.5216144	1
0	106382	158.52165536	1
0	106387	158.52169632	1
0	106388	158.52173728	1
0	106389	158.52177824	1
0	106390	158.5218192	1
0	106391	158.52186016	1
0	106392	158.52190112	1
0	106393	158.52194208	1
0	106394	158.52198304	1
0	106395	158.522024	1
0	106445	158.62157344	1
0	106449	158.6216144	1
0	106454	158.62165536	1
0	106459	158.62169632	1
0	106460	158.62173728	1
0	106461	158.62177824	1
0	106462	158.6218192	1
0	106463	158.62186016	1
0	106464	158.62190112	1
0	106465	158.62194208	1
0	106466	158.62198304	1
0	106467	158.622024	1
0	106517	158.72157344	1
0	106521	158.7216144	1
0	106526	158.72165536	1
0	106531	158.72169632	1
0	106532	158.72173728	1
0	106533	158.72177824	1
0	106534	158.7218192	1
0	106535	158.72186016	1
0	106536	158.72190112	1
0	106537	158.72194208	1
0	106538	158.72198304	1
0	106539	158.722024	1
0	106589	158.82157344	1
0	106593	158.8216144	1
0	106598	158.82165536	1
0	106603	158.82169632	1
0	106604	158.82173728	1
0	106605	158.82177824	1
0	106606	158.8218192	1
0	106607	158.82186016	1
0	106608	158.82190112	1
0	106609	158.82194208	1
0	106610	158.82198304	1
0	106611	158.822024	1
0	106661	158.92157344	1
0	106665	158.9216144	1
0	106670	158.92165536	1
0	106675	158.92169632	1
0	106676	158.92173728	1
0	106677	158.92177824	1
0	106678	158.9218192	1
0	106679	158.92186016	1
0	106680	158.92190112	1
0	106681	158.92194208	1
0	106682	158.92198304	1
0	106683	158.922024	1
0	106733	159.02157344	1
0	106737	159.0216144	1
0	106742	159.02165536	1
0	106747	159.02169632	1
0	106748	159.02173728	1
0	106749	159.02177824	1
0	106750	159.0218192	1
0	106751	159.02186016	1
0	106752	159.02190112	1
0	106753	159.02194208	1
0	106754	159.02198304	1
0	106755	159.022024	1
0	106805	159.12157344	1
0	106809	159.1216144	1
0	106814	159.12165536	1
0	106819	159.12169632	1
0	106820	159.12173728	1
0	106821	159.12177824	1
0	106822	159.1218192	1
0	106823	159.12186016	1
0	106824	159.12190112	1
0	106825	159.12194208	1
0	106826	159.12198304	1
0	106827	159.122024	1
0	106877	159.22157344	1
0	106881	159.2216144	1
0	106886	159.22165536	1
0	106891	159.22169632	1
0	106892	159.22173728	1
0	106893	159.22177824	1
0	106894	159.2218192	1
0	106895	159.22186016	1
0	106896	159.22190112	1
0	106897	159.22194208	1
0	106898	159.22198304	1
0	106899	159.222024	1
0	106949	159.32157344	1
0	106953	159.3216144	1
0	106958	159.32165536	1
0	106963	159.32169632	1
0	106964	159.32173728	1
0	106965	159.32177824	1
0	106966	159.3218192	1
0	106967	159.32186016	1
0	106968	159.32190112	1
0	106969	159.32194208	1
0	106970	159.32198304	1
0	106971	159.322024	1
0	107021	159.42157344	1
0	107025	159.4216144	1
0	107030	159.42165536	1
0	107035	159.42169632	1
0	107036	159.42173728	1
0	107037	159.42177824	1
0	107038	159.4218192	1
0	107039	159.42186016	1
0	107040	159.42190112	1
0	107041	159.42194208	1
0	107042	159.42198304	1
0	107043	159.422024	1
0	107093	159.52157344	1
0	107097	159.5216144	1
0	107102	159.52165536	1
0	107107	159.52169632	1
0	107108	159.52173728	1
0	107109	159.52177824	1
0	107110	159.5218192	1
0	107111	159.52186016	1
0	107112	159.52190112	1
0	107113	159.52194208	1
0	107114	159.52198304	1
0	107115	159.522024	1
0	107165	159.62157344	1
0	107169	159.6216144	1
0	107174	159.62165536	1
0	107179	159.62169632	1
0	107180	159.62173728	1
0	107181	159.62177824	1
0	107182	159.6218192	1
0	107183	159.62186016	1
0	107184	159.62190112	1
0	107185	159.62194208	1
0	107186	159.62198304	1
0	107187	159.622024	1
0	107237	159.72157344	1
0	107241	159.7216144	1
0	107246	159.72165536	1
0	107251	159.72169632	1
0	107252	159.72173728	1
0	107253	159.72177824	1
0	107254	159.7218192	1
0	107255	159.72186016	1
0	107256	159.72190112	1
0	107257	159.72194208	1
0	107258	159.72198304	1
0	107259	159.722024	1
0	107309	159.82157344	1
0	107313	159.8216144	1
0	107318	159.82165536	1
0	107323	159.82169632	1
0	107324	159.82173728	1
0	107325	159.82177824	1
0	107326	159.8218192	1
0	107327	159.82186016	1
0	107328	159.82190112	1
0	107329	159.82194208	1
0	107330	159.82198304	1
0	107331	159.822024	1
0	107381	159.92157344	1
0	107385	159.9216144	1
0	107390	159.92165536	1
0	107395	159.92169632	1
0	107396	159.92173728	1
0	107397	159.92177824	1
0	107398	159.9218192	1
0	107399	159.92186016	1
0	107400	159.92190112	1
0	107401	159.92194208	1
0	107402	159.92198304	1
0	107403	159.922024	1
0	107453	160.02157344	1
0	107457	160.0216144	1
0	107462	160.02165536	1
0	107467	160.02169632	1
0	107468	160.02173728	1
0	107469	160.02177824	1
0	107470	160.0218192	1
0	107471	160.02186016	1
0	107472	160.02190112	1
0	107473	160.02194208	1
0	107474	160.02198304	1
0	107475	160.022024	1
0	107525	160.12157344	1
0	107529	160.1216144	1
0	107534	160.12165536	1
0	107539	160.12169632	1
0	107540	160.12173728	1
0	107541	160.12177824	1
0	107542	160.1218192	1
0	107543	160.12186016	1
0	107544	160.12190112	1
0	107545	160.12194208	1
0	107546	160.12198304	1
0	107547	160.122024	1
0	107597	160.22157344	1
0	107601	160.2216144	1
0	107606	160.22165536	1
0	107611	160.22169632	1
0	107612	160.22173728	1
0	107613	160.22177824	1
0	107614	160.2218192	1
0	107615	160.22186016	1
0	107616	160.22190112	1
0	107617	160.22194208	1
0	107618	160.22198304	1
0	107619	160.222024	1
0	107669	160.32157344	1
0	107673	160.3216144	1
0	107678	160.32165536	1
0	107683	160.32169632	1
0	107684	160.32173728	1
0	107685	160.32177824	1
0	107686	160.3218192	1
0	107687	160.32186016	1
0	107688	160.32190112	1
0	107689	160.32194208	1
0	107690	160.32198304	1
0	107691	160.322024	1
0	107741	160.42157344	1
0	107745	160.4216144	1
0	107750	160.42165536	1
0	107755	160.42169632	1
0	107756	160.42173728	1
0	107757	160.42177824	1
0	107758	160.4218192	1
0	107759	160.42186016	1
0	107760	160.42190112	1
0	107761	160.42194208	1
0	107762	160.42198304	1
0	107763	160.422024	1
0	107813	160.52157344	1
0	107817	160.5216144	1
0	107822	160.52165536	1
0	107827	160.52169632	1
0	107828	160.52173728	1
0	107829	160.52177824	1
0	107830	160.5218192	1
0	107831	160.52186016	1
0	107832	160.52190112	1
0	107833	160.52194208	1
0	107834	160.52198304	1
0	107835	160.522024	1
0	107885	160.62157344	1
0	107889	160.6216144	1
0	107894	160.62165536	1
0	107899	160.62169632	1
0	107900	160.62173728	1
0	107901	160.62177824	1
0	107902	160.6218192	1
0	107903	160.62186016	1
0	107904	160.62190112	1
0	107905	160.62194208	1
0	107906	160.62198304	1
0	107907	160.622024	1
0	107957	160.72157344	1
0	107961	160.7216144	1
0	107966	160.72165536	1
0	107971	160.72169632	1
0	107972	160.72173728	1
0	107973	160.72177824	1
0	107974	160.7218192	1
0	107975	160.72186016	1
0	107976	160.72190112	1
0	107977	160.72194208	1
0	107978	160.72198304	1
0	107979	160.722024	1
0	108029	160.82157344	1
0	108033	160.8216144	1
0	108038	160.82165536	1
0	108043	160.82169632	1
0	108044	160.82173728	1
0	108045	160.82177824	1
0	108046	160.8218192	1
0	108047	160.82186016	1
0	108048	160.82190112	1
0	108049	160.82194208	1
0	108050	160.82198304	1
0	108051	160.822024	1
0	108101	160.92157344	1
0	108105	160.9216144	1
0	108110	160.92165536	1
0	108115	160.92169632	1
0	108116	160.92173728	1
0	108117	160.92177824	1
0	108118	160.9218192	1
0	108119	160.92186016	1
0	108120	160.92190112	1
0	108121	160.92194208	1
0	108122	160.92198304	1
0	108123	160.922024	1
0	108173	161.02157344	1
0	108177	161.0216144	1
0	108182	161.02165536	1
0	108187	161.02169632	1
0	108188	161.02173728	1
0	108189	161.02177824	1
0	108190	161.0218192	1
0	108191	161.02186016	1
0	108192	161.02190112	1
0	108193	161.02194208	1
0	108194	161.02198304	1
0	108195	161.022024	1
0	108245	161.12157344	1
0	108249	161.1216144	1
0	108254	161.12165536	1
0	108259	161.12169632	1
0	108260	161.12173728	1
0	108261	161.12177824	1
0	108262	161.1218192	1
0	108263	161.12186016	1
0	108264	161.12190112	1
0	108265	161.12194208	1
0	108266	161.12198304	1
0	108267	161.122024	1
0	108317	161.22157344	1
0	108321	161.2216144	1
0	108326	161.22165536	1
0	108331	161.22169632	1
0	108332	161.22173728	1
0	108333	161.22177824	1
0	108334	161.2218192	1
0	108335	161.22186016	1
0	108336	161.22190112	1
0	108337	161.22194208	1
0	108338	161.22198304	1
0	108339	161.222024	1
0	108389	161.32157344	1
0	108393	161.3216144	1
0	108398	161.32165536	1
0	108403	161.32169632	1
0	108404	161.32173728	1
0	108405	161.32177824	1
0	108406	161.3218192	1
0	108407	161.32186016	1
0	108408	161.32190112	1
0	108409	161.32194208	1
0	108410	161.32198304	1
0	108411	161.322024	1
0	108461	161.42157344	1
0	108465	161.4216144	1
0	108470	161.42165536	1
0	108475	161.42169632	1
0	108476	161.42173728	1
0	108477	161.42177824	1
0	108478	161.4218192	1
0	108479	161.42186016	1
0	108480	161.42190112	1
0	108481	161.42194208	1
0	108482	161.42198304	1
0	108483	161.422024	1
0	108533	161.52157344	1
0	108537	161.5216144	1
0	108542	161.52165536	1
0	108547	161.52169632	1
0	108548	161.52173728	1
0	108549	161.52177824	1
0	108550	161.5218192	1
0	108551	161.52186016	1
0	108552	161.52190112	1
0	108553	161.52194208	1
0	108554	161.52198304	1
0	108555	161.522024	1
0	108605	161.62157344	1
0	108609	161.6216144	1
0	108614	161.62165536	1
0	108619	161.62169632	1
0	108620	161.62173728	1
0	108621	161.62177824	1
0	108622	161.6218192	1
0	108623	161.62186016	1
0	108624	161.62190112	1
0	108625	161.62194208	1
0	108626	161.62198304	1
0	108627	161.622024	1
0	108677	161.72157344	1
0	108681	161.7216144	1
0	108686	161.72165536	1
0	108691	161.72169632	1
0	108692	161.72173728	1
0	108693	161.72177824	1
0	108694	161.7218192	1
0	108695	161.72186016	1
0	108696	161.72190112	1
0	108697	161.72194208	1
0	108698	161.72198304	1
0	108699	161.722024	1
0	108749	161.82157344	1
0	108753	161.8216144	1
0	108758	161.82165536	1
0	108763	161.82169632	1
0	108764	161.82173728	1
0	108765	161.82177824	1
0	108766	161.8218192	1
0	108767	161.82186016	1
0	108768	161.82190112	1
0	108769	161.82194208	1
0	108770	161.82198304	1
0	108771	161.822024	1
0	108821	161.92157344	1
0	108825	161.9216144	1
0	108830	161.92165536	1
0	108835	161.92169632	1
0	108836	161.92173728	1
0	108837	161.92177824	1
0	108838	161.9218192	1
0	108839	161.92186016	1
0	108840	161.92190112	1
0	108841	161.92194208	1
0	108842	161.92198304	1
0	108843	161.922024	1
0	108893	162.02157344	1
0	108897	162.0216144	1
0	108902	162.02165536	1
0	108907	162.02169632	1
0	108908	162.02173728	1
0	108909	162.02177824	1
0	108910	162.0218192	1
0	108911	162.02186016	1
0	108912	162.02190112	1
0	108913	162.02194208	1
0	108914	162.02198304	1
0	108915	162.022024	1
0	108965	162.12157344	1
0	108969	162.1216144	1
0	108974	162.12165536	1
0	108979	162.12169632	1
0	108980	162.12173728	1
0	108981	162.12177824	1
0	108982	162.1218192	1
0	108983	162.12186016	1
0	108984	162.12190112	1
0	108985	162.12194208	1
0	108986	162.12198304	1
0	108987	162.122024	1
0	109037	162.22157344	1
0	109041	162.2216144	1
0	109046	162.22165536	1
0	109051	162.22169632	1
0	109052	162.22173728	1
0	109053	162.22177824	1
0	109054	162.2218192	1
0	109055	162.22186016	1
0	109056	162.22190112	1
0	109057	162.22194208	1
0	109058	162.22198304	1
0	109059	162.222024	1
0	109109	162.32157344	1
0	109113	162.3216144	1
0	109118	162.32165536	1
0	109123	162.32169632	1
0	109124	162.32173728	1
0	109125	162.32177824	1
0	109126	162.3218192	1
0	109127	162.32186016	1
0	109128	162.32190112	1
0	109129	162.32194208	1
0	109130	162.32198304	1
0	109131	162.322024	1
0	109181	162.42157344	1
0	109185	162.4216144	1
0	109190	162.42165536	1
0	109195	162.42169632	1
0	109196	162.42173728	1
0	109197	162.42177824	1
0	109198	162.4218192	1
0	109199	162.42186016	1
0	109200	162.42190112	1
0	109201	162.42194208	1
0	109202	162.42198304	1
0	109203	162.422024	1
0	109253	162.52157344	1
0	109257	162.5216144	1
0	109262	162.52165536	1
0	109267	162.52169632	1
0	109268	162.52173728	1
0	109269	162.52177824	1
0	109270	162.5218192	1
0	109271	162.52186016	1
0	109272	162.52190112	1
0	109273	162.52194208	1
0	109274	162.52198304	1
0	109275	162.522024	1
0	109325	162.62157344	1
0	109329	162.6216144	1
0	109334	162.62165536	1
0	109339	162.62169632	1
0	109340	162.62173728	1
0	109341	162.62177824	1
0	109342	162.6218192	1
0	109343	162.62186016	1
0	109344	162.62190112	1
0	109345	162.62194208	1
0	109346	162.62198304	1
0	109347	162.622024	1
0	109397	162.72157344	1
0	109401	162.7216144	1
0	109406	162.72165536	1
0	109411	162.72169632	1
0	109412	162.72173728	1
0	109413	162.72177824	1
0	109414	162.7218192	1
0	109415	162.72186016	1
0	109416	162.72190112	1
0	109417	162.72194208	1
0	109418	162.72198304	1
0	109419	162.722024	1
0	109469	162.82157344	1
0	109473	162.8216144	1
0	109478	162.82165536	1
0	109483	162.82169632	1
0	109484	162.82173728	1
0	109485	162.82177824	1
0	109486	162.8218192	1
0	109487	162.82186016	1
0	109488	162.82190112	1
0	109489	162.82194208	1
0	109490	162.82198304	1
0	109491	162.822024	1
0	109541	162.92157344	1
0	109545	162.9216144	1
0	109550	162.92165536	1
0	109555	162.92169632	1
0	109556	162.92173728	1
0	109557	162.92177824	1
0	109558	162.9218192	1
0	109559	162.92186016	1
0	109560	162.92190112	1
0	109561	162.92194208	1
0	109562	162.92198304	1
0	109563	162.922024	1
0	109613	163.02157344	1
0	109617	163.0216144	1
0	109622	163.02165536	1
0	109627	163.02169632	1
0	109628	163.02173728	1
0	109629	163.02177824	1
0	109630	163.0218192	1
0	109631	163.02186016	1
0	109632	163.02190112	1
0	109633	163.02194208	1
0	109634	163.02198304	1
0	109635	163.022024	1
0	109685	163.12157344	1
0	109689	163.1216144	1
0	109694	163.12165536	1
0	109699	163.12169632	1
0	109700	163.12173728	1
0	109701	163.12177824	1
0	109702	163.1218192	1
0	109703	163.12186016	1
0	109704	163.12190112	1
0	109705	163.12194208	1
0	109706	163.12198304	1
0	109707	163.122024	1
0	109757	163.22157344	1
0	109761	163.2216144	1
0	109766	163.22165536	1
0	109771	163.22169632	1
0	109772	163.22173728	1
0	109773	163.22177824	1
0	109774	163.2218192	1
0	109775	163.22186016	1
0	109776	163.22190112	1
0	109777	163.22194208	1
0	109778	163.22198304	1
0	109779	163.222024	1
0	109829	163.32157344	1
0	109833	163.3216144	1
0	109838	163.32165536	1
0	109843	163.32169632	1
0	109844	163.32173728	1
0	109845	163.32177824	1
0	109846	163.3218192	1
0	109847	163.32186016	1
0	109848	163.32190112	1
0	109849	163.32194208	1
0	109850	163.32198304	1
0	109851	163.322024	1
0	109901	163.42157344	1
0	109905	163.4216144	1
0	109910	163.42165536	1
0	109915	163.42169632	1
0	109916	163.42173728	1
0	109917	163.42177824	1
0	109918	163.4218192	1
0	109919	163.42186016	1
0	109920	163.42190112	1
0	109921	163.42194208	1
0	109922	163.42198304	1
0	109923	163.422024	1
0	109973	163.52157344	1
0	109977	163.5216144	1
0	109982	163.52165536	1
0	109987	163.52169632	1
0	109988	163.52173728	1
0	109989	163.52177824	1
0	109990	163.5218192	1
0	109991	163.52186016	1
0	109992	163.52190112	1
0	109993	163.52194208	1
0	109994	163.52198304	1
0	109995	163.522024	1
0	110045	163.62157344	1
0	110049	163.6216144	1
0	110054	163.62165536	1
0	110059	163.62169632	1
0	110060	163.62173728	1
0	110061	163.62177824	1
0	110062	163.6218192	1
0	110063	163.62186016	1
0	110064	163.62190112	1
0	110065	163.62194208	1
0	110066	163.62198304	1
0	110067	163.622024	1
0	110117	163.72157344	1
0	110121	163.7216144	1
0	110126	163.72165536	1
0	110131	163.72169632	1
0	110132	163.72173728	1
0	110133	163.72177824	1
0	110134	163.7218192	1
0	110135	163.72186016	1
0	110136	163.72190112	1
0	110137	163.72194208	1
0	110138	163.72198304	1
0	110139	163.722024	1
0	110189	163.82157344	1
0	110193	163.8216144	1
0	110198	163.82165536	1
0	110203	163.82169632	1
0	110204	163.82173728	1
0	110205	163.82177824	1
0	110206	163.8218192	1
0	110207	163.82186016	1
0	110208	163.82190112	1
0	110209	163.82194208	1
0	110210	163.82198304	1
0	110211	163.822024	1
0	110261	163.92157344	1
0	110265	163.9216144	1
0	110270	163.92165536	1
0	110275	163.92169632	1
0	110276	163.92173728	1
0	110277	163.92177824	1
0	110278	163.9218192	1
0	110279	163.92186016	1
0	110280	163.92190112	1
0	110281	163.92194208	1
0	110282	163.92198304	1
0	110283	163.922024	1
0	110333	164.02157344	1
0	110337	164.0216144	1
0	110342	164.02165536	1
0	110347	164.02169632	1
0	110348	164.02173728	1
0	110349	164.02177824	1
0	110350	164.0218192	1
0	110351	164.02186016	1
0	110352	164.02190112	1
0	110353	164.02194208	1
0	110354	164.02198304	1
0	110355	164.022024	1
0	110405	164.12157344	1
0	110409	164.1216144	1
0	110414	164.12165536	1
0	110419	164.12169632	1
0	110420	164.12173728	1
0	110421	164.12177824	1
0	110422	164.1218192	1
0	110423	164.12186016	1
0	110424	164.12190112	1
0	110425	164.12194208	1
0	110426	164.12198304	1
0	110427	164.122024	1
0	110477	164.22157344	1
0	110481	164.2216144	1
0	110486	164.22165536	1
0	110491	164.22169632	1
0	110492	164.22173728	1
0	110493	164.22177824	1
0	110494	164.2218192	1
0	110495	164.22186016	1
0	110496	164.22190112	1
0	110497	164.22194208	1
0	110498	164.22198304	1
0	110499	164.222024	1
0	110549	164.32157344	1
0	110553	164.3216144	1
0	110558	164.32165536	1
0	110563	164.32169632	1
0	110564	164.32173728	1
0	110565	164.32177824	1
0	110566	164.3218192	1
0	110567	164.32186016	1
0	110568	164.32190112	1
0	110569	164.32194208	1
0	110570	164.32198304	1
0	110571	164.322024	1
0	110621	164.42157344	1
0	110625	164.4216144	1
0	110630	164.42165536	1
0	110635	164.42169632	1
0	110636	164.42173728	1
0	110637	164.42177824	1
0	110638	164.4218192	1
0	110639	164.42186016	1
0	110640	164.42190112	1
0	110641	164.42194208	1
0	110642	164.42198304	1
0	110643	164.422024	1
0	110693	164.52157344	1
0	110697	164.5216144	1
0	110702	164.52165536	1
0	110707	164.52169632	1
0	110708	164.52173728	1
0	110709	164.52177824	1
0	110710	164.5218192	1
0	110711	164.52186016	1
0	110712	164.52190112	1
0	110713	164.52194208	1
0	110714	164.52198304	1
0	110715	164.522024	1
0	110765	164.62157344	1
0	110769	164.6216144	1
0	110774	164.62165536	1
0	110779	164.62169632	1
0	110780	164.62173728	1
0	110781	164.62177824	1
0	110782	164.6218192	1
0	110783	164.62186016	1
0	110784	164.62190112	1
0	110785	164.62194208	1
0	110786	164.62198304	1
0	110787	164.622024	1
0	110837	164.72157344	1
0	110841	164.7216144	1
0	110846	164.72165536	1
0	110851	164.72169632	1
0	110852	164.72173728	1
0	110853	164.72177824	1
0	110854	164.7218192	1
0	110855	164.72186016	1
0	110856	164.72190112	1
0	110857	164.72194208	1
0	110858	164.72198304	1
0	110859	164.722024	1
0	110909	164.82157344	1
0	110913	164.8216144	1
0	110918	164.82165536	1
0	110923	164.82169632	1
0	110924	164.82173728	1
0	110925	164.82177824	1
0	110926	164.8218192	1
0	110927	164.82186016	1
0	110928	164.82190112	1
0	110929	164.82194208	1
0	110930	164.82198304	1
0	110931	164.822024	1
0	110981	164.92157344	1
0	110985	164.9216144	1
0	110990	164.92165536	1
0	110995	164.92169632	1
0	110996	164.92173728	1
0	110997	164.92177824	1
0	110998	164.9218192	1
0	110999	164.92186016	1
0	111000	164.92190112	1
0	111001	164.92194208	1
0	111002	164.92198304	1
0	111003	164.922024	1
0	111053	165.02157344	1
0	111057	165.0216144	1
0	111062	165.02165536	1
0	111067	165.02169632	1
0	111068	165.02173728	1
0	111069	165.02177824	1
0	111070	165.0218192	1
0	111071	165.02186016	1
0	111072	165.02190112	1
0	111073	165.02194208	1
0	111074	165.02198304	1
0	111075	165.022024	1
0	111125	165.12157344	1
0	111129	165.1216144	1
0	111134	165.12165536	1
0	111139	165.12169632	1
0	111140	165.12173728	1
0	111141	165.12177824	1
0	111142	165.1218192	1
0	111143	165.12186016	1
0	111144	165.12190112	1
0	111145	165.12194208	1
0	111146	165.12198304	1
0	111147	165.122024	1
0	111197	165.22157344	1
0	111201	165.2216144	1
0	111206	165.22165536	1
0	111211	165.22169632	1
0	111212	165.22173728	1
0	111213	165.22177824	1
0	111214	165.2218192	1
0	111215	165.22186016	1
0	111216	165.22190112	1
0	111217	165.22194208	1
0	111218	165.22198304	1
0	111219	165.222024	1
0	111269	165.32157344	1
0	111273	165.3216144	1
0	111278	165.32165536	1
0	111283	165.32169632	1
0	111284	165.32173728	1
0	111285	165.32177824	1
0	111286	165.3218192	1
0	111287	165.32186016	1
0	111288	165.32190112	1
0	111289	165.32194208	1
0	111290	165.32198304	1
0	111291	165.322024	1
0	111341	165.42157344	1
0	111345	165.4216144	1
0	111350	165.42165536	1
0	111355	165.42169632	1
0	111356	165.42173728	1
0	111357	165.42177824	1
0	111358	165.4218192	1
0	111359	165.42186016	1
0	111360	165.42190112	1
0	111361	165.42194208	1
0	111362	165.42198304	1
0	111363	165.422024	1
0	111413	165.52157344	1
0	111417	165.5216144	1
0	111422	165.52165536	1
0	111427	165.52169632	1
0	111428	165.52173728	1
0	111429	165.52177824	1
0	111430	165.5218192	1
0	111431	165.52186016	1
0	111432	165.52190112	1
0	111433	165.52194208	1
0	111434	165.52198304	1
0	111435	165.522024	1
0	111485	165.62157344	1
0	111489	165.6216144	1
0	111494	165.62165536	1
0	111499	165.62169632	1
0	111500	165.62173728	1
0	111501	165.62177824	1
0	111502	165.6218192	1
0	111503	165.62186016	1
0	111504	165.62190112	1
0	111505	165.62194208	1
0	111506	165.62198304	1
0	111507	165.622024	1
0	111557	165.72157344	1
0	111561	165.7216144	1
0	111566	165.72165536	1
0	111571	165.72169632	1
0	111572	165.72173728	1
0	111573	165.72177824	1
0	111574	165.7218192	1
0	111575	165.72186016	1
0	111576	165.72190112	1
0	111577	165.72194208	1
0	111578	165.72198304	1
0	111579	165.722024	1
0	111629	165.82157344	1
0	111633	165.8216144	1
0	111638	165.82165536	1
0	111643	165.82169632	1
0	111644	165.82173728	1
0	111645	165.82177824	1
0	111646	165.8218192	1
0	111647	165.82186016	1
0	111648	165.82190112	1
0	111649	165.82194208	1
0	111650	165.82198304	1
0	111651	165.822024	1
0	111701	165.92157344	1
0	111705	165.9216144	1
0	111710	165.92165536	1
0	111715	165.92169632	1
0	111716	165.92173728	1
0	111717	165.92177824	1
0	111718	165.9218192	1
0	111719	165.92186016	1
0	111720	165.92190112	1
0	111721	165.92194208	1
0	111722	165.92198304	1
0	111723	165.922024	1
0	111773	166.02157344	1
0	111777	166.0216144	1
0	111782	166.02165536	1
0	111787	166.02169632	1
0	111788	166.02173728	1
0	111789	166.02177824	1
0	111790	166.0218192	1
0	111791	166.02186016	1
0	111792	166.02190112	1
0	111793	166.02194208	1
0	111794	166.02198304	1
0	111795	166.022024	1
0	111845	166.12157344	1
0	111849	166.1216144	1
0	111854	166.12165536	1
0	111859	166.12169632	1
0	111860	166.12173728	1
0	111861	166.12177824	1
0	111862	166.1218192	1
0	111863	166.12186016	1
0	111864	166.12190112	1
0	111865	166.12194208	1
0	111866	166.12198304	1
0	111867	166.122024	1
0	111917	166.22157344	1
0	111921	166.2216144	1
0	111926	166.22165536	1
0	111931	166.22169632	1
0	111932	166.22173728	1
0	111933	166.22177824	1
0	111934	166.2218192	1
0	111935	166.22186016	1
0	111936	166.22190112	1
0	111937	166.22194208	1
0	111938	166.22198304	1
0	111939	166.222024	1
0	111989	166.32157344	1
0	111993	166.3216144	1
0	111998	166.32165536	1
0	112003	166.32169632	1
0	112004	166.32173728	1
0	112005	166.32177824	1
0	112006	166.3218192	1
0	112007	166.32186016	1
0	112008	166.32190112	1
0	112009	166.32194208	1
0	112010	166.32198304	1
0	112011	166.322024	1
0	112061	166.42157344	1
0	112065	166.4216144	1
0	112070	166.42165536	1
0	112075	166.42169632	1
0	112076	166.42173728	1
0	112077	166.42177824	1
0	112078	166.4218192	1
0	112079	166.42186016	1
0	112080	166.42190112	1
0	112081	166.42194208	1
0	112082	166.42198304	1
0	112083	166.422024	1
0	112133	166.52157344	1
0	112137	166.5216144	1
0	112142	166.52165536	1
0	112147	166.52169632	1
0	112148	166.52173728	1
0	112149	166.52177824	1
0	112150	166.5218192	1
0	112151	166.52186016	1
0	112152	166.52190112	1
0	112153	166.52194208	1
0	112154	166.52198304	1
0	112155	166.522024	1
0	112205	166.62157344	1
0	112209	166.6216144	1
0	112214	166.62165536	1
0	112219	166.62169632	1
0	112220	166.62173728	1
0	112221	166.62177824	1
0	112222	166.6218192	1
0	112223	166.62186016	1
0	112224	166.62190112	1
0	112225	166.62194208	1
0	112226	166.62198304	1
0	112227	166.622024	1
0	112277	166.72157344	1
0	112281	166.7216144	1
0	112286	166.72165536	1
0	112291	166.72169632	1
0	112292	166.72173728	1
0	112293	166.72177824	1
0	112294	166.7218192	1
0	112295	166.72186016	1
0	112296	166.72190112	1
0	112297	166.72194208	1
0	112298	166.72198304	1
0	112299	166.722024	1
0	112349	166.82157344	1
0	112353	166.8216144	1
0	112358	166.82165536	1
0	112363	166.82169632	1
0	112364	166.82173728	1
0	112365	166.82177824	1
0	112366	166.8218192	1
0	112367	166.82186016	1
0	112368	166.82190112	1
0	112369	166.82194208	1
0	112370	166.82198304	1
0	112371	166.822024	1
0	112421	166.92157344	1
0	112425	166.9216144	1
0	112430	166.92165536	1
0	112435	166.92169632	1
0	112436	166.92173728	1
0	112437	166.92177824	1
0	112438	166.9218192	1
0	112439	166.92186016	1
0	112440	166.92190112	1
0	112441	166.92194208	1
0	112442	166.92198304	1
0	112443	166.922024	1
0	112493	167.02157344	1
0	112497	167.0216144	1
0	112502	167.02165536	1
0	112507	167.02169632	1
0	112508	167.02173728	1
0	112509	167.02177824	1
0	112510	167.0218192	1
0	112511	167.02186016	1
0	112512	167.02190112	1
0	112513	167.02194208	1
0	112514	167.02198304	1
0	112515	167.022024	1
0	112565	167.12157344	1
0	112569	167.1216144	1
0	112574	167.12165536	1
0	112579	167.12169632	1
0	112580	167.12173728	1
0	112581	167.12177824	1
0	112582	167.1218192	1
0	112583	167.12186016	1
0	112584	167.12190112	1
0	112585	167.12194208	1
0	112586	167.12198304	1
0	112587	167.122024	1
0	112637	167.22157344	1
0	112641	167.2216144	1
0	112646	167.22165536	1
0	112651	167.22169632	1
0	112652	167.22173728	1
0	112653	167.22177824	1
0	112654	167.2218192	1
0	112655	167.22186016	1
0	112656	167.22190112	1
0	112657	167.22194208	1
0	112658	167.22198304	1
0	112659	167.222024	1
0	112709	167.32157344	1
0	112713	167.3216144	1
0	112718	167.32165536	1
0	112723	167.32169632	1
0	112724	167.32173728	1
0	112725	167.32177824	1
0	112726	167.3218192	1
0	112727	167.32186016	1
0	112728	167.32190112	1
0	112729	167.32194208	1
0	112730	167.32198304	1
0	112731	167.322024	1
0	112781	167.42157344	1
0	112785	167.4216144	1
0	112790	167.42165536	1
0	112795	167.42169632	1
0	112796	167.42173728	1
0	112797	167.42177824	1
0	112798	167.4218192	1
0	112799	167.42186016	1
0	112800	167.42190112	1
0	112801	167.42194208	1
0	112802	167.42198304	1
0	112803	167.422024	1
0	112853	167.52157344	1
0	112857	167.5216144	1
0	112862	167.52165536	1
0	112867	167.52169632	1
0	112868	167.52173728	1
0	112869	167.52177824	1
0	112870	167.5218192	1
0	112871	167.52186016	1
0	112872	167.52190112	1
0	112873	167.52194208	1
0	112874	167.52198304	1
0	112875	167.522024	1
0	112925	167.62157344	1
0	112929	167.6216144	1
0	112934	167.62165536	1
0	112939	167.62169632	1
0	112940	167.62173728	1
0	112941	167.62177824	1
0	112942	167.6218192	1
0	112943	167.62186016	1
0	112944	167.62190112	1
0	112945	167.62194208	1
0	112946	167.62198304	1
0	112947	167.622024	1
0	112997	167.72157344	1
0	113001	167.7216144	1
0	113006	167.72165536	1
0	113011	167.72169632	1
0	113012	167.72173728	1
0	113013	167.72177824	1
0	113014	167.7218192	1
0	113015	167.72186016	1
0	113016	167.72190112	1
0	113017	167.72194208	1
0	113018	167.72198304	1
0	113019	167.722024	1
0	113069	167.82157344	1
0	113073	167.8216144	1
0	113078	167.82165536	1
0	113083	167.82169632	1
0	113084	167.82173728	1
0	113085	167.82177824	1
0	113086	167.8218192	1
0	113087	167.82186016	1
0	113088	167.82190112	1
0	113089	167.82194208	1
0	113090	167.82198304	1
0	113091	167.822024	1
0	113141	167.92157344	1
0	113145	167.9216144	1
0	113150	167.92165536	1
0	113155	167.92169632	1
0	113156	167.92173728	1
0	113157	167.92177824	1
0	113158	167.9218192	1
0	113159	167.92186016	1
0	113160	167.92190112	1
0	113161	167.92194208	1
0	113162	167.92198304	1
0	113163	167.922024	1
0	113213	168.02157344	1
0	113217	168.0216144	1
0	113222	168.02165536	1
0	113227	168.02169632	1
0	113228	168.02173728	1
0	113229	168.02177824	1
0	113230	168.0218192	1
0	113231	168.02186016	1
0	113232	168.02190112	1
0	113233	168.02194208	1
0	113234	168.02198304	1
0	113235	168.022024	1
0	113285	168.12157344	1
0	113289	168.1216144	1
0	113294	168.12165536	1
0	113299	168.12169632	1
0	113300	168.12173728	1
0	113301	168.12177824	1
0	113302	168.1218192	1
0	113303	168.12186016	1
0	113304	168.12190112	1
0	113305	168.12194208	1
0	113306	168.12198304	1
0	113307	168.122024	1
0	113357	168.22157344	1
0	113361	168.2216144	1
0	113366	168.22165536	1
0	113371	168.22169632	1
0	113372	168.22173728	1
0	113373	168.22177824	1
0	113374	168.2218192	1
0	113375	168.22186016	1
0	113376	168.22190112	1
0	113377	168.22194208	1
0	113378	168.22198304	1
0	113379	168.222024	1
0	113429	168.32157344	1
0	113433	168.3216144	1
0	113438	168.32165536	1
0	113443	168.32169632	1
0	113444	168.32173728	1
0	113445	168.32177824	1
0	113446	168.3218192	1
0	113447	168.32186016	1
0	113448	168.32190112	1
0	113449	168.32194208	1
0	113450	168.32198304	1
0	113451	168.322024	1
0	113501	168.42157344	1
0	113505	168.4216144	1
0	113510	168.42165536	1
0	113515	168.42169632	1
0	113516	168.42173728	1
0	113517	168.42177824	1
0	113518	168.4218192	1
0	113519	168.42186016	1
0	113520	168.42190112	1
0	113521	168.42194208	1
0	113522	168.42198304	1
0	113523	168.422024	1
0	113573	168.52157344	1
0	113577	168.5216144	1
0	113582	168.52165536	1
0	113587	168.52169632	1
0	113588	168.52173728	1
0	113589	168.52177824	1
0	113590	168.5218192	1
0	113591	168.52186016	1
0	113592	168.52190112	1
0	113593	168.52194208	1
0	113594	168.52198304	1
0	113595	168.522024	1
0	113645	168.62157344	1
0	113649	168.6216144	1
0	113654	168.62165536	1
0	113659	168.62169632	1
0	113660	168.62173728	1
0	113661	168.62177824	1
0	113662	168.6218192	1
0	113663	168.62186016	1
0	113664	168.62190112	1
0	113665	168.62194208	1
0	113666	168.62198304	1
0	113667	168.622024	1
0	113717	168.72157344	1
0	113721	168.7216144	1
0	113726	168.72165536	1
0	113731	168.72169632	1
0	113732	168.72173728	1
0	113733	168.72177824	1
0	113734	168.7218192	1
0	113735	168.72186016	1
0	113736	168.72190112	1
0	113737	168.72194208	1
0	113738	168.72198304	1
0	113739	168.722024	1
0	113789	168.82157344	1
0	113793	168.8216144	1
0	113798	168.82165536	1
0	113803	168.82169632	1
0	113804	168.82173728	1
0	113805	168.82177824	1
0	113806	168.8218192	1
0	113807	168.82186016	1
0	113808	168.82190112	1
0	113809	168.82194208	1
0	113810	168.82198304	1
0	113811	168.822024	1
0	113861	168.92157344	1
0	113865	168.9216144	1
0	113870	168.92165536	1
0	113875	168.92169632	1
0	113876	168.92173728	1
0	113877	168.92177824	1
0	113878	168.9218192	1
0	113879	168.92186016	1
0	113880	168.92190112	1
0	113881	168.92194208	1
0	113882	168.92198304	1
0	113883	168.922024	1
0	113933	169.02157344	1
0	113937	169.0216144	1
0	113942	169.02165536	1
0	113947	169.02169632	1
0	113948	169.02173728	1
0	113949	169.02177824	1
0	113950	169.0218192	1
0	113951	169.02186016	1
0	113952	169.02190112	1
0	113953	169.02194208	1
0	113954	169.02198304	1
0	113955	169.022024	1
0	114005	169.12157344	1
0	114009	169.1216144	1
0	114014	169.12165536	1
0	114019	169.12169632	1
0	114020	169.12173728	1
0	114021	169.12177824	1
0	114022	169.1218192	1
0	114023	169.12186016	1
0	114024	169.12190112	1
0	114025	169.12194208	1
0	114026	169.12198304	1
0	114027	169.122024	1
0	114077	169.22157344	1
0	114081	169.2216144	1
0	114086	169.22165536	1
0	114091	169.22169632	1
0	114092	169.22173728	1
0	114093	169.22177824	1
0	114094	169.2218192	1
0	114095	169.22186016	1
0	114096	169.22190112	1
0	114097	169.22194208	1
0	114098	169.22198304	1
0	114099	169.222024	1
0	114149	169.32157344	1
0	114153	169.3216144	1
0	114158	169.32165536	1
0	114163	169.32169632	1
0	114164	169.32173728	1
0	114165	169.32177824	1
0	114166	169.3218192	1
0	114167	169.32186016	1
0	114168	169.32190112	1
0	114169	169.32194208	1
0	114170	169.32198304	1
0	114171	169.322024	1
0	114221	169.42157344	1
0	114225	169.4216144	1
0	114230	169.42165536	1
0	114235	169.42169632	1
0	114236	169.42173728	1
0	114237	169.42177824	1
0	114238	169.4218192	1
0	114239	169.42186016	1
0	114240	169.42190112	1
0	114241	169.42194208	1
0	114242	169.42198304	1
0	114243	169.422024	1
0	114293	169.52157344	1
0	114297	169.5216144	1
0	114302	169.52165536	1
0	114307	169.52169632	1
0	114308	169.52173728	1
0	114309	169.52177824	1
0	114310	169.5218192	1
0	114311	169.52186016	1
0	114312	169.52190112	1
0	114313	169.52194208	1
0	114314	169.52198304	1
0	114315	169.522024	1
0	114365	169.62157344	1
0	114369	169.6216144	1
0	114374	169.62165536	1
0	114379	169.62169632	1
0	114380	169.62173728	1
0	114381	169.62177824	1
0	114382	169.6218192	1
0	114383	169.62186016	1
0	114384	169.62190112	1
0	114385	169.62194208	1
0	114386	169.62198304	1
0	114387	169.622024	1
0	114437	169.72157344	1
0	114441	169.7216144	1
0	114446	169.72165536	1
0	114451	169.72169632	1
0	114452	169.72173728	1
0	114453	169.72177824	1
0	114454	169.7218192	1
0	114455	169.72186016	1
0	114456	169.72190112	1
0	114457	169.72194208	1
0	114458	169.72198304	1
0	114459	169.722024	1
0	114509	169.82157344	1
0	114513	169.8216144	1
0	114518	169.82165536	1
0	114523	169.82169632	1
0	114524	169.82173728	1
0	114525	169.82177824	1
0	114526	169.8218192	1
0	114527	169.82186016	1
0	114528	169.82190112	1
0	114529	169.82194208	1
0	114530	169.82198304	1
0	114531	169.822024	1
0	114581	169.92157344	1
0	114585	169.9216144	1
0	114590	169.92165536	1
0	114595	169.92169632	1
0	114596	169.92173728	1
0	114597	169.92177824	1
0	114598	169.9218192	1
0	114599	169.92186016	1
0	114600	169.92190112	1
0	114601	169.92194208	1
0	114602	169.92198304	1
0	114603	169.922024	1
0	114653	170.02157344	1
0	114657	170.0216144	1
0	114662	170.02165536	1
0	114667	170.02169632	1
0	114668	170.02173728	1
0	114669	170.02177824	1
0	114670	170.0218192	1
0	114671	170.02186016	1
0	114672	170.02190112	1
0	114673	170.02194208	1
0	114674	170.02198304	1
0	114675	170.022024	1
0	114725	170.12157344	1
0	114729	170.1216144	1
0	114734	170.12165536	1
0	114739	170.12169632	1
0	114740	170.12173728	1
0	114741	170.12177824	1
0	114742	170.1218192	1
0	114743	170.12186016	1
0	114744	170.12190112	1
0	114745	170.12194208	1
0	114746	170.12198304	1
0	114747	170.122024	1
0	114797	170.22157344	1
0	114801	170.2216144	1
0	114806	170.22165536	1
0	114811	170.22169632	1
0	114812	170.22173728	1
0	114813	170.22177824	1
0	114814	170.2218192	1
0	114815	170.22186016	1
0	114816	170.22190112	1
0	114817	170.22194208	1
0	114818	170.22198304	1
0	114819	170.222024	1
0	114869	170.32157344	1
0	114873	170.3216144	1
0	114878	170.32165536	1
0	114883	170.32169632	1
0	114884	170.32173728	1
0	114885	170.32177824	1
0	114886	170.3218192	1
0	114887	170.32186016	1
0	114888	170.32190112	1
0	114889	170.32194208	1
0	114890	170.32198304	1
0	114891	170.322024	1
0	114941	170.42157344	1
0	114945	170.4216144	1
0	114950	170.42165536	1
0	114955	170.42169632	1
0	114956	170.42173728	1
0	114957	170.42177824	1
0	114958	170.4218192	1
0	114959	170.42186016	1
0	114960	170.42190112	1
0	114961	170.42194208	1
0	114962	170.42198304	1
0	114963	170.422024	1
0	115013	170.52157344	1
0	115017	170.5216144	1
0	115022	170.52165536	1
0	115027	170.52169632	1
0	115028	170.52173728	1
0	115029	170.52177824	1
0	115030	170.5218192	1
0	115031	170.52186016	1
0	115032	170.52190112	1
0	115033	170.52194208	1
0	115034	170.52198304	1
0	115035	170.522024	1
0	115085	170.62157344	1
0	115089	170.6216144	1
0	115094	170.62165536	1
0	115099	170.62169632	1
0	115100	170.62173728	1
0	115101	170.62177824	1
0	115102	170.6218192	1
0	115103	170.62186016	1
0	115104	170.62190112	1
0	115105	170.62194208	1
0	115106	170.62198304	1
0	115107	170.622024	1
0	115157	170.72157344	1
0	115161	170.7216144	1
0	115166	170.72165536	1
0	115171	170.72169632	1
0	115172	170.72173728	1
0	115173	170.72177824	1
0	115174	170.7218192	1
0	115175	170.72186016	1
0	115176	170.72190112	1
0	115177	170.72194208	1
0	115178	170.72198304	1
0	115179	170.722024	1
0	115229	170.82157344	1
0	115233	170.8216144	1
0	115238	170.82165536	1
0	115243	170.82169632	1
0	115244	170.82173728	1
0	115245	170.82177824	1
0	115246	170.8218192	1
0	115247	170.82186016	1
0	115248	170.82190112	1
0	115249	170.82194208	1
0	115250	170.82198304	1
0	115251	170.822024	1
0	115301	170.92157344	1
0	115305	170.9216144	1
0	115310	170.92165536	1
0	115315	170.92169632	1
0	115316	170.92173728	1
0	115317	170.92177824	1
0	115318	170.9218192	1
0	115319	170.92186016	1
0	115320	170.92190112	1
0	115321	170.92194208	1
0	115322	170.92198304	1
0	115323	170.922024	1
0	115373	171.02157344	1
0	115377	171.0216144	1
0	115382	171.02165536	1
0	115387	171.02169632	1
0	115388	171.02173728	1
0	115389	171.02177824	1
0	115390	171.0218192	1
0	115391	171.02186016	1
0	115392	171.02190112	1
0	115393	171.02194208	1
0	115394	171.02198304	1
0	115395	171.022024	1
0	115445	171.12157344	1
0	115449	171.1216144	1
0	115454	171.12165536	1
0	115459	171.12169632	1
0	115460	171.12173728	1
0	115461	171.12177824	1
0	115462	171.1218192	1
0	115463	171.12186016	1
0	115464	171.12190112	1
0	115465	171.12194208	1
0	115466	171.12198304	1
0	115467	171.122024	1
0	115517	171.22157344	1
0	115521	171.2216144	1
0	115526	171.22165536	1
0	115531	171.22169632	1
0	115532	171.22173728	1
0	115533	171.22177824	1
0	115534	171.2218192	1
0	115535	171.22186016	1
0	115536	171.22190112	1
0	115537	171.22194208	1
0	115538	171.22198304	1
0	115539	171.222024	1
0	115589	171.32157344	1
0	115593	171.3216144	1
0	115598	171.32165536	1
0	115603	171.32169632	1
0	115604	171.32173728	1
0	115605	171.32177824	1
0	115606	171.3218192	1
0	115607	171.32186016	1
0	115608	171.32190112	1
0	115609	171.32194208	1
0	115610	171.32198304	1
0	115611	171.322024	1
0	115661	171.42157344	1
0	115665	171.4216144	1
0	115670	171.42165536	1
0	115675	171.42169632	1
0	115676	171.42173728	1
0	115677	171.42177824	1
0	115678	171.4218192	1
0	115679	171.42186016	1
0	115680	171.42190112	1
0	115681	171.42194208	1
0	115682	171.42198304	1
0	115683	171.422024	1
0	115733	171.52157344	1
0	115737	171.5216144	1
0	115742	171.52165536	1
0	115747	171.52169632	1
0	115748	171.52173728	1
0	115749	171.52177824	1
0	115750	171.5218192	1
0	115751	171.52186016	1
0	115752	171.52190112	1
0	115753	171.52194208	1
0	115754	171.52198304	1
0	115755	171.522024	1
0	115805	171.62157344	1
0	115809	171.6216144	1
0	115814	171.62165536	1
0	115819	171.62169632	1
0	115820	171.62173728	1
0	115821	171.62177824	1
0	115822	171.6218192	1
0	115823	171.62186016	1
0	115824	171.62190112	1
0	115825	171.62194208	1
0	115826	171.62198304	1
0	115827	171.622024	1
0	115877	171.72157344	1
0	115881	171.7216144	1
0	115886	171.72165536	1
0	115891	171.72169632	1
0	115892	171.72173728	1
0	115893	171.72177824	1
0	115894	171.7218192	1
0	115895	171.72186016	1
0	115896	171.72190112	1
0	115897	171.72194208	1
0	115898	171.72198304	1
0	115899	171.722024	1
0	115949	171.82157344	1
0	115953	171.8216144	1
0	115958	171.82165536	1
0	115963	171.82169632	1
0	115964	171.82173728	1
0	115965	171.82177824	1
0	115966	171.8218192	1
0	115967	171.82186016	1
0	115968	171.82190112	1
0	115969	171.82194208	1
0	115970	171.82198304	1
0	115971	171.822024	1
0	116021	171.92157344	1
0	116025	171.9216144	1
0	116030	171.92165536	1
0	116035	171.92169632	1
0	116036	171.92173728	1
0	116037	171.92177824	1
0	116038	171.9218192	1
0	116039	171.92186016	1
0	116040	171.92190112	1
0	116041	171.92194208	1
0	116042	171.92198304	1
0	116043	171.922024	1
0	116093	172.02157344	1
0	116097	172.0216144	1
0	116102	172.02165536	1
0	116107	172.02169632	1
0	116108	172.02173728	1
0	116109	172.02177824	1
0	116110	172.0218192	1
0	116111	172.02186016	1
0	116112	172.02190112	1
0	116113	172.02194208	1
0	116114	172.02198304	1
0	116115	172.022024	1
0	116165	172.12157344	1
0	116169	172.1216144	1
0	116174	172.12165536	1
0	116179	172.12169632	1
0	116180	172.12173728	1
0	116181	172.12177824	1
0	116182	172.1218192	1
0	116183	172.12186016	1
0	116184	172.12190112	1
0	116185	172.12194208	1
0	116186	172.12198304	1
0	116187	172.122024	1
0	116237	172.22157344	1
0	116241	172.2216144	1
0	116246	172.22165536	1
0	116251	172.22169632	1
0	116252	172.22173728	1
0	116253	172.22177824	1
0	116254	172.2218192	1
0	116255	172.22186016	1
0	116256	172.22190112	1
0	116257	172.22194208	1
0	116258	172.22198304	1
0	116259	172.222024	1
0	116309	172.32157344	1
0	116313	172.3216144	1
0	116318	172.32165536	1
0	116323	172.32169632	1
0	116324	172.32173728	1
0	116325	172.32177824	1
0	116326	172.3218192	1
0	116327	172.32186016	1
0	116328	172.32190112	1
0	116329	172.32194208	1
0	116330	172.32198304	1
0	116331	172.322024	1
0	116381	172.42157344	1
0	116385	172.4216144	1
0	116390	172.42165536	1
0	116395	172.42169632	1
0	116396	172.42173728	1
0	116397	172.42177824	1
0	116398	172.4218192	1
0	116399	172.42186016	1
0	116400	172.42190112	1
0	116401	172.42194208	1
0	116402	172.42198304	1
0	116403	172.422024	1
0	116453	172.52157344	1
0	116457	172.5216144	1
0	116462	172.52165536	1
0	116467	172.52169632	1
0	116468	172.52173728	1
0	116469	172.52177824	1
0	116470	172.5218192	1
0	116471	172.52186016	1
0	116472	172.52190112	1
0	116473	172.52194208	1
0	116474	172.52198304	1
0	116475	172.522024	1
0	116525	172.62157344	1
0	116529	172.6216144	1
0	116534	172.62165536	1
0	116539	172.62169632	1
0	116540	172.62173728	1
0	116541	172.62177824	1
0	116542	172.6218192	1
0	116543	172.62186016	1
0	116544	172.62190112	1
0	116545	172.62194208	1
0	116546	172.62198304	1
0	116547	172.622024	1
0	116597	172.72157344	1
0	116601	172.7216144	1
0	116606	172.72165536	1
0	116611	172.72169632	1
0	116612	172.72173728	1
0	116613	172.72177824	1
0	116614	172.7218192	1
0	116615	172.72186016	1
0	116616	172.72190112	1
0	116617	172.72194208	1
0	116618	172.72198304	1
0	116619	172.722024	1
0	116669	172.82157344	1
0	116673	172.8216144	1
0	116678	172.82165536	1
0	116683	172.82169632	1
0	116684	172.82173728	1
0	116685	172.82177824	1
0	116686	172.8218192	1
0	116687	172.82186016	1
0	116688	172.82190112	1
0	116689	172.82194208	1
0	116690	172.82198304	1
0	116691	172.822024	1
0	116741	172.92157344	1
0	116745	172.9216144	1
0	116750	172.92165536	1
0	116755	172.92169632	1
0	116756	172.92173728	1
0	116757	172.92177824	1
0	116758	172.9218192	1
0	116759	172.92186016	1
0	116760	172.92190112	1
0	116761	172.92194208	1
0	116762	172.92198304	1
0	116763	172.922024	1
0	116813	173.02157344	1
0	116817	173.0216144	1
0	116822	173.02165536	1
0	116827	173.02169632	1
0	116828	173.02173728	1
0	116829	173.02177824	1
0	116830	173.0218192	1
0	116831	173.02186016	1
0	116832	173.02190112	1
0	116833	173.02194208	1
0	116834	173.02198304	1
0	116835	173.022024	1
0	116885	173.12157344	1
0	116889	173.1216144	1
0	116894	173.12165536	1
0	116899	173.12169632	1
0	116900	173.12173728	1
0	116901	173.12177824	1
0	116902	173.1218192	1
0	116903	173.12186016	1
0	116904	173.12190112	1
0	116905	173.12194208	1
0	116906	173.12198304	1
0	116907	173.122024	1
0	116957	173.22157344	1
0	116961	173.2216144	1
0	116966	173.22165536	1
0	116971	173.22169632	1
0	116972	173.22173728	1
0	116973	173.22177824	1
0	116974	173.2218192	1
0	116975	173.22186016	1
0	116976	173.22190112	1
0	116977	173.22194208	1
0	116978	173.22198304	1
0	116979	173.222024	1
0	117029	173.32157344	1
0	117033	173.3216144	1
0	117038	173.32165536	1
0	117043	173.32169632	1
0	117044	173.32173728	1
0	117045	173.32177824	1
0	117046	173.3218192	1
0	117047	173.32186016	1
0	117048	173.32190112	1
0	117049	173.32194208	1
0	117050	173.32198304	1
0	117051	173.322024	1
0	117101	173.42157344	1
0	117105	173.4216144	1
0	117110	173.42165536	1
0	117115	173.42169632	1
0	117116	173.42173728	1
0	117117	173.42177824	1
0	117118	173.4218192	1
0	117119	173.42186016	1
0	117120	173.42190112	1
0	117121	173.42194208	1
0	117122	173.42198304	1
0	117123	173.422024	1
0	117173	173.52157344	1
0	117177	173.5216144	1
0	117182	173.52165536	1
0	117187	173.52169632	1
0	117188	173.52173728	1
0	117189	173.52177824	1
0	117190	173.5218192	1
0	117191	173.52186016	1
0	117192	173.52190112	1
0	117193	173.52194208	1
0	117194	173.52198304	1
0	117195	173.522024	1
0	117245	173.62157344	1
0	117249	173.6216144	1
0	117254	173.62165536	1
0	117259	173.62169632	1
0	117260	173.62173728	1
0	117261	173.62177824	1
0	117262	173.6218192	1
0	117263	173.62186016	1
0	117264	173.62190112	1
0	117265	173.62194208	1
0	117266	173.62198304	1
0	117267	173.622024	1
0	117317	173.72157344	1
0	117321	173.7216144	1
0	117326	173.72165536	1
0	117331	173.72169632	1
0	117332	173.72173728	1
0	117333	173.72177824	1
0	117334	173.7218192	1
0	117335	173.72186016	1
0	117336	173.72190112	1
0	117337	173.72194208	1
0	117338	173.72198304	1
0	117339	173.722024	1
0	117389	173.82157344	1
0	117393	173.8216144	1
0	117398	173.82165536	1
0	117403	173.82169632	1
0	117404	173.82173728	1
0	117405	173.82177824	1
0	117406	173.8218192	1
0	117407	173.82186016	1
0	117408	173.82190112	1
0	117409	173.82194208	1
0	117410	173.82198304	1
0	117411	173.822024	1
0	117461	173.92157344	1
0	117465	173.9216144	1
0	117470	173.92165536	1
0	117475	173.92169632	1
0	117476	173.92173728	1
0	117477	173.92177824	1
0	117478	173.9218192	1
0	117479	173.92186016	1
0	117480	173.92190112	1
0	117481	173.92194208	1
0	117482	173.92198304	1
0	117483	173.922024	1
0	117533	174.02157344	1
0	117537	174.0216144	1
0	117542	174.02165536	1
0	117547	174.02169632	1
0	117548	174.02173728	1
0	117549	174.02177824	1
0	117550	174.0218192	1
0	117551	174.02186016	1
0	117552	174.02190112	1
0	117553	174.02194208	1
0	117554	174.02198304	1
0	117555	174.022024	1
0	117605	174.12157344	1
0	117609	174.1216144	1
0	117614	174.12165536	1
0	117619	174.12169632	1
0	117620	174.12173728	1
0	117621	174.12177824	1
0	117622	174.1218192	1
0	117623	174.12186016	1
0	117624	174.12190112	1
0	117625	174.12194208	1
0	117626	174.12198304	1
0	117627	174.122024	1
0	117677	174.22157344	1
0	117681	174.2216144	1
0	117686	174.22165536	1
0	117691	174.22169632	1
0	117692	174.22173728	1
0	117693	174.22177824	1
0	117694	174.2218192	1
0	117695	174.22186016	1
0	117696	174.22190112	1
0	117697	174.22194208	1
0	117698	174.22198304	1
0	117699	174.222024	1
0	117749	174.32157344	1
0	117753	174.3216144	1
0	117758	174.32165536	1
0	117763	174.32169632	1
0	117764	174.32173728	1
0	117765	174.32177824	1
0	117766	174.3218192	1
0	117767	174.32186016	1
0	117768	174.32190112	1
0	117769	174.32194208	1
0	117770	174.32198304	1
0	117771	174.322024	1
0	117821	174.42157344	1
0	117825	174.4216144	1
0	117830	174.42165536	1
0	117835	174.42169632	1
0	117836	174.42173728	1
0	117837	174.42177824	1
0	117838	174.4218192	1
0	117839	174.42186016	1
0	117840	174.42190112	1
0	117841	174.42194208	1
0	117842	174.42198304	1
0	117843	174.422024	1
0	117893	174.52157344	1
0	117897	174.5216144	1
0	117902	174.52165536	1
0	117907	174.52169632	1
0	117908	174.52173728	1
0	117909	174.52177824	1
0	117910	174.5218192	1
0	117911	174.52186016	1
0	117912	174.52190112	1
0	117913	174.52194208	1
0	117914	174.52198304	1
0	117915	174.522024	1
0	117965	174.62157344	1
0	117969	174.6216144	1
0	117974	174.62165536	1
0	117979	174.62169632	1
0	117980	174.62173728	1
0	117981	174.62177824	1
0	117982	174.6218192	1
0	117983	174.62186016	1
0	117984	174.62190112	1
0	117985	174.62194208	1
0	117986	174.62198304	1
0	117987	174.622024	1
0	118037	174.72157344	1
0	118041	174.7216144	1
0	118046	174.72165536	1
0	118051	174.72169632	1
0	118052	174.72173728	1
0	118053	174.72177824	1
0	118054	174.7218192	1
0	118055	174.72186016	1
0	118056	174.72190112	1
0	118057	174.72194208	1
0	118058	174.72198304	1
0	118059	174.722024	1
0	118109	174.82157344	1
0	118113	174.8216144	1
0	118118	174.82165536	1
0	118123	174.82169632	1
0	118124	174.82173728	1
0	118125	174.82177824	1
0	118126	174.8218192	1
0	118127	174.82186016	1
0	118128	174.82190112	1
0	118129	174.82194208	1
0	118130	174.82198304	1
0	118131	174.822024	1
0	118181	174.92157344	1
0	118185	174.9216144	1
0	118190	174.92165536	1
0	118195	174.92169632	1
0	118196	174.92173728	1
0	118197	174.92177824	1
0	118198	174.9218192	1
0	118199	174.92186016	1
0	118200	174.92190112	1
0	118201	174.92194208	1
0	118202	174.92198304	1
0	118203	174.922024	1
1	13	1.0010512	1
1	25	1.00105632	1
1	29	1.00106144	1
1	97	1.00707168	1
1	101	1.00709216	1
1	105	1.00711264	1
1	145	1.01953248	1
1	153	1.01957344	1
1	161	1.0196144	1
1	217	1.11953248	1
1	225	1.11957344	1
1	233	1.1196144	1
1	289	1.21953248	1
1	297	1.21957344	1
1	305	1.2196144	1
1	361	1.31953248	1
1	369	1.31957344	1
1	377	1.3196144	1
1	433	1.41953248	1
1	441	1.41957344	1
1	449	1.4196144	1
1	505	1.51953248	1
1	513	1.51957344	1
1	521	1.5196144	1
1	577	1.61953248	1
1	585	1.61957344	1
1	593	1.6196144	1
1	649	1.71953248	1
1	657	1.71957344	1
1	665	1.7196144	1
1	721	1.81953248	1
1	729	1.81957344	1
1	737	1.8196144	1
1	793	1.91953248	1
1	801	1.91957344	1
1	809	1.9196144	1
1	865	2.01953248	1
1	873	2.01957344	1
1	881	2.0196144	1
1	937	2.11953248	1
1	945	2.11957344	1
1	953	2.1196144	1
1	1009	2.21953248	1
1	1017	2.21957344	1
1	1025	2.2196144	1
1	1081	2.31953248	1
1	1089	2.31957344	1
1	1097	2.3196144	1
1	1153	2.41953248	1
1	1161	2.41957344	1
1	1169	2.4196144	1
1	1225	2.51953248	1
1	1233	2.51957344	1
1	1241	2.5196144	1
1	1297	2.61953248	1
1	1305	2.61957344	1
1	1313	2.6196144	1
1	1369	2.71953248	1
1	1377	2.71957344	1
1	1385	2.7196144	1
1	1441	2.81953248	1
1	1449	2.81957344	1
1	1457	2.8196144	1
1	1513	2.91953248	1
1	1521	2.91957344	1
1	1529	2.9196144	1
1	1585	3.01953248	1
1	1593	3.01957344	1
1	1601	3.0196144	1
1	1657	3.11953248	1
1	1665	3.11957344	1
1	1673	3.1196144	1
1	1729	3.21953248	1
1	1737	3.21957344	1
1	1745	3.2196144	1
1	1801	3.31953248	1
1	1809	3.31957344	1
1	1817	3.3196144	1
1	1873	3.41953248	1
1	1881	3.41957344	1
1	1889	3.4196144	1
1	1945	3.51953248	1
1	1953	3.51957344	1
1	1961	3.5196144	1
1	2017	3.61953248	1
1	2025	3.61957344	1
1	2033	3.6196144	1
1	2089	3.71953248	1
1	2097	3.71957344	1
1	2105	3.7196144	1
1	2161	3.81953248	1
1	2169	3.81957344	1
1	2177	3.8196144	1
1	2233	3.91953248	1
1	2241	3.91957344	1
1	2249	3.9196144	1
1	2305	4.01953248	1
1	2313	4.01957344	1
1	2321	4.0196144	1
1	2377	4.11953248	1
1	2385	4.11957344	1
1	2393	4.1196144	1
1	2449	4.21953248	1
1	2457	4.21957344	1
1	2465	4.2196144	1
1	2521	4.31953248	1
1	2529	4.31957344	1
1	2537	4.3196144	1
1	2593	4.41953248	1
1	2601	4.41957344	1
1	2609	4.4196144	1
1	2665	4.51953248	1
1	2673	4.51957344	1
1	2681	4.5196144	1
1	2737	4.61953248	1
1	2745	4.61957344	1
1	2753	4.6196144	1
1	2809	4.71953248	1
1	2817	4.71957344	1
1	2825	4.7196144	1
1	2881	4.81953248	1
1	2889	4.81957344	1
1	2897	4.8196144	1
1	2953	4.91953248	1
1	2961	4.91957344	1
1	2969	4.9196144	1
1	3025	5.01953248	1
1	3033	5.01957344	1
1	3041	5.0196144	1
1	3097	5.11953248	1
1	3105	5.11957344	1
1	3113	5.1196144	1
1	3169	5.21953248	1
1	3177	5.21957344	1
1	3185	5.2196144	1
1	3241	5.31953248	1
1	3249	5.31957344	1
1	3257	5.3196144	1
1	3313	5.41953248	1
1	3321	5.41957344	1
1	3329	5.4196144	1
1	3385	5.51953248	1
1	3393	5.51957344	1
1	3401	5.5196144	1
1	3457	5.61953248	1
1	3465	5.61957344	1
1	3473	5.6196144	1
1	3529	5.71953248	1
1	3537	5.71957344	1
1	3545	5.7196144	1
1	3601	5.81953248	1
1	3609	5.81957344	1
1	3617	5.8196144	1
1	3673	5.91953248	1
1	3681	5.91957344	1
1	3689	5.9196144	1
1	3745	6.01953248	1
1	3753	6.01957344	1
1	3761	6.0196144	1
1	3817	6.11953248	1
1	3825	6.11957344	1
1	3833	6.1196144	1
1	3889	6.21953248	1
1	3897	6.21957344	1
1	3905	6.2196144	1
1	3961	6.31953248	1
1	3969	6.31957344	1
1	3977	6.3196144	1
1	4033	6.41953248	1
1	4041	6.41957344	1
1	4049	6.4196144	1
1	4105	6.51953248	1
1	4113	6.51957344	1
1	4121	6.5196144	1
1	4177	6.61953248	1
1	4185	6.61957344	1
1	4193	6.6196144	1
1	4249	6.71953248	1
1	4257	6.71957344	1
1	4265	6.7196144	1
1	4321	6.81953248	1
1	4329	6.81957344	1
1	4337	6.8196144	1
1	4393	6.91953248	1
1	4401	6.91957344	1
1	4409	6.9196144	1
1	4465	7.01953248	1
1	4473	7.01957344	1
1	4481	7.0196144	1
1	4537	7.11953248	1
1	4545	7.11957344	1
1	4553	7.1196144	1
1	4609	7.21953248	1
1	4617	7.21957344	1
1	4625	7.2196144	1
1	4681	7.31953248	1
1	4689	7.31957344	1
1	4697	7.3196144	1
1	4753	7.41953248	1
1	4761	7.41957344	1
1	4769	7.4196144	1
1	4825	7.51953248	1
1	4833	7.51957344	1
1	4841	7.5196144	1
1	4897	7.61953248	1
1	4905	7.61957344	1
1	4913	7.6196144	1
1	4969	7.71953248	1
1	4977	7.71957344	1
1	4985	7.7196144	1
1	5041	7.81953248	1
1	5049	7.81957344	1
1	5057	7.8196144	1
1	5113	7.91953248	1
1	5121	7.91957344	1
1	5129	7.9196144	1
1	5185	8.01953248	1
1	5193	8.01957344	1
1	5201	8.0196144	1
1	5257	8.11953248	1
1	5265	8.11957344	1
1	5273	8.1196144	1
1	5329	8.21953248	1
1	5337	8.21957344	1
1	5345	8.2196144	1
1	5401	8.31953248	1
1	5409	8.31957344	1
1	5417	8.3196144	1
1	5473	8.41953248	1
1	5481	8.41957344	1
1	5489	8.4196144	1
1	5545	8.51953248	1
1	5553	8.51957344	1
1	5561	8.5196144	1
1	5617	8.61953248	1
1	5625	8.61957344	1
1	5633	8.6196144	1
1	5689	8.71953248	1
1	5697	8.71957344	1
1	5705	8.7196144	1
1	5761	8.81953248	1
1	5769	8.81957344	1
1	5777	8.8196144	1
1	5833	8.91953248	1
1	5841	8.91957344	1
1	5849	8.9196144	1
1	5905	9.01953248	1
1	5913	9.01957344	1
1	5921	9.0196144	1
1	5977	9.11953248	1
1	5985	9.11957344	1
1	5993	9.1196144	1
1	6049	9.21953248	1
1	6057	9.21957344	1
1	6065	9.2196144	1
1	6121	9.31953248	1
1	6129	9.31957344	1
1	6137	9.3196144	1
1	6193	9.41953248	1
1	6201	9.41957344	1
1	6209	9.4196144	1
1	6265	9.51953248	1
1	6273	9.51957344	1
1	6281	9.5196144	1
1	6337	9.61953248	1
1	6345	9.61957344	1
1	6353	9.6196144	1
1	6409	9.71953248	1
1	6417	9.71957344	1
1	6425	9.7196144	1
1	6481	9.81953248	1
1	6489	9.81957344	1
1	6497	9.8196144	1
1	6553	9.91953248	1
1	6561	9.91957344	1
1	6569	9.9196144	1
1	6625	10.01953248	1
1	6633	10.01957344	1
1	6641	10.0196144	1
1	6697	10.11953248	1
1	6705	10.11957344	1
1	6713	10.1196144	1
1	6769	10.21953248	1
1	6777	10.21957344	1
1	6785	10.2196144	1
1	6841	10.31953248	1
1	6849	10.31957344	1
1	6857	10.3196144	1
1	6913	10.41953248	1
1	6921	10.41957344	1
1	6929	10.4196144	1
1	6985	10.51953248	1
1	6993	10.51957344	1
1	7001	10.5196144	1
1	7057	10.61953248	1
1	7065	10.61957344	1
1	7073	10.6196144	1
1	7129	10.71953248	1
1	7137	10.71957344	1
1	7145	10.7196144	1
1	7201	10.81953248	1
1	7209	10.81957344	1
1	7217	10.8196144	1
1	7273	10.91953248	1
1	7281	10.91957344	1
1	7289	10.9196144	1
1	7345	11.01953248	1
1	7353	11.01957344	1
1	7361	11.0196144	1
1	7417	11.11953248	1
1	7425	11.11957344	1
1	7433	11.1196144	1
1	7489	11.21953248	1
1	7497	11.21957344	1
1	7505	11.2196144	1
1	7561	11.31953248	1
1	7569	11.31957344	1
1	7577	11.3196144	1
1	7633	11.41953248	1
1	7641	11.41957344	1
1	7649	11.4196144	1
1	7705	11.51953248	1
1	7713	11.51957344	1
1	7721	11.5196144	1
1	7777	11.61953248	1
1	7785	11.61957344	1
1	7793	11.6196144	1
1	7849	11.71953248	1
1	7857	11.71957344	1
1	7865	11.7196144	1
1	7921	11.81953248	1
1	7929	11.81957344	1
1	7937	11.8196144	1
1	7993	11.91953248	1
1	8001	11.91957344	1
1	8009	11.9196144	1
1	8065	12.01953248	1
1	8073	12.01957344	1
1	8081	12.0196144	1
1	8137	12.11953248	1
1	8145	12.11957344	1
1	8153	12.1196144	1
1	8209	12.21953248	1
1	8217	12.21957344	1
1	8225	12.2196144	1
1	8281	12.31953248	1
1	8289	12.31957344	1
1	8297	12.3196144	1
1	8353	12.41953248	1
1	8361	12.41957344	1
1	8369	12.4196144	1
1	8425	12.51953248	1
1	8433	12.51957344	1
1	8441	12.5196144	1
1	8497	12.61953248	1
1	8505	12.61957344	1
1	8513	12.6196144	1
1	8569	12.71953248	1
1	8577	12.71957344	1
1	8585	12.7196144	1
1	8641	12.81953248	1
1	8649	12.81957344	1
1	8657	12.8196144	1
1	8713	12.91953248	1
1	8721	12.91957344	1
1	8729	12.9196144	1
1	8785	13.01953248	1
1	8793	13.01957344	1
1	8801	13.0196144	1
1	8857	13.11953248	1
1	8865	13.11957344	1
1	8873	13.1196144	1
1	8929	13.21953248	1
1	8937	13.21957344	1
1	8945	13.2196144	1
1	9001	13.31953248	1
1	9009	13.31957344	1
1	9017	13.3196144	1
1	9073	13.41953248	1
1	9081	13.41957344	1
1	9089	13.4196144	1
1	9145	13.51953248	1
1	9153	13.51957344	1
1	9161	13.5196144	1
1	9217	13.61953248	1
1	9225	13.61957344	1
1	9233	13.6196144	1
1	9289	13.71953248	1
1	9297	13.71957344	1
1	9305	13.7196144	1
1	9361	13.81953248	1
1	9369	13.81957344	1
1	9377	13.8196144	1
1	9433	13.91953248	1
1	9441	13.91957344	1
1	9449	13.9196144	1
1	9505	14.01953248	1
1	9513	14.01957344	1
1	9521	14.0196144	1
1	9577	14.11953248	1
1	9585	14.11957344	1
1	9593	14.1196144	1
1	9649	14.21953248	1
1	9657	14.21957344	1
1	9665	14.2196144	1
1	9721	14.31953248	1
1	9729	14.31957344	1
1	9737	14.3196144	1
1	9793	14.41953248	1
1	9801	14.41957344	1
1	9809	14.4196144	1
1	9865	14.51953248	1
1	9873	14.51957344	1
1	9881	14.5196144	1
1	9937	14.61953248	1
1	9945	14.61957344	1
1	9953	14.6196144	1
1	10009	14.71953248	1
1	10017	14.71957344	1
1	10025	14.7196144	1
1	10081	14.81953248	1
1	10089	14.81957344	1
1	10097	14.8196144	1
1	10153	14.91953248	1
1	10161	14.91957344	1
1	10169	14.9196144	1
1	10225	15.01953248	1
1	10233	15.01957344	1
1	10241	15.0196144	1
1	10297	15.11953248	1
1	10305	15.11957344	1
1	10313	15.1196144	1
1	10369	15.21953248	1
1	10377	15.21957344	1
1	10385	15.2196144	1
1	10441	15.31953248	1
1	10449	15.31957344	1
1	10457	15.3196144	1
1	10513	15.41953248	1
1	10521	15.41957344	1
1	10529	15.4196144	1
1	10585	15.51953248	1
1	10593	15.51957344	1
1	10601	15.5196144	1
1	10657	15.61953248	1
1	10665	15.61957344	1
1	10673	15.6196144	1
1	10729	15.71953248	1
1	10737	15.71957344	1
1	10745	15.7196144	1
1	10801	15.81953248	1
1	10809	15.81957344	1
1	10817	15.8196144	1
1	10873	15.91953248	1
1	10881	15.91957344	1
1	10889	15.9196144	1
1	10945	16.01953248	1
1	10953	16.01957344	1
1	10961	16.0196144	1
1	11017	16.11953248	1
1	11025	16.11957344	1
1	11033	16.1196144	1
1	11089	16.21953248	1
1	11097	16.21957344	1
1	11105	16.2196144	1
1	11161	16.31953248	1
1	11169	16.31957344	1
1	11177	16.3196144	1
1	11233	16.41953248	1
1	11241	16.41957344	1
1	11249	16.4196144	1
1	11305	16.51953248	1
1	11313	16.51957344	1
1	11321	16.5196144	1
1	11377	16.61953248	1
1	11385	16.61957344	1
1	11393	16.6196144	1
1	11449	16.71953248	1
1	11457	16.71957344	1
1	11465	16.7196144	1
1	11521	16.81953248	1
1	11529	16.81957344	1
1	11537	16.8196144	1
1	11593	16.91953248	1
1	11601	16.91957344	1
1	11609	16.9196144	1
1	11665	17.01953248	1
1	11673	17.01957344	1
1	11681	17.0196144	1
1	11737	17.11953248	1
1	11745	17.11957344	1
1	11753	17.1196144	1
1	11809	17.21953248	1
1	11817	17.21957344	1
1	11825	17.2196144	1
1	11881	17.31953248	1
1	11889	17.31957344	1
1	11897	17.3196144	1
1	11953	17.41953248	1
1	11961	17.41957344	1
1	11969	17.4196144	1
1	12025	17.51953248	1
1	12033	17.51957344	1
1	12041	17.5196144	1
1	12097	17.61953248	1
1	12105	17.61957344	1
1	12113	17.6196144	1
1	12169	17.71953248	1
1	12177	17.71957344	1
1	12185	17.7196144	1
1	12241	17.81953248	1
1	12249	17.81957344	1
1	12257	17.8196144	1
1	12313	17.91953248	1
1	12321	17.91957344	1
1	12329	17.9196144	1
1	12385	18.01953248	1
1	12393	18.01957344	1
1	12401	18.0196144	1
1	12457	18.11953248	1
1	12465	18.11957344	1
1	12473	18.1196144	1
1	12529	18.21953248	1
1	12537	18.21957344	1
1	12545	18.2196144	1
1	12601	18.31953248	1
1	12609	18.31957344	1
1	12617	18.3196144	1
1	12673	18.41953248	1
1	12681	18.41957344	1
1	12689	18.4196144	1
1	12745	18.51953248	1
1	12753	18.51957344	1
1	12761	18.5196144	1
1	12817	18.61953248	1
1	12825	18.61957344	1
1	12833	18.6196144	1
1	12889	18.71953248	1
1	12897	18.71957344	1
1	12905	18.7196144	1
1	12961	18.81953248	1
1	12969	18.81957344	1
1	12977	18.8196144	1
1	13033	18.91953248	1
1	13041	18.91957344	1
1	13049	18.9196144	1
1	13105	19.01953248	1
1	13113	19.01957344	1
1	13121	19.0196144	1
1	13177	19.11953248	1
1	13185	19.11957344	1
1	13193	19.1196144	1
1	13249	19.21953248	1
1	13257	19.21957344	1
1	13265	19.2196144	1
1	13321	19.31953248	1
1	13329	19.31957344	1
1	13337	19.3196144	1
1	13393	19.41953248	1
1	13401	19.41957344	1
1	13409	19.4196144	1
1	13465	19.51953248	1
1	13473	19.51957344	1
1	13481	19.5196144	1
1	13537	19.61953248	1
1	13545	19.61957344	1
1	13553	19.6196144	1
1	13609	19.71953248	1
1	13617	19.71957344	1
1	13625	19.7196144	1
1	13681	19.81953248	1
1	13689	19.81957344	1
1	13697	19.8196144	1
1	13753	19.91953248	1
1	13761	19.91957344	1
1	13769	19.9196144	1
1	13825	20.01953248	1
1	13833	20.01957344	1
1	13841	20.0196144	1
1	13897	20.11953248	1
1	13905	20.11957344	1
1	13913	20.1196144	1
1	13969	20.21953248	1
1	13977	20.21957344	1
1	13985	20.2196144	1
1	14041	20.31953248	1
1	14049	20.31957344	1
1	14057	20.3196144	1
1	14113	20.41953248	1
1	14121	20.41957344	1
1	14129	20.4196144	1
1	14185	20.51953248	1
1	14193	20.51957344	1
1	14201	20.5196144	1
1	14257	20.61953248	1
1	14265	20.61957344	1
1	14273	20.6196144	1
1	14329	20.71953248	1
1	14337	20.71957344	1
1	14345	20.7196144	1
1	14401	20.81953248	1
1	14409	20.81957344	1
1	14417	20.8196144	1
1	14473	20.91953248	1
1	14481	20.91957344	1
1	14489	20.9196144	1
1	14545	21.01953248	1
1	14553	21.01957344	1
1	14561	21.0196144	1
1	14617	21.11953248	1
1	14625	21.11957344	1
1	14633	21.1196144	1
1	14689	21.21953248	1
1	14697	21.21957344	1
1	14705	21.2196144	1
1	14761	21.31953248	1
1	14769	21.31957344	1
1	14777	21.3196144	1
1	14833	21.41953248	1
1	14841	21.41957344	1
1	14849	21.4196144	1
1	14905	21.51953248	1
1	14913	21.51957344	1
1	14921	21.5196144	1
1	14977	21.61953248	1
1	14985	21.61957344	1
1	14993	21.6196144	1
1	15049	21.71953248	1
1	15057	21.71957344	1
1	15065	21.7196144	1
1	15121	21.81953248	1
1	15129	21.81957344	1
1	15137	21.8196144	1
1	15193	21.91953248	1
1	15201	21.91957344	1
1	15209	21.9196144	1
1	15265	22.01953248	1
1	15273	22.01957344	1
1	15281	22.0196144	1
1	15337	22.11953248	1
1	15345	22.11957344	1
1	15353	22.1196144	1
1	15409	22.21953248	1
1	15417	22.21957344	1
1	15425	22.2196144	1
1	15481	22.31953248	1
1	15489	22.31957344	1
1	15497	22.3196144	1
1	15553	22.41953248	1
1	15561	22.41957344	1
1	15569	22.4196144	1
1	15625	22.51953248	1
1	15633	22.51957344	1
1	15641	22.5196144	1
1	15697	22.61953248	1
1	15705	22.61957344	1
1	15713	22.6196144	1
1	15769	22.71953248	1
1	15777	22.71957344	1
1	15785	22.7196144	1
1	15841	22.81953248	1
1	15849	22.81957344	1
1	15857	22.8196144	1
1	15913	22.91953248	1
1	15921	22.91957344	1
1	15929	22.9196144	1
1	15985	23.01953248	1
1	15993	23.01957344	1
1	16001	23.0196144	1
1	16057	23.11953248	1
1	16065	23.11957344	1
1	16073	23.1196144	1
1	16129	23.21953248	1
1	16137	23.21957344	1
1	16145	23.2196144	1
1	16201	23.31953248	1
1	16209	23.31957344	1
1	16217	23.3196144	1
1	16273	23.41953248	1
1	16281	23.41957344	1
1	16289	23.4196144	1
1	16345	23.51953248	1
1	16353	23.51957344	1
1	16361	23.5196144	1
1	16417	23.61953248	1
1	16425	23.61957344	1
1	16433	23.6196144	1
1	16489	23.71953248	1
1	16497	23.71957344	1
1	16505	23.7196144	1
1	16561	23.81953248	1
1	16569	23.81957344	1
1	16577	23.8196144	1
1	16633	23.91953248	1
1	16641	23.91957344	1
1	16649	23.9196144	1
1	16705	24.01953248	1
1	16713	24.01957344	1
1	16721	24.0196144	1
1	16777	24.11953248	1
1	16785	24.11957344	1
1	16793	24.1196144	1
1	16849	24.21953248	1
1	16857	24.21957344	1
1	16865	24.2196144	1
1	16921	24.31953248	1
1	16929	24.31957344	1
1	16937	24.3196144	1
1	16993	24.41953248	1
1	17001	24.41957344	1
1	17009	24.4196144	1
1	17065	24.51953248	1
1	17073	24.51957344	1
1	17081	24.5196144	1
1	17137	24.61953248	1
1	17145	24.61957344	1
1	17153	24.6196144	1
1	17209	24.71953248	1
1	17217	24.71957344	1
1	17225	24.7196144	1
1	17281	24.81953248	1
1	17289	24.81957344	1
1	17297	24.8196144	1
1	17353	24.91953248	1
1	17361	24.91957344	1
1	17369	24.9196144	1
1	17425	25.01953248	1
1	17433	25.01957344	1
1	17441	25.0196144	1
1	17497	25.11953248	1
1	17505	25.11957344	1
1	17513	25.1196144	1
1	17569	25.21953248	1
1	17577	25.21957344	1
1	17585	25.2196144	1
1	17641	25.31953248	1
1	17649	25.31957344	1
1	17657	25.3196144	1
1	17713	25.41953248	1
1	17721	25.41957344	1
1	17729	25.4196144	1
1	17785	25.51953248	1
1	17793	25.51957344	1
1	17801	25.5196144	1
1	17857	25.61953248	1
1	17865	25.61957344	1
1	17873	25.6196144	1
1	17929	25.71953248	1
1	17937	25.71957344	1
1	17945	25.7196144	1
1	18001	25.81953248	1
1	18009	25.81957344	1
1	18017	25.8196144	1
1	18073	25.91953248	1
1	18081	25.91957344	1
1	18089	25.9196144	1
1	18145	26.01953248	1
1	18153	26.01957344	1
1	18161	26.0196144	1
1	18217	26.11953248	1
1	18225	26.11957344	1
1	18233	26.1196144	1
1	18289	26.21953248	1
1	18297	26.21957344	1
1	18305	26.2196144	1
1	18361	26.31953248	1
1	18369	26.31957344	1
1	18377	26.3196144	1
1	18433	26.41953248	1
1	18441	26.41957344	1
1	18449	26.4196144	1
1	18505	26.51953248	1
1	18513	26.51957344	1
1	18521	26.5196144	1
1	18577	26.61953248	1
1	18585	26.61957344	1
1	18593	26.6196144	1
1	18649	26.71953248	1
1	18657	26.71957344	1
1	18665	26.7196144	1
1	18721	26.81953248	1
1	18729	26.81957344	1
1	18737	26.8196144	1
1	18793	26.91953248	1
1	18801	26.91957344	1
1	18809	26.9196144	1
1	18865	27.01953248	1
1	18873	27.01957344	1
1	18881	27.0196144	1
1	18937	27.11953248	1
1	18945	27.11957344	1
1	18953	27.1196144	1
1	19009	27.21953248	1
1	19017	27.21957344	1
1	19025	27.2196144	1
1	19081	27.31953248	1
1	19089	27.31957344	1
1	19097	27.3196144	1
1	19153	27.41953248	1
1	19161	27.41957344	1
1	19169	27.4196144	1
1	19225	27.51953248	1
1	19233	27.51957344	1
1	19241	27.5196144	1
1	19297	27.61953248	1
1	19305	27.61957344	1
1	19313	27.6196144	1
1	19369	27.71953248	1
1	19377	27.71957344	1
1	19385	27.7196144	1
1	19441	27.81953248	1
1	19449	27.81957344	1
1	19457	27.8196144	1
1	19513	27.91953248	1
1	19521	27.91957344	1
1	19529	27.9196144	1
1	19585	28.01953248	1
1	19593	28.01957344	1
1	19601	28.0196144	1
1	19657	28.11953248	1
1	19665	28.11957344	1
1	19673	28.1196144	1
1	19729	28.21953248	1
1	19737	28.21957344	1
1	19745	28.2196144	1
1	19801	28.31953248	1
1	19809	28.31957344	1
1	19817	28.3196144	1
1	19873	28.41953248	1
1	19881	28.41957344	1
1	19889	28.4196144	1
1	19945	28.51953248	1
1	19953	28.51957344	1
1	19961	28.5196144	1
1	20017	28.61953248	1
1	20025	28.61957344	1
1	20033	28.6196144	1
1	20089	28.71953248	1
1	20097	28.71957344	1
1	20105	28.7196144	1
1	20161	28.81953248	1
1	20169	28.81957344	1
1	20177	28.8196144	1
1	20233	28.91953248	1
1	20241	28.91957344	1
1	20249	28.9196144	1
1	20305	29.01953248	1
1	20313	29.01957344	1
1	20321	29.0196144	1
1	20377	29.11953248	1
1	20385	29.11957344	1
1	20393	29.1196144	1
1	20449	29.21953248	1
1	20457	29.21957344	1
1	20465	29.2196144	1
1	20521	29.31953248	1
1	20529	29.31957344	1
1	20537	29.3196144	1
1	20593	29.41953248	1
1	20601	29.41957344	1
1	20609	29.4196144	1
1	20665	29.51953248	1
1	20673	29.51957344	1
1	20681	29.5196144	1
1	20737	29.61953248	1
1	20745	29.61957344	1
1	20753	29.6196144	1
1	20809	29.71953248	1
1	20817	29.71957344	1
1	20825	29.7196144	1
1	20881	29.81953248	1
1	20889	29.81957344	1
1	20897	29.8196144	1
1	20953	29.91953248	1
1	20961	29.91957344	1
1	20969	29.9196144	1
1	21025	30.01953248	1
1	21033	30.01957344	1
1	21041	30.0196144	1
1	21097	30.11953248	1
1	21105	30.11957344	1
1	21113	30.1196144	1
1	21169	30.21953248	1
1	21177	30.21957344	1
1	21185	30.2196144	1
1	21241	30.31953248	1
1	21249	30.31957344	1
1	21257	30.3196144	1
1	21313	30.41953248	1
1	21321	30.41957344	1
1	21329	30.4196144	1
1	21385	30.51953248	1
1	21393	30.51957344	1
1	21401	30.5196144	1
1	21457	30.61953248	1
1	21465	30.61957344	1
1	21473	30.6196144	1
1	21529	30.71953248	1
1	21537	30.71957344	1
1	21545	30.7196144	1
1	21601	30.81953248	1
1	21609	30.81957344	1
1	21617	30.8196144	1
1	21673	30.91953248	1
1	21681	30.91957344	1
1	21689	30.9196144	1
1	21745	31.01953248	1
1	21753	31.01957344	1
1	21761	31.0196144	1
1	21817	31.11953248	1
1	21825	31.11957344	1
1	21833	31.1196144	1
1	21889	31.21953248	1
1	21897	31.21957344	1
1	21905	31.2196144	1
1	21961	31.31953248	1
1	21969	31.31957344	1
1	21977	31.3196144	1
1	22033	31.41953248	1
1	22041	31.41957344	1
1	22049	31.4196144	1
1	22105	31.51953248	1
1	22113	31.51957344	1
1	22121	31.5196144	1
1	22177	31.61953248	1
1	22185	31.61957344	1
1	22193	31.6196144	1
1	22249	31.71953248	1
1	22257	31.71957344	1
1	22265	31.7196144	1
1	22321	31.81953248	1
1	22329	31.81957344	1
1	22337	31.8196144	1
1	22393	31.91953248	1
1	22401	31.91957344	1
1	22409	31.9196144	1
1	22465	32.01953248	1
1	22473	32.01957344	1
1	22481	32.0196144	1
1	22537	32.11953248	1
1	22545	32.11957344	1
1	22553	32.1196144	1
1	22609	32.21953248	1
1	22617	32.21957344	1
1	22625	32.2196144	1
1	22681	32.31953248	1
1	22689	32.31957344	1
1	22697	32.3196144	1
1	22753	32.41953248	1
1	22761	32.41957344	1
1	22769	32.4196144	1
1	22825	32.51953248	1
1	22833	32.51957344	1
1	22841	32.5196144	1
1	22897	32.61953248	1
1	22905	32.61957344	1
1	22913	32.6196144	1
1	22969	32.71953248	1
1	22977	32.71957344	1
1	22985	32.7196144	1
1	23041	32.81953248	1
1	23049	32.81957344	1
1	23057	32.8196144	1
1	23113	32.91953248	1
1	23121	32.91957344	1
1	23129	32.9196144	1
1	23185	33.01953248	1
1	23193	33.01957344	1
1	23201	33.0196144	1
1	23257	33.11953248	1
1	23265	33.11957344	1
1	23273	33.1196144	1
1	23329	33.21953248	1
1	23337	33.21957344	1
1	23345	33.2196144	1
1	23401	33.31953248	1
1	23409	33.31957344	1
1	23417	33.3196144	1
1	23473	33.41953248	1
1	23481	33.41957344	1
1	23489	33.4196144	1
1	23545	33.51953248	1
1	23553	33.51957344	1
1	23561	33.5196144	1
1	23617	33.61953248	1
1	23625	33.61957344	1
1	23633	33.6196144	1
1	23689	33.71953248	1
1	23697	33.71957344	1
1	23705	33.7196144	1
1	23761	33.81953248	1
1	23769	33.81957344	1
1	23777	33.8196144	1
1	23833	33.91953248	1
1	23841	33.91957344	1
1	23849	33.9196144	1
1	23905	34.01953248	1
1	23913	34.01957344	1
1	23921	34.0196144	1
1	23977	34.11953248	1
1	23985	34.11957344	1
1	23993	34.1196144	1
1	24049	34.21953248	1
1	24057	34.21957344	1
1	24065	34.2196144	1
1	24121	34.31953248	1
1	24129	34.31957344	1
1	24137	34.3196144	1
1	24193	34.41953248	1
1	24201	34.41957344	1
1	24209	34.4196144	1
1	24265	34.51953248	1
1	24273	34.51957344	1
1	24281	34.5196144	1
1	24337	34.61953248	1
1	24345	34.61957344	1
1	24353	34.6196144	1
1	24409	34.71953248	1
1	24417	34.71957344	1
1	24425	34.7196144	1
1	24481	34.81953248	1
1	24489	34.81957344	1
1	24497	34.8196144	1
1	24553	34.91953248	1
1	24561	34.91957344	1
1	24569	34.9196144	1
1	24625	35.01953248	1
1	24633	35.01957344	1
1	24641	35.0196144	1
1	24697	35.11953248	1
1	24705	35.11957344	1
1	24713	35.1196144	1
1	24769	35.21953248	1
1	24777	35.21957344	1
1	24785	35.2196144	1
1	24841	35.31953248	1
1	24849	35.31957344	1
1	24857	35.3196144	1
1	24913	35.41953248	1
1	24921	35.41957344	1
1	24929	35.4196144	1
1	24985	35.51953248	1
1	24993	35.51957344	1
1	25001	35.5196144	1
1	25057	35.61953248	1
1	25065	35.61957344	1
1	25073	35.6196144	1
1	25129	35.71953248	1
1	25137	35.71957344	1
1	25145	35.7196144	1
1	25201	35.81953248	1
1	25209	35.81957344	1
1	25217	35.8196144	1
1	25273	35.91953248	1
1	25281	35.91957344	1
1	25289	35.9196144	1
1	25345	36.01953248	1
1	25353	36.01957344	1
1	25361	36.0196144	1
1	25417	36.11953248	1
1	25425	36.11957344	1
1	25433	36.1196144	1
1	25489	36.21953248	1
1	25497	36.21957344	1
1	25505	36.2196144	1
1	25561	36.31953248	1
1	25569	36.31957344	1
1	25577	36.3196144	1
1	25633	36.41953248	1
1	25641	36.41957344	1
1	25649	36.4196144	1
1	25705	36.51953248	1
1	25713	36.51957344	1
1	25721	36.5196144	1
1	25777	36.61953248	1
1	25785	36.61957344	1
1	25793	36.6196144	1
1	25849	36.71953248	1
1	25857	36.71957344	1
1	25865	36.7196144	1
1	25921	36.81953248	1
1	25929	36.81957344	1
1	25937	36.8196144	1
1	25993	36.91953248	1
1	26001	36.91957344	1
1	26009	36.9196144	1
1	26065	37.01953248	1
1	26073	37.01957344	1
1	26081	37.0196144	1
1	26137	37.11953248	1
1	26145	37.11957344	1
1	26153	37.1196144	1
1	26209	37.21953248	1
1	26217	37.21957344	1
1	26225	37.2196144	1
1	26281	37.31953248	1
1	26289	37.31957344	1
1	26297	37.3196144	1
1	26353	37.41953248	1
1	26361	37.41957344	1
1	26369	37.4196144	1
1	26425	37.51953248	1
1	26433	37.51957344	1
1	26441	37.5196144	1
1	26497	37.61953248	1
1	26505	37.61957344	1
1	26513	37.6196144	1
1	26569	37.71953248	1
1	26577	37.71957344	1
1	26585	37.7196144	1
1	26641	37.81953248	1
1	26649	37.81957344	1
1	26657	37.8196144	1
1	26713	37.91953248	1
1	26721	37.91957344	1
1	26729	37.9196144	1
1	26785	38.01953248	1
1	26793	38.01957344	1
1	26801	38.0196144	1
1	26857	38.11953248	1
1	26865	38.11957344	1
1	26873	38.1196144	1
1	26929	38.21953248	1
1	26937	38.21957344	1
1	26945	38.2196144	1
1	27001	38.31953248	1
1	27009	38.31957344	1
1	27017	38.3196144	1
1	27073	38.41953248	1
1	27081	38.41957344	1
1	27089	38.4196144	1
1	27145	38.51953248	1
1	27153	38.51957344	1
1	27161	38.5196144	1
1	27217	38.61953248	1
1	27225	38.61957344	1
1	27233	38.6196144	1
1	27289	38.71953248	1
1	27297	38.71957344	1
1	27305	38.7196144	1
1	27361	38.81953248	1
1	27369	38.81957344	1
1	27377	38.8196144	1
1	27433	38.91953248	1
1	27441	38.91957344	1
1	27449	38.9196144	1
1	27505	39.01953248	1
1	27513	39.01957344	1
1	27521	39.0196144	1
1	27577	39.11953248	1
1	27585	39.11957344	1
1	27593	39.1196144	1
1	27649	39.21953248	1
1	27657	39.21957344	1
1	27665	39.2196144	1
1	27721	39.31953248	1
1	27729	39.31957344	1
1	27737	39.3196144	1
1	27793	39.41953248	1
1	27801	39.41957344	1
1	27809	39.4196144	1
1	27865	39.51953248	1
1	27873	39.51957344	1
1	27881	39.5196144	1
1	27937	39.61953248	1
1	27945	39.61957344	1
1	27953	39.6196144	1
1	28009	39.71953248	1
1	28017	39.71957344	1
1	28025	39.7196144	1
1	28081	39.81953248	1
1	28089	39.81957344	1
1	28097	39.8196144	1
1	28153	39.91953248	1
1	28161	39.91957344	1
1	28169	39.9196144	1
1	28225	40.01953248	1
1	28233	40.01957344	1
1	28241	40.0196144	1
1	28297	40.11953248	1
1	28305	40.11957344	1
1	28313	40.1196144	1
1	28369	40.21953248	1
1	28377	40.21957344	1
1	28385	40.2196144	1
1	28441	40.31953248	1
1	28449	40.31957344	1
1	28457	40.3196144	1
1	28513	40.41953248	1
1	28521	40.41957344	1
1	28529	40.4196144	1
1	28585	40.51953248	1
1	28593	40.51957344	1
1	28601	40.5196144	1
1	28657	40.61953248	1
1	28665	40.61957344	1
1	28673	40.6196144	1
1	28729	40.71953248	1
1	28737	40.71957344	1
1	28745	40.7196144	1
1	28801	40.81953248	1
1	28809	40.81957344	1
1	28817	40.8196144	1
1	28873	40.91953248	1
1	28881	40.91957344	1
1	28889	40.9196144	1
1	28945	41.01953248	1
1	28953	41.01957344	1
1	28961	41.0196144	1
1	29017	41.11953248	1
1	29025	41.11957344	1
1	29033	41.1196144	1
1	29089	41.21953248	1
1	29097	41.21957344	1
1	29105	41.2196144	1
1	29161	41.31953248	1
1	29169	41.31957344	1
1	29177	41.3196144	1
1	29233	41.41953248	1
1	29241	41.41957344	1
1	29249	41.4196144	1
1	29305	41.51953248	1
1	29313	41.51957344	1
1	29321	41.5196144	1
1	29377	41.61953248	1
1	29385	41.61957344	1
1	29393	41.6196144	1
1	29449	41.71953248	1
1	29457	41.71957344	1
1	29465	41.7196144	1
1	29521	41.81953248	1
1	29529	41.81957344	1
1	29537	41.8196144	1
1	29593	41.91953248	1
1	29601	41.91957344	1
1	29609	41.9196144	1
1	29665	42.01953248	1
1	29673	42.01957344	1
1	29681	42.0196144	1
1	29737	42.11953248	1
1	29745	42.11957344	1
1	29753	42.1196144	1
1	29809	42.21953248	1
1	29817	42.21957344	1
1	29825	42.2196144	1
1	29881	42.31953248	1
1	29889	42.31957344	1
1	29897	42.3196144	1
1	29953	42.41953248	1
1	29961	42.41957344	1
1	29969	42.4196144	1
1	30025	42.51953248	1
1	30033	42.51957344	1
1	30041	42.5196144	1
1	30097	42.61953248	1
1	30105	42.61957344	1
1	30113	42.6196144	1
1	30169	42.71953248	1
1	30177	42.71957344	1
1	30185	42.7196144	1
1	30241	42.81953248	1
1	30249	42.81957344	1
1	30257	42.8196144	1
1	30313	42.91953248	1
1	30321	42.91957344	1
1	30329	42.9196144	1
1	30385	43.01953248	1
1	30393	43.01957344	1
1	30401	43.0196144	1
1	30457	43.11953248	1
1	30465	43.11957344	1
1	30473	43.1196144	1
1	30529	43.21953248	1
1	30537	43.21957344	1
1	30545	43.2196144	1
1	30601	43.31953248	1
1	30609	43.31957344	1
1	30617	43.3196144	1
1	30673	43.41953248	1
1	30681	43.41957344	1
1	30689	43.4196144	1
1	30745	43.51953248	1
1	30753	43.51957344	1
1	30761	43.5196144	1
1	30817	43.61953248	1
1	30825	43.61957344	1
1	30833	43.6196144	1
1	30889	43.71953248	1
1	30897	43.71957344	1
1	30905	43.7196144	1
1	30961	43.81953248	1
1	30969	43.81957344	1
1	30977	43.8196144	1
1	31033	43.91953248	1
1	31041	43.91957344	1
1	31049	43.9196144	1
1	31105	44.01953248	1
1	31113	44.01957344	1
1	31121	44.0196144	1
1	31177	44.11953248	1
1	31185	44.11957344	1
1	31193	44.1196144	1
1	31249	44.21953248	1
1	31257	44.21957344	1
1	31265	44.2196144	1
1	31321	44.31953248	1
1	31329	44.31957344	1
1	31337	44.3196144	1
1	31393	44.41953248	1
1	31401	44.41957344	1
1	31409	44.4196144	1
1	31465	44.51953248	1
1	31473	44.51957344	1
1	31481	44.5196144	1
1	31537	44.61953248	1
1	31545	44.61957344	1
1	31553	44.6196144	1
1	31609	44.71953248	1
1	31617	44.71957344	1
1	31625	44.7196144	1
1	31681	44.81953248	1
1	31689	44.81957344	1
1	31697	44.8196144	1
1	31753	44.91953248	1
1	31761	44.91957344	1
1	31769	44.9196144	1
1	31825	45.01953248	1
1	31833	45.01957344	1
1	31841	45.0196144	1
1	31897	45.11953248	1
1	31905	45.11957344	1
1	31913	45.1196144	1
1	31969	45.21953248	1
1	31977	45.21957344	1
1	31985	45.2196144	1
1	32041	45.31953248	1
1	32049	45.31957344	1
1	32057	45.3196144	1
1	32113	45.41953248	1
1	32121	45.41957344	1
1	32129	45.4196144	1
1	32185	45.51953248	1
1	32193	45.51957344	1
1	32201	45.5196144	1
1	32257	45.61953248	1
1	32265	45.61957344	1
1	32273	45.6196144	1
1	32329	45.71953248	1
1	32337	45.71957344	1
1	32345	45.7196144	1
1	32401	45.81953248	1
1	32409	45.81957344	1
1	32417	45.8196144	1
1	32473	45.91953248	1
1	32481	45.91957344	1
1	32489	45.9196144	1
1	32545	46.01953248	1
1	32553	46.01957344	1
1	32561	46.0196144	1
1	32617	46.11953248	1
1	32625	46.11957344	1
1	32633	46.1196144	1
1	32689	46.21953248	1
1	32697	46.21957344	1
1	32705	46.2196144	1
1	32761	46.31953248	1
1	32769	46.31957344	1
1	32777	46.3196144	1
1	32833	46.41953248	1
1	32841	46.41957344	1
1	32849	46.4196144	1
1	32905	46.51953248	1
1	32913	46.51957344	1
1	32921	46.5196144	1
1	32977	46.61953248	1
1	32985	46.61957344	1
1	32993	46.6196144	1
1	33049	46.71953248	1
1	33057	46.71957344	1
1	33065	46.7196144	1
1	33121	46.81953248	1
1	33129	46.81957344	1
1	33137	46.8196144	1
1	33193	46.91953248	1
1	33201	46.91957344	1
1	33209	46.9196144	1
1	33265	47.01953248	1
1	33273	47.01957344	1
1	33281	47.0196144	1
1	33337	47.11953248	1
1	33345	47.11957344	1
1	33353	47.1196144	1
1	33409	47.21953248	1
1	33417	47.21957344	1
1	33425	47.2196144	1
1	33481	47.31953248	1
1	33489	47.31957344	1
1	33497	47.3196144	1
1	33553	47.41953248	1
1	33561	47.41957344	1
1	33569	47.4196144	1
1	33625	47.51953248	1
1	33633	47.51957344	1
1	33641	47.5196144	1
1	33697	47.61953248	1
1	33705	47.61957344	1
1	33713	47.6196144	1
1	33769	47.71953248	1
1	33777	47.71957344	1
1	33785	47.7196144	1
1	33841	47.81953248	1
1	33849	47.81957344	1
1	33857	47.8196144	1
1	33913	47.91953248	1
1	33921	47.91957344	1
1	33929	47.9196144	1
1	33985	48.01953248	1
1	33993	48.01957344	1
1	34001	48.0196144	1
1	34057	48.11953248	1
1	34065	48.11957344	1
1	34073	48.1196144	1
1	34129	48.21953248	1
1	34137	48.21957344	1
1	34145	48.2196144	1
1	34201	48.31953248	1
1	34209	48.31957344	1
1	34217	48.3196144	1
1	34273	48.41953248	1
1	34281	48.41957344	1
1	34289	48.4196144	1
1	34345	48.51953248	1
1	34353	48.51957344	1
1	34361	48.5196144	1
1	34417	48.61953248	1
1	34425	48.61957344	1
1	34433	48.6196144	1
1	34489	48.71953248	1
1	34497	48.71957344	1
1	34505	48.7196144	1
1	34561	48.81953248	1
1	34569	48.81957344	1
1	34577	48.8196144	1
1	34633	48.91953248	1
1	34641	48.91957344	1
1	34649	48.9196144	1
1	34705	49.01953248	1
1	34713	49.01957344	1
1	34721	49.0196144	1
1	34777	49.11953248	1
1	34785	49.11957344	1
1	34793	49.1196144	1
1	34849	49.21953248	1
1	34857	49.21957344	1
1	34865	49.2196144	1
1	34921	49.31953248	1
1	34929	49.31957344	1
1	34937	49.3196144	1
1	34993	49.41953248	1
1	35001	49.41957344	1
1	35009	49.4196144	1
1	35065	49.51953248	1
1	35073	49.51957344	1
1	35081	49.5196144	1
1	35137	49.61953248	1
1	35145	49.61957344	1
1	35153	49.6196144	1
1	35209	49.71953248	1
1	35217	49.71957344	1
1	35225	49.7196144	1
1	35281	49.81953248	1
1	35289	49.81957344	1
1	35297	49.8196144	1
1	35353	49.91953248	1
1	35361	49.91957344	1
1	35369	49.9196144	1
1	35425	50.01953248	1
1	35433	50.01957344	1
1	35441	50.0196144	1
1	35497	50.11953248	1
1	35505	50.11957344	1
1	35513	50.1196144	1
1	35569	50.21953248	1
1	35577	50.21957344	1
1	35585	50.2196144	1
1	35641	50.31953248	1
1	35649	50.31957344	1
1	35657	50.3196144	1
1	35713	50.41953248	1
1	35721	50.41957344	1
1	35729	50.4196144	1
1	35785	50.51953248	1
1	35793	50.51957344	1
1	35801	50.5196144	1
1	35857	50.61953248	1
1	35865	50.61957344	1
1	35873	50.6196144	1
1	35929	50.71953248	1
1	35937	50.71957344	1
1	35945	50.7196144	1
1	36001	50.81953248	1
1	36009	50.81957344	1
1	36017	50.8196144	1
1	36073	50.91953248	1
1	36081	50.91957344	1
1	36089	50.9196144	1
1	36145	51.01953248	1
1	36153	51.01957344	1
1	36161	51.0196144	1
1	36217	51.11953248	1
1	36225	51.11957344	1
1	36233	51.1196144	1
1	36289	51.21953248	1
1	36297	51.21957344	1
1	36305	51.2196144	1
1	36361	51.31953248	1
1	36369	51.31957344	1
1	36377	51.3196144	1
1	36433	51.41953248	1
1	36441	51.41957344	1
1	36449	51.4196144	1
1	36505	51.51953248	1
1	36513	51.51957344	1
1	36521	51.5196144	1
1	36577	51.61953248	1
1	36585	51.61957344	1
1	36593	51.6196144	1
1	36649	51.71953248	1
1	36657	51.71957344	1
1	36665	51.7196144	1
1	36721	51.81953248	1
1	36729	51.81957344	1
1	36737	51.8196144	1
1	36793	51.91953248	1
1	36801	51.91957344	1
1	36809	51.9196144	1
1	36865	52.01953248	1
1	36873	52.01957344	1
1	36881	52.0196144	1
1	36937	52.11953248	1
1	36945	52.11957344	1
1	36953	52.1196144	1
1	37009	52.21953248	1
1	37017	52.21957344	1
1	37025	52.2196144	1
1	37081	52.31953248	1
1	37089	52.31957344	1
1	37097	52.3196144	1
1	37153	52.41953248	1
1	37161	52.41957344	1
1	37169	52.4196144	1
1	37225	52.51953248	1
1	37233	52.51957344	1
1	37241	52.5196144	1
1	37297	52.61953248	1
1	37305	52.61957344	1
1	37313	52.6196144	1
1	37369	52.71953248	1
1	37377	52.71957344	1
1	37385	52.7196144	1
1	37441	52.81953248	1
1	37449	52.81957344	1
1	37457	52.8196144	1
1	37513	52.91953248	1
1	37521	52.91957344	1
1	37529	52.9196144	1
1	37585	53.01953248	1
1	37593	53.01957344	1
1	37601	53.0196144	1
1	37657	53.11953248	1
1	37665	53.11957344	1
1	37673	53.1196144	1
1	37729	53.21953248	1
1	37737	53.21957344	1
1	37745	53.2196144	1
1	37801	53.31953248	1
1	37809	53.31957344	1
1	37817	53.3196144	1
1	37873	53.41953248	1
1	37881	53.41957344	1
1	37889	53.4196144	1
1	37945	53.51953248	1
1	37953	53.51957344	1
1	37961	53.5196144	1
1	38017	53.61953248	1
1	38025	53.61957344	1
1	38033	53.6196144	1
1	38089	53.71953248	1
1	38097	53.71957344	1
1	38105	53.7196144	1
1	38161	53.81953248	1
1	38169	53.81957344	1
1	38177	53.8196144	1
1	38233	53.91953248	1
1	38241	53.91957344	1
1	38249	53.9196144	1
1	38305	54.01953248	1
1	38313	54.01957344	1
1	38321	54.0196144	1
1	38377	54.11953248	1
1	38385	54.11957344	1
1	38393	54.1196144	1
1	38449	54.21953248	1
1	38457	54.21957344	1
1	38465	54.2196144	1
1	38521	54.31953248	1
1	38529	54.31957344	1
1	38537	54.3196144	1
1	38593	54.41953248	1
1	38601	54.41957344	1
1	38609	54.4196144	1
1	38665	54.51953248	1
1	38673	54.51957344	1
1	38681	54.5196144	1
1	38737	54.61953248	1
1	38745	54.61957344	1
1	38753	54.6196144	1
1	38809	54.71953248	1
1	38817	54.71957344	1
1	38825	54.7196144	1
1	38881	54.81953248	1
1	38889	54.81957344	1
1	38897	54.8196144	1
1	38953	54.91953248	1
1	38961	54.91957344	1
1	38969	54.9196144	1
1	39025	55.01953248	1
1	39033	55.01957344	1
1	39041	55.0196144	1
1	39097	55.11953248	1
1	39105	55.11957344	1
1	39113	55.1196144	1
1	39169	55.21953248	1
1	39177	55.21957344	1
1	39185	55.2196144	1
1	39241	55.31953248	1
1	39249	55.31957344	1
1	39257	55.3196144	1
1	39313	55.41953248	1
1	39321	55.41957344	1
1	39329	55.4196144	1
1	39385	55.51953248	1
1	39393	55.51957344	1
1	39401	55.5196144	1
1	39457	55.61953248	1
1	39465	55.61957344	1
1	39473	55.6196144	1
1	39529	55.71953248	1
1	39537	55.71957344	1
1	39545	55.7196144	1
1	39601	55.81953248	1
1	39609	55.81957344	1
1	39617	55.8196144	1
1	39673	55.91953248	1
1	39681	55.91957344	1
1	39689	55.9196144	1
1	39745	56.01953248	1
1	39753	56.01957344	1
1	39761	56.0196144	1
1	39817	56.11953248	1
1	39825	56.11957344	1
1	39833	56.1196144	1
1	39889	56.21953248	1
1	39897	56.21957344	1
1	39905	56.2196144	1
1	39961	56.31953248	1
1	39969	56.31957344	1
1	39977	56.3196144	1
1	40033	56.41953248	1
1	40041	56.41957344	1
1	40049	56.4196144	1
1	40105	56.51953248	1
1	40113	56.51957344	1
1	40121	56.5196144	1
1	40177	56.61953248	1
1	40185	56.61957344	1
1	40193	56.6196144	1
1	40249	56.71953248	1
1	40257	56.71957344	1
1	40265	56.7196144	1
1	40321	56.81953248	1
1	40329	56.81957344	1
1	40337	56.8196144	1
1	40393	56.91953248	1
1	40401	56.91957344	1
1	40409	56.9196144	1
1	40465	57.01953248	1
1	40473	57.01957344	1
1	40481	57.0196144	1
1	40537	57.11953248	1
1	40545	57.11957344	1
1	40553	57.1196144	1
1	40609	57.21953248	1
1	40617	57.21957344	1
1	40625	57.2196144	1
1	40681	57.31953248	1
1	40689	57.31957344	1
1	40697	57.3196144	1
1	40753	57.41953248	1
1	40761	57.41957344	1
1	40769	57.4196144	1
1	40825	57.51953248	1
1	40833	57.51957344	1
1	40841	57.5196144	1
1	40897	57.61953248	1
1	40905	57.61957344	1
1	40913	57.6196144	1
1	40969	57.71953248	1
1	40977	57.71957344	1
1	40985	57.7196144	1
1	41041	57.81953248	1
1	41049	57.81957344	1
1	41057	57.8196144	1
1	41113	57.91953248	1
1	41121	57.91957344	1
1	41129	57.9196144	1
1	41185	58.01953248	1
1	41193	58.01957344	1
1	41201	58.0196144	1
1	41257	58.11953248	1
1	41265	58.11957344	1
1	41273	58.1196144	1
1	41329	58.21953248	1
1	41337	58.21957344	1
1	41345	58.2196144	1
1	41401	58.31953248	1
1	41409	58.31957344	1
1	41417	58.3196144	1
1	41473	58.41953248	1
1	41481	58.41957344	1
1	41489	58.4196144	1
1	41545	58.51953248	1
1	41553	58.51957344	1
1	41561	58.5196144	1
1	41617	58.61953248	1
1	41625	58.61957344	1
1	41633	58.6196144	1
1	41689	58.71953248	1
1	41697	58.71957344	1
1	41705	58.7196144	1
1	41761	58.81953248	1
1	41769	58.81957344	1
1	41777	58.8196144	1
1	41833	58.91953248	1
1	41841	58.91957344	1
1	41849	58.9196144	1
1	41905	59.01953248	1
1	41913	59.01957344	1
1	41921	59.0196144	1
1	41977	59.11953248	1
1	41985	59.11957344	1
1	41993	59.1196144	1
1	42049	59.21953248	1
1	42057	59.21957344	1
1	42065	59.2196144	1
1	42121	59.31953248	1
1	42129	59.31957344	1
1	42137	59.3196144	1
1	42193	59.41953248	1
1	42201	59.41957344	1
1	42209	59.4196144	1
1	42265	59.51953248	1
1	42273	59.51957344	1
1	42281	59.5196144	1
1	42337	59.61953248	1
1	42345	59.61957344	1
1	42353	59.6196144	1
1	42409	59.71953248	1
1	42417	59.71957344	1
1	42425	59.7196144	1
1	42481	59.81953248	1
1	42489	59.81957344	1
1	42497	59.8196144	1
1	42553	59.91953248	1
1	42561	59.91957344	1
1	42569	59.9196144	1
1	78629	120.01953248	1
1	78637	120.01957344	1
1	78645	120.0196144	1
1	78701	120.11953248	1
1	78709	120.11957344	1
1	78717	120.1196144	1
1	78773	120.21953248	1
1	78781	120.21957344	1
1	78789	120.2196144	1
1	78845	120.31953248	1
1	78853	120.31957344	1
1	78861	120.3196144	1
1	78917	120.41953248	1
1	78925	120.41957344	1
1	78933	120.4196144	1
1	78989	120.51953248	1
1	78997	120.51957344	1
1	79005	120.5196144	1
1	79061	120.61953248	1
1	79069	120.61957344	1
1	79077	120.6196144	1
1	79133	120.71953248	1
1	79141	120.71957344	1
1	79149	120.7196144	1
1	79205	120.81953248	1
1	79213	120.81957344	1
1	79221	120.8196144	1
1	79277	120.91953248	1
1	79285	120.91957344	1
1	79293	120.9196144	1
1	79349	121.01953248	1
1	79357	121.01957344	1
1	79365	121.0196144	1
1	79421	121.11953248	1
1	79429	121.11957344	1
1	79437	121.1196144	1
1	79493	121.21953248	1
1	79501	121.21957344	1
1	79509	121.2196144	1
1	79565	121.31953248	1
1	79573	121.31957344	1
1	79581	121.3196144	1
1	79637	121.41953248	1
1	79645	121.41957344	1
1	79653	121.4196144	1
1	79709	121.51953248	1
1	79717	121.51957344	1
1	79725	121.5196144	1
1	79781	121.61953248	1
1	79789	121.61957344	1
1	79797	121.6196144	1
1	79853	121.71953248	1
1	79861	121.71957344	1
1	79869	121.7196144	1
1	79925	121.81953248	1
1	79933	121.81957344	1
1	79941	121.8196144	1
1	79997	121.91953248	1
1	80005	121.91957344	1
1	80013	121.9196144	1
1	80069	122.01953248	1
1	80077	122.01957344	1
1	80085	122.0196144	1
1	80141	122.11953248	1
1	80149	122.11957344	1
1	80157	122.1196144	1
1	80213	122.21953248	1
1	80221	122.21957344	1
1	80229	122.2196144	1
1	80285	122.31953248	1
1	80293	122.31957344	1
1	80301	122.3196144	1
1	80357	122.41953248	1
1	80365	122.41957344	1
1	80373	122.4196144	1
1	80429	122.51953248	1
1	80437	122.51957344	1
1	80445	122.5196144	1
1	80501	122.61953248	1
1	80509	122.61957344	1
1	80517	122.6196144	1
1	80573	122.71953248	1
1	80581	122.71957344	1
1	80589	122.7196144	1
1	80645	122.81953248	1
1	80653	122.81957344	1
1	80661	122.8196144	1
1	80717	122.91953248	1
1	80725	122.91957344	1
1	80733	122.9196144	1
1	80789	123.01953248	1
1	80797	123.01957344	1
1	80805	123.0196144	1
1	80861	123.11953248	1
1	80869	123.11957344	1
1	80877	123.1196144	1
1	80933	123.21953248	1
1	80941	123.21957344	1
1	80949	123.2196144	1
1	81005	123.31953248	1
1	81013	123.31957344	1
1	81021	123.3196144	1
1	81077	123.41953248	1
1	81085	123.41957344	1
1	81093	123.4196144	1
1	81149	123.51953248	1
1	81157	123.51957344	1
1	81165	123.5196144	1
1	81221	123.61953248	1
1	81229	123.61957344	1
1	81237	123.6196144	1
1	81293	123.71953248	1
1	81301	123.71957344	1
1	81309	123.7196144	1
1	81365	123.81953248	1
1	81373	123.81957344	1
1	81381	123.8196144	1
1	81437	123.91953248	1
1	81445	123.91957344	1
1	81453	123.9196144	1
1	81509	124.01953248	1
1	81517	124.01957344	1
1	81525	124.0196144	1
1	81581	124.11953248	1
1	81589	124.11957344	1
1	81597	124.1196144	1
1	81653	124.21953248	1
1	81661	124.21957344	1
1	81669	124.2196144	1
1	81725	124.31953248	1
1	81733	124.31957344	1
1	81741	124.3196144	1
1	81797	124.41953248	1
1	81805	124.41957344	1
1	81813	124.4196144	1
1	81869	124.51953248	1
1	81877	124.51957344	1
1	81885	124.5196144	1
1	81941	124.61953248	1
1	81949	124.61957344	1
1	81957	124.6196144	1
1	82013	124.71953248	1
1	82021	124.71957344	1
1	82029	124.7196144	1
1	82085	124.81953248	1
1	82093	124.81957344	1
1	82101	124.8196144	1
1	82157	124.91953248	1
1	82165	124.91957344	1
1	82173	124.9196144	1
1	82229	125.01953248	1
1	82237	125.01957344	1
1	82245	125.0196144	1
1	82301	125.11953248	1
1	82309	125.11957344	1
1	82317	125.1196144	1
1	82373	125.21953248	1
1	82381	125.21957344	1
1	82389	125.2196144	1
1	82445	125.31953248	1
1	82453	125.31957344	1
1	82461	125.3196144	1
1	82517	125.41953248	1
1	82525	125.41957344	1
1	82533	125.4196144	1
1	82589	125.51953248	1
1	82597	125.51957344	1
1	82605	125.5196144	1
1	82661	125.61953248	1
1	82669	125.61957344	1
1	82677	125.6196144	1
1	82733	125.71953248	1
1	82741	125.71957344	1
1	82749	125.7196144	1
1	82805	125.81953248	1
1	82813	125.81957344	1
1	82821	125.8196144	1
1	82877	125.91953248	1
1	82885	125.91957344	1
1	82893	125.9196144	1
1	82949	126.01953248	1
1	82957	126.01957344	1
1	82965	126.0196144	1
1	83021	126.11953248	1
1	83029	126.11957344	1
1	83037	126.1196144	1
1	83093	126.21953248	1
1	83101	126.21957344	1
1	83109	126.2196144	1
1	83165	126.31953248	1
1	83173	126.31957344	1
1	83181	126.3196144	1
1	83237	126.41953248	1
1	83245	126.41957344	1
1	83253	126.4196144	1
1	83309	126.51953248	1
1	83317	126.51957344	1
1	83325	126.5196144	1
1	83381	126.61953248	1
1	83389	126.61957344	1
1	83397	126.6196144	1
1	83453	126.71953248	1
1	83461	126.71957344	1
1	83469	126.7196144	1
1	83525	126.81953248	1
1	83533	126.81957344	1
1	83541	126.8196144	1
1	83597	126.91953248	1
1	83605	126.91957344	1
1	83613	126.9196144	1
1	83669	127.01953248	1
1	83677	127.01957344	1
1	83685	127.0196144	1
1	83741	127.11953248	1
1	83749	127.11957344	1
1	83757	127.1196144	1
1	83813	127.21953248	1
1	83821	127.21957344	1
1	83829	127.2196144	1
1	83885	127.31953248	1
1	83893	127.31957344	1
1	83901	127.3196144	1
1	83957	127.41953248	1
1	83965	127.41957344	1
1	83973	127.4196144	1
1	84029	127.51953248	1
1	84037	127.51957344	1
1	84045	127.5196144	1
1	84101	127.61953248	1
1	84109	127.61957344	1
1	84117	127.6196144	1
1	84173	127.71953248	1
1	84181	127.71957344	1
1	84189	127.7196144	1
1	84245	127.81953248	1
1	84253	127.81957344	1
1	84261	127.8196144	1
1	84317	127.91953248	1
1	84325	127.91957344	1
1	84333	127.9196144	1
1	84389	128.01953248	1
1	84397	128.01957344	1
1	84405	128.0196144	1
1	84461	128.11953248	1
1	84469	128.11957344	1
1	84477	128.1196144	1
1	84533	128.21953248	1
1	84541	128.21957344	1
1	84549	128.2196144	1
1	84605	128.31953248	1
1	84613	128.31957344	1
1	84621	128.3196144	1
1	84677	128.41953248	1
1	84685	128.41957344	1
1	84693	128.4196144	1
1	84749	128.51953248	1
1	84757	128.51957344	1
1	84765	128.5196144	1
1	84821	128.61953248	1
1	84829	128.61957344	1
1	84837	128.6196144	1
1	84893	128.71953248	1
1	84901	128.71957344	1
1	84909	128.7196144	1
1	84965	128.81953248	1
1	84973	128.81957344	1
1	84981	128.8196144	1
1	85037	128.91953248	1
1	85045	128.91957344	1
1	85053	128.9196144	1
1	85109	129.01953248	1
1	85117	129.01957344	1
1	85125	129.0196144	1
1	85181	129.11953248	1
1	85189	129.11957344	1
1	85197	129.1196144	1
1	85253	129.21953248	1
1	85261	129.21957344	1
1	85269	129.2196144	1
1	85325	129.31953248	1
1	85333	129.31957344	1
1	85341	129.3196144	1
1	85397	129.41953248	1
1	85405	129.41957344	1
1	85413	129.4196144	1
1	85469	129.51953248	1
1	85477	129.51957344	1
1	85485	129.5196144	1
1	85541	129.61953248	1
1	85549	129.61957344	1
1	85557	129.6196144	1
1	85613	129.71953248	1
1	85621	129.71957344	1
1	85629	129.7196144	1
1	85685	129.81953248	1
1	85693	129.81957344	1
1	85701	129.8196144	1
1	85757	129.91953248	1
1	85765	129.91957344	1
1	85773	129.9196144	1
1	85829	130.01953248	1
1	85837	130.01957344	1
1	85845	130.0196144	1
1	85901	130.11953248	1
1	85909	130.11957344	1
1	85917	130.1196144	1
1	85973	130.21953248	1
1	85981	130.21957344	1
1	85989	130.2196144	1
1	86045	130.31953248	1
1	86053	130.31957344	1
1	86061	130.3196144	1
1	86117	130.41953248	1
1	86125	130.41957344	1
1	86133	130.4196144	1
1	86189	130.51953248	1
1	86197	130.51957344	1
1	86205	130.5196144	1
1	86261	130.61953248	1
1	86269	130.61957344	1
1	86277	130.6196144	1
1	86333	130.71953248	1
1	86341	130.71957344	1
1	86349	130.7196144	1
1	86405	130.81953248	1
1	86413	130.81957344	1
1	86421	130.8196144	1
1	86477	130.91953248	1
1	86485	130.91957344	1
1	86493	130.9196144	1
1	86549	131.01953248	1
1	86557	131.01957344	1
1	86565	131.0196144	1
1	86621	131.11953248	1
1	86629	131.11957344	1
1	86637	131.1196144	1
1	86693	131.21953248	1
1	86701	131.21957344	1
1	86709	131.2196144	1
1	86765	131.31953248	1
1	86773	131.31957344	1
1	86781	131.3196144	1
1	86837	131.41953248	1
1	86845	131.41957344	1
1	86853	131.4196144	1
1	86909	131.51953248	1
1	86917	131.51957344	1
1	86925	131.5196144	1
1	86981	131.61953248	1
1	86989	131.61957344	1
1	86997	131.6196144	1
1	87053	131.71953248	1
1	87061	131.71957344	1
1	87069	131.7196144	1
1	87125	131.81953248	1
1	87133	131.81957344	1
1	87141	131.8196144	1
1	87197	131.91953248	1
1	87205	131.91957344	1
1	87213	131.9196144	1
1	87269	132.01953248	1
1	87277	132.01957344	1
1	87285	132.0196144	1
1	87341	132.11953248	1
1	87349	132.11957344	1
1	87357	132.1196144	1
1	87413	132.21953248	1
1	87421	132.21957344	1
1	87429	132.2196144	1
1	87485	132.31953248	1
1	87493	132.31957344	1
1	87501	132.3196144	1
1	87557	132.41953248	1
1	87565	132.41957344	1
1	87573	132.4196144	1
1	87629	132.51953248	1
1	87637	132.51957344	1
1	87645	132.5196144	1
1	87701	132.61953248	1
1	87709	132.61957344	1
1	87717	132.6196144	1
1	87773	132.71953248	1
1	87781	132.71957344	1
1	87789	132.7196144	1
1	87845	132.81953248	1
1	87853	132.81957344	1
1	87861	132.8196144	1
1	87917	132.91953248	1
1	87925	132.91957344	1
1	87933	132.9196144	1
1	87989	133.01953248	1
1	87997	133.01957344	1
1	88005	133.0196144	1
1	88061	133.11953248	1
1	88069	133.11957344	1
1	88077	133.1196144	1
1	88133	133.21953248	1
1	88141	133.21957344	1
1	88149	133.2196144	1
1	88205	133.31953248	1
1	88213	133.31957344	1
1	88221	133.3196144	1
1	88277	133.41953248	1
1	88285	133.41957344	1
1	88293	133.4196144	1
1	88349	133.51953248	1
1	88357	133.51957344	1
1	88365	133.5196144	1
1	88421	133.61953248	1
1	88429	133.61957344	1
1	88437	133.6196144	1
1	88493	133.71953248	1
1	88501	133.71957344	1
1	88509	133.7196144	1
1	88565	133.81953248	1
1	88573	133.81957344	1
1	88581	133.8196144	1
1	88637	133.91953248	1
1	88645	133.91957344	1
1	88653	133.9196144	1
1	88709	134.01953248	1
1	88717	134.01957344	1
1	88725	134.0196144	1
1	88781	134.11953248	1
1	88789	134.11957344	1
1	88797	134.1196144	1
1	88853	134.21953248	1
1	88861	134.21957344	1
1	88869	134.2196144	1
1	88925	134.31953248	1
1	88933	134.31957344	1
1	88941	134.3196144	1
1	88997	134.41953248	1
1	89005	134.41957344	1
1	89013	134.4196144	1
1	89069	134.51953248	1
1	89077	134.51957344	1
1	89085	134.5196144	1
1	89141	134.61953248	1
1	89149	134.61957344	1
1	89157	134.6196144	1
1	89213	134.71953248	1
1	89221	134.71957344	1
1	89229	134.7196144	1
1	89285	134.81953248	1
1	89293	134.81957344	1
1	89301	134.8196144	1
1	89357	134.91953248	1
1	89365	134.91957344	1
1	89373	134.9196144	1
1	89429	135.01953248	1
1	89437	135.01957344	1
1	89445	135.0196144	1
1	89501	135.11953248	1
1	89509	135.11957344	1
1	89517	135.1196144	1
1	89573	135.21953248	1
1	89581	135.21957344	1
1	89589	135.2196144	1
1	89645	135.31953248	1
1	89653	135.31957344	1
1	89661	135.3196144	1
1	89717	135.41953248	1
1	89725	135.41957344	1
1	89733	135.4196144	1
1	89789	135.51953248	1
1	89797	135.51957344	1
1	89805	135.5196144	1
1	89861	135.61953248	1
1	89869	135.61957344	1
1	89877	135.6196144	1
1	89933	135.71953248	1
1	89941	135.71957344	1
1	89949	135.7196144	1
1	90005	135.81953248	1
1	90013	135.81957344	1
1	90021	135.8196144	1
1	90077	135.91953248	1
1	90085	135.91957344	1
1	90093	135.9196144	1
1	90149	136.01953248	1
1	90157	136.01957344	1
1	90165	136.0196144	1
1	90221	136.11953248	1
1	90229	136.11957344	1
1	90237	136.1196144	1
1	90293	136.21953248	1
1	90301	136.21957344	1
1	90309	136.2196144	1
1	90365	136.31953248	1
1	90373	136.31957344	1
1	90381	136.3196144	1
1	90437	136.41953248	1
1	90445	136.41957344	1
1	90453	136.4196144	1
1	90509	136.51953248	1
1	90517	136.51957344	1
1	90525	136.5196144	1
1	90581	136.61953248	1
1	90589	136.61957344	1
1	90597	136.6196144	1
1	90653	136.71953248	1
1	90661	136.71957344	1
1	90669	136.7196144	1
1	90725	136.81953248	1
1	90733	136.81957344	1
1	90741	136.8196144	1
1	90797	136.91953248	1
1	90805	136.91957344	1
1	90813	136.9196144	1
1	90869	137.01953248	1
1	90877	137.01957344	1
1	90885	137.0196144	1
1	90941	137.11953248	1
1	90949	137.11957344	1
1	90957	137.1196144	1
1	91013	137.21953248	1
1	91021	137.21957344	1
1	91029	137.2196144	1
1	91085	137.31953248	1
1	91093	137.31957344	1
1	91101	137.3196144	1
1	91157	137.41953248	1
1	91165	137.41957344	1
1	91173	137.4196144	1
1	91229	137.51953248	1
1	91237	137.51957344	1
1	91245	137.5196144	1
1	91301	137.61953248	1
1	91309	137.61957344	1
1	91317	137.6196144	1
1	91373	137.71953248	1
1	91381	137.71957344	1
1	91389	137.7196144	1
1	91445	137.81953248	1
1	91453	137.81957344	1
1	91461	137.8196144	1
1	91517	137.91953248	1
1	91525	137.91957344	1
1	91533	137.9196144	1
1	91589	138.01953248	1
1	91597	138.01957344	1
1	91605	138.0196144	1
1	91661	138.11953248	1
1	91669	138.11957344	1
1	91677	138.1196144	1
1	91733	138.21953248	1
1	91741	138.21957344	1
1	91749	138.2196144	1
1	91805	138.31953248	1
1	91813	138.31957344	1
1	91821	138.3196144	1
1	91877	138.41953248	1
1	91885	138.41957344	1
1	91893	138.4196144	1
1	91949	138.51953248	1
1	91957	138.51957344	1
1	91965	138.5196144	1
1	92021	138.61953248	1
1	92029	138.61957344	1
1	92037	138.6196144	1
1	92093	138.71953248	1
1	92101	138.71957344	1
1	92109	138.7196144	1
1	92165	138.81953248	1
1	92173	138.81957344	1
1	92181	138.8196144	1
1	92237	138.91953248	1
1	92245	138.91957344	1
1	92253	138.9196144	1
1	92309	139.01953248	1
1	92317	139.01957344	1
1	92325	139.0196144	1
1	92381	139.11953248	1
1	92389	139.11957344	1
1	92397	139.1196144	1
1	92453	139.21953248	1
1	92461	139.21957344	1
1	92469	139.2196144	1
1	92525	139.31953248	1
1	92533	139.31957344	1
1	92541	139.3196144	1
1	92597	139.41953248	1
1	92605	139.41957344	1
1	92613	139.4196144	1
1	92669	139.51953248	1
1	92677	139.51957344	1
1	92685	139.5196144	1
1	92741	139.61953248	1
1	92749	139.61957344	1
1	92757	139.6196144	1
1	92813	139.71953248	1
1	92821	139.71957344	1
1	92829	139.7196144	1
1	92885	139.81953248	1
1	92893	139.81957344	1
1	92901	139.8196144	1
1	92957	139.91953248	1
1	92965	139.91957344	1
1	92973	139.9196144	1
1	93029	140.01953248	1
1	93037	140.01957344	1
1	93045	140.0196144	1
1	93101	140.11953248	1
1	93109	140.11957344	1
1	93117	140.1196144	1
1	93173	140.21953248	1
1	93181	140.21957344	1
1	93189	140.2196144	1
1	93245	140.31953248	1
1	93253	140.31957344	1
1	93261	140.3196144	1
1	93317	140.41953248	1
1	93325	140.41957344	1
1	93333	140.4196144	1
1	93389	140.51953248	1
1	93397	140.51957344	1
1	93405	140.5196144	1
1	93461	140.61953248	1
1	93469	140.61957344	1
1	93477	140.6196144	1
1	93533	140.71953248	1
1	93541	140.71957344	1
1	93549	140.7196144	1
1	93605	140.81953248	1
1	93613	140.81957344	1
1	93621	140.8196144	1
1	93677	140.91953248	1
1	93685	140.91957344	1
1	93693	140.9196144	1
1	93749	141.01953248	1
1	93757	141.01957344	1
1	93765	141.0196144	1
1	93821	141.11953248	1
1	93829	141.11957344	1
1	93837	141.1196144	1
1	93893	141.21953248	1
1	93901	141.21957344	1
1	93909	141.2196144	1
1	93965	141.31953248	1
1	93973	141.31957344	1
1	93981	141.3196144	1
1	94037	141.41953248	1
1	94045	141.41957344	1
1	94053	141.4196144	1
1	94109	141.51953248	1
1	94117	141.51957344	1
1	94125	141.5196144	1
1	94181	141.61953248	1
1	94189	141.61957344	1
1	94197	141.6196144	1
1	94253	141.71953248	1
1	94261	141.71957344	1
1	94269	141.7196144	1
1	94325	141.81953248	1
1	94333	141.81957344	1
1	94341	141.8196144	1
1	94397	141.91953248	1
1	94405	141.91957344	1
1	94413	141.9196144	1
1	94469	142.01953248	1
1	94477	142.01957344	1
1	94485	142.0196144	1
1	94541	142.11953248	1
1	94549	142.11957344	1
1	94557	142.1196144	1
1	94613	142.21953248	1
1	94621	142.21957344	1
1	94629	142.2196144	1
1	94685	142.31953248	1
1	94693	142.31957344	1
1	94701	142.3196144	1
1	94757	142.41953248	1
1	94765	142.41957344	1
1	94773	142.4196144	1
1	94829	142.51953248	1
1	94837	142.51957344	1
1	94845	142.5196144	1
1	94901	142.61953248	1
1	94909	142.61957344	1
1	94917	142.6196144	1
1	94973	142.71953248	1
1	94981	142.71957344	1
1	94989	142.7196144	1
1	95045	142.81953248	1
1	95053	142.81957344	1
1	95061	142.8196144	1
1	95117	142.91953248	1
1	95125	142.91957344	1
1	95133	142.9196144	1
1	95189	143.01953248	1
1	95197	143.01957344	1
1	95205	143.0196144	1
1	95261	143.11953248	1
1	95269	143.11957344	1
1	95277	143.1196144	1
1	95333	143.21953248	1
1	95341	143.21957344	1
1	95349	143.2196144	1
1	95405	143.31953248	1
1	95413	143.31957344	1
1	95421	143.3196144	1
1	95477	143.41953248	1
1	95485	143.41957344	1
1	95493	143.4196144	1
1	95549	143.51953248	1
1	95557	143.51957344	1
1	95565	143.5196144	1
1	95621	143.61953248	1
1	95629	143.61957344	1
1	95637	143.6196144	1
1	95693	143.71953248	1
1	95701	143.71957344	1
1	95709	143.7196144	1
1	95765	143.81953248	1
1	95773	143.81957344	1
1	95781	143.8196144	1
1	95837	143.91953248	1
1	95845	143.91957344	1
1	95853	143.9196144	1
1	95909	144.01953248	1
1	95917	144.01957344	1
1	95925	144.0196144	1
1	95981	144.11953248	1
1	95989	144.11957344	1
1	95997	144.1196144	1
1	96053	144.21953248	1
1	96061	144.21957344	1
1	96069	144.2196144	1
1	96125	144.31953248	1
1	96133	144.31957344	1
1	96141	144.3196144	1
1	96197	144.41953248	1
1	96205	144.41957344	1
1	96213	144.4196144	1
1	96269	144.51953248	1
1	96277	144.51957344	1
1	96285	144.5196144	1
1	96341	144.61953248	1
1	96349	144.61957344	1
1	96357	144.6196144	1
1	96413	144.71953248	1
1	96421	144.71957344	1
1	96429	144.7196144	1
1	96485	144.81953248	1
1	96493	144.81957344	1
1	96501	144.8196144	1
1	96557	144.91953248	1
1	96565	144.91957344	1
1	96573	144.9196144	1
1	96629	145.01953248	1
1	96637	145.01957344	1
1	96645	145.0196144	1
1	96701	145.11953248	1
1	96709	145.11957344	1
1	96717	145.1196144	1
1	96773	145.21953248	1
1	96781	145.21957344	1
1	96789	145.2196144	1
1	96845	145.31953248	1
1	96853	145.31957344	1
1	96861	145.3196144	1
1	96917	145.41953248	1
1	96925	145.41957344	1
1	96933	145.4196144	1
1	96989	145.51953248	1
1	96997	145.51957344	1
1	97005	145.5196144	1
1	97061	145.61953248	1
1	97069	145.61957344	1
1	97077	145.6196144	1
1	97133	145.71953248	1
1	97141	145.71957344	1
1	97149	145.7196144	1
1	97205	145.81953248	1
1	97213	145.81957344	1
1	97221	145.8196144	1
1	97277	145.91953248	1
1	97285	145.91957344	1
1	97293	145.9196144	1
1	97349	146.01953248	1
1	97357	146.01957344	1
1	97365	146.0196144	1
1	97421	146.11953248	1
1	97429	146.11957344	1
1	97437	146.1196144	1
1	97493	146.21953248	1
1	97501	146.21957344	1
1	97509	146.2196144	1
1	97565	146.31953248	1
1	97573	146.31957344	1
1	97581	146.3196144	1
1	97637	146.41953248	1
1	97645	146.41957344	1
1	97653	146.4196144	1
1	97709	146.51953248	1
1	97717	146.51957344	1
1	97725	146.5196144	1
1	97781	146.61953248	1
1	97789	146.61957344	1
1	97797	146.6196144	1
1	97853	146.71953248	1
1	97861	146.71957344	1
1	97869	146.7196144	1
1	97925	146.81953248	1
1	97933	146.81957344	1
1	97941	146.8196144	1
1	97997	146.91953248	1
1	98005	146.91957344	1
1	98013	146.9196144	1
1	98069	147.01953248	1
1	98077	147.01957344	1
1	98085	147.0196144	1
1	98141	147.11953248	1
1	98149	147.11957344	1
1	98157	147.1196144	1
1	98213	147.21953248	1
1	98221	147.21957344	1
1	98229	147.2196144	1
1	98285	147.31953248	1
1	98293	147.31957344	1
1	98301	147.3196144	1
1	98357	147.41953248	1
1	98365	147.41957344	1
1	98373	147.4196144	1
1	98429	147.51953248	1
1	98437	147.51957344	1
1	98445	147.5196144	1
1	98501	147.61953248	1
1	98509	147.61957344	1
1	98517	147.6196144	1
1	98573	147.71953248	1
1	98581	147.71957344	1
1	98589	147.7196144	1
1	98645	147.81953248	1
1	98653	147.81957344	1
1	98661	147.8196144	1
1	98717	147.91953248	1
1	98725	147.91957344	1
1	98733	147.9196144	1
1	98789	148.01953248	1
1	98797	148.01957344	1
1	98805	148.0196144	1
1	98861	148.11953248	1
1	98869	148.11957344	1
1	98877	148.1196144	1
1	98933	148.21953248	1
1	98941	148.21957344	1
1	98949	148.2196144	1
1	99005	148.31953248	1
1	99013	148.31957344	1
1	99021	148.3196144	1
1	99077	148.41953248	1
1	99085	148.41957344	1
1	99093	148.4196144	1
1	99149	148.51953248	1
1	99157	148.51957344	1
1	99165	148.5196144	1
1	99221	148.61953248	1
1	99229	148.61957344	1
1	99237	148.6196144	1
1	99293	148.71953248	1
1	99301	148.71957344	1
1	99309	148.7196144	1
1	99365	148.81953248	1
1	99373	148.81957344	1
1	99381	148.8196144	1
1	99437	148.91953248	1
1	99445	148.91957344	1
1	99453	148.9196144	1
1	99509	149.01953248	1
1	99517	149.01957344	1
1	99525	149.0196144	1
1	99581	149.11953248	1
1	99589	149.11957344	1
1	99597	149.1196144	1
1	99653	149.21953248	1
1	99661	149.21957344	1
1	99669	149.2196144	1
1	99725	149.31953248	1
1	99733	149.31957344	1
1	99741	149.3196144	1
1	99797	149.41953248	1
1	99805	149.41957344	1
1	99813	149.4196144	1
1	99869	149.51953248	1
1	99877	149.51957344	1
1	99885	149.5196144	1
1	99941	149.61953248	1
1	99949	149.61957344	1
1	99957	149.6196144	1
1	100013	149.71953248	1
1	100021	149.71957344	1
1	100029	149.7196144	1
1	100085	149.81953248	1
1	100093	149.81957344	1
1	100101	149.8196144	1
1	100157	149.91953248	1
1	100165	149.91957344	1
1	100173	149.9196144	1
1	100229	150.01953248	1
1	100237	150.01957344	1
1	100245	150.0196144	1
1	100301	150.11953248	1
1	100309	150.11957344	1
1	100317	150.1196144	1
1	100373	150.21953248	1
1	100381	150.21957344	1
1	100389	150.2196144	1
1	100445	150.31953248	1
1	100453	150.31957344	1
1	100461	150.3196144	1
1	100517	150.41953248	1
1	100525	150.41957344	1
1	100533	150.4196144	1
1	100589	150.51953248	1
1	100597	150.51957344	1
1	100605	150.5196144	1
1	100661	150.61953248	1
1	100669	150.61957344	1
1	100677	150.6196144	1
1	100733	150.71953248	1
1	100741	150.71957344	1
1	100749	150.7196144	1
1	100805	150.81953248	1
1	100813	150.81957344	1
1	100821	150.8196144	1
1	100877	150.91953248	1
1	100885	150.91957344	1
1	100893	150.9196144	1
1	100949	151.01953248	1
1	100957	151.01957344	1
1	100965	151.0196144	1
1	101021	151.11953248	1
1	101029	151.11957344	1
1	101037	151.1196144	1
1	101093	151.21953248	1
1	101101	151.21957344	1
1	101109	151.2196144	1
1	101165	151.31953248	1
1	101173	151.31957344	1
1	101181	151.3196144	1
1	101237	151.41953248	1
1	101245	151.41957344	1
1	101253	151.4196144	1
1	101309	151.51953248	1
1	101317	151.51957344	1
1	101325	151.5196144	1
1	101381	151.61953248	1
1	101389	151.61957344	1
1	101397	151.6196144	1
1	101453	151.71953248	1
1	101461	151.71957344	1
1	101469	151.7196144	1
1	101525	151.81953248	1
1	101533	151.81957344	1
1	101541	151.8196144	1
1	101597	151.91953248	1
1	101605	151.91957344	1
1	101613	151.9196144	1
1	101669	152.01953248	1
1	101677	152.01957344	1
1	101685	152.0196144	1
1	101741	152.11953248	1
1	101749	152.11957344	1
1	101757	152.1196144	1
1	101813	152.21953248	1
1	101821	152.21957344	1
1	101829	152.2196144	1
1	101885	152.31953248	1
1	101893	152.31957344	1
1	101901	152.3196144	1
1	101957	152.41953248	1
1	101965	152.41957344	1
1	101973	152.4196144	1
1	102029	152.51953248	1
1	102037	152.51957344	1
1	102045	152.5196144	1
1	102101	152.61953248	1
1	102109	152.61957344	1
1	102117	152.6196144	1
1	102173	152.71953248	1
1	102181	152.71957344	1
1	102189	152.7196144	1
1	102245	152.81953248	1
1	102253	152.81957344	1
1	102261	152.8196144	1
1	102317	152.91953248	1
1	102325	152.91957344	1
1	102333	152.9196144	1
1	102389	153.01953248	1
1	102397	153.01957344	1
1	102405	153.0196144	1
1	102461	153.11953248	1
1	102469	153.11957344	1
1	102477	153.1196144	1
1	102533	153.21953248	1
1	102541	153.21957344	1
1	102549	153.2196144	1
1	102605	153.31953248	1
1	102613	153.31957344	1
1	102621	153.3196144	1
1	102677	153.41953248	1
1	102685	153.41957344	1
1	102693	153.4196144	1
1	102749	153.51953248	1
1	102757	153.51957344	1
1	102765	153.5196144	1
1	102821	153.61953248	1
1	102829	153.61957344	1
1	102837	153.6196144	1
1	102893	153.71953248	1
1	102901	153.71957344	1
1	102909	153.7196144	1
1	102965	153.81953248	1
1	102973	153.81957344	1
1	102981	153.8196144	1
1	103037	153.91953248	1
1	103045	153.91957344	1
1	103053	153.9196144	1
1	103109	154.01953248	1
1	103117	154.01957344	1
1	103125	154.0196144	1
1	103181	154.11953248	1
1	103189	154.11957344	1
1	103197	154.1196144	1
1	103253	154.21953248	1
1	103261	154.21957344	1
1	103269	154.2196144	1
1	103325	154.31953248	1
1	103333	154.31957344	1
1	103341	154.3196144	1
1	103397	154.41953248	1
1	103405	154.41957344	1
1	103413	154.4196144	1
1	103469	154.51953248	1
1	103477	154.51957344	1
1	103485	154.5196144	1
1	103541	154.61953248	1
1	103549	154.61957344	1
1	103557	154.6196144	1
1	103613	154.71953248	1
1	103621	154.71957344	1
1	103629	154.7196144	1
1	103685	154.81953248	1
1	103693	154.81957344	1
1	103701	154.8196144	1
1	103757	154.91953248	1
1	103765	154.91957344	1
1	103773	154.9196144	1
1	103829	155.01953248	1
1	103837	155.01957344	1
1	103845	155.0196144	1
1	103901	155.11953248	1
1	103909	155.11957344	1
1	103917	155.1196144	1
1	103973	155.21953248	1
1	103981	155.21957344	1
1	103989	155.2196144	1
1	104045	155.31953248	1
1	104053	155.31957344	1
1	104061	155.3196144	1
1	104117	155.41953248	1
1	104125	155.41957344	1
1	104133	155.4196144	1
1	104189	155.51953248	1
1	104197	155.51957344	1
1	104205	155.5196144	1
1	104261	155.61953248	1
1	104269	155.61957344	1
1	104277	155.6196144	1
1	104333	155.71953248	1
1	104341	155.71957344	1
1	104349	155.7196144	1
1	104405	155.81953248	1
1	104413	155.81957344	1
1	104421	155.8196144	1
1	104477	155.91953248	1
1	104485	155.91957344	1
1	104493	155.9196144	1
1	104549	156.01953248	1
1	104557	156.01957344	1
1	104565	156.0196144	1
1	104621	156.11953248	1
1	104629	156.11957344	1
1	104637	156.1196144	1
1	104693	156.21953248	1
1	104701	156.21957344	1
1	104709	156.2196144	1
1	104765	156.31953248	1
1	104773	156.31957344	1
1	104781	156.3196144	1
1	104837	156.41953248	1
1	104845	156.41957344	1
1	104853	156.4196144	1
1	104909	156.51953248	1
1	104917	156.51957344	1
1	104925	156.5196144	1
1	104981	156.61953248	1
1	104989	156.61957344	1
1	104997	156.6196144	1
1	105053	156.71953248	1
1	105061	156.71957344	1
1	105069	156.7196144	1
1	105125	156.81953248	1
1	105133	156.81957344	1
1	105141	156.8196144	1
1	105197	156.91953248	1
1	105205	156.91957344	1
1	105213	156.9196144	1
1	105269	157.01953248	1
1	105277	157.01957344	1
1	105285	157.0196144	1
1	105341	157.11953248	1
1	105349	157.11957344	1
1	105357	157.1196144	1
1	105413	157.21953248	1
1	105421	157.21957344	1
1	105429	157.2196144	1
1	105485	157.31953248	1
1	105493	157.31957344	1
1	105501	157.3196144	1
1	105557	157.41953248	1
1	105565	157.41957344	1
1	105573	157.4196144	1
1	105629	157.51953248	1
1	105637	157.51957344	1
1	105645	157.5196144	1
1	105701	157.61953248	1
1	105709	157.61957344	1
1	105717	157.6196144	1
1	105773	157.71953248	1
1	105781	157.71957344	1
1	105789	157.7196144	1
1	105845	157.81953248	1
1	105853	157.81957344	1
1	105861	157.8196144	1
1	105917	157.91953248	1
1	105925	157.91957344	1
1	105933	157.9196144	1
1	105989	158.01953248	1
1	105997	158.01957344	1
1	106005	158.0196144	1
1	106061	158.11953248	1
1	106069	158.11957344	1
1	106077	158.1196144	1
1	106133	158.21953248	1
1	106141	158.21957344	1
1	106149	158.2196144	1
1	106205	158.31953248	1
1	106213	158.31957344	1
1	106221	158.3196144	1
1	106277	158.41953248	1
1	106285	158.41957344	1
1	106293	158.4196144	1
1	106349	158.51953248	1
1	106357	158.51957344	1
1	106365	158.5196144	1
1	106421	158.61953248	1
1	106429	158.61957344	1
1	106437	158.6196144	1
1	106493	158.71953248	1
1	106501	158.71957344	1
1	106509	158.7196144	1
1	106565	158.81953248	1
1	106573	158.81957344	1
1	106581	158.8196144	1
1	106637	158.91953248	1
1	106645	158.91957344	1
1	106653	158.9196144	1
1	106709	159.01953248	1
1	106717	159.01957344	1
1	106725	159.0196144	1
1	106781	159.11953248	1
1	106789	159.11957344	1
1	106797	159.1196144	1
1	106853	159.21953248	1
1	106861	159.21957344	1
1	106869	159.2196144	1
1	106925	159.31953248	1
1	106933	159.31957344	1
1	106941	159.3196144	1
1	106997	159.41953248	1
1	107005	159.41957344	1
1	107013	159.4196144	1
1	107069	159.51953248	1
1	107077	159.51957344	1
1	107085	159.5196144	1
1	107141	159.61953248	1
1	107149	159.61957344	1
1	107157	159.6196144	1
1	107213	159.71953248	1
1	107221	159.71957344	1
1	107229	159.7196144	1
1	107285	159.81953248	1
1	107293	159.81957344	1
1	107301	159.8196144	1
1	107357	159.91953248	1
1	107365	159.91957344	1
1	107373	159.9196144	1
1	107429	160.01953248	1
1	107437	160.01957344	1
1	107445	160.0196144	1
1	107501	160.11953248	1
1	107509	160.11957344	1
1	107517	160.1196144	1
1	107573	160.21953248	1
1	107581	160.21957344	1
1	107589	160.2196144	1
1	107645	160.31953248	1
1	107653	160.31957344	1
1	107661	160.3196144	1
1	107717	160.41953248	1
1	107725	160.41957344	1
1	107733	160.4196144	1
1	107789	160.51953248	1
1	107797	160.51957344	1
1	107805	160.5196144	1
1	107861	160.61953248	1
1	107869	160.61957344	1
1	107877	160.6196144	1
1	107933	160.71953248	1
1	107941	160.71957344	1
1	107949	160.7196144	1
1	108005	160.81953248	1
1	108013	160.81957344	1
1	108021	160.8196144	1
1	108077	160.91953248	1
1	108085	160.91957344	1
1	108093	160.9196144	1
1	108149	161.01953248	1
1	108157	161.01957344	1
1	108165	161.0196144	1
1	108221	161.11953248	1
1	108229	161.11957344	1
1	108237	161.1196144	1
1	108293	161.21953248	1
1	108301	161.21957344	1
1	108309	161.2196144	1
1	108365	161.31953248	1
1	108373	161.31957344	1
1	108381	161.3196144	1
1	108437	161.41953248	1
1	108445	161.41957344	1
1	108453	161.4196144	1
1	108509	161.51953248	1
1	108517	161.51957344	1
1	108525	161.5196144	1
1	108581	161.61953248	1
1	108589	161.61957344	1
1	108597	161.6196144	1
1	108653	161.71953248	1
1	108661	161.71957344	1
1	108669	161.7196144	1
1	108725	161.81953248	1
1	108733	161.81957344	1
1	108741	161.8196144	1
1	108797	161.91953248	1
1	108805	161.91957344	1
1	108813	161.9196144	1
1	108869	162.01953248	1
1	108877	162.01957344	1
1	108885	162.0196144	1
1	108941	162.11953248	1
1	108949	162.11957344	1
1	108957	162.1196144	1
1	109013	162.21953248	1
1	109021	162.21957344	1
1	109029	162.2196144	1
1	109085	162.31953248	1
1	109093	162.31957344	1
1	109101	162.3196144	1
1	109157	162.41953248	1
1	109165	162.41957344	1
1	109173	162.4196144	1
1	109229	162.51953248	1
1	109237	162.51957344	1
1	109245	162.5196144	1
1	109301	162.61953248	1
1	109309	162.61957344	1
1	109317	162.6196144	1
1	109373	162.71953248	1
1	109381	162.71957344	1
1	109389	162.7196144	1
1	109445	162.81953248	1
1	109453	162.81957344	1
1	109461	162.8196144	1
1	109517	162.91953248	1
1	109525	162.91957344	1
1	109533	162.9196144	1
1	109589	163.01953248	1
1	109597	163.01957344	1
1	109605	163.0196144	1
1	109661	163.11953248	1
1	109669	163.11957344	1
1	109677	163.1196144	1
1	109733	163.21953248	1
1	109741	163.21957344	1
1	109749	163.2196144	1
1	109805	163.31953248	1
1	109813	163.31957344	1
1	109821	163.3196144	1
1	109877	163.41953248	1
1	109885	163.41957344	1
1	109893	163.4196144	1
1	109949	163.51953248	1
1	109957	163.51957344	1
1	109965	163.5196144	1
1	110021	163.61953248	1
1	110029	163.61957344	1
1	110037	163.6196144	1
1	110093	163.71953248	1
1	110101	163.71957344	1
1	110109	163.7196144	1
1	110165	163.81953248	1
1	110173	163.81957344	1
1	110181	163.8196144	1
1	110237	163.91953248	1
1	110245	163.91957344	1
1	110253	163.9196144	1
1	110309	164.01953248	1
1	110317	164.01957344	1
1	110325	164.0196144	1
1	110381	164.11953248	1
1	110389	164.11957344	1
1	110397	164.1196144	1
1	110453	164.21953248	1
1	110461	164.21957344	1
1	110469	164.2196144	1
1	110525	164.31953248	1
1	110533	164.31957344	1
1	110541	164.3196144	1
1	110597	164.41953248	1
1	110605	164.41957344	1
1	110613	164.4196144	1
1	110669	164.51953248	1
1	110677	164.51957344	1
1	110685	164.5196144	1
1	110741	164.61953248	1
1	110749	164.61957344	1
1	110757	164.6196144	1
1	110813	164.71953248	1
1	110821	164.71957344	1
1	110829	164.7196144	1
1	110885	164.81953248	1
1	110893	164.81957344	1
1	110901	164.8196144	1
1	110957	164.91953248	1
1	110965	164.91957344	1
1	110973	164.9196144	1
1	111029	165.01953248	1
1	111037	165.01957344	1
1	111045	165.0196144	1
1	111101	165.11953248	1
1	111109	165.11957344	1
1	111117	165.1196144	1
1	111173	165.21953248	1
1	111181	165.21957344	1
1	111189	165.2196144	1
1	111245	165.31953248	1
1	111253	165.31957344	1
1	111261	165.3196144	1
1	111317	165.41953248	1
1	111325	165.41957344	1
1	111333	165.4196144	1
1	111389	165.51953248	1
1	111397	165.51957344	1
1	111405	165.5196144	1
1	111461	165.61953248	1
1	111469	165.61957344	1
1	111477	165.6196144	1
1	111533	165.71953248	1
1	111541	165.71957344	1
1	111549	165.7196144	1
1	111605	165.81953248	1
1	111613	165.81957344	1
1	111621	165.8196144	1
1	111677	165.91953248	1
1	111685	165.91957344	1
1	111693	165.9196144	1
1	111749	166.01953248	1
1	111757	166.01957344	1
1	111765	166.0196144	1
1	111821	166.11953248	1
1	111829	166.11957344	1
1	111837	166.1196144	1
1	111893	166.21953248	1
1	111901	166.21957344	1
1	111909	166.2196144	1
1	111965	166.31953248	1
1	111973	166.31957344	1
1	111981	166.3196144	1
1	112037	166.41953248	1
1	112045	166.41957344	1
1	112053	166.4196144	1
1	112109	166.51953248	1
1	112117	166.51957344	1
1	112125	166.5196144	1
1	112181	166.61953248	1
1	112189	166.61957344	1
1	112197	166.6196144	1
1	112253	166.71953248	1
1	112261	166.71957344	1
1	112269	166.7196144	1
1	112325	166.81953248	1
1	112333	166.81957344	1
1	112341	166.8196144	1
1	112397	166.91953248	1
1	112405	166.91957344	1
1	112413	166.9196144	1
1	112469	167.01953248	1
1	112477	167.01957344	1
1	112485	167.0196144	1
1	112541	167.11953248	1
1	112549	167.11957344	1
1	112557	167.1196144	1
1	112613	167.21953248	1
1	112621	167.21957344	1
1	112629	167.2196144	1
1	112685	167.31953248	1
1	112693	167.31957344	1
1	112701	167.3196144	1
1	112757	167.41953248	1
1	112765	167.41957344	1
1	112773	167.4196144	1
1	112829	167.51953248	1
1	112837	167.51957344	1
1	112845	167.5196144	1
1	112901	167.61953248	1
1	112909	167.61957344	1
1	112917	167.6196144	1
1	112973	167.71953248	1
1	112981	167.71957344	1
1	112989	167.7196144	1
1	113045	167.81953248	1
1	113053	167.81957344	1
1	113061	167.8196144	1
1	113117	167.91953248	1
1	113125	167.91957344	1
1	113133	167.9196144	1
1	113189	168.01953248	1
1	113197	168.01957344	1
1	113205	168.0196144	1
1	113261	168.11953248	1
1	113269	168.11957344	1
1	113277	168.1196144	1
1	113333	168.21953248	1
1	113341	168.21957344	1
1	113349	168.2196144	1
1	113405	168.31953248	1
1	113413	168.31957344	1
1	113421	168.3196144	1
1	113477	168.41953248	1
1	113485	168.41957344	1
1	113493	168.4196144	1
1	113549	168.51953248	1
1	113557	168.51957344	1
1	113565	168.5196144	1
1	113621	168.61953248	1
1	113629	168.61957344	1
1	113637	168.6196144	1
1	113693	168.71953248	1
1	113701	168.71957344	1
1	113709	168.7196144	1
1	113765	168.81953248	1
1	113773	168.81957344	1
1	113781	168.8196144	1
1	113837	168.91953248	1
1	113845	168.91957344	1
1	113853	168.9196144	1
1	113909	169.01953248	1
1	113917	169.01957344	1
1	113925	169.0196144	1
1	113981	169.11953248	1
1	113989	169.11957344	1
1	113997	169.1196144	1
1	114053	169.21953248	1
1	114061	169.21957344	1
1	114069	169.2196144	1
1	114125	169.31953248	1
1	114133	169.31957344	1
1	114141	169.3196144	1
1	114197	169.41953248	1
1	114205	169.41957344	1
1	114213	169.4196144	1
1	114269	169.51953248	1
1	114277	169.51957344	1
1	114285	169.5196144	1
1	114341	169.61953248	1
1	114349	169.61957344	1
1	114357	169.6196144	1
1	114413	169.71953248	1
1	114421	169.71957344	1
1	114429	169.7196144	1
1	114485	169.81953248	1
1	114493	169.81957344	1
1	114501	169.8196144	1
1	114557	169.91953248	1
1	114565	169.91957344	1
1	114573	169.9196144	1
1	114629	170.01953248	1
1	114637	170.01957344	1
1	114645	170.0196144	1
1	114701	170.11953248	1
1	114709	170.11957344	1
1	114717	170.1196144	1
1	114773	170.21953248	1
1	114781	170.21957344	1
1	114789	170.2196144	1
1	114845	170.31953248	1
1	114853	170.31957344	1
1	114861	170.3196144	1
1	114917	170.41953248	1
1	114925	170.41957344	1
1	114933	170.4196144	1
1	114989	170.51953248	1
1	114997	170.51957344	1
1	115005	170.5196144	1
1	115061	170.61953248	1
1	115069	170.61957344	1
1	115077	170.6196144	1
1	115133	170.71953248	1
1	115141	170.71957344	1
1	115149	170.7196144	1
1	115205	170.81953248	1
1	115213	170.81957344	1
1	115221	170.8196144	1
1	115277	170.91953248	1
1	115285	170.91957344	1
1	115293	170.9196144	1
1	115349	171.01953248	1
1	115357	171.01957344	1
1	115365	171.0196144	1
1	115421	171.11953248	1
1	115429	171.11957344	1
1	115437	171.1196144	1
1	115493	171.21953248	1
1	115501	171.21957344	1
1	115509	171.2196144	1
1	115565	171.31953248	1
1	115573	171.31957344	1
1	115581	171.3196144	1
1	115637	171.41953248	1
1	115645	171.41957344	1
1	115653	171.4196144	1
1	115709	171.51953248	1
1	115717	171.51957344	1
1	115725	171.5196144	1
1	115781	171.61953248	1
1	115789	171.61957344	1
1	115797	171.6196144	1
1	115853	171.71953248	1
1	115861	171.71957344	1
1	115869	171.7196144	1
1	115925	171.81953248	1
1	115933	171.81957344	1
1	115941	171.8196144	1
1	115997	171.91953248	1
1	116005	171.91957344	1
1	116013	171.9196144	1
1	116069	172.01953248	1
1	116077	172.01957344	1
1	116085	172.0196144	1
1	116141	172.11953248	1
1	116149	172.11957344	1
1	116157	172.1196144	1
1	116213	172.21953248	1
1	116221	172.21957344	1
1	116229	172.2196144	1
1	116285	172.31953248	1
1	116293	172.31957344	1
1	116301	172.3196144	1
1	116357	172.41953248	1
1	116365	172.41957344	1
1	116373	172.4196144	1
1	116429	172.51953248	1
1	116437	172.51957344	1
1	116445	172.5196144	1
1	116501	172.61953248	1
1	116509	172.61957344	1
1	116517	172.6196144	1
1	116573	172.71953248	1
1	116581	172.71957344	1
1	116589	172.7196144	1
1	116645	172.81953248	1
1	116653	172.81957344	1
1	116661	172.8196144	1
1	116717	172.91953248	1
1	116725	172.91957344	1
1	116733	172.9196144	1
1	116789	173.01953248	1
1	116797	173.01957344	1
1	116805	173.0196144	1
1	116861	173.11953248	1
1	116869	173.11957344	1
1	116877	173.1196144	1
1	116933	173.21953248	1
1	116941	173.21957344	1
1	116949	173.2196144	1
1	117005	173.31953248	1
1	117013	173.31957344	1
1	117021	173.3196144	1
1	117077	173.41953248	1
1	117085	173.41957344	1
1	117093	173.4196144	1
1	117149	173.51953248	1
1	117157	173.51957344	1
1	117165	173.5196144	1
1	117221	173.61953248	1
1	117229	173.61957344	1
1	117237	173.6196144	1
1	117293	173.71953248	1
1	117301	173.71957344	1
1	117309	173.7196144	1
1	117365	173.81953248	1
1	117373	173.81957344	1
1	117381	173.8196144	1
1	117437	173.91953248	1
1	117445	173.91957344	1
1	117453	173.9196144	1
1	117509	174.01953248	1
1	117517	174.01957344	1
1	117525	174.0196144	1
1	117581	174.11953248	1
1	117589	174.11957344	1
1	117597	174.1196144	1
1	117653	174.21953248	1
1	117661	174.21957344	1
1	117669	174.2196144	1
1	117725	174.31953248	1
1	117733	174.31957344	1
1	117741	174.3196144	1
1	117797	174.41953248	1
1	117805	174.41957344	1
1	117813	174.4196144	1
1	117869	174.51953248	1
1	117877	174.51957344	1
1	117885	174.5196144	1
1	117941	174.61953248	1
1	117949	174.61957344	1
1	117957	174.6196144	1
1	118013	174.71953248	1
1	118021	174.71957344	1
1	118029	174.7196144	1
1	118085	174.81953248	1
1	118093	174.81957344	1
1	118101	174.8196144	1
1	118157	174.91953248	1
1	118165	174.91957344	1
1	118173	174.9196144	1
2	16	1.0010512	1
2	26	1.00105632	1
2	30	1.00106144	1
2	98	1.0070768	1
2	102	1.00709728	1
2	106	1.00711776	1
2	146	1.0195376	1
2	155	1.01957856	1
2	162	1.01961952	1
2	218	1.1195376	1
2	227	1.11957856	1
2	234	1.11961952	1
2	290	1.2195376	1
2	299	1.21957856	1
2	306	1.21961952	1
2	362	1.3195376	1
2	371	1.31957856	1
2	378	1.31961952	1
2	434	1.4195376	1
2	443	1.41957856	1
2	450	1.41961952	1
2	506	1.5195376	1
2	515	1.51957856	1
2	522	1.51961952	1
2	578	1.6195376	1
2	587	1.61957856	1
2	594	1.61961952	1
2	650	1.7195376	1
2	659	1.71957856	1
2	666	1.71961952	1
2	722	1.8195376	1
2	731	1.81957856	1
2	738	1.81961952	1
2	794	1.9195376	1
2	803	1.91957856	1
2	810	1.91961952	1
2	866	2.0195376	1
2	875	2.01957856	1
2	882	2.01961952	1
2	938	2.1195376	1
2	947	2.11957856	1
2	954	2.11961952	1
2	1010	2.2195376	1
2	1019	2.21957856	1
2	1026	2.21961952	1
2	1082	2.3195376	1
2	1091	2.31957856	1
2	1098	2.31961952	1
2	1154	2.4195376	1
2	1163	2.41957856	1
2	1170	2.41961952	1
2	1226	2.5195376	1
2	1235	2.51957856	1
2	1242	2.51961952	1
2	1298	2.6195376	1
2	1307	2.61957856	1
2	1314	2.61961952	1
2	1370	2.7195376	1
2	1379	2.71957856	1
2	1386	2.71961952	1
2	1442	2.8195376	1
2	1451	2.81957856	1
2	1458	2.81961952	1
2	1514	2.9195376	1
2	1523	2.91957856	1
2	1530	2.91961952	1
2	1586	3.0195376	1
2	1595	3.01957856	1
2	1602	3.01961952	1
2	1658	3.1195376	1
2	1667	3.11957856	1
2	1674	3.11961952	1
2	1730	3.2195376	1
2	1739	3.21957856	1
2	1746	3.21961952	1
2	1802	3.3195376	1
2	1811	3.31957856	1
2	1818	3.31961952	1
2	1874	3.4195376	1
2	1883	3.41957856	1
2	1890	3.41961952	1
2	1946	3.5195376	1
2	1955	3.51957856	1
2	1962	3.51961952	1
2	2018	3.6195376	1
2	2027	3.61957856	1
2	2034	3.61961952	1
2	2090	3.7195376	1
2	2099	3.71957856	1
2	2106	3.71961952	1
2	2162	3.8195376	1
2	2171	3.81957856	1
2	2178	3.81961952	1
2	2234	3.9195376	1
2	2243	3.91957856	1
2	2250	3.91961952	1
2	2306	4.0195376	1
2	2315	4.01957856	1
2	2322	4.01961952	1
2	2378	4.1195376	1
2	2387	4.11957856	1
2	2394	4.11961952	1
2	2450	4.2195376	1
2	2459	4.21957856	1
2	2466	4.21961952	1
2	2522	4.3195376	1
2	2531	4.31957856	1
2	2538	4.31961952	1
2	2594	4.4195376	1
2	2603	4.41957856	1
2	2610	4.41961952	1
2	2666	4.5195376	1
2	2675	4.51957856	1
2	2682	4.51961952	1
2	2738	4.6195376	1
2	2747	4.61957856	1
2	2754	4.61961952	1
2	2810	4.7195376	1
2	2819	4.71957856	1
2	2826	4.71961952	1
2	2882	4.8195376	1
2	2891	4.81957856	1
2	2898	4.81961952	1
2	2954	4.9195376	1
2	2963	4.91957856	1
2	2970	4.91961952	1
2	3026	5.0195376	1
2	3035	5.01957856	1
2	3042	5.01961952	1
2	3098	5.1195376	1
2	3107	5.11957856	1
2	3114	5.11961952	1
2	3170	5.2195376	1
2	3179	5.21957856	1
2	3186	5.21961952	1
2	3242	5.3195376	1
2	3251	5.31957856	1
2	3258	5.31961952	1
2	3314	5.4195376	1
2	3323	5.41957856	1
2	3330	5.41961952	1
2	3386	5.5195376	1
2	3395	5.51957856	1
2	3402	5.51961952	1
2	3458	5.6195376	1
2	3467	5.61957856	1
2	3474	5.61961952	1
2	3530	5.7195376	1
2	3539	5.71957856	1
2	3546	5.71961952	1
2	3602	5.8195376	1
2	3611	5.81957856	1
2	3618	5.81961952	1
2	3674	5.9195376	1
2	3683	5.91957856	1
2	3690	5.91961952	1
2	3746	6.0195376	1
2	3755	6.01957856	1
2	3762	6.01961952	1
2	3818	6.1195376	1
2	3827	6.11957856	1
2	3834	6.11961952	1
2	3890	6.2195376	1
2	3899	6.21957856	1
2	3906	6.21961952	1
2	3962	6.3195376	1
2	3971	6.31957856	1
2	3978	6.31961952	1
2	4034	6.4195376	1
2	4043	6.41957856	1
2	4050	6.41961952	1
2	4106	6.5195376	1
2	4115	6.51957856	1
2	4122	6.51961952	1
2	4178	6.6195376	1
2	4187	6.61957856	1
2	4194	6.61961952	1
2	4250	6.7195376	1
2	4259	6.71957856	1
2	4266	6.71961952	1
2	4322	6.8195376	1
2	4331	6.81957856	1
2	4338	6.81961952	1
2	4394	6.9195376	1
2	4403	6.91957856	1
2	4410	6.91961952	1
2	4466	7.0195376	1
2	4475	7.01957856	1
2	4482	7.01961952	1
2	4538	7.1195376	1
2	4547	7.11957856	1
2	4554	7.11961952	1
2	4610	7.2195376	1
2	4619	7.21957856	1
2	4626	7.21961952	1
2	4682	7.3195376	1
2	4691	7.31957856	1
2	4698	7.31961952	1
2	4754	7.4195376	1
2	4763	7.41957856	1
2	4770	7.41961952	1
2	4826	7.5195376	1
2	4835	7.51957856	1
2	4842	7.51961952	1
2	4898	7.6195376	1
2	4907	7.61957856	1
2	4914	7.61961952	1
2	4970	7.7195376	1
2	4979	7.71957856	1
2	4986	7.71961952	1
2	5042	7.8195376	1
2	5051	7.81957856	1
2	5058	7.81961952	1
2	5114	7.9195376	1
2	5123	7.91957856	1
2	5130	7.91961952	1
2	5186	8.0195376	1
2	5195	8.01957856	1
2	5202	8.01961952	1
2	5258	8.1195376	1
2	5267	8.11957856	1
2	5274	8.11961952	1
2	5330	8.2195376	1
2	5339	8.21957856	1
2	5346	8.21961952	1
2	5402	8.3195376	1
2	5411	8.31957856	1
2	5418	8.31961952	1
2	5474	8.4195376	1
2	5483	8.41957856	1
2	5490	8.41961952	1
2	5546	8.5195376	1
2	5555	8.51957856	1
2	5562	8.51961952	1
2	5618	8.6195376	1
2	5627	8.61957856	1
2	5634	8.61961952	1
2	5690	8.7195376	1
2	5699	8.71957856	1
2	5706	8.71961952	1
2	5762	8.8195376	1
2	5771	8.81957856	1
2	5778	8.81961952	1
2	5834	8.9195376	1
2	5843	8.91957856	1
2	5850	8.91961952	1
2	5906	9.0195376	1
2	5915	9.01957856	1
2	5922	9.01961952	1
2	5978	9.1195376	1
2	5987	9.11957856	1
2	5994	9.11961952	1
2	6050	9.2195376	1
2	6059	9.21957856	1
2	6066	9.21961952	1
2	6122	9.3195376	1
2	6131	9.31957856	1
2	6138	9.31961952	1
2	6194	9.4195376	1
2	6203	9.41957856	1
2	6210	9.41961952	1
2	6266	9.5195376	1
2	6275	9.51957856	1
2	6282	9.51961952	1
2	6338	9.6195376	1
2	6347	9.61957856	1
2	6354	9.61961952	1
2	6410	9.7195376	1
2	6419	9.71957856	1
2	6426	9.71961952	1
2	6482	9.8195376	1
2	6491	9.81957856	1
2	6498	9.81961952	1
2	6554	9.9195376	1
2	6563	9.91957856	1
2	6570	9.91961952	1
2	6626	10.0195376	1
2	6635	10.01957856	1
2	6642	10.01961952	1
2	6698	10.1195376	1
2	6707	10.11957856	1
2	6714	10.11961952	1
2	6770	10.2195376	1
2	6779	10.21957856	1
2	6786	10.21961952	1
2	6842	10.3195376	1
2	6851	10.31957856	1
2	6858	10.31961952	1
2	6914	10.4195376	1
2	6923	10.41957856	1
2	6930	10.41961952	1
2	6986	10.5195376	1
2	6995	10.51957856	1
2	7002	10.51961952	1
2	7058	10.6195376	1
2	7067	10.61957856	1
2	7074	10.61961952	1
2	7130	10.7195376	1
2	7139	10.71957856	1
2	7146	10.71961952	1
2	7202	10.8195376	1
2	7211	10.81957856	1
2	7218	10.81961952	1
2	7274	10.9195376	1
2	7283	10.91957856	1
2	7290	10.91961952	1
2	7346	11.0195376	1
2	7355	11.01957856	1
2	7362	11.01961952	1
2	7418	11.1195376	1
2	7427	11.11957856	1
2	7434	11.11961952	1
2	7490	11.2195376	1
2	7499	11.21957856	1
2	7506	11.21961952	1
2	7562	11.3195376	1
2	7571	11.31957856	1
2	7578	11.31961952	1
2	7634	11.4195376	1
2	7643	11.41957856	1
2	7650	11.41961952	1
2	7706	11.5195376	1
2	7715	11.51957856	1
2	7722	11.51961952	1
2	7778	11.6195376	1
2	7787	11.61957856	1
2	7794	11.61961952	1
2	7850	11.7195376	1
2	7859	11.71957856	1
2	7866	11.71961952	1
2	7922	11.8195376	1
2	7931	11.81957856	1
2	7938	11.81961952	1
2	7994	11.9195376	1
2	8003	11.91957856	1
2	8010	11.91961952	1
2	8066	12.0195376	1
2	8075	12.01957856	1
2	8082	12.01961952	1
2	8138	12.1195376	1
2	8147	12.11957856	1
2	8154	12.11961952	1
2	8210	12.2195376	1
2	8219	12.21957856	1
2	8226	12.21961952	1
2	8282	12.3195376	1
2	8291	12.31957856	1
2	8298	12.31961952	1
2	8354	12.4195376	1
2	8363	12.41957856	1
2	8370	12.41961952	1
2	8426	12.5195376	1
2	8435	12.51957856	1
2	8442	12.51961952	1
2	8498	12.6195376	1
2	8507	12.61957856	1
2	8514	12.61961952	1
2	8570	12.7195376	1
2	8579	12.71957856	1
2	8586	12.71961952	1
2	8642	12.8195376	1
2	8651	12.81957856	1
2	8658	12.81961952	1
2	8714	12.9195376	1
2	8723	12.91957856	1
2	8730	12.91961952	1
2	8786	13.0195376	1
2	8795	13.01957856	1
2	8802	13.01961952	1
2	8858	13.1195376	1
2	8867	13.11957856	1
2	8874	13.11961952	1
2	8930	13.2195376	1
2	8939	13.21957856	1
2	8946	13.21961952	1
2	9002	13.3195376	1
2	9011	13.31957856	1
2	9018	13.31961952	1
2	9074	13.4195376	1
2	9083	13.41957856	1
2	9090	13.41961952	1
2	9146	13.5195376	1
2	9155	13.51957856	1
2	9162	13.51961952	1
2	9218	13.6195376	1
2	9227	13.61957856	1
2	9234	13.61961952	1
2	9290	13.7195376	1
2	9299	13.71957856	1
2	9306	13.71961952	1
2	9362	13.8195376	1
2	9371	13.81957856	1
2	9378	13.81961952	1
2	9434	13.9195376	1
2	9443	13.91957856	1
2	9450	13.91961952	1
2	9506	14.0195376	1
2	9515	14.01957856	1
2	9522	14.01961952	1
2	9578	14.1195376	1
2	9587	14.11957856	1
2	9594	14.11961952	1
2	9650	14.2195376	1
2	9659	14.21957856	1
2	9666	14.21961952	1
2	9722	14.3195376	1
2	9731	14.31957856	1
2	9738	14.31961952	1
2	9794	14.4195376	1
2	9803	14.41957856	1
2	9810	14.41961952	1
2	9866	14.5195376	1
2	9875	14.51957856	1
2	9882	14.51961952	1
2	9938	14.6195376	1
2	9947	14.61957856	1
2	9954	14.61961952	1
2	10010	14.7195376	1
2	10019	14.71957856	1
2	10026	14.71961952	1
2	10082	14.8195376	1
2	10091	14.81957856	1
2	10098	14.81961952	1
2	10154	14.9195376	1
2	10163	14.91957856	1
2	10170	14.91961952	1
2	10226	15.0195376	1
2	10235	15.01957856	1
2	10242	15.01961952	1
2	10298	15.1195376	1
2	10307	15.11957856	1
2	10314	15.11961952	1
2	10370	15.2195376	1
2	10379	15.21957856	1
2	10386	15.21961952	1
2	10442	15.3195376	1
2	10451	15.31957856	1
2	10458	15.31961952	1
2	10514	15.4195376	1
2	10523	15.41957856	1
2	10530	15.41961952	1
2	10586	15.5195376	1
2	10595	15.51957856	1
2	10602	15.51961952	1
2	10658	15.6195376	1
2	10667	15.61957856	1
2	10674	15.61961952	1
2	10730	15.7195376	1
2	10739	15.71957856	1
2	10746	15.71961952	1
2	10802	15.8195376	1
2	10811	15.81957856	1
2	10818	15.81961952	1
2	10874	15.9195376	1
2	10883	15.91957856	1
2	10890	15.91961952	1
2	10946	16.0195376	1
2	10955	16.01957856	1
2	10962	16.01961952	1
2	11018	16.1195376	1
2	11027	16.11957856	1
2	11034	16.11961952	1
2	11090	16.2195376	1
2	11099	16.21957856	1
2	11106	16.21961952	1
2	11162	16.3195376	1
2	11171	16.31957856	1
2	11178	16.31961952	1
2	11234	16.4195376	1
2	11243	16.41957856	1
2	11250	16.41961952	1
2	11306	16.5195376	1
2	11315	16.51957856	1
2	11322	16.51961952	1
2	11378	16.6195376	1
2	11387	16.61957856	1
2	11394	16.61961952	1
2	11450	16.7195376	1
2	11459	16.71957856	1
2	11466	16.71961952	1
2	11522	16.8195376	1
2	11531	16.81957856	1
2	11538	16.81961952	1
2	11594	16.9195376	1
2	11603	16.91957856	1
2	11610	16.91961952	1
2	11666	17.0195376	1
2	11675	17.01957856	1
2	11682	17.01961952	1
2	11738	17.1195376	1
2	11747	17.11957856	1
2	11754	17.11961952	1
2	11810	17.2195376	1
2	11819	17.21957856	1
2	11826	17.21961952	1
2	11882	17.3195376	1
2	11891	17.31957856	1
2	11898	17.31961952	1
2	11954	17.4195376	1
2	11963	17.41957856	1
2	11970	17.41961952	1
2	12026	17.5195376	1
2	12035	17.51957856	1
2	12042	17.51961952	1
2	12098	17.6195376	1
2	12107	17.61957856	1
2	12114	17.61961952	1
2	12170	17.7195376	1
2	12179	17.71957856	1
2	12186	17.71961952	1
2	12242	17.8195376	1
2	12251	17.81957856	1
2	12258	17.81961952	1
2	12314	17.9195376	1
2	12323	17.91957856	1
2	12330	17.91961952	1
2	12386	18.0195376	1
2	12395	18.01957856	1
2	12402	18.01961952	1
2	12458	18.1195376	1
2	12467	18.11957856	1
2	12474	18.11961952	1
2	12530	18.2195376	1
2	12539	18.21957856	1
2	12546	18.21961952	1
2	12602	18.3195376	1
2	12611	18.31957856	1
2	12618	18.31961952	1
2	12674	18.4195376	1
2	12683	18.41957856	1
2	12690	18.41961952	1
2	12746	18.5195376	1
2	12755	18.51957856	1
2	12762	18.51961952	1
2	12818	18.6195376	1
2	12827	18.61957856	1
2	12834	18.61961952	1
2	12890	18.7195376	1
2	12899	18.71957856	1
2	12906	18.71961952	1
2	12962	18.8195376	1
2	12971	18.81957856	1
2	12978	18.81961952	1
2	13034	18.9195376	1
2	13043	18.91957856	1
2	13050	18.91961952	1
2	13106	19.0195376	1
2	13115	19.01957856	1
2	13122	19.01961952	1
2	13178	19.1195376	1
2	13187	19.11957856	1
2	13194	19.11961952	1
2	13250	19.2195376	1
2	13259	19.21957856	1
2	13266	19.21961952	1
2	13322	19.3195376	1
2	13331	19.31957856	1
2	13338	19.31961952	1
2	13394	19.4195376	1
2	13403	19.41957856	1
2	13410	19.41961952	1
2	13466	19.5195376	1
2	13475	19.51957856	1
2	13482	19.51961952	1
2	13538	19.6195376	1
2	13547	19.61957856	1
2	13554	19.61961952	1
2	13610	19.7195376	1
2	13619	19.71957856	1
2	13626	19.71961952	1
2	13682	19.8195376	1
2	13691	19.81957856	1
2	13698	19.81961952	1
2	13754	19.9195376	1
2	13763	19.91957856	1
2	13770	19.91961952	1
2	13826	20.0195376	1
2	13835	20.01957856	1
2	13842	20.01961952	1
2	13898	20.1195376	1
2	13907	20.11957856	1
2	13914	20.11961952	1
2	13970	20.2195376	1
2	13979	20.21957856	1
2	13986	20.21961952	1
2	14042	20.3195376	1
2	14051	20.31957856	1
2	14058	20.31961952	1
2	14114	20.4195376	1
2	14123	20.41957856	1
2	14130	20.41961952	1
2	14186	20.5195376	1
2	14195	20.51957856	1
2	14202	20.51961952	1
2	14258	20.6195376	1
2	14267	20.61957856	1
2	14274	20.61961952	1
2	14330	20.7195376	1
2	14339	20.71957856	1
2	14346	20.71961952	1
2	14402	20.8195376	1
2	14411	20.81957856	1
2	14418	20.81961952	1
2	14474	20.9195376	1
2	14483	20.91957856	1
2	14490	20.91961952	1
2	14546	21.0195376	1
2	14555	21.01957856	1
2	14562	21.01961952	1
2	14618	21.1195376	1
2	14627	21.11957856	1
2	14634	21.11961952	1
2	14690	21.2195376	1
2	14699	21.21957856	1
2	14706	21.21961952	1
2	14762	21.3195376	1
2	14771	21.31957856	1
2	14778	21.31961952	1
2	14834	21.4195376	1
2	14843	21.41957856	1
2	14850	21.41961952	1
2	14906	21.5195376	1
2	14915	21.51957856	1
2	14922	21.51961952	1
2	14978	21.6195376	1
2	14987	21.61957856	1
2	14994	21.61961952	1
2	15050	21.7195376	1
2	15059	21.71957856	1
2	15066	21.71961952	1
2	15122	21.8195376	1
2	15131	21.81957856	1
2	15138	21.81961952	1
2	15194	21.9195376	1
2	15203	21.91957856	1
2	15210	21.91961952	1
2	15266	22.0195376	1
2	15275	22.01957856	1
2	15282	22.01961952	1
2	15338	22.1195376	1
2	15347	22.11957856	1
2	15354	22.11961952	1
2	15410	22.2195376	1
2	15419	22.21957856	1
2	15426	22.21961952	1
2	15482	22.3195376	1
2	15491	22.31957856	1
2	15498	22.31961952	1
2	15554	22.4195376	1
2	15563	22.41957856	1
2	15570	22.41961952	1
2	15626	22.5195376	1
2	15635	22.51957856	1
2	15642	22.51961952	1
2	15698	22.6195376	1
2	15707	22.61957856	1
2	15714	22.61961952	1
2	15770	22.7195376	1
2	15779	22.71957856	1
2	15786	22.71961952	1
2	15842	22.8195376	1
2	15851	22.81957856	1
2	15858	22.81961952	1
2	15914	22.9195376	1
2	15923	22.91957856	1
2	15930	22.91961952	1
2	15986	23.0195376	1
2	15995	23.01957856	1
2	16002	23.01961952	1
2	16058	23.1195376	1
2	16067	23.11957856	1
2	16074	23.11961952	1
2	16130	23.2195376	1
2	16139	23.21957856	1
2	16146	23.21961952	1
2	16202	23.3195376	1
2	16211	23.31957856	1
2	16218	23.31961952	1
2	16274	23.4195376	1
2	16283	23.41957856	1
2	16290	23.41961952	1
2	16346	23.5195376	1
2	16355	23.51957856	1
2	16362	23.51961952	1
2	16418	23.6195376	1
2	16427	23.61957856	1
2	16434	23.61961952	1
2	16490	23.7195376	1
2	16499	23.71957856	1
2	16506	23.71961952	1
2	16562	23.8195376	1
2	16571	23.81957856	1
2	16578	23.81961952	1
2	16634	23.9195376	1
2	16643	23.91957856	1
2	16650	23.91961952	1
2	16706	24.0195376	1
2	16715	24.01957856	1
2	16722	24.01961952	1
2	16778	24.1195376	1
2	16787	24.11957856	1
2	16794	24.11961952	1
2	16850	24.2195376	1
2	16859	24.21957856	1
2	16866	24.21961952	1
2	16922	24.3195376	1
2	16931	24.31957856	1
2	16938	24.31961952	1
2	16994	24.4195376	1
2	17003	24.41957856	1
2	17010	24.41961952	1
2	17066	24.5195376	1
2	17075	24.51957856	1
2	17082	24.51961952	1
2	17138	24.6195376	1
2	17147	24.61957856	1
2	17154	24.61961952	1
2	17210	24.7195376	1
2	17219	24.71957856	1
2	17226	24.71961952	1
2	17282	24.8195376	1
2	17291	24.81957856	1
2	17298	24.81961952	1
2	17354	24.9195376	1
2	17363	24.91957856	1
2	17370	24.91961952	1
2	17426	25.0195376	1
2	17435	25.01957856	1
2	17442	25.01961952	1
2	17498	25.1195376	1
2	17507	25.11957856	1
2	17514	25.11961952	1
2	17570	25.2195376	1
2	17579	25.21957856	1
2	17586	25.21961952	1
2	17642	25.3195376	1
2	17651	25.31957856	1
2	17658	25.31961952	1
2	17714	25.4195376	1
2	17723	25.41957856	1
2	17730	25.41961952	1
2	17786	25.5195376	1
2	17795	25.51957856	1
2	17802	25.51961952	1
2	17858	25.6195376	1
2	17867	25.61957856	1
2	17874	25.61961952	1
2	17930	25.7195376	1
2	17939	25.71957856	1
2	17946	25.71961952	1
2	18002	25.8195376	1
2	18011	25.81957856	1
2	18018	25.81961952	1
2	18074	25.9195376	1
2	18083	25.91957856	1
2	18090	25.91961952	1
2	18146	26.0195376	1
2	18155	26.01957856	1
2	18162	26.01961952	1
2	18218	26.1195376	1
2	18227	26.11957856	1
2	18234	26.11961952	1
2	18290	26.2195376	1
2	18299	26.21957856	1
2	18306	26.21961952	1
2	18362	26.3195376	1
2	18371	26.31957856	1
2	18378	26.31961952	1
2	18434	26.4195376	1
2	18443	26.41957856	1
2	18450	26.41961952	1
2	18506	26.5195376	1
2	18515	26.51957856	1
2	18522	26.51961952	1
2	18578	26.6195376	1
2	18587	26.61957856	1
2	18594	26.61961952	1
2	18650	26.7195376	1
2	18659	26.71957856	1
2	18666	26.71961952	1
2	18722	26.8195376	1
2	18731	26.81957856	1
2	18738	26.81961952	1
2	18794	26.9195376	1
2	18803	26.91957856	1
2	18810	26.91961952	1
2	18866	27.0195376	1
2	18875	27.01957856	1
2	18882	27.01961952	1
2	18938	27.1195376	1
2	18947	27.11957856	1
2	18954	27.11961952	1
2	19010	27.2195376	1
2	19019	27.21957856	1
2	19026	27.21961952	1
2	19082	27.3195376	1
2	19091	27.31957856	1
2	19098	27.31961952	1
2	19154	27.4195376	1
2	19163	27.41957856	1
2	19170	27.41961952	1
2	19226	27.5195376	1
2	19235	27.51957856	1
2	19242	27.51961952	1
2	19298	27.6195376	1
2	19307	27.61957856	1
2	19314	27.61961952	1
2	19370	27.7195376	1
2	19379	27.71957856	1
2	19386	27.71961952	1
2	19442	27.8195376	1
2	19451	27.81957856	1
2	19458	27.81961952	1
2	19514	27.9195376	1
2	19523	27.91957856	1
2	19530	27.91961952	1
2	19586	28.0195376	1
2	19595	28.01957856	1
2	19602	28.01961952	1
2	19658	28.1195376	1
2	19667	28.11957856	1
2	19674	28.11961952	1
2	19730	28.2195376	1
2	19739	28.21957856	1
2	19746	28.21961952	1
2	19802	28.3195376	1
2	19811	28.31957856	1
2	19818	28.31961952	1
2	19874	28.4195376	1
2	19883	28.41957856	1
2	19890	28.41961952	1
2	19946	28.5195376	1
2	19955	28.51957856	1
2	19962	28.51961952	1
2	20018	28.6195376	1
2	20027	28.61957856	1
2	20034	28.61961952	1
2	20090	28.7195376	1
2	20099	28.71957856	1
2	20106	28.71961952	1
2	20162	28.8195376	1
2	20171	28.81957856	1
2	20178	28.81961952	1
2	20234	28.9195376	1
2	20243	28.91957856	1
2	20250	28.91961952	1
2	20306	29.0195376	1
2	20315	29.01957856	1
2	20322	29.01961952	1
2	20378	29.1195376	1
2	20387	29.11957856	1
2	20394	29.11961952	1
2	20450	29.2195376	1
2	20459	29.21957856	1
2	20466	29.21961952	1
2	20522	29.3195376	1
2	20531	29.31957856	1
2	20538	29.31961952	1
2	20594	29.4195376	1
2	20603	29.41957856	1
2	20610	29.41961952	1
2	20666	29.5195376	1
2	20675	29.51957856	1
2	20682	29.51961952	1
2	20738	29.6195376	1
2	20747	29.61957856	1
2	20754	29.61961952	1
2	20810	29.7195376	1
2	20819	29.71957856	1
2	20826	29.71961952	1
2	20882	29.8195376	1
2	20891	29.81957856	1
2	20898	29.81961952	1
2	20954	29.9195376	1
2	20963	29.91957856	1
2	20970	29.91961952	1
2	21026	30.0195376	1
2	21035	30.01957856	1
2	21042	30.01961952	1
2	21098	30.1195376	1
2	21107	30.11957856	1
2	21114	30.11961952	1
2	21170	30.2195376	1
2	21179	30.21957856	1
2	21186	30.21961952	1
2	21242	30.3195376	1
2	21251	30.31957856	1
2	21258	30.31961952	1
2	21314	30.4195376	1
2	21323	30.41957856	1
2	21330	30.41961952	1
2	21386	30.5195376	1
2	21395	30.51957856	1
2	21402	30.51961952	1
2	21458	30.6195376	1
2	21467	30.61957856	1
2	21474	30.61961952	1
2	21530	30.7195376	1
2	21539	30.71957856	1
2	21546	30.71961952	1
2	21602	30.8195376	1
2	21611	30.81957856	1
2	21618	30.81961952	1
2	21674	30.9195376	1
2	21683	30.91957856	1
2	21690	30.91961952	1
2	21746	31.0195376	1
2	21755	31.01957856	1
2	21762	31.01961952	1
2	21818	31.1195376	1
2	21827	31.11957856	1
2	21834	31.11961952	1
2	21890	31.2195376	1
2	21899	31.21957856	1
2	21906	31.21961952	1
2	21962	31.3195376	1
2	21971	31.31957856	1
2	21978	31.31961952	1
2	22034	31.4195376	1
2	22043	31.41957856	1
2	22050	31.41961952	1
2	22106	31.5195376	1
2	22115	31.51957856	1
2	22122	31.51961952	1
2	22178	31.6195376	1
2	22187	31.61957856	1
2	22194	31.61961952	1
2	22250	31.7195376	1
2	22259	31.71957856	1
2	22266	31.71961952	1
2	22322	31.8195376	1
2	22331	31.81957856	1
2	22338	31.81961952	1
2	22394	31.9195376	1
2	22403	31.91957856	1
2	22410	31.91961952	1
2	22466	32.0195376	1
2	22475	32.01957856	1
2	22482	32.01961952	1
2	22538	32.1195376	1
2	22547	32.11957856	1
2	22554	32.11961952	1
2	22610	32.2195376	1
2	22619	32.21957856	1
2	22626	32.21961952	1
2	22682	32.3195376	1
2	22691	32.31957856	1
2	22698	32.31961952	1
2	22754	32.4195376	1
2	22763	32.41957856	1
2	22770	32.41961952	1
2	22826	32.5195376	1
2	22835	32.51957856	1
2	22842	32.51961952	1
2	22898	32.6195376	1
2	22907	32.61957856	1
2	22914	32.61961952	1
2	22970	32.7195376	1
2	22979	32.71957856	1
2	22986	32.71961952	1
2	23042	32.8195376	1
2	23051	32.81957856	1
2	23058	32.81961952	1
2	23114	32.9195376	1
2	23123	32.91957856	1
2	23130	32.91961952	1
2	23186	33.0195376	1
2	23195	33.01957856	1
2	23202	33.01961952	1
2	23258	33.1195376	1
2	23267	33.11957856	1
2	23274	33.11961952	1
2	23330	33.2195376	1
2	23339	33.21957856	1
2	23346	33.21961952	1
2	23402	33.3195376	1
2	23411	33.31957856	1
2	23418	33.31961952	1
2	23474	33.4195376	1
2	23483	33.41957856	1
2	23490	33.41961952	1
2	23546	33.5195376	1
2	23555	33.51957856	1
2	23562	33.51961952	1
2	23618	33.6195376	1
2	23627	33.61957856	1
2	23634	33.61961952	1
2	23690	33.7195376	1
2	23699	33.71957856	1
2	23706	33.71961952	1
2	23762	33.8195376	1
2	23771	33.81957856	1
2	23778	33.81961952	1
2	23834	33.9195376	1
2	23843	33.91957856	1
2	23850	33.91961952	1
2	23906	34.0195376	1
2	23915	34.01957856	1
2	23922	34.01961952	1
2	23978	34.1195376	1
2	23987	34.11957856	1
2	23994	34.11961952	1
2	24050	34.2195376	1
2	24059	34.21957856	1
2	24066	34.21961952	1
2	24122	34.3195376	1
2	24131	34.31957856	1
2	24138	34.31961952	1
2	24194	34.4195376	1
2	24203	34.41957856	1
2	24210	34.41961952	1
2	24266	34.5195376	1
2	24275	34.51957856	1
2	24282	34.51961952	1
2	24338	34.6195376	1
2	24347	34.61957856	1
2	24354	34.61961952	1
2	24410	34.7195376	1
2	24419	34.71957856	1
2	24426	34.71961952	1
2	24482	34.8195376	1
2	24491	34.81957856	1
2	24498	34.81961952	1
2	24554	34.9195376	1
2	24563	34.91957856	1
2	24570	34.91961952	1
2	24626	35.0195376	1
2	24635	35.01957856	1
2	24642	35.01961952	1
2	24698	35.1195376	1
2	24707	35.11957856	1
2	24714	35.11961952	1
2	24770	35.2195376	1
2	24779	35.21957856	1
2	24786	35.21961952	1
2	24842	35.3195376	1
2	24851	35.31957856	1
2	24858	35.31961952	1
2	24914	35.4195376	1
2	24923	35.41957856	1
2	24930	35.41961952	1
2	24986	35.5195376	1
2	24995	35.51957856	1
2	25002	35.51961952	1
2	25058	35.6195376	1
2	25067	35.61957856	1
2	25074	35.61961952	1
2	25130	35.7195376	1
2	25139	35.71957856	1
2	25146	35.71961952	1
2	25202	35.8195376	1
2	25211	35.81957856	1
2	25218	35.81961952	1
2	25274	35.9195376	1
2	25283	35.91957856	1
2	25290	35.91961952	1
2	25346	36.0195376	1
2	25355	36.01957856	1
2	25362	36.01961952	1
2	25418	36.1195376	1
2	25427	36.11957856	1
2	25434	36.11961952	1
2	25490	36.2195376	1
2	25499	36.21957856	1
2	25506	36.21961952	1
2	25562	36.3195376	1
2	25571	36.31957856	1
2	25578	36.31961952	1
2	25634	36.4195376	1
2	25643	36.41957856	1
2	25650	36.41961952	1
2	25706	36.5195376	1
2	25715	36.51957856	1
2	25722	36.51961952	1
2	25778	36.6195376	1
2	25787	36.61957856	1
2	25794	36.61961952	1
2	25850	36.7195376	1
2	25859	36.71957856	1
2	25866	36.71961952	1
2	25922	36.8195376	1
2	25931	36.81957856	1
2	25938	36.81961952	1
2	25994	36.9195376	1
2	26003	36.91957856	1
2	26010	36.91961952	1
2	26066	37.0195376	1
2	26075	37.01957856	1
2	26082	37.01961952	1
2	26138	37.1195376	1
2	26147	37.11957856	1
2	26154	37.11961952	1
2	26210	37.2195376	1
2	26219	37.21957856	1
2	26226	37.21961952	1
2	26282	37.3195376	1
2	26291	37.31957856	1
2	26298	37.31961952	1
2	26354	37.4195376	1
2	26363	37.41957856	1
2	26370	37.41961952	1
2	26426	37.5195376	1
2	26435	37.51957856	1
2	26442	37.51961952	1
2	26498	37.6195376	1
2	26507	37.61957856	1
2	26514	37.61961952	1
2	26570	37.7195376	1
2	26579	37.71957856	1
2	26586	37.71961952	1
2	26642	37.8195376	1
2	26651	37.81957856	1
2	26658	37.81961952	1
2	26714	37.9195376	1
2	26723	37.91957856	1
2	26730	37.91961952	1
2	26786	38.0195376	1
2	26795	38.01957856	1
2	26802	38.01961952	1
2	26858	38.1195376	1
2	26867	38.11957856	1
2	26874	38.11961952	1
2	26930	38.2195376	1
2	26939	38.21957856	1
2	26946	38.21961952	1
2	27002	38.3195376	1
2	27011	38.31957856	1
2	27018	38.31961952	1
2	27074	38.4195376	1
2	27083	38.41957856	1
2	27090	38.41961952	1
2	27146	38.5195376	1
2	27155	38.51957856	1
2	27162	38.51961952	1
2	27218	38.6195376	1
2	27227	38.61957856	1
2	27234	38.61961952	1
2	27290	38.7195376	1
2	27299	38.71957856	1
2	27306	38.71961952	1
2	27362	38.8195376	1
2	27371	38.81957856	1
2	27378	38.81961952	1
2	27434	38.9195376	1
2	27443	38.91957856	1
2	27450	38.91961952	1
2	27506	39.0195376	1
2	27515	39.01957856	1
2	27522	39.01961952	1
2	27578	39.1195376	1
2	27587	39.11957856	1
2	27594	39.11961952	1
2	27650	39.2195376	1
2	27659	39.21957856	1
2	27666	39.21961952	1
2	27722	39.3195376	1
2	27731	39.31957856	1
2	27738	39.31961952	1
2	27794	39.4195376	1
2	27803	39.41957856	1
2	27810	39.41961952	1
2	27866	39.5195376	1
2	27875	39.51957856	1
2	27882	39.51961952	1
2	27938	39.6195376	1
2	27947	39.61957856	1
2	27954	39.61961952	1
2	28010	39.7195376	1
2	28019	39.71957856	1
2	28026	39.71961952	1
2	28082	39.8195376	1
2	28091	39.81957856	1
2	28098	39.81961952	1
2	28154	39.9195376	1
2	28163	39.91957856	1
2	28170	39.91961952	1
2	28226	40.0195376	1
2	28235	40.01957856	1
2	28242	40.01961952	1
2	28298	40.1195376	1
2	28307	40.11957856	1
2	28314	40.11961952	1
2	28370	40.2195376	1
2	28379	40.21957856	1
2	28386	40.21961952	1
2	28442	40.3195376	1
2	28451	40.31957856	1
2	28458	40.31961952	1
2	28514	40.4195376	1
2	28523	40.41957856	1
2	28530	40.41961952	1
2	28586	40.5195376	1
2	28595	40.51957856	1
2	28602	40.51961952	1
2	28658	40.6195376	1
2	28667	40.61957856	1
2	28674	40.61961952	1
2	28730	40.7195376	1
2	28739	40.71957856	1
2	28746	40.71961952	1
2	28802	40.8195376	1
2	28811	40.81957856	1
2	28818	40.81961952	1
2	28874	40.9195376	1
2	28883	40.91957856	1
2	28890	40.91961952	1
2	28946	41.0195376	1
2	28955	41.01957856	1
2	28962	41.01961952	1
2	29018	41.1195376	1
2	29027	41.11957856	1
2	29034	41.11961952	1
2	29090	41.2195376	1
2	29099	41.21957856	1
2	29106	41.21961952	1
2	29162	41.3195376	1
2	29171	41.31957856	1
2	29178	41.31961952	1
2	29234	41.4195376	1
2	29243	41.41957856	1
2	29250	41.41961952	1
2	29306	41.5195376	1
2	29315	41.51957856	1
2	29322	41.51961952	1
2	29378	41.6195376	1
2	29387	41.61957856	1
2	29394	41.61961952	1
2	29450	41.7195376	1
2	29459	41.71957856	1
2	29466	41.71961952	1
2	29522	41.8195376	1
2	29531	41.81957856	1
2	29538	41.81961952	1
2	29594	41.9195376	1
2	29603	41.91957856	1
2	29610	41.91961952	1
2	29666	42.0195376	1
2	29675	42.01957856	1
2	29682	42.01961952	1
2	29738	42.1195376	1
2	29747	42.11957856	1
2	29754	42.11961952	1
2	29810	42.2195376	1
2	29819	42.21957856	1
2	29826	42.21961952	1
2	29882	42.3195376	1
2	29891	42.31957856	1
2	29898	42.31961952	1
2	29954	42.4195376	1
2	29963	42.41957856	1
2	29970	42.41961952	1
2	30026	42.5195376	1
2	30035	42.51957856	1
2	30042	42.51961952	1
2	30098	42.6195376	1
2	30107	42.61957856	1
2	30114	42.61961952	1
2	30170	42.7195376	1
2	30179	42.71957856	1
2	30186	42.71961952	1
2	30242	42.8195376	1
2	30251	42.81957856	1
2	30258	42.81961952	1
2	30314	42.9195376	1
2	30323	42.91957856	1
2	30330	42.91961952	1
2	30386	43.0195376	1
2	30395	43.01957856	1
2	30402	43.01961952	1
2	30458	43.1195376	1
2	30467	43.11957856	1
2	30474	43.11961952	1
2	30530	43.2195376	1
2	30539	43.21957856	1
2	30546	43.21961952	1
2	30602	43.3195376	1
2	30611	43.31957856	1
2	30618	43.31961952	1
2	30674	43.4195376	1
2	30683	43.41957856	1
2	30690	43.41961952	1
2	30746	43.5195376	1
2	30755	43.51957856	1
2	30762	43.51961952	1
2	30818	43.6195376	1
2	30827	43.61957856	1
2	30834	43.61961952	1
2	30890	43.7195376	1
2	30899	43.71957856	1
2	30906	43.71961952	1
2	30962	43.8195376	1
2	30971	43.81957856	1
2	30978	43.81961952	1
2	31034	43.9195376	1
2	31043	43.91957856	1
2	31050	43.91961952	1
2	31106	44.0195376	1
2	31115	44.01957856	1
2	31122	44.01961952	1
2	31178	44.1195376	1
2	31187	44.11957856	1
2	31194	44.11961952	1
2	31250	44.2195376	1
2	31259	44.21957856	1
2	31266	44.21961952	1
2	31322	44.3195376	1
2	31331	44.31957856	1
2	31338	44.31961952	1
2	31394	44.4195376	1
2	31403	44.41957856	1
2	31410	44.41961952	1
2	31466	44.5195376	1
2	31475	44.51957856	1
2	31482	44.51961952	1
2	31538	44.6195376	1
2	31547	44.61957856	1
2	31554	44.61961952	1
2	31610	44.7195376	1
2	31619	44.71957856	1
2	31626	44.71961952	1
2	31682	44.8195376	1
2	31691	44.81957856	1
2	31698	44.81961952	1
2	31754	44.9195376	1
2	31763	44.91957856	1
2	31770	44.91961952	1
2	31826	45.0195376	1
2	31835	45.01957856	1
2	31842	45.01961952	1
2	31898	45.1195376	1
2	31907	45.11957856	1
2	31914	45.11961952	1
2	31970	45.2195376	1
2	31979	45.21957856	1
2	31986	45.21961952	1
2	32042	45.3195376	1
2	32051	45.31957856	1
2	32058	45.31961952	1
2	32114	45.4195376	1
2	32123	45.41957856	1
2	32130	45.41961952	1
2	32186	45.5195376	1
2	32195	45.51957856	1
2	32202	45.51961952	1
2	32258	45.6195376	1
2	32267	45.61957856	1
2	32274	45.61961952	1
2	32330	45.7195376	1
2	32339	45.71957856	1
2	32346	45.71961952	1
2	32402	45.8195376	1
2	32411	45.81957856	1
2	32418	45.81961952	1
2	32474	45.9195376	1
2	32483	45.91957856	1
2	32490	45.91961952	1
2	32546	46.0195376	1
2	32555	46.01957856	1
2	32562	46.01961952	1
2	32618	46.1195376	1
2	32627	46.11957856	1
2	32634	46.11961952	1
2	32690	46.2195376	1
2	32699	46.21957856	1
2	32706	46.21961952	1
2	32762	46.3195376	1
2	32771	46.31957856	1
2	32778	46.31961952	1
2	32834	46.4195376	1
2	32843	46.41957856	1
2	32850	46.41961952	1
2	32906	46.5195376	1
2	32915	46.51957856	1
2	32922	46.51961952	1
2	32978	46.6195376	1
2	32987	46.61957856	1
2	32994	46.61961952	1
2	33050	46.7195376	1
2	33059	46.71957856	1
2	33066	46.71961952	1
2	33122	46.8195376	1
2	33131	46.81957856	1
2	33138	46.81961952	1
2	33194	46.9195376	1
2	33203	46.91957856	1
2	33210	46.91961952	1
2	33266	47.0195376	1
2	33275	47.01957856	1
2	33282	47.01961952	1
2	33338	47.1195376	1
2	33347	47.11957856	1
2	33354	47.11961952	1
2	33410	47.2195376	1
2	33419	47.21957856	1
2	33426	47.21961952	1
2	33482	47.3195376	1
2	33491	47.31957856	1
2	33498	47.31961952	1
2	33554	47.4195376	1
2	33563	47.41957856	1
2	33570	47.41961952	1
2	33626	47.5195376	1
2	33635	47.51957856	1
2	33642	47.51961952	1
2	33698	47.6195376	1
2	33707	47.61957856	1
2	33714	47.61961952	1
2	33770	47.7195376	1
2	33779	47.71957856	1
2	33786	47.71961952	1
2	33842	47.8195376	1
2	33851	47.81957856	1
2	33858	47.81961952	1
2	33914	47.9195376	1
2	33923	47.91957856	1
2	33930	47.91961952	1
2	33986	48.0195376	1
2	33995	48.01957856	1
2	34002	48.01961952	1
2	34058	48.1195376	1
2	34067	48.11957856	1
2	34074	48.11961952	1
2	34130	48.2195376	1
2	34139	48.21957856	1
2	34146	48.21961952	1
2	34202	48.3195376	1
2	34211	48.31957856	1
2	34218	48.31961952	1
2	34274	48.4195376	1
2	34283	48.41957856	1
2	34290	48.41961952	1
2	34346	48.5195376	1
2	34355	48.51957856	1
2	34362	48.51961952	1
2	34418	48.6195376	1
2	34427	48.61957856	1
2	34434	48.61961952	1
2	34490	48.7195376	1
2	34499	48.71957856	1
2	34506	48.71961952	1
2	34562	48.8195376	1
2	34571	48.81957856	1
2	34578	48.81961952	1
2	34634	48.9195376	1
2	34643	48.91957856	1
2	34650	48.91961952	1
2	34706	49.0195376	1
2	34715	49.01957856	1
2	34722	49.01961952	1
2	34778	49.1195376	1
2	34787	49.11957856	1
2	34794	49.11961952	1
2	34850	49.2195376	1
2	34859	49.21957856	1
2	34866	49.21961952	1
2	34922	49.3195376	1
2	34931	49.31957856	1
2	34938	49.31961952	1
2	34994	49.4195376	1
2	35003	49.41957856	1
2	35010	49.41961952	1
2	35066	49.5195376	1
2	35075	49.51957856	1
2	35082	49.51961952	1
2	35138	49.6195376	1
2	35147	49.61957856	1
2	35154	49.61961952	1
2	35210	49.7195376	1
2	35219	49.71957856	1
2	35226	49.71961952	1
2	35282	49.8195376	1
2	35291	49.81957856	1
2	35298	49.81961952	1
2	35354	49.9195376	1
2	35363	49.91957856	1
2	35370	49.91961952	1
2	35426	50.0195376	1
2	35435	50.01957856	1
2	35442	50.01961952	1
2	35498	50.1195376	1
2	35507	50.11957856	1
2	35514	50.11961952	1
2	35570	50.2195376	1
2	35579	50.21957856	1
2	35586	50.21961952	1
2	35642	50.3195376	1
2	35651	50.31957856	1
2	35658	50.31961952	1
2	35714	50.4195376	1
2	35723	50.41957856	1
2	35730	50.41961952	1
2	35786	50.5195376	1
2	35795	50.51957856	1
2	35802	50.51961952	1
2	35858	50.6195376	1
2	35867	50.61957856	1
2	35874	50.61961952	1
2	35930	50.7195376	1
2	35939	50.71957856	1
2	35946	50.71961952	1
2	36002	50.8195376	1
2	36011	50.81957856	1
2	36018	50.81961952	1
2	36074	50.9195376	1
2	36083	50.91957856	1
2	36090	50.91961952	1
2	36146	51.0195376	1
2	36155	51.01957856	1
2	36162	51.01961952	1
2	36218	51.1195376	1
2	36227	51.11957856	1
2	36234	51.11961952	1
2	36290	51.2195376	1
2	36299	51.21957856	1
2	36306	51.21961952	1
2	36362	51.3195376	1
2	36371	51.31957856	1
2	36378	51.31961952	1
2	36434	51.4195376	1
2	36443	51.41957856	1
2	36450	51.41961952	1
2	36506	51.5195376	1
2	36515	51.51957856	1
2	36522	51.51961952	1
2	36578	51.6195376	1
2	36587	51.61957856	1
2	36594	51.61961952	1
2	36650	51.7195376	1
2	36659	51.71957856	1
2	36666	51.71961952	1
2	36722	51.8195376	1
2	36731	51.81957856	1
2	36738	51.81961952	1
2	36794	51.9195376	1
2	36803	51.91957856	1
2	36810	51.91961952	1
2	36866	52.0195376	1
2	36875	52.01957856	1
2	36882	52.01961952	1
2	36938	52.1195376	1
2	36947	52.11957856	1
2	36954	52.11961952	1
2	37010	52.2195376	1
2	37019	52.21957856	1
2	37026	52.21961952	1
2	37082	52.3195376	1
2	37091	52.31957856	1
2	37098	52.31961952	1
2	37154	52.4195376	1
2	37163	52.41957856	1
2	37170	52.41961952	1
2	37226	52.5195376	1
2	37235	52.51957856	1
2	37242	52.51961952	1
2	37298	52.6195376	1
2	37307	52.61957856	1
2	37314	52.61961952	1
2	37370	52.7195376	1
2	37379	52.71957856	1
2	37386	52.71961952	1
2	37442	52.8195376	1
2	37451	52.81957856	1
2	37458	52.81961952	1
2	37514	52.9195376	1
2	37523	52.91957856	1
2	37530	52.91961952	1
2	37586	53.0195376	1
2	37595	53.01957856	1
2	37602	53.01961952	1
2	37658	53.1195376	1
2	37667	53.11957856	1
2	37674	53.11961952	1
2	37730	53.2195376	1
2	37739	53.21957856	1
2	37746	53.21961952	1
2	37802	53.3195376	1
2	37811	53.31957856	1
2	37818	53.31961952	1
2	37874	53.4195376	1
2	37883	53.41957856	1
2	37890	53.41961952	1
2	37946	53.5195376	1
2	37955	53.51957856	1
2	37962	53.51961952	1
2	38018	53.6195376	1
2	38027	53.61957856	1
2	38034	53.61961952	1
2	38090	53.7195376	1
2	38099	53.71957856	1
2	38106	53.71961952	1
2	38162	53.8195376	1
2	38171	53.81957856	1
2	38178	53.81961952	1
2	38234	53.9195376	1
2	38243	53.91957856	1
2	38250	53.91961952	1
2	38306	54.0195376	1
2	38315	54.01957856	1
2	38322	54.01961952	1
2	38378	54.1195376	1
2	38387	54.11957856	1
2	38394	54.11961952	1
2	38450	54.2195376	1
2	38459	54.21957856	1
2	38466	54.21961952	1
2	38522	54.3195376	1
2	38531	54.31957856	1
2	38538	54.31961952	1
2	38594	54.4195376	1
2	38603	54.41957856	1
2	38610	54.41961952	1
2	38666	54.5195376	1
2	38675	54.51957856	1
2	38682	54.51961952	1
2	38738	54.6195376	1
2	38747	54.61957856	1
2	38754	54.61961952	1
2	38810	54.7195376	1
2	38819	54.71957856	1
2	38826	54.71961952	1
2	38882	54.8195376	1
2	38891	54.81957856	1
2	38898	54.81961952	1
2	38954	54.9195376	1
2	38963	54.91957856	1
2	38970	54.91961952	1
2	39026	55.0195376	1
2	39035	55.01957856	1
2	39042	55.01961952	1
2	39098	55.1195376	1
2	39107	55.11957856	1
2	39114	55.11961952	1
2	39170	55.2195376	1
2	39179	55.21957856	1
2	39186	55.21961952	1
2	39242	55.3195376	1
2	39251	55.31957856	1
2	39258	55.31961952	1
2	39314	55.4195376	1
2	39323	55.41957856	1
2	39330	55.41961952	1
2	39386	55.5195376	1
2	39395	55.51957856	1
2	39402	55.51961952	1
2	39458	55.6195376	1
2	39467	55.61957856	1
2	39474	55.61961952	1
2	39530	55.7195376	1
2	39539	55.71957856	1
2	39546	55.71961952	1
2	39602	55.8195376	1
2	39611	55.81957856	1
2	39618	55.81961952	1
2	39674	55.9195376	1
2	39683	55.91957856	1
2	39690	55.91961952	1
2	39746	56.0195376	1
2	39755	56.01957856	1
2	39762	56.01961952	1
2	39818	56.1195376	1
2	39827	56.11957856	1
2	39834	56.11961952	1
2	39890	56.2195376	1
2	39899	56.21957856	1
2	39906	56.21961952	1
2	39962	56.3195376	1
2	39971	56.31957856	1
2	39978	56.31961952	1
2	40034	56.4195376	1
2	40043	56.41957856	1
2	40050	56.41961952	1
2	40106	56.5195376	1
2	40115	56.51957856	1
2	40122	56.51961952	1
2	40178	56.6195376	1
2	40187	56.61957856	1
2	40194	56.61961952	1
2	40250	56.7195376	1
2	40259	56.71957856	1
2	40266	56.71961952	1
2	40322	56.8195376	1
2	40331	56.81957856	1
2	40338	56.81961952	1
2	40394	56.9195376	1
2	40403	56.91957856	1
2	40410	56.91961952	1
2	40466	57.0195376	1
2	40475	57.01957856	1
2	40482	57.01961952	1
2	40538	57.1195376	1
2	40547	57.11957856	1
2	40554	57.11961952	1
2	40610	57.2195376	1
2	40619	57.21957856	1
2	40626	57.21961952	1
2	40682	57.3195376	1
2	40691	57.31957856	1
2	40698	57.31961952	1
2	40754	57.4195376	1
2	40763	57.41957856	1
2	40770	57.41961952	1
2	40826	57.5195376	1
2	40835	57.51957856	1
2	40842	57.51961952	1
2	40898	57.6195376	1
2	40907	57.61957856	1
2	40914	57.61961952	1
2	40970	57.7195376	1
2	40979	57.71957856	1
2	40986	57.71961952	1
2	41042	57.8195376	1
2	41051	57.81957856	1
2	41058	57.81961952	1
2	41114	57.9195376	1
2	41123	57.91957856	1
2	41130	57.91961952	1
2	41186	58.0195376	1
2	41195	58.01957856	1
2	41202	58.01961952	1
2	41258	58.1195376	1
2	41267	58.11957856	1
2	41274	58.11961952	1
2	41330	58.2195376	1
2	41339	58.21957856	1
2	41346	58.21961952	1
2	41402	58.3195376	1
2	41411	58.31957856	1
2	41418	58.31961952	1
2	41474	58.4195376	1
2	41483	58.41957856	1
2	41490	58.41961952	1
2	41546	58.5195376	1
2	41555	58.51957856	1
2	41562	58.51961952	1
2	41618	58.6195376	1
2	41627	58.61957856	1
2	41634	58.61961952	1
2	41690	58.7195376	1
2	41699	58.71957856	1
2	41706	58.71961952	1
2	41762	58.8195376	1
2	41771	58.81957856	1
2	41778	58.81961952	1
2	41834	58.9195376	1
2	41843	58.91957856	1
2	41850	58.91961952	1
2	41906	59.0195376	1
2	41915	59.01957856	1
2	41922	59.01961952	1
2	41978	59.1195376	1
2	41987	59.11957856	1
2	41994	59.11961952	1
2	42050	59.2195376	1
2	42059	59.21957856	1
2	42066	59.21961952	1
2	42122	59.3195376	1
2	42131	59.31957856	1
2	42138	59.31961952	1
2	42194	59.4195376	1
2	42203	59.41957856	1
2	42210	59.41961952	1
2	42266	59.5195376	1
2	42275	59.51957856	1
2	42282	59.51961952	1
2	42338	59.6195376	1
2	42347	59.61957856	1
2	42354	59.61961952	1
2	42410	59.7195376	1
2	42419	59.71957856	1
2	42426	59.71961952	1
2	42482	59.8195376	1
2	42491	59.81957856	1
2	42498	59.81961952	1
2	42554	59.9195376	1
2	42563	59.91957856	1
2	42570	59.91961952	1
2	42628	60.0195376	1
2	42636	60.01957856	1
2	42642	60.01961952	1
2	42688	60.1195376	1
2	42696	60.11957856	1
2	42702	60.11961952	1
2	42748	60.2195376	1
2	42756	60.21957856	1
2	42762	60.21961952	1
2	42808	60.3195376	1
2	42816	60.31957856	1
2	42822	60.31961952	1
2	42868	60.4195376	1
2	42876	60.41957856	1
2	42882	60.41961952	1
2	42928	60.5195376	1
2	42936	60.51957856	1
2	42942	60.51961952	1
2	42988	60.6195376	1
2	42996	60.61957856	1
2	43002	60.61961952	1
2	43048	60.7195376	1
2	43056	60.71957856	1
2	43062	60.71961952	1
2	43108	60.8195376	1
2	43116	60.81957856	1
2	43122	60.81961952	1
2	43168	60.9195376	1
2	43176	60.91957856	1
2	43182	60.91961952	1
2	43228	61.0195376	1
2	43236	61.01957856	1
2	43242	61.01961952	1
2	43288	61.1195376	1
2	43296	61.11957856	1
2	43302	61.11961952	1
2	43348	61.2195376	1
2	43356	61.21957856	1
2	43362	61.21961952	1
2	43408	61.3195376	1
2	43416	61.31957856	1
2	43422	61.31961952	1
2	43468	61.4195376	1
2	43476	61.41957856	1
2	43482	61.41961952	1
2	43528	61.5195376	1
2	43536	61.51957856	1
2	43542	61.51961952	1
2	43588	61.6195376	1
2	43596	61.61957856	1
2	43602	61.61961952	1
2	43648	61.7195376	1
2	43656	61.71957856	1
2	43662	61.71961952	1
2	43708	61.8195376	1
2	43716	61.81957856	1
2	43722	61.81961952	1
2	43768	61.9195376	1
2	43776	61.91957856	1
2	43782	61.91961952	1
2	43828	62.0195376	1
2	43836	62.01957856	1
2	43842	62.01961952	1
2	43888	62.1195376	1
2	43896	62.11957856	1
2	43902	62.11961952	1
2	43948	62.2195376	1
2	43956	62.21957856	1
2	43962	62.21961952	1
2	44008	62.3195376	1
2	44016	62.31957856	1
2	44022	62.31961952	1
2	44068	62.4195376	1
2	44076	62.41957856	1
2	44082	62.41961952	1
2	44128	62.5195376	1
2	44136	62.51957856	1
2	44142	62.51961952	1
2	44188	62.6195376	1
2	44196	62.61957856	1
2	44202	62.61961952	1
2	44248	62.7195376	1
2	44256	62.71957856	1
2	44262	62.71961952	1
2	44308	62.8195376	1
2	44316	62.81957856	1
2	44322	62.81961952	1
2	44368	62.9195376	1
2	44376	62.91957856	1
2	44382	62.91961952	1
2	44428	63.0195376	1
2	44436	63.01957856	1
2	44442	63.01961952	1
2	44488	63.1195376	1
2	44496	63.11957856	1
2	44502	63.11961952	1
2	44548	63.2195376	1
2	44556	63.21957856	1
2	44562	63.21961952	1
2	44608	63.3195376	1
2	44616	63.31957856	1
2	44622	63.31961952	1
2	44668	63.4195376	1
2	44676	63.41957856	1
2	44682	63.41961952	1
2	44728	63.5195376	1
2	44736	63.51957856	1
2	44742	63.51961952	1
2	44788	63.6195376	1
2	44796	63.61957856	1
2	44802	63.61961952	1
2	44848	63.7195376	1
2	44856	63.71957856	1
2	44862	63.71961952	1
2	44908	63.8195376	1
2	44916	63.81957856	1
2	44922	63.81961952	1
2	44968	63.9195376	1
2	44976	63.91957856	1
2	44982	63.91961952	1
2	45028	64.0195376	1
2	45036	64.01957856	1
2	45042	64.01961952	1
2	45088	64.1195376	1
2	45096	64.11957856	1
2	45102	64.11961952	1
2	45148	64.2195376	1
2	45156	64.21957856	1
2	45162	64.21961952	1
2	45208	64.3195376	1
2	45216	64.31957856	1
2	45222	64.31961952	1
2	45268	64.4195376	1
2	45276	64.41957856	1
2	45282	64.41961952	1
2	45328	64.5195376	1
2	45336	64.51957856	1
2	45342	64.51961952	1
2	45388	64.6195376	1
2	45396	64.61957856	1
2	45402	64.61961952	1
2	45448	64.7195376	1
2	45456	64.71957856	1
2	45462	64.71961952	1
2	45508	64.8195376	1
2	45516	64.81957856	1
2	45522	64.81961952	1
2	45568	64.9195376	1
2	45576	64.91957856	1
2	45582	64.91961952	1
2	45628	65.0195376	1
2	45636	65.01957856	1
2	45642	65.01961952	1
2	45688	65.1195376	1
2	45696	65.11957856	1
2	45702	65.11961952	1
2	45748	65.2195376	1
2	45756	65.21957856	1
2	45762	65.21961952	1
2	45808	65.3195376	1
2	45816	65.31957856	1
2	45822	65.31961952	1
2	45868	65.4195376	1
2	45876	65.41957856	1
2	45882	65.41961952	1
2	45928	65.5195376	1
2	45936	65.51957856	1
2	45942	65.51961952	1
2	45988	65.6195376	1
2	45996	65.61957856	1
2	46002	65.61961952	1
2	46048	65.7195376	1
2	46056	65.71957856	1
2	46062	65.71961952	1
2	46108	65.8195376	1
2	46116	65.81957856	1
2	46122	65.81961952	1
2	46168	65.9195376	1
2	46176	65.91957856	1
2	46182	65.91961952	1
2	46228	66.0195376	1
2	46236	66.01957856	1
2	46242	66.01961952	1
2	46288	66.1195376	1
2	46296	66.11957856	1
2	46302	66.11961952	1
2	46348	66.2195376	1
2	46356	66.21957856	1
2	46362	66.21961952	1
2	46408	66.3195376	1
2	46416	66.31957856	1
2	46422	66.31961952	1
2	46468	66.4195376	1
2	46476	66.41957856	1
2	46482	66.41961952	1
2	46528	66.5195376	1
2	46536	66.51957856	1
2	46542	66.51961952	1
2	46588	66.6195376	1
2	46596	66.61957856	1
2	46602	66.61961952	1
2	46648	66.7195376	1
2	46656	66.71957856	1
2	46662	66.71961952	1
2	46708	66.8195376	1
2	46716	66.81957856	1
2	46722	66.81961952	1
2	46768	66.9195376	1
2	46776	66.91957856	1
2	46782	66.91961952	1
2	46828	67.0195376	1
2	46836	67.01957856	1
2	46842	67.01961952	1
2	46888	67.1195376	1
2	46896	67.11957856	1
2	46902	67.11961952	1
2	46948	67.2195376	1
2	46956	67.21957856	1
2	46962	67.21961952	1
2	47008	67.3195376	1
2	47016	67.31957856	1
2	47022	67.31961952	1
2	47068	67.4195376	1
2	47076	67.41957856	1
2	47082	67.41961952	1
2	47128	67.5195376	1
2	47136	67.51957856	1
2	47142	67.51961952	1
2	47188	67.6195376	1
2	47196	67.61957856	1
2	47202	67.61961952	1
2	47248	67.7195376	1
2	47256	67.71957856	1
2	47262	67.71961952	1
2	47308	67.8195376	1
2	47316	67.81957856	1
2	47322	67.81961952	1
2	47368	67.9195376	1
2	47376	67.91957856	1
2	47382	67.91961952	1
2	47428	68.0195376	1
2	47436	68.01957856	1
2	47442	68.01961952	1
2	47488	68.1195376	1
2	47496	68.11957856	1
2	47502	68.11961952	1
2	47548	68.2195376	1
2	47556	68.21957856	1
2	47562	68.21961952	1
2	47608	68.3195376	1
2	47616	68.31957856	1
2	47622	68.31961952	1
2	47668	68.4195376	1
2	47676	68.41957856	1
2	47682	68.41961952	1
2	47728	68.5195376	1
2	47736	68.51957856	1
2	47742	68.51961952	1
2	47788	68.6195376	1
2	47796	68.61957856	1
2	47802	68.61961952	1
2	47848	68.7195376	1
2	47856	68.71957856	1
2	47862	68.71961952	1
2	47908	68.8195376	1
2	47916	68.81957856	1
2	47922	68.81961952	1
2	47968	68.9195376	1
2	47976	68.91957856	1
2	47982	68.91961952	1
2	48028	69.0195376	1
2	48036	69.01957856	1
2	48042	69.01961952	1
2	48088	69.1195376	1
2	48096	69.11957856	1
2	48102	69.11961952	1
2	48148	69.2195376	1
2	48156	69.21957856	1
2	48162	69.21961952	1
2	48208	69.3195376	1
2	48216	69.31957856	1
2	48222	69.31961952	1
2	48268	69.4195376	1
2	48276	69.41957856	1
2	48282	69.41961952	1
2	48328	69.5195376	1
2	48336	69.51957856	1
2	48342	69.51961952	1
2	48388	69.6195376	1
2	48396	69.61957856	1
2	48402	69.61961952	1
2	48448	69.7195376	1
2	48456	69.71957856	1
2	48462	69.71961952	1
2	48508	69.8195376	1
2	48516	69.81957856	1
2	48522	69.81961952	1
2	48568	69.9195376	1
2	48576	69.91957856	1
2	48582	69.91961952	1
2	48628	70.0195376	1
2	48636	70.01957856	1
2	48642	70.01961952	1
2	48688	70.1195376	1
2	48696	70.11957856	1
2	48702	70.11961952	1
2	48748	70.2195376	1
2	48756	70.21957856	1
2	48762	70.21961952	1
2	48808	70.3195376	1
2	48816	70.31957856	1
2	48822	70.31961952	1
2	48868	70.4195376	1
2	48876	70.41957856	1
2	48882	70.41961952	1
2	48928	70.5195376	1
2	48936	70.51957856	1
2	48942	70.51961952	1
2	48988	70.6195376	1
2	48996	70.61957856	1
2	49002	70.61961952	1
2	49048	70.7195376	1
2	49056	70.71957856	1
2	49062	70.71961952	1
2	49108	70.8195376	1
2	49116	70.81957856	1
2	49122	70.81961952	1
2	49168	70.9195376	1
2	49176	70.91957856	1
2	49182	70.91961952	1
2	49228	71.0195376	1
2	49236	71.01957856	1
2	49242	71.01961952	1
2	49288	71.1195376	1
2	49296	71.11957856	1
2	49302	71.11961952	1
2	49348	71.2195376	1
2	49356	71.21957856	1
2	49362	71.21961952	1
2	49408	71.3195376	1
2	49416	71.31957856	1
2	49422	71.31961952	1
2	49468	71.4195376	1
2	49476	71.41957856	1
2	49482	71.41961952	1
2	49528	71.5195376	1
2	49536	71.51957856	1
2	49542	71.51961952	1
2	49588	71.6195376	1
2	49596	71.61957856	1
2	49602	71.61961952	1
2	49648	71.7195376	1
2	49656	71.71957856	1
2	49662	71.71961952	1
2	49708	71.8195376	1
2	49716	71.81957856	1
2	49722	71.81961952	1
2	49768	71.9195376	1
2	49776	71.91957856	1
2	49782	71.91961952	1
2	49828	72.0195376	1
2	49836	72.01957856	1
2	49842	72.01961952	1
2	49888	72.1195376	1
2	49896	72.11957856	1
2	49902	72.11961952	1
2	49948	72.2195376	1
2	49956	72.21957856	1
2	49962	72.21961952	1
2	50008	72.3195376	1
2	50016	72.31957856	1
2	50022	72.31961952	1
2	50068	72.4195376	1
2	50076	72.41957856	1
2	50082	72.41961952	1
2	50128	72.5195376	1
2	50136	72.51957856	1
2	50142	72.51961952	1
2	50188	72.6195376	1
2	50196	72.61957856	1
2	50202	72.61961952	1
2	50248	72.7195376	1
2	50256	72.71957856	1
2	50262	72.71961952	1
2	50308	72.8195376	1
2	50316	72.81957856	1
2	50322	72.81961952	1
2	50368	72.9195376	1
2	50376	72.91957856	1
2	50382	72.91961952	1
2	50428	73.0195376	1
2	50436	73.01957856	1
2	50442	73.01961952	1
2	50488	73.1195376	1
2	50496	73.11957856	1
2	50502	73.11961952	1
2	50548	73.2195376	1
2	50556	73.21957856	1
2	50562	73.21961952	1
2	50608	73.3195376	1
2	50616	73.31957856	1
2	50622	73.31961952	1
2	50668	73.4195376	1
2	50676	73.41957856	1
2	50682	73.41961952	1
2	50728	73.5195376	1
2	50736	73.51957856	1
2	50742	73.51961952	1
2	50788	73.6195376	1
2	50796	73.61957856	1
2	50802	73.61961952	1
2	50848	73.7195376	1
2	50856	73.71957856	1
2	50862	73.71961952	1
2	50908	73.8195376	1
2	50916	73.81957856	1
2	50922	73.81961952	1
2	50968	73.9195376	1
2	50976	73.91957856	1
2	50982	73.91961952	1
2	51028	74.0195376	1
2	51036	74.01957856	1
2	51042	74.01961952	1
2	51088	74.1195376	1
2	51096	74.11957856	1
2	51102	74.11961952	1
2	51148	74.2195376	1
2	51156	74.21957856	1
2	51162	74.21961952	1
2	51208	74.3195376	1
2	51216	74.31957856	1
2	51222	74.31961952	1
2	51268	74.4195376	1
2	51276	74.41957856	1
2	51282	74.41961952	1
2	51328	74.5195376	1
2	51336	74.51957856	1
2	51342	74.51961952	1
2	51388	74.6195376	1
2	51396	74.61957856	1
2	51402	74.61961952	1
2	51448	74.7195376	1
2	51456	74.71957856	1
2	51462	74.71961952	1
2	51508	74.8195376	1
2	51516	74.81957856	1
2	51522	74.81961952	1
2	51568	74.9195376	1
2	51576	74.91957856	1
2	51582	74.91961952	1
2	51628	75.0195376	1
2	51636	75.01957856	1
2	51642	75.01961952	1
2	51688	75.1195376	1
2	51696	75.11957856	1
2	51702	75.11961952	1
2	51748	75.2195376	1
2	51756	75.21957856	1
2	51762	75.21961952	1
2	51808	75.3195376	1
2	51816	75.31957856	1
2	51822	75.31961952	1
2	51868	75.4195376	1
2	51876	75.41957856	1
2	51882	75.41961952	1
2	51928	75.5195376	1
2	51936	75.51957856	1
2	51942	75.51961952	1
2	51988	75.6195376	1
2	51996	75.61957856	1
2	52002	75.61961952	1
2	52048	75.7195376	1
2	52056	75.71957856	1
2	52062	75.71961952	1
2	52108	75.8195376	1
2	52116	75.81957856	1
2	52122	75.81961952	1
2	52168	75.9195376	1
2	52176	75.91957856	1
2	52182	75.91961952	1
2	52228	76.0195376	1
2	52236	76.01957856	1
2	52242	76.01961952	1
2	52288	76.1195376	1
2	52296	76.11957856	1
2	52302	76.11961952	1
2	52348	76.2195376	1
2	52356	76.21957856	1
2	52362	76.21961952	1
2	52408	76.3195376	1
2	52416	76.31957856	1
2	52422	76.31961952	1
2	52468	76.4195376	1
2	52476	76.41957856	1
2	52482	76.41961952	1
2	52528	76.5195376	1
2	52536	76.51957856	1
2	52542	76.51961952	1
2	52588	76.6195376	1
2	52596	76.61957856	1
2	52602	76.61961952	1
2	52648	76.7195376	1
2	52656	76.71957856	1
2	52662	76.71961952	1
2	52708	76.8195376	1
2	52716	76.81957856	1
2	52722	76.81961952	1
2	52768	76.9195376	1
2	52776	76.91957856	1
2	52782	76.91961952	1
2	52828	77.0195376	1
2	52836	77.01957856	1
2	52842	77.01961952	1
2	52888	77.1195376	1
2	52896	77.11957856	1
2	52902	77.11961952	1
2	52948	77.2195376	1
2	52956	77.21957856	1
2	52962	77.21961952	1
2	53008	77.3195376	1
2	53016	77.31957856	1
2	53022	77.31961952	1
2	53068	77.4195376	1
2	53076	77.41957856	1
2	53082	77.41961952	1
2	53128	77.5195376	1
2	53136	77.51957856	1
2	53142	77.51961952	1
2	53188	77.6195376	1
2	53196	77.61957856	1
2	53202	77.61961952	1
2	53248	77.7195376	1
2	53256	77.71957856	1
2	53262	77.71961952	1
2	53308	77.8195376	1
2	53316	77.81957856	1
2	53322	77.81961952	1
2	53368	77.9195376	1
2	53376	77.91957856	1
2	53382	77.91961952	1
2	53428	78.0195376	1
2	53436	78.01957856	1
2	53442	78.01961952	1
2	53488	78.1195376	1
2	53496	78.11957856	1
2	53502	78.11961952	1
2	53548	78.2195376	1
2	53556	78.21957856	1
2	53562	78.21961952	1
2	53608	78.3195376	1
2	53616	78.31957856	1
2	53622	78.31961952	1
2	53668	78.4195376	1
2	53676	78.41957856	1
2	53682	78.41961952	1
2	53728	78.5195376	1
2	53736	78.51957856	1
2	53742	78.51961952	1
2	53788	78.6195376	1
2	53796	78.61957856	1
2	53802	78.61961952	1
2	53848	78.7195376	1
2	53856	78.71957856	1
2	53862	78.71961952	1
2	53908	78.8195376	1
2	53916	78.81957856	1
2	53922	78.81961952	1
2	53968	78.9195376	1
2	53976	78.91957856	1
2	53982	78.91961952	1
2	54028	79.0195376	1
2	54036	79.01957856	1
2	54042	79.01961952	1
2	54088	79.1195376	1
2	54096	79.11957856	1
2	54102	79.11961952	1
2	54148	79.2195376	1
2	54156	79.21957856	1
2	54162	79.21961952	1
2	54208	79.3195376	1
2	54216	79.31957856	1
2	54222	79.31961952	1
2	54268	79.4195376	1
2	54276	79.41957856	1
2	54282	79.41961952	1
2	54328	79.5195376	1
2	54336	79.51957856	1
2	54342	79.51961952	1
2	54388	79.6195376	1
2	54396	79.61957856	1
2	54402	79.61961952	1
2	54448	79.7195376	1
2	54456	79.71957856	1
2	54462	79.71961952	1
2	54508	79.8195376	1
2	54516	79.81957856	1
2	54522	79.81961952	1
2	54568	79.9195376	1
2	54576	79.91957856	1
2	54582	79.91961952	1
2	54628	80.0195376	1
2	54636	80.01957856	1
2	54642	80.01961952	1
2	54688	80.1195376	1
2	54696	80.11957856	1
2	54702	80.11961952	1
2	54748	80.2195376	1
2	54756	80.21957856	1
2	54762	80.21961952	1
2	54808	80.3195376	1
2	54816	80.31957856	1
2	54822	80.31961952	1
2	54868	80.4195376	1
2	54876	80.41957856	1
2	54882	80.41961952	1
2	54928	80.5195376	1
2	54936	80.51957856	1
2	54942	80.51961952	1
2	54988	80.6195376	1
2	54996	80.61957856	1
2	55002	80.61961952	1
2	55048	80.7195376	1
2	55056	80.71957856	1
2	55062	80.71961952	1
2	55108	80.8195376	1
2	55116	80.81957856	1
2	55122	80.81961952	1
2	55168	80.9195376	1
2	55176	80.91957856	1
2	55182	80.91961952	1
2	55228	81.0195376	1
2	55236	81.01957856	1
2	55242	81.01961952	1
2	55288	81.1195376	1
2	55296	81.11957856	1
2	55302	81.11961952	1
2	55348	81.2195376	1
2	55356	81.21957856	1
2	55362	81.21961952	1
2	55408	81.3195376	1
2	55416	81.31957856	1
2	55422	81.31961952	1
2	55468	81.4195376	1
2	55476	81.41957856	1
2	55482	81.41961952	1
2	55528	81.5195376	1
2	55536	81.51957856	1
2	55542	81.51961952	1
2	55588	81.6195376	1
2	55596	81.61957856	1
2	55602	81.61961952	1
2	55648	81.7195376	1
2	55656	81.71957856	1
2	55662	81.71961952	1
2	55708	81.8195376	1
2	55716	81.81957856	1
2	55722	81.81961952	1
2	55768	81.9195376	1
2	55776	81.91957856	1
2	55782	81.91961952	1
2	55828	82.0195376	1
2	55836	82.01957856	1
2	55842	82.01961952	1
2	55888	82.1195376	1
2	55896	82.11957856	1
2	55902	82.11961952	1
2	55948	82.2195376	1
2	55956	82.21957856	1
2	55962	82.21961952	1
2	56008	82.3195376	1
2	56016	82.31957856	1
2	56022	82.31961952	1
2	56068	82.4195376	1
2	56076	82.41957856	1
2	56082	82.41961952	1
2	56128	82.5195376	1
2	56136	82.51957856	1
2	56142	82.51961952	1
2	56188	82.6195376	1
2	56196	82.61957856	1
2	56202	82.61961952	1
2	56248	82.7195376	1
2	56256	82.71957856	1
2	56262	82.71961952	1
2	56308	82.8195376	1
2	56316	82.81957856	1
2	56322	82.81961952	1
2	56368	82.9195376	1
2	56376	82.91957856	1
2	56382	82.91961952	1
2	56428	83.0195376	1
2	56436	83.01957856	1
2	56442	83.01961952	1
2	56488	83.1195376	1
2	56496	83.11957856	1
2	56502	83.11961952	1
2	56548	83.2195376	1
2	56556	83.21957856	1
2	56562	83.21961952	1
2	56608	83.3195376	1
2	56616	83.31957856	1
2	56622	83.31961952	1
2	56668	83.4195376	1
2	56676	83.41957856	1
2	56682	83.41961952	1
2	56728	83.5195376	1
2	56736	83.51957856	1
2	56742	83.51961952	1
2	56788	83.6195376	1
2	56796	83.61957856	1
2	56802	83.61961952	1
2	56848	83.7195376	1
2	56856	83.71957856	1
2	56862	83.71961952	1
2	56908	83.8195376	1
2	56916	83.81957856	1
2	56922	83.81961952	1
2	56968	83.9195376	1
2	56976	83.91957856	1
2	56982	83.91961952	1
2	57028	84.0195376	1
2	57036	84.01957856	1
2	57042	84.01961952	1
2	57088	84.1195376	1
2	57096	84.11957856	1
2	57102	84.11961952	1
2	57148	84.2195376	1
2	57156	84.21957856	1
2	57162	84.21961952	1
2	57208	84.3195376	1
2	57216	84.31957856	1
2	57222	84.31961952	1
2	57268	84.4195376	1
2	57276	84.41957856	1
2	57282	84.41961952	1
2	57328	84.5195376	1
2	57336	84.51957856	1
2	57342	84.51961952	1
2	57388	84.6195376	1
2	57396	84.61957856	1
2	57402	84.61961952	1
2	57448	84.7195376	1
2	57456	84.71957856	1
2	57462	84.71961952	1
2	57508	84.8195376	1
2	57516	84.81957856	1
2	57522	84.81961952	1
2	57568	84.9195376	1
2	57576	84.91957856	1
2	57582	84.91961952	1
2	57628	85.0195376	1
2	57636	85.01957856	1
2	57642	85.01961952	1
2	57688	85.1195376	1
2	57696	85.11957856	1
2	57702	85.11961952	1
2	57748	85.2195376	1
2	57756	85.21957856	1
2	57762	85.21961952	1
2	57808	85.3195376	1
2	57816	85.31957856	1
2	57822	85.31961952	1
2	57868	85.4195376	1
2	57876	85.41957856	1
2	57882	85.41961952	1
2	57928	85.5195376	1
2	57936	85.51957856	1
2	57942	85.51961952	1
2	57988	85.6195376	1
2	57996	85.61957856	1
2	58002	85.61961952	1
2	58048	85.7195376	1
2	58056	85.71957856	1
2	58062	85.71961952	1
2	58108	85.8195376	1
2	58116	85.81957856	1
2	58122	85.81961952	1
2	58168	85.9195376	1
2	58176	85.91957856	1
2	58182	85.91961952	1
2	58228	86.0195376	1
2	58236	86.01957856	1
2	58242	86.01961952	1
2	58288	86.1195376	1
2	58296	86.11957856	1
2	58302	86.11961952	1
2	58348	86.2195376	1
2	58356	86.21957856	1
2	58362	86.21961952	1
2	58408	86.3195376	1
2	58416	86.31957856	1
2	58422	86.31961952	1
2	58468	86.4195376	1
2	58476	86.41957856	1
2	58482	86.41961952	1
2	58528	86.5195376	1
2	58536	86.51957856	1
2	58542	86.51961952	1
2	58588	86.6195376	1
2	58596	86.61957856	1
2	58602	86.61961952	1
2	58648	86.7195376	1
2	58656	86.71957856	1
2	58662	86.71961952	1
2	58708	86.8195376	1
2	58716	86.81957856	1
2	58722	86.81961952	1
2	58768	86.9195376	1
2	58776	86.91957856	1
2	58782	86.91961952	1
2	58828	87.0195376	1
2	58836	87.01957856	1
2	58842	87.01961952	1
2	58888	87.1195376	1
2	58896	87.11957856	1
2	58902	87.11961952	1
2	58948	87.2195376	1
2	58956	87.21957856	1
2	58962	87.21961952	1
2	59008	87.3195376	1
2	59016	87.31957856	1
2	59022	87.31961952	1
2	59068	87.4195376	1
2	59076	87.41957856	1
2	59082	87.41961952	1
2	59128	87.5195376	1
2	59136	87.51957856	1
2	59142	87.51961952	1
2	59188	87.6195376	1
2	59196	87.61957856	1
2	59202	87.61961952	1
2	59248	87.7195376	1
2	59256	87.71957856	1
2	59262	87.71961952	1
2	59308	87.8195376	1
2	59316	87.81957856	1
2	59322	87.81961952	1
2	59368	87.9195376	1
2	59376	87.91957856	1
2	59382	87.91961952	1
2	59428	88.0195376	1
2	59436	88.01957856	1
2	59442	88.01961952	1
2	59488	88.1195376	1
2	59496	88.11957856	1
2	59502	88.11961952	1
2	59548	88.2195376	1
2	59556	88.21957856	1
2	59562	88.21961952	1
2	59608	88.3195376	1
2	59616	88.31957856	1
2	59622	88.31961952	1
2	59668	88.4195376	1
2	59676	88.41957856	1
2	59682	88.41961952	1
2	59728	88.5195376	1
2	59736	88.51957856	1
2	59742	88.51961952	1
2	59788	88.6195376	1
2	59796	88.61957856	1
2	59802	88.61961952	1
2	59848	88.7195376	1
2	59856	88.71957856	1
2	59862	88.71961952	1
2	59908	88.8195376	1
2	59916	88.81957856	1
2	59922	88.81961952	1
2	59968	88.9195376	1
2	59976	88.91957856	1
2	59982	88.91961952	1
2	60028	89.0195376	1
2	60036	89.01957856	1
2	60042	89.01961952	1
2	60088	89.1195376	1
2	60096	89.11957856	1
2	60102	89.11961952	1
2	60148	89.2195376	1
2	60156	89.21957856	1
2	60162	89.21961952	1
2	60208	89.3195376	1
2	60216	89.31957856	1
2	60222	89.31961952	1
2	60268	89.4195376	1
2	60276	89.41957856	1
2	60282	89.41961952	1
2	60328	89.5195376	1
2	60336	89.51957856	1
2	60342	89.51961952	1
2	60388	89.6195376	1
2	60396	89.61957856	1
2	60402	89.61961952	1
2	60448	89.7195376	1
2	60456	89.71957856	1
2	60462	89.71961952	1
2	60508	89.8195376	1
2	60516	89.81957856	1
2	60522	89.81961952	1
2	60568	89.9195376	1
2	60576	89.91957856	1
2	60582	89.91961952	1
2	60628	90.0195376	1
2	60636	90.01957856	1
2	60642	90.01961952	1
2	60688	90.1195376	1
2	60696	90.11957856	1
2	60702	90.11961952	1
2	60748	90.2195376	1
2	60756	90.21957856	1
2	60762	90.21961952	1
2	60808	90.3195376	1
2	60816	90.31957856	1
2	60822	90.31961952	1
2	60868	90.4195376	1
2	60876	90.41957856	1
2	60882	90.41961952	1
2	60928	90.5195376	1
2	60936	90.51957856	1
2	60942	90.51961952	1
2	60988	90.6195376	1
2	60996	90.61957856	1
2	61002	90.61961952	1
2	61048	90.7195376	1
2	61056	90.71957856	1
2	61062	90.71961952	1
2	61108	90.8195376	1
2	61116	90.81957856	1
2	61122	90.81961952	1
2	61168	90.9195376	1
2	61176	90.91957856	1
2	61182	90.91961952	1
2	61228	91.0195376	1
2	61236	91.01957856	1
2	61242	91.01961952	1
2	61288	91.1195376	1
2	61296	91.11957856	1
2	61302	91.11961952	1
2	61348	91.2195376	1
2	61356	91.21957856	1
2	61362	91.21961952	1
2	61408	91.3195376	1
2	61416	91.31957856	1
2	61422	91.31961952	1
2	61468	91.4195376	1
2	61476	91.41957856	1
2	61482	91.41961952	1
2	61528	91.5195376	1
2	61536	91.51957856	1
2	61542	91.51961952	1
2	61588	91.6195376	1
2	61596	91.61957856	1
2	61602	91.61961952	1
2	61648	91.7195376	1
2	61656	91.71957856	1
2	61662	91.71961952	1
2	61708	91.8195376	1
2	61716	91.81957856	1
2	61722	91.81961952	1
2	61768	91.9195376	1
2	61776	91.91957856	1
2	61782	91.91961952	1
2	61828	92.0195376	1
2	61836	92.01957856	1
2	61842	92.01961952	1
2	61888	92.1195376	1
2	61896	92.11957856	1
2	61902	92.11961952	1
2	61948	92.2195376	1
2	61956	92.21957856	1
2	61962	92.21961952	1
2	62008	92.3195376	1
2	62016	92.31957856	1
2	62022	92.31961952	1
2	62068	92.4195376	1
2	62076	92.41957856	1
2	62082	92.41961952	1
2	62128	92.5195376	1
2	62136	92.51957856	1
2	62142	92.51961952	1
2	62188	92.6195376	1
2	62196	92.61957856	1
2	62202	92.61961952	1
2	62248	92.7195376	1
2	62256	92.71957856	1
2	62262	92.71961952	1
2	62308	92.8195376	1
2	62316	92.81957856	1
2	62322	92.81961952	1
2	62368	92.9195376	1
2	62376	92.91957856	1
2	62382	92.91961952	1
2	62428	93.0195376	1
2	62436	93.01957856	1
2	62442	93.01961952	1
2	62488	93.1195376	1
2	62496	93.11957856	1
2	62502	93.11961952	1
2	62548	93.2195376	1
2	62556	93.21957856	1
2	62562	93.21961952	1
2	62608	93.3195376	1
2	62616	93.31957856	1
2	62622	93.31961952	1
2	62668	93.4195376	1
2	62676	93.41957856	1
2	62682	93.41961952	1
2	62728	93.5195376	1
2	62736	93.51957856	1
2	62742	93.51961952	1
2	62788	93.6195376	1
2	62796	93.61957856	1
2	62802	93.61961952	1
2	62848	93.7195376	1
2	62856	93.71957856	1
2	62862	93.71961952	1
2	62908	93.8195376	1
2	62916	93.81957856	1
2	62922	93.81961952	1
2	62968	93.9195376	1
2	62976	93.91957856	1
2	62982	93.91961952	1
2	63028	94.0195376	1
2	63036	94.01957856	1
2	63042	94.01961952	1
2	63088	94.1195376	1
2	63096	94.11957856	1
2	63102	94.11961952	1
2	63148	94.2195376	1
2	63156	94.21957856	1
2	63162	94.21961952	1
2	63208	94.3195376	1
2	63216	94.31957856	1
2	63222	94.31961952	1
2	63268	94.4195376	1
2	63276	94.41957856	1
2	63282	94.41961952	1
2	63328	94.5195376	1
2	63336	94.51957856	1
2	63342	94.51961952	1
2	63388	94.6195376	1
2	63396	94.61957856	1
2	63402	94.61961952	1
2	63448	94.7195376	1
2	63456	94.71957856	1
2	63462	94.71961952	1
2	63508	94.8195376	1
2	63516	94.81957856	1
2	63522	94.81961952	1
2	63568	94.9195376	1
2	63576	94.91957856	1
2	63582	94.91961952	1
2	63628	95.0195376	1
2	63636	95.01957856	1
2	63642	95.01961952	1
2	63688	95.1195376	1
2	63696	95.11957856	1
2	63702	95.11961952	1
2	63748	95.2195376	1
2	63756	95.21957856	1
2	63762	95.21961952	1
2	63808	95.3195376	1
2	63816	95.31957856	1
2	63822	95.31961952	1
2	63868	95.4195376	1
2	63876	95.41957856	1
2	63882	95.41961952	1
2	63928	95.5195376	1
2	63936	95.51957856	1
2	63942	95.51961952	1
2	63988	95.6195376	1
2	63996	95.61957856	1
2	64002	95.61961952	1
2	64048	95.7195376	1
2	64056	95.71957856	1
2	64062	95.71961952	1
2	64108	95.8195376	1
2	64116	95.81957856	1
2	64122	95.81961952	1
2	64168	95.9195376	1
2	64176	95.91957856	1
2	64182	95.91961952	1
2	64228	96.0195376	1
2	64236	96.01957856	1
2	64242	96.01961952	1
2	64288	96.1195376	1
2	64296	96.11957856	1
2	64302	96.11961952	1
2	64348	96.2195376	1
2	64356	96.21957856	1
2	64362	96.21961952	1
2	64408	96.3195376	1
2	64416	96.31957856	1
2	64422	96.31961952	1
2	64468	96.4195376	1
2	64476	96.41957856	1
2	64482	96.41961952	1
2	64528	96.5195376	1
2	64536	96.51957856	1
2	64542	96.51961952	1
2	64588	96.6195376	1
2	64596	96.61957856	1
2	64602	96.61961952	1
2	64648	96.7195376	1
2	64656	96.71957856	1
2	64662	96.71961952	1
2	64708	96.8195376	1
2	64716	96.81957856	1
2	64722	96.81961952	1
2	64768	96.9195376	1
2	64776	96.91957856	1
2	64782	96.91961952	1
2	64828	97.0195376	1
2	64836	97.01957856	1
2	64842	97.01961952	1
2	64888	97.1195376	1
2	64896	97.11957856	1
2	64902	97.11961952	1
2	64948	97.2195376	1
2	64956	97.21957856	1
2	64962	97.21961952	1
2	65008	97.3195376	1
2	65016	97.31957856	1
2	65022	97.31961952	1
2	65068	97.4195376	1
2	65076	97.41957856	1
2	65082	97.41961952	1
2	65128	97.5195376	1
2	65136	97.51957856	1
2	65142	97.51961952	1
2	65188	97.6195376	1
2	65196	97.61957856	1
2	65202	97.61961952	1
2	65248	97.7195376	1
2	65256	97.71957856	1
2	65262	97.71961952	1
2	65308	97.8195376	1
2	65316	97.81957856	1
2	65322	97.81961952	1
2	65368	97.9195376	1
2	65376	97.91957856	1
2	65382	97.91961952	1
2	65428	98.0195376	1
2	65436	98.01957856	1
2	65442	98.01961952	1
2	65488	98.1195376	1
2	65496	98.11957856	1
2	65502	98.11961952	1
2	65548	98.2195376	1
2	65556	98.21957856	1
2	65562	98.21961952	1
2	65608	98.3195376	1
2	65616	98.31957856	1
2	65622	98.31961952	1
2	65668	98.4195376	1
2	65676	98.41957856	1
2	65682	98.41961952	1
2	65728	98.5195376	1
2	65736	98.51957856	1
2	65742	98.51961952	1
2	65788	98.6195376	1
2	65796	98.61957856	1
2	65802	98.61961952	1
2	65848	98.7195376	1
2	65856	98.71957856	1
2	65862	98.71961952	1
2	65908	98.8195376	1
2	65916	98.81957856	1
2	65922	98.81961952	1
2	65968	98.9195376	1
2	65976	98.91957856	1
2	65982	98.91961952	1
2	66028	99.0195376	1
2	66036	99.01957856	1
2	66042	99.01961952	1
2	66088	99.1195376	1
2	66096	99.11957856	1
2	66102	99.11961952	1
2	66148	99.2195376	1
2	66156	99.21957856	1
2	66162	99.21961952	1
2	66208	99.3195376	1
2	66216	99.31957856	1
2	66222	99.31961952	1
2	66268	99.4195376	1
2	66276	99.41957856	1
2	66282	99.41961952	1
2	66328	99.5195376	1
2	66336	99.51957856	1
2	66342	99.51961952	1
2	66388	99.6195376	1
2	66396	99.61957856	1
2	66402	99.61961952	1
2	66448	99.7195376	1
2	66456	99.71957856	1
2	66462	99.71961952	1
2	66508	99.8195376	1
2	66516	99.81957856	1
2	66522	99.81961952	1
2	66568	99.9195376	1
2	66576	99.91957856	1
2	66582	99.91961952	1
2	66628	100.0195376	1
2	66636	100.01957856	1
2	66642	100.01961952	1
2	66688	100.1195376	1
2	66696	100.11957856	1
2	66702	100.11961952	1
2	66748	100.2195376	1
2	66756	100.21957856	1
2	66762	100.21961952	1
2	66808	100.3195376	1
2	66816	100.31957856	1
2	66822	100.31961952	1
2	66868	100.4195376	1
2	66876	100.41957856	1
2	66882	100.41961952	1
2	66928	100.5195376	1
2	66936	100.51957856	1
2	66942	100.51961952	1
2	66988	100.6195376	1
2	66996	100.61957856	1
2	67002	100.61961952	1
2	67048	100.7195376	1
2	67056	100.71957856	1
2	67062	100.71961952	1
2	67108	100.8195376	1
2	67116	100.81957856	1
2	67122	100.81961952	1
2	67168	100.9195376	1
2	67176	100.91957856	1
2	67182	100.91961952	1
2	67228	101.0195376	1
2	67236	101.01957856	1
2	67242	101.01961952	1
2	67288	101.1195376	1
2	67296	101.11957856	1
2	67302	101.11961952	1
2	67348	101.2195376	1
2	67356	101.21957856	1
2	67362	101.21961952	1
2	67408	101.3195376	1
2	67416	101.31957856	1
2	67422	101.31961952	1
2	67468	101.4195376	1
2	67476	101.41957856	1
2	67482	101.41961952	1
2	67528	101.5195376	1
2	67536	101.51957856	1
2	67542	101.51961952	1
2	67588	101.6195376	1
2	67596	101.61957856	1
2	67602	101.61961952	1
2	67648	101.7195376	1
2	67656	101.71957856	1
2	67662	101.71961952	1
2	67708	101.8195376	1
2	67716	101.81957856	1
2	67722	101.81961952	1
2	67768	101.9195376	1
2	67776	101.91957856	1
2	67782	101.91961952	1
2	67828	102.0195376	1
2	67836	102.01957856	1
2	67842	102.01961952	1
2	67888	102.1195376	1
2	67896	102.11957856	1
2	67902	102.11961952	1
2	67948	102.2195376	1
2	67956	102.21957856	1
2	67962	102.21961952	1
2	68008	102.3195376	1
2	68016	102.31957856	1
2	68022	102.31961952	1
2	68068	102.4195376	1
2	68076	102.41957856	1
2	68082	102.41961952	1
2	68128	102.5195376	1
2	68136	102.51957856	1
2	68142	102.51961952	1
2	68188	102.6195376	1
2	68196	102.61957856	1
2	68202	102.61961952	1
2	68248	102.7195376	1
2	68256	102.71957856	1
2	68262	102.71961952	1
2	68308	102.8195376	1
2	68316	102.81957856	1
2	68322	102.81961952	1
2	68368	102.9195376	1
2	68376	102.91957856	1
2	68382	102.91961952	1
2	68428	103.0195376	1
2	68436	103.01957856	1
2	68442	103.01961952	1
2	68488	103.1195376	1
2	68496	103.11957856	1
2	68502	103.11961952	1
2	68548	103.2195376	1
2	68556	103.21957856	1
2	68562	103.21961952	1
2	68608	103.3195376	1
2	68616	103.31957856	1
2	68622	103.31961952	1
2	68668	103.4195376	1
2	68676	103.41957856	1
2	68682	103.41961952	1
2	68728	103.5195376	1
2	68736	103.51957856	1
2	68742	103.51961952	1
2	68788	103.6195376	1
2	68796	103.61957856	1
2	68802	103.61961952	1
2	68848	103.7195376	1
2	68856	103.71957856	1
2	68862	103.71961952	1
2	68908	103.8195376	1
2	68916	103.81957856	1
2	68922	103.81961952	1
2	68968	103.9195376	1
2	68976	103.91957856	1
2	68982	103.91961952	1
2	69028	104.0195376	1
2	69036	104.01957856	1
2	69042	104.01961952	1
2	69088	104.1195376	1
2	69096	104.11957856	1
2	69102	104.11961952	1
2	69148	104.2195376	1
2	69156	104.21957856	1
2	69162	104.21961952	1
2	69208	104.3195376	1
2	69216	104.31957856	1
2	69222	104.31961952	1
2	69268	104.4195376	1
2	69276	104.41957856	1
2	69282	104.41961952	1
2	69328	104.5195376	1
2	69336	104.51957856	1
2	69342	104.51961952	1
2	69388	104.6195376	1
2	69396	104.61957856	1
2	69402	104.61961952	1
2	69448	104.7195376	1
2	69456	104.71957856	1
2	69462	104.71961952	1
2	69508	104.8195376	1
2	69516	104.81957856	1
2	69522	104.81961952	1
2	69568	104.9195376	1
2	69576	104.91957856	1
2	69582	104.91961952	1
2	69628	105.0195376	1
2	69636	105.01957856	1
2	69642	105.01961952	1
2	69688	105.1195376	1
2	69696	105.11957856	1
2	69702	105.11961952	1
2	69748	105.2195376	1
2	69756	105.21957856	1
2	69762	105.21961952	1
2	69808	105.3195376	1
2	69816	105.31957856	1
2	69822	105.31961952	1
2	69868	105.4195376	1
2	69876	105.41957856	1
2	69882	105.41961952	1
2	69928	105.5195376	1
2	69936	105.51957856	1
2	69942	105.51961952	1
2	69988	105.6195376	1
2	69996	105.61957856	1
2	70002	105.61961952	1
2	70048	105.7195376	1
2	70056	105.71957856	1
2	70062	105.71961952	1
2	70108	105.8195376	1
2	70116	105.81957856	1
2	70122	105.81961952	1
2	70168	105.9195376	1
2	70176	105.91957856	1
2	70182	105.91961952	1
2	70228	106.0195376	1
2	70236	106.01957856	1
2	70242	106.01961952	1
2	70288	106.1195376	1
2	70296	106.11957856	1
2	70302	106.11961952	1
2	70348	106.2195376	1
2	70356	106.21957856	1
2	70362	106.21961952	1
2	70408	106.3195376	1
2	70416	106.31957856	1
2	70422	106.31961952	1
2	70468	106.4195376	1
2	70476	106.41957856	1
2	70482	106.41961952	1
2	70528	106.5195376	1
2	70536	106.51957856	1
2	70542	106.51961952	1
2	70588	106.6195376	1
2	70596	106.61957856	1
2	70602	106.61961952	1
2	70648	106.7195376	1
2	70656	106.71957856	1
2	70662	106.71961952	1
2	70708	106.8195376	1
2	70716	106.81957856	1
2	70722	106.81961952	1
2	70768	106.9195376	1
2	70776	106.91957856	1
2	70782	106.91961952	1
2	70828	107.0195376	1
2	70836	107.01957856	1
2	70842	107.01961952	1
2	70888	107.1195376	1
2	70896	107.11957856	1
2	70902	107.11961952	1
2	70948	107.2195376	1
2	70956	107.21957856	1
2	70962	107.21961952	1
2	71008	107.3195376	1
2	71016	107.31957856	1
2	71022	107.31961952	1
2	71068	107.4195376	1
2	71076	107.41957856	1
2	71082	107.41961952	1
2	71128	107.5195376	1
2	71136	107.51957856	1
2	71142	107.51961952	1
2	71188	107.6195376	1
2	71196	107.61957856	1
2	71202	107.61961952	1
2	71248	107.7195376	1
2	71256	107.71957856	1
2	71262	107.71961952	1
2	71308	107.8195376	1
2	71316	107.81957856	1
2	71322	107.81961952	1
2	71368	107.9195376	1
2	71376	107.91957856	1
2	71382	107.91961952	1
2	71428	108.0195376	1
2	71436	108.01957856	1
2	71442	108.01961952	1
2	71488	108.1195376	1
2	71496	108.11957856	1
2	71502	108.11961952	1
2	71548	108.2195376	1
2	71556	108.21957856	1
2	71562	108.21961952	1
2	71608	108.3195376	1
2	71616	108.31957856	1
2	71622	108.31961952	1
2	71668	108.4195376	1
2	71676	108.41957856	1
2	71682	108.41961952	1
2	71728	108.5195376	1
2	71736	108.51957856	1
2	71742	108.51961952	1
2	71788	108.6195376	1
2	71796	108.61957856	1
2	71802	108.61961952	1
2	71848	108.7195376	1
2	71856	108.71957856	1
2	71862	108.71961952	1
2	71908	108.8195376	1
2	71916	108.81957856	1
2	71922	108.81961952	1
2	71968	108.9195376	1
2	71976	108.91957856	1
2	71982	108.91961952	1
2	72028	109.0195376	1
2	72036	109.01957856	1
2	72042	109.01961952	1
2	72088	109.1195376	1
2	72096	109.11957856	1
2	72102	109.11961952	1
2	72148	109.2195376	1
2	72156	109.21957856	1
2	72162	109.21961952	1
2	72208	109.3195376	1
2	72216	109.31957856	1
2	72222	109.31961952	1
2	72268	109.4195376	1
2	72276	109.41957856	1
2	72282	109.41961952	1
2	72328	109.5195376	1
2	72336	109.51957856	1
2	72342	109.51961952	1
2	72388	109.6195376	1
2	72396	109.61957856	1
2	72402	109.61961952	1
2	72448	109.7195376	1
2	72456	109.71957856	1
2	72462	109.71961952	1
2	72508	109.8195376	1
2	72516	109.81957856	1
2	72522	109.81961952	1
2	72568	109.9195376	1
2	72576	109.91957856	1
2	72582	109.91961952	1
2	72628	110.0195376	1
2	72636	110.01957856	1
2	72642	110.01961952	1
2	72688	110.1195376	1
2	72696	110.11957856	1
2	72702	110.11961952	1
2	72748	110.2195376	1
2	72756	110.21957856	1
2	72762	110.21961952	1
2	72808	110.3195376	1
2	72816	110.31957856	1
2	72822	110.31961952	1
2	72868	110.4195376	1
2	72876	110.41957856	1
2	72882	110.41961952	1
2	72928	110.5195376	1
2	72936	110.51957856	1
2	72942	110.51961952	1
2	72988	110.6195376	1
2	72996	110.61957856	1
2	73002	110.61961952	1
2	73048	110.7195376	1
2	73056	110.71957856	1
2	73062	110.71961952	1
2	73108	110.8195376	1
2	73116	110.81957856	1
2	73122	110.81961952	1
2	73168	110.9195376	1
2	73176	110.91957856	1
2	73182	110.91961952	1
2	73228	111.0195376	1
2	73236	111.01957856	1
2	73242	111.01961952	1
2	73288	111.1195376	1
2	73296	111.11957856	1
2	73302	111.11961952	1
2	73348	111.2195376	1
2	73356	111.21957856	1
2	73362	111.21961952	1
2	73408	111.3195376	1
2	73416	111.31957856	1
2	73422	111.31961952	1
2	73468	111.4195376	1
2	73476	111.41957856	1
2	73482	111.41961952	1
2	73528	111.5195376	1
2	73536	111.51957856	1
2	73542	111.51961952	1
2	73588	111.6195376	1
2	73596	111.61957856	1
2	73602	111.61961952	1
2	73648	111.7195376	1
2	73656	111.71957856	1
2	73662	111.71961952	1
2	73708	111.8195376	1
2	73716	111.81957856	1
2	73722	111.81961952	1
2	73768	111.9195376	1
2	73776	111.91957856	1
2	73782	111.91961952	1
2	73828	112.0195376	1
2	73836	112.01957856	1
2	73842	112.01961952	1
2	73888	112.1195376	1
2	73896	112.11957856	1
2	73902	112.11961952	1
2	73948	112.2195376	1
2	73956	112.21957856	1
2	73962	112.21961952	1
2	74008	112.3195376	1
2	74016	112.31957856	1
2	74022	112.31961952	1
2	74068	112.4195376	1
2	74076	112.41957856	1
2	74082	112.41961952	1
2	74128	112.5195376	1
2	74136	112.51957856	1
2	74142	112.51961952	1
2	74188	112.6195376	1
2	74196	112.61957856	1
2	74202	112.61961952	1
2	74248	112.7195376	1
2	74256	112.71957856	1
2	74262	112.71961952	1
2	74308	112.8195376	1
2	74316	112.81957856	1
2	74322	112.81961952	1
2	74368	112.9195376	1
2	74376	112.91957856	1
2	74382	112.91961952	1
2	74428	113.0195376	1
2	74436	113.01957856	1
2	74442	113.01961952	1
2	74488	113.1195376	1
2	74496	113.11957856	1
2	74502	113.11961952	1
2	74548	113.2195376	1
2	74556	113.21957856	1
2	74562	113.21961952	1
2	74608	113.3195376	1
2	74616	113.31957856	1
2	74622	113.31961952	1
2	74668	113.4195376	1
2	74676	113.41957856	1
2	74682	113.41961952	1
2	74728	113.5195376	1
2	74736	113.51957856	1
2	74742	113.51961952	1
2	74788	113.6195376	1
2	74796	113.61957856	1
2	74802	113.61961952	1
2	74848	113.7195376	1
2	74856	113.71957856	1
2	74862	113.71961952	1
2	74908	113.8195376	1
2	74916	113.81957856	1
2	74922	113.81961952	1
2	74968	113.9195376	1
2	74976	113.91957856	1
2	74982	113.91961952	1
2	75028	114.0195376	1
2	75036	114.01957856	1
2	75042	114.01961952	1
2	75088	114.1195376	1
2	75096	114.11957856	1
2	75102	114.11961952	1
2	75148	114.2195376	1
2	75156	114.21957856	1
2	75162	114.21961952	1
2	75208	114.3195376	1
2	75216	114.31957856	1
2	75222	114.31961952	1
2	75268	114.4195376	1
2	75276	114.41957856	1
2	75282	114.41961952	1
2	75328	114.5195376	1
2	75336	114.51957856	1
2	75342	114.51961952	1
2	75388	114.6195376	1
2	75396	114.61957856	1
2	75402	114.61961952	1
2	75448	114.7195376	1
2	75456	114.71957856	1
2	75462	114.71961952	1
2	75508	114.8195376	1
2	75516	114.81957856	1
2	75522	114.81961952	1
2	75568	114.9195376	1
2	75576	114.91957856	1
2	75582	114.91961952	1
2	75628	115.0195376	1
2	75636	115.01957856	1
2	75642	115.01961952	1
2	75688	115.1195376	1
2	75696	115.11957856	1
2	75702	115.11961952	1
2	75748	115.2195376	1
2	75756	115.21957856	1
2	75762	115.21961952	1
2	75808	115.3195376	1
2	75816	115.31957856	1
2	75822	115.31961952	1
2	75868	115.4195376	1
2	75876	115.41957856	1
2	75882	115.41961952	1
2	75928	115.5195376	1
2	75936	115.51957856	1
2	75942	115.51961952	1
2	75988	115.6195376	1
2	75996	115.61957856	1
2	76002	115.61961952	1
2	76048	115.7195376	1
2	76056	115.71957856	1
2	76062	115.71961952	1
2	76108	115.8195376	1
2	76116	115.81957856	1
2	76122	115.81961952	1
2	76168	115.9195376	1
2	76176	115.91957856	1
2	76182	115.91961952	1
2	76228	116.0195376	1
2	76236	116.01957856	1
2	76242	116.01961952	1
2	76288	116.1195376	1
2	76296	116.11957856	1
2	76302	116.11961952	1
2	76348	116.2195376	1
2	76356	116.21957856	1
2	76362	116.21961952	1
2	76408	116.3195376	1
2	76416	116.31957856	1
2	76422	116.31961952	1
2	76468	116.4195376	1
2	76476	116.41957856	1
2	76482	116.41961952	1
2	76528	116.5195376	1
2	76536	116.51957856	1
2	76542	116.51961952	1
2	76588	116.6195376	1
2	76596	116.61957856	1
2	76602	116.61961952	1
2	76648	116.7195376	1
2	76656	116.71957856	1
2	76662	116.71961952	1
2	76708	116.8195376	1
2	76716	116.81957856	1
2	76722	116.81961952	1
2	76768	116.9195376	1
2	76776	116.91957856	1
2	76782	116.91961952	1
2	76828	117.0195376	1
2	76836	117.01957856	1
2	76842	117.01961952	1
2	76888	117.1195376	1
2	76896	117.11957856	1
2	76902	117.11961952	1
2	76948	117.2195376	1
2	76956	117.21957856	1
2	76962	117.21961952	1
2	77008	117.3195376	1
2	77016	117.31957856	1
2	77022	117.31961952	1
2	77068	117.4195376	1
2	77076	117.41957856	1
2	77082	117.41961952	1
2	77128	117.5195376	1
2	77136	117.51957856	1
2	77142	117.51961952	1
2	77188	117.6195376	1
2	77196	117.61957856	1
2	77202	117.61961952	1
2	77248	117.7195376	1
2	77256	117.71957856	1
2	77262	117.71961952	1
2	77308	117.8195376	1
2	77316	117.81957856	1
2	77322	117.81961952	1
2	77368	117.9195376	1
2	77376	117.91957856	1
2	77382	117.91961952	1
2	77428	118.0195376	1
2	77436	118.01957856	1
2	77442	118.01961952	1
2	77488	118.1195376	1
2	77496	118.11957856	1
2	77502	118.11961952	1
2	77548	118.2195376	1
2	77556	118.21957856	1
2	77562	118.21961952	1
2	77608	118.3195376	1
2	77616	118.31957856	1
2	77622	118.31961952	1
2	77668	118.4195376	1
2	77676	118.41957856	1
2	77682	118.41961952	1
2	77728	118.5195376	1
2	77736	118.51957856	1
2	77742	118.51961952	1
2	77788	118.6195376	1
2	77796	118.61957856	1
2	77802	118.61961952	1
2	77848	118.7195376	1
2	77856	118.71957856	1
2	77862	118.71961952	1
2	77908	118.8195376	1
2	77916	118.81957856	1
2	77922	118.81961952	1
2	77968	118.9195376	1
2	77976	118.91957856	1
2	77982	118.91961952	1
2	78028	119.0195376	1
2	78036	119.01957856	1
2	78042	119.01961952	1
2	78088	119.1195376	1
2	78096	119.11957856	1
2	78102	119.11961952	1
2	78148	119.2195376	1
2	78156	119.21957856	1
2	78162	119.21961952	1
2	78208	119.3195376	1
2	78216	119.31957856	1
2	78222	119.31961952	1
2	78268	119.4195376	1
2	78276	119.41957856	1
2	78282	119.41961952	1
2	78328	119.5195376	1
2	78336	119.51957856	1
2	78342	119.51961952	1
2	78388	119.6195376	1
2	78396	119.61957856	1
2	78402	119.61961952	1
2	78448	119.7195376	1
2	78456	119.71957856	1
2	78462	119.71961952	1
2	78508	119.8195376	1
2	78516	119.81957856	1
2	78522	119.81961952	1
2	78568	119.9195376	1
2	78576	119.91957856	1
2	78582	119.91961952	1
2	78630	120.0195376	1
2	78639	120.01957856	1
2	78646	120.01961952	1
2	78702	120.1195376	1
2	78711	120.11957856	1
2	78718	120.11961952	1
2	78774	120.2195376	1
2	78783	120.21957856	1
2	78790	120.21961952	1
2	78846	120.3195376	1
2	78855	120.31957856	1
2	78862	120.31961952	1
2	78918	120.4195376	1
2	78927	120.41957856	1
2	78934	120.41961952	1
2	78990	120.5195376	1
2	78999	120.51957856	1
2	79006	120.51961952	1
2	79062	120.6195376	1
2	79071	120.61957856	1
2	79078	120.61961952	1
2	79134	120.7195376	1
2	79143	120.71957856	1
2	79150	120.71961952	1
2	79206	120.8195376	1
2	79215	120.81957856	1
2	79222	120.81961952	1
2	79278	120.9195376	1
2	79287	120.91957856	1
2	79294	120.91961952	1
2	79350	121.0195376	1
2	79359	121.01957856	1
2	79366	121.01961952	1
2	79422	121.1195376	1
2	79431	121.11957856	1
2	79438	121.11961952	1
2	79494	121.2195376	1
2	79503	121.21957856	1
2	79510	121.21961952	1
2	79566	121.3195376	1
2	79575	121.31957856	1
2	79582	121.31961952	1
2	79638	121.4195376	1
2	79647	121.41957856	1
2	79654	121.41961952	1
2	79710	121.5195376	1
2	79719	121.51957856	1
2	79726	121.51961952	1
2	79782	121.6195376	1
2	79791	121.61957856	1
2	79798	121.61961952	1
2	79854	121.7195376	1
2	79863	121.71957856	1
2	79870	121.71961952	1
2	79926	121.8195376	1
2	79935	121.81957856	1
2	79942	121.81961952	1
2	79998	121.9195376	1
2	80007	121.91957856	1
2	80014	121.91961952	1
2	80070	122.0195376	1
2	80079	122.01957856	1
2	80086	122.01961952	1
2	80142	122.1195376	1
2	80151	122.11957856	1
2	80158	122.11961952	1
2	80214	122.2195376	1
2	80223	122.21957856	1
2	80230	122.21961952	1
2	80286	122.3195376	1
2	80295	122.31957856	1
2	80302	122.31961952	1
2	80358	122.4195376	1
2	80367	122.41957856	1
2	80374	122.41961952	1
2	80430	122.5195376	1
2	80439	122.51957856	1
2	80446	122.51961952	1
2	80502	122.6195376	1
2	80511	122.61957856	1
2	80518	122.61961952	1
2	80574	122.7195376	1
2	80583	122.71957856	1
2	80590	122.71961952	1
2	80646	122.8195376	1
2	80655	122.81957856	1
2	80662	122.81961952	1
2	80718	122.9195376	1
2	80727	122.91957856	1
2	80734	122.91961952	1
2	80790	123.0195376	1
2	80799	123.01957856	1
2	80806	123.01961952	1
2	80862	123.1195376	1
2	80871	123.11957856	1
2	80878	123.11961952	1
2	80934	123.2195376	1
2	80943	123.21957856	1
2	80950	123.21961952	1
2	81006	123.3195376	1
2	81015	123.31957856	1
2	81022	123.31961952	1
2	81078	123.4195376	1
2	81087	123.41957856	1
2	81094	123.41961952	1
2	81150	123.5195376	1
2	81159	123.51957856	1
2	81166	123.51961952	1
2	81222	123.6195376	1
2	81231	123.61957856	1
2	81238	123.61961952	1
2	81294	123.7195376	1
2	81303	123.71957856	1
2	81310	123.71961952	1
2	81366	123.8195376	1
2	81375	123.81957856	1
2	81382	123.81961952	1
2	81438	123.9195376	1
2	81447	123.91957856	1
2	81454	123.91961952	1
2	81510	124.0195376	1
2	81519	124.01957856	1
2	81526	124.01961952	1
2	81582	124.1195376	1
2	81591	124.11957856	1
2	81598	124.11961952	1
2	81654	124.2195376	1
2	81663	124.21957856	1
2	81670	124.21961952	1
2	81726	124.3195376	1
2	81735	124.31957856	1
2	81742	124.31961952	1
2	81798	124.4195376	1
2	81807	124.41957856	1
2	81814	124.41961952	1
2	81870	124.5195376	1
2	81879	124.51957856	1
2	81886	124.51961952	1
2	81942	124.6195376	1
2	81951	124.61957856	1
2	81958	124.61961952	1
2	82014	124.7195376	1
2	82023	124.71957856	1
2	82030	124.71961952	1
2	82086	124.8195376	1
2	82095	124.81957856	1
2	82102	124.81961952	1
2	82158	124.9195376	1
2	82167	124.91957856	1
2	82174	124.91961952	1
2	82230	125.0195376	1
2	82239	125.01957856	1
2	82246	125.01961952	1
2	82302	125.1195376	1
2	82311	125.11957856	1
2	82318	125.11961952	1
2	82374	125.2195376	1
2	82383	125.21957856	1
2	82390	125.21961952	1
2	82446	125.3195376	1
2	82455	125.31957856	1
2	82462	125.31961952	1
2	82518	125.4195376	1
2	82527	125.41957856	1
2	82534	125.41961952	1
2	82590	125.5195376	1
2	82599	125.51957856	1
2	82606	125.51961952	1
2	82662	125.6195376	1
2	82671	125.61957856	1
2	82678	125.61961952	1
2	82734	125.7195376	1
2	82743	125.71957856	1
2	82750	125.71961952	1
2	82806	125.8195376	1
2	82815	125.81957856	1
2	82822	125.81961952	1
2	82878	125.9195376	1
2	82887	125.91957856	1
2	82894	125.91961952	1
2	82950	126.0195376	1
2	82959	126.01957856	1
2	82966	126.01961952	1
2	83022	126.1195376	1
2	83031	126.11957856	1
2	83038	126.11961952	1
2	83094	126.2195376	1
2	83103	126.21957856	1
2	83110	126.21961952	1
2	83166	126.3195376	1
2	83175	126.31957856	1
2	83182	126.31961952	1
2	83238	126.4195376	1
2	83247	126.41957856	1
2	83254	126.41961952	1
2	83310	126.5195376	1
2	83319	126.51957856	1
2	83326	126.51961952	1
2	83382	126.6195376	1
2	83391	126.61957856	1
2	83398	126.61961952	1
2	83454	126.7195376	1
2	83463	126.71957856	1
2	83470	126.71961952	1
2	83526	126.8195376	1
2	83535	126.81957856	1
2	83542	126.81961952	1
2	83598	126.9195376	1
2	83607	126.91957856	1
2	83614	126.91961952	1
2	83670	127.0195376	1
2	83679	127.01957856	1
2	83686	127.01961952	1
2	83742	127.1195376	1
2	83751	127.11957856	1
2	83758	127.11961952	1
2	83814	127.2195376	1
2	83823	127.21957856	1
2	83830	127.21961952	1
2	83886	127.3195376	1
2	83895	127.31957856	1
2	83902	127.31961952	1
2	83958	127.4195376	1
2	83967	127.41957856	1
2	83974	127.41961952	1
2	84030	127.5195376	1
2	84039	127.51957856	1
2	84046	127.51961952	1
2	84102	127.6195376	1
2	84111	127.61957856	1
2	84118	127.61961952	1
2	84174	127.7195376	1
2	84183	127.71957856	1
2	84190	127.71961952	1
2	84246	127.8195376	1
2	84255	127.81957856	1
2	84262	127.81961952	1
2	84318	127.9195376	1
2	84327	127.91957856	1
2	84334	127.91961952	1
2	84390	128.0195376	1
2	84399	128.01957856	1
2	84406	128.01961952	1
2	84462	128.1195376	1
2	84471	128.11957856	1
2	84478	128.11961952	1
2	84534	128.2195376	1
2	84543	128.21957856	1
2	84550	128.21961952	1
2	84606	128.3195376	1
2	84615	128.31957856	1
2	84622	128.31961952	1
2	84678	128.4195376	1
2	84687	128.41957856	1
2	84694	128.41961952	1
2	84750	128.5195376	1
2	84759	128.51957856	1
2	84766	128.51961952	1
2	84822	128.6195376	1
2	84831	128.61957856	1
2	84838	128.61961952	1
2	84894	128.7195376	1
2	84903	128.71957856	1
2	84910	128.71961952	1
2	84966	128.8195376	1
2	84975	128.81957856	1
2	84982	128.81961952	1
2	85038	128.9195376	1
2	85047	128.91957856	1
2	85054	128.91961952	1
2	85110	129.0195376	1
2	85119	129.01957856	1
2	85126	129.01961952	1
2	85182	129.1195376	1
2	85191	129.11957856	1
2	85198	129.11961952	1
2	85254	129.2195376	1
2	85263	129.21957856	1
2	85270	129.21961952	1
2	85326	129.3195376	1
2	85335	129.31957856	1
2	85342	129.31961952	1
2	85398	129.4195376	1
2	85407	129.41957856	1
2	85414	129.41961952	1
2	85470	129.5195376	1
2	85479	129.51957856	1
2	85486	129.51961952	1
2	85542	129.6195376	1
2	85551	129.61957856	1
2	85558	129.61961952	1
2	85614	129.7195376	1
2	85623	129.71957856	1
2	85630	129.71961952	1
2	85686	129.8195376	1
2	85695	129.81957856	1
2	85702	129.81961952	1
2	85758	129.9195376	1
2	85767	129.91957856	1
2	85774	129.91961952	1
2	85830	130.0195376	1
2	85839	130.01957856	1
2	85846	130.01961952	1
2	85902	130.1195376	1
2	85911	130.11957856	1
2	85918	130.11961952	1
2	85974	130.2195376	1
2	85983	130.21957856	1
2	85990	130.21961952	1
2	86046	130.3195376	1
2	86055	130.31957856	1
2	86062	130.31961952	1
2	86118	130.4195376	1
2	86127	130.41957856	1
2	86134	130.41961952	1
2	86190	130.5195376	1
2	86199	130.51957856	1
2	86206	130.51961952	1
2	86262	130.6195376	1
2	86271	130.61957856	1
2	86278	130.61961952	1
2	86334	130.7195376	1
2	86343	130.71957856	1
2	86350	130.71961952	1
2	86406	130.8195376	1
2	86415	130.81957856	1
2	86422	130.81961952	1
2	86478	130.9195376	1
2	86487	130.91957856	1
2	86494	130.91961952	1
2	86550	131.0195376	1
2	86559	131.01957856	1
2	86566	131.01961952	1
2	86622	131.1195376	1
2	86631	131.11957856	1
2	86638	131.11961952	1
2	86694	131.2195376	1
2	86703	131.21957856	1
2	86710	131.21961952	1
2	86766	131.3195376	1
2	86775	131.31957856	1
2	86782	131.31961952	1
2	86838	131.4195376	1
2	86847	131.41957856	1
2	86854	131.41961952	1
2	86910	131.5195376	1
2	86919	131.51957856	1
2	86926	131.51961952	1
2	86982	131.6195376	1
2	86991	131.61957856	1
2	86998	131.61961952	1
2	87054	131.7195376	1
2	87063	131.71957856	1
2	87070	131.71961952	1
2	87126	131.8195376	1
2	87135	131.81957856	1
2	87142	131.81961952	1
2	87198	131.9195376	1
2	87207	131.91957856	1
2	87214	131.91961952	1
2	87270	132.0195376	1
2	87279	132.01957856	1
2	87286	132.01961952	1
2	87342	132.1195376	1
2	87351	132.11957856	1
2	87358	132.11961952	1
2	87414	132.2195376	1
2	87423	132.21957856	1
2	87430	132.21961952	1
2	87486	132.3195376	1
2	87495	132.31957856	1
2	87502	132.31961952	1
2	87558	132.4195376	1
2	87567	132.41957856	1
2	87574	132.41961952	1
2	87630	132.5195376	1
2	87639	132.51957856	1
2	87646	132.51961952	1
2	87702	132.6195376	1
2	87711	132.61957856	1
2	87718	132.61961952	1
2	87774	132.7195376	1
2	87783	132.71957856	1
2	87790	132.71961952	1
2	87846	132.8195376	1
2	87855	132.81957856	1
2	87862	132.81961952	1
2	87918	132.9195376	1
2	87927	132.91957856	1
2	87934	132.91961952	1
2	87990	133.0195376	1
2	87999	133.01957856	1
2	88006	133.01961952	1
2	88062	133.1195376	1
2	88071	133.11957856	1
2	88078	133.11961952	1
2	88134	133.2195376	1
2	88143	133.21957856	1
2	88150	133.21961952	1
2	88206	133.3195376	1
2	88215	133.31957856	1
2	88222	133.31961952	1
2	88278	133.4195376	1
2	88287	133.41957856	1
2	88294	133.41961952	1
2	88350	133.5195376	1
2	88359	133.51957856	1
2	88366	133.51961952	1
2	88422	133.6195376	1
2	88431	133.61957856	1
2	88438	133.61961952	1
2	88494	133.7195376	1
2	88503	133.71957856	1
2	88510	133.71961952	1
2	88566	133.8195376	1
2	88575	133.81957856	1
2	88582	133.81961952	1
2	88638	133.9195376	1
2	88647	133.91957856	1
2	88654	133.91961952	1
2	88710	134.0195376	1
2	88719	134.01957856	1
2	88726	134.01961952	1
2	88782	134.1195376	1
2	88791	134.11957856	1
2	88798	134.11961952	1
2	88854	134.2195376	1
2	88863	134.21957856	1
2	88870	134.21961952	1
2	88926	134.3195376	1
2	88935	134.31957856	1
2	88942	134.31961952	1
2	88998	134.4195376	1
2	89007	134.41957856	1
2	89014	134.41961952	1
2	89070	134.5195376	1
2	89079	134.51957856	1
2	89086	134.51961952	1
2	89142	134.6195376	1
2	89151	134.61957856	1
2	89158	134.61961952	1
2	89214	134.7195376	1
2	89223	134.71957856	1
2	89230	134.71961952	1
2	89286	134.8195376	1
2	89295	134.81957856	1
2	89302	134.81961952	1
2	89358	134.9195376	1
2	89367	134.91957856	1
2	89374	134.91961952	1
2	89430	135.0195376	1
2	89439	135.01957856	1
2	89446	135.01961952	1
2	89502	135.1195376	1
2	89511	135.11957856	1
2	89518	135.11961952	1
2	89574	135.2195376	1
2	89583	135.21957856	1
2	89590	135.21961952	1
2	89646	135.3195376	1
2	89655	135.31957856	1
2	89662	135.31961952	1
2	89718	135.4195376	1
2	89727	135.41957856	1
2	89734	135.41961952	1
2	89790	135.5195376	1
2	89799	135.51957856	1
2	89806	135.51961952	1
2	89862	135.6195376	1
2	89871	135.61957856	1
2	89878	135.61961952	1
2	89934	135.7195376	1
2	89943	135.71957856	1
2	89950	135.71961952	1
2	90006	135.8195376	1
2	90015	135.81957856	1
2	90022	135.81961952	1
2	90078	135.9195376	1
2	90087	135.91957856	1
2	90094	135.91961952	1
2	90150	136.0195376	1
2	90159	136.01957856	1
2	90166	136.01961952	1
2	90222	136.1195376	1
2	90231	136.11957856	1
2	90238	136.11961952	1
2	90294	136.2195376	1
2	90303	136.21957856	1
2	90310	136.21961952	1
2	90366	136.3195376	1
2	90375	136.31957856	1
2	90382	136.31961952	1
2	90438	136.4195376	1
2	90447	136.41957856	1
2	90454	136.41961952	1
2	90510	136.5195376	1
2	90519	136.51957856	1
2	90526	136.51961952	1
2	90582	136.6195376	1
2	90591	136.61957856	1
2	90598	136.61961952	1
2	90654	136.7195376	1
2	90663	136.71957856	1
2	90670	136.71961952	1
2	90726	136.8195376	1
2	90735	136.81957856	1
2	90742	136.81961952	1
2	90798	136.9195376	1
2	90807	136.91957856	1
2	90814	136.91961952	1
2	90870	137.0195376	1
2	90879	137.01957856	1
2	90886	137.01961952	1
2	90942	137.1195376	1
2	90951	137.11957856	1
2	90958	137.11961952	1
2	91014	137.2195376	1
2	91023	137.21957856	1
2	91030	137.21961952	1
2	91086	137.3195376	1
2	91095	137.31957856	1
2	91102	137.31961952	1
2	91158	137.4195376	1
2	91167	137.41957856	1
2	91174	137.41961952	1
2	91230	137.5195376	1
2	91239	137.51957856	1
2	91246	137.51961952	1
2	91302	137.6195376	1
2	91311	137.61957856	1
2	91318	137.61961952	1
2	91374	137.7195376	1
2	91383	137.71957856	1
2	91390	137.71961952	1
2	91446	137.8195376	1
2	91455	137.81957856	1
2	91462	137.81961952	1
2	91518	137.9195376	1
2	91527	137.91957856	1
2	91534	137.91961952	1
2	91590	138.0195376	1
2	91599	138.01957856	1
2	91606	138.01961952	1
2	91662	138.1195376	1
2	91671	138.11957856	1
2	91678	138.11961952	1
2	91734	138.2195376	1
2	91743	138.21957856	1
2	91750	138.21961952	1
2	91806	138.3195376	1
2	91815	138.31957856	1
2	91822	138.31961952	1
2	91878	138.4195376	1
2	91887	138.41957856	1
2	91894	138.41961952	1
2	91950	138.5195376	1
2	91959	138.51957856	1
2	91966	138.51961952	1
2	92022	138.6195376	1
2	92031	138.61957856	1
2	92038	138.61961952	1
2	92094	138.7195376	1
2	92103	138.71957856	1
2	92110	138.71961952	1
2	92166	138.8195376	1
2	92175	138.81957856	1
2	92182	138.81961952	1
2	92238	138.9195376	1
2	92247	138.91957856	1
2	92254	138.91961952	1
2	92310	139.0195376	1
2	92319	139.01957856	1
2	92326	139.01961952	1
2	92382	139.1195376	1
2	92391	139.11957856	1
2	92398	139.11961952	1
2	92454	139.2195376	1
2	92463	139.21957856	1
2	92470	139.21961952	1
2	92526	139.3195376	1
2	92535	139.31957856	1
2	92542	139.31961952	1
2	92598	139.4195376	1
2	92607	139.41957856	1
2	92614	139.41961952	1
2	92670	139.5195376	1
2	92679	139.51957856	1
2	92686	139.51961952	1
2	92742	139.6195376	1
2	92751	139.61957856	1
2	92758	139.61961952	1
2	92814	139.7195376	1
2	92823	139.71957856	1
2	92830	139.71961952	1
2	92886	139.8195376	1
2	92895	139.81957856	1
2	92902	139.81961952	1
2	92958	139.9195376	1
2	92967	139.91957856	1
2	92974	139.91961952	1
2	93030	140.0195376	1
2	93039	140.01957856	1
2	93046	140.01961952	1
2	93102	140.1195376	1
2	93111	140.11957856	1
2	93118	140.11961952	1
2	93174	140.2195376	1
2	93183	140.21957856	1
2	93190	140.21961952	1
2	93246	140.3195376	1
2	93255	140.31957856	1
2	93262	140.31961952	1
2	93318	140.4195376	1
2	93327	140.41957856	1
2	93334	140.41961952	1
2	93390	140.5195376	1
2	93399	140.51957856	1
2	93406	140.51961952	1
2	93462	140.6195376	1
2	93471	140.61957856	1
2	93478	140.61961952	1
2	93534	140.7195376	1
2	93543	140.71957856	1
2	93550	140.71961952	1
2	93606	140.8195376	1
2	93615	140.81957856	1
2	93622	140.81961952	1
2	93678	140.9195376	1
2	93687	140.91957856	1
2	93694	140.91961952	1
2	93750	141.0195376	1
2	93759	141.01957856	1
2	93766	141.01961952	1
2	93822	141.1195376	1
2	93831	141.11957856	1
2	93838	141.11961952	1
2	93894	141.2195376	1
2	93903	141.21957856	1
2	93910	141.21961952	1
2	93966	141.3195376	1
2	93975	141.31957856	1
2	93982	141.31961952	1
2	94038	141.4195376	1
2	94047	141.41957856	1
2	94054	141.41961952	1
2	94110	141.5195376	1
2	94119	141.51957856	1
2	94126	141.51961952	1
2	94182	141.6195376	1
2	94191	141.61957856	1
2	94198	141.61961952	1
2	94254	141.7195376	1
2	94263	141.71957856	1
2	94270	141.71961952	1
2	94326	141.8195376	1
2	94335	141.81957856	1
2	94342	141.81961952	1
2	94398	141.9195376	1
2	94407	141.91957856	1
2	94414	141.91961952	1
2	94470	142.0195376	1
2	94479	142.01957856	1
2	94486	142.01961952	1
2	94542	142.1195376	1
2	94551	142.11957856	1
2	94558	142.11961952	1
2	94614	142.2195376	1
2	94623	142.21957856	1
2	94630	142.21961952	1
2	94686	142.3195376	1
2	94695	142.31957856	1
2	94702	142.31961952	1
2	94758	142.4195376	1
2	94767	142.41957856	1
2	94774	142.41961952	1
2	94830	142.5195376	1
2	94839	142.51957856	1
2	94846	142.51961952	1
2	94902	142.6195376	1
2	94911	142.61957856	1
2	94918	142.61961952	1
2	94974	142.7195376	1
2	94983	142.71957856	1
2	94990	142.71961952	1
2	95046	142.8195376	1
2	95055	142.81957856	1
2	95062	142.81961952	1
2	95118	142.9195376	1
2	95127	142.91957856	1
2	95134	142.91961952	1
2	95190	143.0195376	1
2	95199	143.01957856	1
2	95206	143.01961952	1
2	95262	143.1195376	1
2	95271	143.11957856	1
2	95278	143.11961952	1
2	95334	143.2195376	1
2	95343	143.21957856	1
2	95350	143.21961952	1
2	95406	143.3195376	1
2	95415	143.31957856	1
2	95422	143.31961952	1
2	95478	143.4195376	1
2	95487	143.41957856	1
2	95494	143.41961952	1
2	95550	143.5195376	1
2	95559	143.51957856	1
2	95566	143.51961952	1
2	95622	143.6195376	1
2	95631	143.61957856	1
2	95638	143.61961952	1
2	95694	143.7195376	1
2	95703	143.71957856	1
2	95710	143.71961952	1
2	95766	143.8195376	1
2	95775	143.81957856	1
2	95782	143.81961952	1
2	95838	143.9195376	1
2	95847	143.91957856	1
2	95854	143.91961952	1
2	95910	144.0195376	1
2	95919	144.01957856	1
2	95926	144.01961952	1
2	95982	144.1195376	1
2	95991	144.11957856	1
2	95998	144.11961952	1
2	96054	144.2195376	1
2	96063	144.21957856	1
2	96070	144.21961952	1
2	96126	144.3195376	1
2	96135	144.31957856	1
2	96142	144.31961952	1
2	96198	144.4195376	1
2	96207	144.41957856	1
2	96214	144.41961952	1
2	96270	144.5195376	1
2	96279	144.51957856	1
2	96286	144.51961952	1
2	96342	144.6195376	1
2	96351	144.61957856	1
2	96358	144.61961952	1
2	96414	144.7195376	1
2	96423	144.71957856	1
2	96430	144.71961952	1
2	96486	144.8195376	1
2	96495	144.81957856	1
2	96502	144.81961952	1
2	96558	144.9195376	1
2	96567	144.91957856	1
2	96574	144.91961952	1
2	96630	145.0195376	1
2	96639	145.01957856	1
2	96646	145.01961952	1
2	96702	145.1195376	1
2	96711	145.11957856	1
2	96718	145.11961952	1
2	96774	145.2195376	1
2	96783	145.21957856	1
2	96790	145.21961952	1
2	96846	145.3195376	1
2	96855	145.31957856	1
2	96862	145.31961952	1
2	96918	145.4195376	1
2	96927	145.41957856	1
2	96934	145.41961952	1
2	96990	145.5195376	1
2	96999	145.51957856	1
2	97006	145.51961952	1
2	97062	145.6195376	1
2	97071	145.61957856	1
2	97078	145.61961952	1
2	97134	145.7195376	1
2	97143	145.71957856	1
2	97150	145.71961952	1
2	97206	145.8195376	1
2	97215	145.81957856	1
2	97222	145.81961952	1
2	97278	145.9195376	1
2	97287	145.91957856	1
2	97294	145.91961952	1
2	97350	146.0195376	1
2	97359	146.01957856	1
2	97366	146.01961952	1
2	97422	146.1195376	1
2	97431	146.11957856	1
2	97438	146.11961952	1
2	97494	146.2195376	1
2	97503	146.21957856	1
2	97510	146.21961952	1
2	97566	146.3195376	1
2	97575	146.31957856	1
2	97582	146.31961952	1
2	97638	146.4195376	1
2	97647	146.41957856	1
2	97654	146.41961952	1
2	97710	146.5195376	1
2	97719	146.51957856	1
2	97726	146.51961952	1
2	97782	146.6195376	1
2	97791	146.61957856	1
2	97798	146.61961952	1
2	97854	146.7195376	1
2	97863	146.71957856	1
2	97870	146.71961952	1
2	97926	146.8195376	1
2	97935	146.81957856	1
2	97942	146.81961952	1
2	97998	146.9195376	1
2	98007	146.91957856	1
2	98014	146.91961952	1
2	98070	147.0195376	1
2	98079	147.01957856	1
2	98086	147.01961952	1
2	98142	147.1195376	1
2	98151	147.11957856	1
2	98158	147.11961952	1
2	98214	147.2195376	1
2	98223	147.21957856	1
2	98230	147.21961952	1
2	98286	147.3195376	1
2	98295	147.31957856	1
2	98302	147.31961952	1
2	98358	147.4195376	1
2	98367	147.41957856	1
2	98374	147.41961952	1
2	98430	147.5195376	1
2	98439	147.51957856	1
2	98446	147.51961952	1
2	98502	147.6195376	1
2	98511	147.61957856	1
2	98518	147.61961952	1
2	98574	147.7195376	1
2	98583	147.71957856	1
2	98590	147.71961952	1
2	98646	147.8195376	1
2	98655	147.81957856	1
2	98662	147.81961952	1
2	98718	147.9195376	1
2	98727	147.91957856	1
2	98734	147.91961952	1
2	98790	148.0195376	1
2	98799	148.01957856	1
2	98806	148.01961952	1
2	98862	148.1195376	1
2	98871	148.11957856	1
2	98878	148.11961952	1
2	98934	148.2195376	1
2	98943	148.21957856	1
2	98950	148.21961952	1
2	99006	148.3195376	1
2	99015	148.31957856	1
2	99022	148.31961952	1
2	99078	148.4195376	1
2	99087	148.41957856	1
2	99094	148.41961952	1
2	99150	148.5195376	1
2	99159	148.51957856	1
2	99166	148.51961952	1
2	99222	148.6195376	1
2	99231	148.61957856	1
2	99238	148.61961952	1
2	99294	148.7195376	1
2	99303	148.71957856	1
2	99310	148.71961952	1
2	99366	148.8195376	1
2	99375	148.81957856	1
2	99382	148.81961952	1
2	99438	148.9195376	1
2	99447	148.91957856	1
2	99454	148.91961952	1
2	99510	149.0195376	1
2	99519	149.01957856	1
2	99526	149.01961952	1
2	99582	149.1195376	1
2	99591	149.11957856	1
2	99598	149.11961952	1
2	99654	149.2195376	1
2	99663	149.21957856	1
2	99670	149.21961952	1
2	99726	149.3195376	1
2	99735	149.31957856	1
2	99742	149.31961952	1
2	99798	149.4195376	1
2	99807	149.41957856	1
2	99814	149.41961952	1
2	99870	149.5195376	1
2	99879	149.51957856	1
2	99886	149.51961952	1
2	99942	149.6195376	1
2	99951	149.61957856	1
2	99958	149.61961952	1
2	100014	149.7195376	1
2	100023	149.71957856	1
2	100030	149.71961952	1
2	100086	149.8195376	1
2	100095	149.81957856	1
2	100102	149.81961952	1
2	100158	149.9195376	1
2	100167	149.91957856	1
2	100174	149.91961952	1
2	100230	150.0195376	1
2	100239	150.01957856	1
2	100246	150.01961952	1
2	100302	150.1195376	1
2	100311	150.11957856	1
2	100318	150.11961952	1
2	100374	150.2195376	1
2	100383	150.21957856	1
2	100390	150.21961952	1
2	100446	150.3195376	1
2	100455	150.31957856	1
2	100462	150.31961952	1
2	100518	150.4195376	1
2	100527	150.41957856	1
2	100534	150.41961952	1
2	100590	150.5195376	1
2	100599	150.51957856	1
2	100606	150.51961952	1
2	100662	150.6195376	1
2	100671	150.61957856	1
2	100678	150.61961952	1
2	100734	150.7195376	1
2	100743	150.71957856	1
2	100750	150.71961952	1
2	100806	150.8195376	1
2	100815	150.81957856	1
2	100822	150.81961952	1
2	100878	150.9195376	1
2	100887	150.91957856	1
2	100894	150.91961952	1
2	100950	151.0195376	1
2	100959	151.01957856	1
2	100966	151.01961952	1
2	101022	151.1195376	1
2	101031	151.11957856	1
2	101038	151.11961952	1
2	101094	151.2195376	1
2	101103	151.21957856	1
2	101110	151.21961952	1
2	101166	151.3195376	1
2	101175	151.31957856	1
2	101182	151.31961952	1
2	101238	151.4195376	1
2	101247	151.41957856	1
2	101254	151.41961952	1
2	101310	151.5195376	1
2	101319	151.51957856	1
2	101326	151.51961952	1
2	101382	151.6195376	1
2	101391	151.61957856	1
2	101398	151.61961952	1
2	101454	151.7195376	1
2	101463	151.71957856	1
2	101470	151.71961952	1
2	101526	151.8195376	1
2	101535	151.81957856	1
2	101542	151.81961952	1
2	101598	151.9195376	1
2	101607	151.91957856	1
2	101614	151.91961952	1
2	101670	152.0195376	1
2	101679	152.01957856	1
2	101686	152.01961952	1
2	101742	152.1195376	1
2	101751	152.11957856	1
2	101758	152.11961952	1
2	101814	152.2195376	1
2	101823	152.21957856	1
2	101830	152.21961952	1
2	101886	152.3195376	1
2	101895	152.31957856	1
2	101902	152.31961952	1
2	101958	152.4195376	1
2	101967	152.41957856	1
2	101974	152.41961952	1
2	102030	152.5195376	1
2	102039	152.51957856	1
2	102046	152.51961952	1
2	102102	152.6195376	1
2	102111	152.61957856	1
2	102118	152.61961952	1
2	102174	152.7195376	1
2	102183	152.71957856	1
2	102190	152.71961952	1
2	102246	152.8195376	1
2	102255	152.81957856	1
2	102262	152.81961952	1
2	102318	152.9195376	1
2	102327	152.91957856	1
2	102334	152.91961952	1
2	102390	153.0195376	1
2	102399	153.01957856	1
2	102406	153.01961952	1
2	102462	153.1195376	1
2	102471	153.11957856	1
2	102478	153.11961952	1
2	102534	153.2195376	1
2	102543	153.21957856	1
2	102550	153.21961952	1
2	102606	153.3195376	1
2	102615	153.31957856	1
2	102622	153.31961952	1
2	102678	153.4195376	1
2	102687	153.41957856	1
2	102694	153.41961952	1
2	102750	153.5195376	1
2	102759	153.51957856	1
2	102766	153.51961952	1
2	102822	153.6195376	1
2	102831	153.61957856	1
2	102838	153.61961952	1
2	102894	153.7195376	1
2	102903	153.71957856	1
2	102910	153.71961952	1
2	102966	153.8195376	1
2	102975	153.81957856	1
2	102982	153.81961952	1
2	103038	153.9195376	1
2	103047	153.91957856	1
2	103054	153.91961952	1
2	103110	154.0195376	1
2	103119	154.01957856	1
2	103126	154.01961952	1
2	103182	154.1195376	1
2	103191	154.11957856	1
2	103198	154.11961952	1
2	103254	154.2195376	1
2	103263	154.21957856	1
2	103270	154.21961952	1
2	103326	154.3195376	1
2	103335	154.31957856	1
2	103342	154.31961952	1
2	103398	154.4195376	1
2	103407	154.41957856	1
2	103414	154.41961952	1
2	103470	154.5195376	1
2	103479	154.51957856	1
2	103486	154.51961952	1
2	103542	154.6195376	1
2	103551	154.61957856	1
2	103558	154.61961952	1
2	103614	154.7195376	1
2	103623	154.71957856	1
2	103630	154.71961952	1
2	103686	154.8195376	1
2	103695	154.81957856	1
2	103702	154.81961952	1
2	103758	154.9195376	1
2	103767	154.91957856	1
2	103774	154.91961952	1
2	103830	155.0195376	1
2	103839	155.01957856	1
2	103846	155.01961952	1
2	103902	155.1195376	1
2	103911	155.11957856	1
2	103918	155.11961952	1
2	103974	155.2195376	1
2	103983	155.21957856	1
2	103990	155.21961952	1
2	104046	155.3195376	1
2	104055	155.31957856	1
2	104062	155.31961952	1
2	104118	155.4195376	1
2	104127	155.41957856	1
2	104134	155.41961952	1
2	104190	155.5195376	1
2	104199	155.51957856	1
2	104206	155.51961952	1
2	104262	155.6195376	1
2	104271	155.61957856	1
2	104278	155.61961952	1
2	104334	155.7195376	1
2	104343	155.71957856	1
2	104350	155.71961952	1
2	104406	155.8195376	1
2	104415	155.81957856	1
2	104422	155.81961952	1
2	104478	155.9195376	1
2	104487	155.91957856	1
2	104494	155.91961952	1
2	104550	156.0195376	1
2	104559	156.01957856	1
2	104566	156.01961952	1
2	104622	156.1195376	1
2	104631	156.11957856	1
2	104638	156.11961952	1
2	104694	156.2195376	1
2	104703	156.21957856	1
2	104710	156.21961952	1
2	104766	156.3195376	1
2	104775	156.31957856	1
2	104782	156.31961952	1
2	104838	156.4195376	1
2	104847	156.41957856	1
2	104854	156.41961952	1
2	104910	156.5195376	1
2	104919	156.51957856	1
2	104926	156.51961952	1
2	104982	156.6195376	1
2	104991	156.61957856	1
2	104998	156.61961952	1
2	105054	156.7195376	1
2	105063	156.71957856	1
2	105070	156.71961952	1
2	105126	156.8195376	1
2	105135	156.81957856	1
2	105142	156.81961952	1
2	105198	156.9195376	1
2	105207	156.91957856	1
2	105214	156.91961952	1
2	105270	157.0195376	1
2	105279	157.01957856	1
2	105286	157.01961952	1
2	105342	157.1195376	1
2	105351	157.11957856	1
2	105358	157.11961952	1
2	105414	157.2195376	1
2	105423	157.21957856	1
2	105430	157.21961952	1
2	105486	157.3195376	1
2	105495	157.31957856	1
2	105502	157.31961952	1
2	105558	157.4195376	1
2	105567	157.41957856	1
2	105574	157.41961952	1
2	105630	157.5195376	1
2	105639	157.51957856	1
2	105646	157.51961952	1
2	105702	157.6195376	1
2	105711	157.61957856	1
2	105718	157.61961952	1
2	105774	157.7195376	1
2	105783	157.71957856	1
2	105790	157.71961952	1
2	105846	157.8195376	1
2	105855	157.81957856	1
2	105862	157.81961952	1
2	105918	157.9195376	1
2	105927	157.91957856	1
2	105934	157.91961952	1
2	105990	158.0195376	1
2	105999	158.01957856	1
2	106006	158.01961952	1
2	106062	158.1195376	1
2	106071	158.11957856	1
2	106078	158.11961952	1
2	106134	158.2195376	1
2	106143	158.21957856	1
2	106150	158.21961952	1
2	106206	158.3195376	1
2	106215	158.31957856	1
2	106222	158.31961952	1
2	106278	158.4195376	1
2	106287	158.41957856	1
2	106294	158.41961952	1
2	106350	158.5195376	1
2	106359	158.51957856	1
2	106366	158.51961952	1
2	106422	158.6195376	1
2	106431	158.61957856	1
2	106438	158.61961952	1
2	106494	158.7195376	1
2	106503	158.71957856	1
2	106510	158.71961952	1
2	106566	158.8195376	1
2	106575	158.81957856	1
2	106582	158.81961952	1
2	106638	158.9195376	1
2	106647	158.91957856	1
2	106654	158.91961952	1
2	106710	159.0195376	1
2	106719	159.01957856	1
2	106726	159.01961952	1
2	106782	159.1195376	1
2	106791	159.11957856	1
2	106798	159.11961952	1
2	106854	159.2195376	1
2	106863	159.21957856	1
2	106870	159.21961952	1
2	106926	159.3195376	1
2	106935	159.31957856	1
2	106942	159.31961952	1
2	106998	159.4195376	1
2	107007	159.41957856	1
2	107014	159.41961952	1
2	107070	159.5195376	1
2	107079	159.51957856	1
2	107086	159.51961952	1
2	107142	159.6195376	1
2	107151	159.61957856	1
2	107158	159.61961952	1
2	107214	159.7195376	1
2	107223	159.71957856	1
2	107230	159.71961952	1
2	107286	159.8195376	1
2	107295	159.81957856	1
2	107302	159.81961952	1
2	107358	159.9195376	1
2	107367	159.91957856	1
2	107374	159.91961952	1
2	107430	160.0195376	1
2	107439	160.01957856	1
2	107446	160.01961952	1
2	107502	160.1195376	1
2	107511	160.11957856	1
2	107518	160.11961952	1
2	107574	160.2195376	1
2	107583	160.21957856	1
2	107590	160.21961952	1
2	107646	160.3195376	1
2	107655	160.31957856	1
2	107662	160.31961952	1
2	107718	160.4195376	1
2	107727	160.41957856	1
2	107734	160.41961952	1
2	107790	160.5195376	1
2	107799	160.51957856	1
2	107806	160.51961952	1
2	107862	160.6195376	1
2	107871	160.61957856	1
2	107878	160.61961952	1
2	107934	160.7195376	1
2	107943	160.71957856	1
2	107950	160.71961952	1
2	108006	160.8195376	1
2	108015	160.81957856	1
2	108022	160.81961952	1
2	108078	160.9195376	1
2	108087	160.91957856	1
2	108094	160.91961952	1
2	108150	161.0195376	1
2	108159	161.01957856	1
2	108166	161.01961952	1
2	108222	161.1195376	1
2	108231	161.11957856	1
2	108238	161.11961952	1
2	108294	161.2195376	1
2	108303	161.21957856	1
2	108310	161.21961952	1
2	108366	161.3195376	1
2	108375	161.31957856	1
2	108382	161.31961952	1
2	108438	161.4195376	1
2	108447	161.41957856	1
2	108454	161.41961952	1
2	108510	161.5195376	1
2	108519	161.51957856	1
2	108526	161.51961952	1
2	108582	161.6195376	1
2	108591	161.61957856	1
2	108598	161.61961952	1
2	108654	161.7195376	1
2	108663	161.71957856	1
2	108670	161.71961952	1
2	108726	161.8195376	1
2	108735	161.81957856	1
2	108742	161.81961952	1
2	108798	161.9195376	1
2	108807	161.91957856	1
2	108814	161.91961952	1
2	108870	162.0195376	1
2	108879	162.01957856	1
2	108886	162.01961952	1
2	108942	162.1195376	1
2	108951	162.11957856	1
2	108958	162.11961952	1
2	109014	162.2195376	1
2	109023	162.21957856	1
2	109030	162.21961952	1
2	109086	162.3195376	1
2	109095	162.31957856	1
2	109102	162.31961952	1
2	109158	162.4195376	1
2	109167	162.41957856	1
2	109174	162.41961952	1
2	109230	162.5195376	1
2	109239	162.51957856	1
2	109246	162.51961952	1
2	109302	162.6195376	1
2	109311	162.61957856	1
2	109318	162.61961952	1
2	109374	162.7195376	1
2	109383	162.71957856	1
2	109390	162.71961952	1
2	109446	162.8195376	1
2	109455	162.81957856	1
2	109462	162.81961952	1
2	109518	162.9195376	1
2	109527	162.91957856	1
2	109534	162.91961952	1
2	109590	163.0195376	1
2	109599	163.01957856	1
2	109606	163.01961952	1
2	109662	163.1195376	1
2	109671	163.11957856	1
2	109678	163.11961952	1
2	109734	163.2195376	1
2	109743	163.21957856	1
2	109750	163.21961952	1
2	109806	163.3195376	1
2	109815	163.31957856	1
2	109822	163.31961952	1
2	109878	163.4195376	1
2	109887	163.41957856	1
2	109894	163.41961952	1
2	109950	163.5195376	1
2	109959	163.51957856	1
2	109966	163.51961952	1
2	110022	163.6195376	1
2	110031	163.61957856	1
2	110038	163.61961952	1
2	110094	163.7195376	1
2	110103	163.71957856	1
2	110110	163.71961952	1
2	110166	163.8195376	1
2	110175	163.81957856	1
2	110182	163.81961952	1
2	110238	163.9195376	1
2	110247	163.91957856	1
2	110254	163.91961952	1
2	110310	164.0195376	1
2	110319	164.01957856	1
2	110326	164.01961952	1
2	110382	164.1195376	1
2	110391	164.11957856	1
2	110398	164.11961952	1
2	110454	164.2195376	1
2	110463	164.21957856	1
2	110470	164.21961952	1
2	110526	164.3195376	1
2	110535	164.31957856	1
2	110542	164.31961952	1
2	110598	164.4195376	1
2	110607	164.41957856	1
2	110614	164.41961952	1
2	110670	164.5195376	1
2	110679	164.51957856	1
2	110686	164.51961952	1
2	110742	164.6195376	1
2	110751	164.61957856	1
2	110758	164.61961952	1
2	110814	164.7195376	1
2	110823	164.71957856	1
2	110830	164.71961952	1
2	110886	164.8195376	1
2	110895	164.81957856	1
2	110902	164.81961952	1
2	110958	164.9195376	1
2	110967	164.91957856	1
2	110974	164.91961952	1
2	111030	165.0195376	1
2	111039	165.01957856	1
2	111046	165.01961952	1
2	111102	165.1195376	1
2	111111	165.11957856	1
2	111118	165.11961952	1
2	111174	165.2195376	1
2	111183	165.21957856	1
2	111190	165.21961952	1
2	111246	165.3195376	1
2	111255	165.31957856	1
2	111262	165.31961952	1
2	111318	165.4195376	1
2	111327	165.41957856	1
2	111334	165.41961952	1
2	111390	165.5195376	1
2	111399	165.51957856	1
2	111406	165.51961952	1
2	111462	165.6195376	1
2	111471	165.61957856	1
2	111478	165.61961952	1
2	111534	165.7195376	1
2	111543	165.71957856	1
2	111550	165.71961952	1
2	111606	165.8195376	1
2	111615	165.81957856	1
2	111622	165.81961952	1
2	111678	165.9195376	1
2	111687	165.91957856	1
2	111694	165.91961952	1
2	111750	166.0195376	1
2	111759	166.01957856	1
2	111766	166.01961952	1
2	111822	166.1195376	1
2	111831	166.11957856	1
2	111838	166.11961952	1
2	111894	166.2195376	1
2	111903	166.21957856	1
2	111910	166.21961952	1
2	111966	166.3195376	1
2	111975	166.31957856	1
2	111982	166.31961952	1
2	112038	166.4195376	1
2	112047	166.41957856	1
2	112054	166.41961952	1
2	112110	166.5195376	1
2	112119	166.51957856	1
2	112126	166.51961952	1
2	112182	166.6195376	1
2	112191	166.61957856	1
2	112198	166.61961952	1
2	112254	166.7195376	1
2	112263	166.71957856	1
2	112270	166.71961952	1
2	112326	166.8195376	1
2	112335	166.81957856	1
2	112342	166.81961952	1
2	112398	166.9195376	1
2	112407	166.91957856	1
2	112414	166.91961952	1
2	112470	167.0195376	1
2	112479	167.01957856	1
2	112486	167.01961952	1
2	112542	167.1195376	1
2	112551	167.11957856	1
2	112558	167.11961952	1
2	112614	167.2195376	1
2	112623	167.21957856	1
2	112630	167.21961952	1
2	112686	167.3195376	1
2	112695	167.31957856	1
2	112702	167.31961952	1
2	112758	167.4195376	1
2	112767	167.41957856	1
2	112774	167.41961952	1
2	112830	167.5195376	1
2	112839	167.51957856	1
2	112846	167.51961952	1
2	112902	167.6195376	1
2	112911	167.61957856	1
2	112918	167.61961952	1
2	112974	167.7195376	1
2	112983	167.71957856	1
2	112990	167.71961952	1
2	113046	167.8195376	1
2	113055	167.81957856	1
2	113062	167.81961952	1
2	113118	167.9195376	1
2	113127	167.91957856	1
2	113134	167.91961952	1
2	113190	168.0195376	1
2	113199	168.01957856	1
2	113206	168.01961952	1
2	113262	168.1195376	1
2	113271	168.11957856	1
2	113278	168.11961952	1
2	113334	168.2195376	1
2	113343	168.21957856	1
2	113350	168.21961952	1
2	113406	168.3195376	1
2	113415	168.31957856	1
2	113422	168.31961952	1
2	113478	168.4195376	1
2	113487	168.41957856	1
2	113494	168.41961952	1
2	113550	168.5195376	1
2	113559	168.51957856	1
2	113566	168.51961952	1
2	113622	168.6195376	1
2	113631	168.61957856	1
2	113638	168.61961952	1
2	113694	168.7195376	1
2	113703	168.71957856	1
2	113710	168.71961952	1
2	113766	168.8195376	1
2	113775	168.81957856	1
2	113782	168.81961952	1
2	113838	168.9195376	1
2	113847	168.91957856	1
2	113854	168.91961952	1
2	113910	169.0195376	1
2	113919	169.01957856	1
2	113926	169.01961952	1
2	113982	169.1195376	1
2	113991	169.11957856	1
2	113998	169.11961952	1
2	114054	169.2195376	1
2	114063	169.21957856	1
2	114070	169.21961952	1
2	114126	169.3195376	1
2	114135	169.31957856	1
2	114142	169.31961952	1
2	114198	169.4195376	1
2	114207	169.41957856	1
2	114214	169.41961952	1
2	114270	169.5195376	1
2	114279	169.51957856	1
2	114286	169.51961952	1
2	114342	169.6195376	1
2	114351	169.61957856	1
2	114358	169.61961952	1
2	114414	169.7195376	1
2	114423	169.71957856	1
2	114430	169.71961952	1
2	114486	169.8195376	1
2	114495	169.81957856	1
2	114502	169.81961952	1
2	114558	169.9195376	1
2	114567	169.91957856	1
2	114574	169.91961952	1
2	114630	170.0195376	1
2	114639	170.01957856	1
2	114646	170.01961952	1
2	114702	170.1195376	1
2	114711	170.11957856	1
2	114718	170.11961952	1
2	114774	170.2195376	1
2	114783	170.21957856	1
2	114790	170.21961952	1
2	114846	170.3195376	1
2	114855	170.31957856	1
2	114862	170.31961952	1
2	114918	170.4195376	1
2	114927	170.41957856	1
2	114934	170.41961952	1
2	114990	170.5195376	1
2	114999	170.51957856	1
2	115006	170.51961952	1
2	115062	170.6195376	1
2	115071	170.61957856	1
2	115078	170.61961952	1
2	115134	170.7195376	1
2	115143	170.71957856	1
2	115150	170.71961952	1
2	115206	170.8195376	1
2	115215	170.81957856	1
2	115222	170.81961952	1
2	115278	170.9195376	1
2	115287	170.91957856	1
2	115294	170.91961952	1
2	115350	171.0195376	1
2	115359	171.01957856	1
2	115366	171.01961952	1
2	115422	171.1195376	1
2	115431	171.11957856	1
2	115438	171.11961952	1
2	115494	171.2195376	1
2	115503	171.21957856	1
2	115510	171.21961952	1
2	115566	171.3195376	1
2	115575	171.31957856	1
2	115582	171.31961952	1
2	115638	171.4195376	1
2	115647	171.41957856	1
2	115654	171.41961952	1
2	115710	171.5195376	1
2	115719	171.51957856	1
2	115726	171.51961952	1
2	115782	171.6195376	1
2	115791	171.61957856	1
2	115798	171.61961952	1
2	115854	171.7195376	1
2	115863	171.71957856	1
2	115870	171.71961952	1
2	115926	171.8195376	1
2	115935	171.81957856	1
2	115942	171.81961952	1
2	115998	171.9195376	1
2	116007	171.91957856	1
2	116014	171.91961952	1
2	116070	172.0195376	1
2	116079	172.01957856	1
2	116086	172.01961952	1
2	116142	172.1195376	1
2	116151	172.11957856	1
2	116158	172.11961952	1
2	116214	172.2195376	1
2	116223	172.21957856	1
2	116230	172.21961952	1
2	116286	172.3195376	1
2	116295	172.31957856	1
2	116302	172.31961952	1
2	116358	172.4195376	1
2	116367	172.41957856	1
2	116374	172.41961952	1
2	116430	172.5195376	1
2	116439	172.51957856	1
2	116446	172.51961952	1
2	116502	172.6195376	1
2	116511	172.61957856	1
2	116518	172.61961952	1
2	116574	172.7195376	1
2	116583	172.71957856	1
2	116590	172.71961952	1
2	116646	172.8195376	1
2	116655	172.81957856	1
2	116662	172.81961952	1
2	116718	172.9195376	1
2	116727	172.91957856	1
2	116734	172.91961952	1
2	116790	173.0195376	1
2	116799	173.01957856	1
2	116806	173.01961952	1
2	116862	173.1195376	1
2	116871	173.11957856	1
2	116878	173.11961952	1
2	116934	173.2195376	1
2	116943	173.21957856	1
2	116950	173.21961952	1
2	117006	173.3195376	1
2	117015	173.31957856	1
2	117022	173.31961952	1
2	117078	173.4195376	1
2	117087	173.41957856	1
2	117094	173.41961952	1
2	117150	173.5195376	1
2	117159	173.51957856	1
2	117166	173.51961952	1
2	117222	173.6195376	1
2	117231	173.61957856	1
2	117238	173.61961952	1
2	117294	173.7195376	1
2	117303	173.71957856	1
2	117310	173.71961952	1
2	117366	173.8195376	1
2	117375	173.81957856	1
2	117382	173.81961952	1
2	117438	173.9195376	1
2	117447	173.91957856	1
2	117454	173.91961952	1
2	117510	174.0195376	1
2	117519	174.01957856	1
2	117526	174.01961952	1
2	117582	174.1195376	1
2	117591	174.11957856	1
2	117598	174.11961952	1
2	117654	174.2195376	1
2	117663	174.21957856	1
2	117670	174.21961952	1
2	117726	174.3195376	1
2	117735	174.31957856	1
2	117742	174.31961952	1
2	117798	174.4195376	1
2	117807	174.41957856	1
2	117814	174.41961952	1
2	117870	174.5195376	1
2	117879	174.51957856	1
2	117886	174.51961952	1
2	117942	174.6195376	1
2	117951	174.61957856	1
2	117958	174.61961952	1
2	118014	174.7195376	1
2	118023	174.71957856	1
2	118030	174.71961952	1
2	118086	174.8195376	1
2	118095	174.81957856	1
2	118102	174.81961952	1
2	118158	174.9195376	1
2	118167	174.91957856	1
2	118174	174.91961952	1
3	19	1.0010512	1
3	27	1.00105632	1
3	31	1.00106144	1
3	99	1.00708192	1
3	103	1.0071024	1
3	107	1.00712288	1
3	147	1.01954272	1
3	157	1.01958368	1
3	163	1.01962464	1
3	219	1.11954272	1
3	229	1.11958368	1
3	235	1.11962464	1
3	291	1.21954272	1
3	301	1.21958368	1
3	307	1.21962464	1
3	363	1.31954272	1
3	373	1.31958368	1
3	379	1.31962464	1
3	435	1.41954272	1
3	445	1.41958368	1
3	451	1.41962464	1
3	507	1.51954272	1
3	517	1.51958368	1
3	523	1.51962464	1
3	579	1.61954272	1
3	589	1.61958368	1
3	595	1.61962464	1
3	651	1.71954272	1
3	661	1.71958368	1
3	667	1.71962464	1
3	723	1.81954272	1
3	733	1.81958368	1
3	739	1.81962464	1
3	795	1.91954272	1
3	805	1.91958368	1
3	811	1.91962464	1
3	867	2.01954272	1
3	877	2.01958368	1
3	883	2.01962464	1
3	939	2.11954272	1
3	949	2.11958368	1
3	955	2.11962464	1
3	1011	2.21954272	1
3	1021	2.21958368	1
3	1027	2.21962464	1
3	1083	2.31954272	1
3	1093	2.31958368	1
3	1099	2.31962464	1
3	1155	2.41954272	1
3	1165	2.41958368	1
3	1171	2.41962464	1
3	1227	2.51954272	1
3	1237	2.51958368	1
3	1243	2.51962464	1
3	1299	2.61954272	1
3	1309	2.61958368	1
3	1315	2.61962464	1
3	1371	2.71954272	1
3	1381	2.71958368	1
3	1387	2.71962464	1
3	1443	2.81954272	1
3	1453	2.81958368	1
3	1459	2.81962464	1
3	1515	2.91954272	1
3	1525	2.91958368	1
3	1531	2.91962464	1
3	1587	3.01954272	1
3	1597	3.01958368	1
3	1603	3.01962464	1
3	1659	3.11954272	1
3	1669	3.11958368	1
3	1675	3.11962464	1
3	1731	3.21954272	1
3	1741	3.21958368	1
3	1747	3.21962464	1
3	1803	3.31954272	1
3	1813	3.31958368	1
3	1819	3.31962464	1
3	1875	3.41954272	1
3	1885	3.41958368	1
3	1891	3.41962464	1
3	1947	3.51954272	1
3	1957	3.51958368	1
3	1963	3.51962464	1
3	2019	3.61954272	1
3	2029	3.61958368	1
3	2035	3.61962464	1
3	2091	3.71954272	1
3	2101	3.71958368	1
3	2107	3.71962464	1
3	2163	3.81954272	1
3	2173	3.81958368	1
3	2179	3.81962464	1
3	2235	3.91954272	1
3	2245	3.91958368	1
3	2251	3.91962464	1
3	2307	4.01954272	1
3	2317	4.01958368	1
3	2323	4.01962464	1
3	2379	4.11954272	1
3	2389	4.11958368	1
3	2395	4.11962464	1
3	2451	4.21954272	1
3	2461	4.21958368	1
3	2467	4.21962464	1
3	2523	4.31954272	1
3	2533	4.31958368	1
3	2539	4.31962464	1
3	2595	4.41954272	1
3	2605	4.41958368	1
3	2611	4.41962464	1
3	2667	4.51954272	1
3	2677	4.51958368	1
3	2683	4.51962464	1
3	2739	4.61954272	1
3	2749	4.61958368	1
3	2755	4.61962464	1
3	2811	4.71954272	1
3	2821	4.71958368	1
3	2827	4.71962464	1
3	2883	4.81954272	1
3	2893	4.81958368	1
3	2899	4.81962464	1
3	2955	4.91954272	1
3	2965	4.91958368	1
3	2971	4.91962464	1
3	3027	5.01954272	1
3	3037	5.01958368	1
3	3043	5.01962464	1
3	3099	5.11954272	1
3	3109	5.11958368	1
3	3115	5.11962464	1
3	3171	5.21954272	1
3	3181	5.21958368	1
3	3187	5.21962464	1
3	3243	5.31954272	1
3	3253	5.31958368	1
3	3259	5.31962464	1
3	3315	5.41954272	1
3	3325	5.41958368	1
3	3331	5.41962464	1
3	3387	5.51954272	1
3	3397	5.51958368	1
3	3403	5.51962464	1
3	3459	5.61954272	1
3	3469	5.61958368	1
3	3475	5.61962464	1
3	3531	5.71954272	1
3	3541	5.71958368	1
3	3547	5.71962464	1
3	3603	5.81954272	1
3	3613	5.81958368	1
3	3619	5.81962464	1
3	3675	5.91954272	1
3	3685	5.91958368	1
3	3691	5.91962464	1
3	3747	6.01954272	1
3	3757	6.01958368	1
3	3763	6.01962464	1
3	3819	6.11954272	1
3	3829	6.11958368	1
3	3835	6.11962464	1
3	3891	6.21954272	1
3	3901	6.21958368	1
3	3907	6.21962464	1
3	3963	6.31954272	1
3	3973	6.31958368	1
3	3979	6.31962464	1
3	4035	6.41954272	1
3	4045	6.41958368	1
3	4051	6.41962464	1
3	4107	6.51954272	1
3	4117	6.51958368	1
3	4123	6.51962464	1
3	4179	6.61954272	1
3	4189	6.61958368	1
3	4195	6.61962464	1
3	4251	6.71954272	1
3	4261	6.71958368	1
3	4267	6.71962464	1
3	4323	6.81954272	1
3	4333	6.81958368	1
3	4339	6.81962464	1
3	4395	6.91954272	1
3	4405	6.91958368	1
3	4411	6.91962464	1
3	4467	7.01954272	1
3	4477	7.01958368	1
3	4483	7.01962464	1
3	4539	7.11954272	1
3	4549	7.11958368	1
3	4555	7.11962464	1
3	4611	7.21954272	1
3	4621	7.21958368	1
3	4627	7.21962464	1
3	4683	7.31954272	1
3	4693	7.31958368	1
3	4699	7.31962464	1
3	4755	7.41954272	1
3	4765	7.41958368	1
3	4771	7.41962464	1
3	4827	7.51954272	1
3	4837	7.51958368	1
3	4843	7.51962464	1
3	4899	7.61954272	1
3	4909	7.61958368	1
3	4915	7.61962464	1
3	4971	7.71954272	1
3	4981	7.71958368	1
3	4987	7.71962464	1
3	5043	7.81954272	1
3	5053	7.81958368	1
3	5059	7.81962464	1
3	5115	7.91954272	1
3	5125	7.91958368	1
3	5131	7.91962464	1
3	5187	8.01954272	1
3	5197	8.01958368	1
3	5203	8.01962464	1
3	5259	8.11954272	1
3	5269	8.11958368	1
3	5275	8.11962464	1
3	5331	8.21954272	1
3	5341	8.21958368	1
3	5347	8.21962464	1
3	5403	8.31954272	1
3	5413	8.31958368	1
3	5419	8.31962464	1
3	5475	8.41954272	1
3	5485	8.41958368	1
3	5491	8.41962464	1
3	5547	8.51954272	1
3	5557	8.51958368	1
3	5563	8.51962464	1
3	5619	8.61954272	1
3	5629	8.61958368	1
3	5635	8.61962464	1
3	5691	8.71954272	1
3	5701	8.71958368	1
3	5707	8.71962464	1
3	5763	8.81954272	1
3	5773	8.81958368	1
3	5779	8.81962464	1
3	5835	8.91954272	1
3	5845	8.91958368	1
3	5851	8.91962464	1
3	5907	9.01954272	1
3	5917	9.01958368	1
3	5923	9.01962464	1
3	5979	9.11954272	1
3	5989	9.11958368	1
3	5995	9.11962464	1
3	6051	9.21954272	1
3	6061	9.21958368	1
3	6067	9.21962464	1
3	6123	9.31954272	1
3	6133	9.31958368	1
3	6139	9.31962464	1
3	6195	9.41954272	1
3	6205	9.41958368	1
3	6211	9.41962464	1
3	6267	9.51954272	1
3	6277	9.51958368	1
3	6283	9.51962464	1
3	6339	9.61954272	1
3	6349	9.61958368	1
3	6355	9.61962464	1
3	6411	9.71954272	1
3	6421	9.71958368	1
3	6427	9.71962464	1
3	6483	9.81954272	1
3	6493	9.81958368	1
3	6499	9.81962464	1
3	6555	9.91954272	1
3	6565	9.91958368	1
3	6571	9.91962464	1
3	6627	10.01954272	1
3	6637	10.01958368	1
3	6643	10.01962464	1
3	6699	10.11954272	1
3	6709	10.11958368	1
3	6715	10.11962464	1
3	6771	10.21954272	1
3	6781	10.21958368	1
3	6787	10.21962464	1
3	6843	10.31954272	1
3	6853	10.31958368	1
3	6859	10.31962464	1
3	6915	10.41954272	1
3	6925	10.41958368	1
3	6931	10.41962464	1
3	6987	10.51954272	1
3	6997	10.51958368	1
3	7003	10.51962464	1
3	7059	10.61954272	1
3	7069	10.61958368	1
3	7075	10.61962464	1
3	7131	10.71954272	1
3	7141	10.71958368	1
3	7147	10.71962464	1
3	7203	10.81954272	1
3	7213	10.81958368	1
3	7219	10.81962464	1
3	7275	10.91954272	1
3	7285	10.91958368	1
3	7291	10.91962464	1
3	7347	11.01954272	1
3	7357	11.01958368	1
3	7363	11.01962464	1
3	7419	11.11954272	1
3	7429	11.11958368	1
3	7435	11.11962464	1
3	7491	11.21954272	1
3	7501	11.21958368	1
3	7507	11.21962464	1
3	7563	11.31954272	1
3	7573	11.31958368	1
3	7579	11.31962464	1
3	7635	11.41954272	1
3	7645	11.41958368	1
3	7651	11.41962464	1
3	7707	11.51954272	1
3	7717	11.51958368	1
3	7723	11.51962464	1
3	7779	11.61954272	1
3	7789	11.61958368	1
3	7795	11.61962464	1
3	7851	11.71954272	1
3	7861	11.71958368	1
3	7867	11.71962464	1
3	7923	11.81954272	1
3	7933	11.81958368	1
3	7939	11.81962464	1
3	7995	11.91954272	1
3	8005	11.91958368	1
3	8011	11.91962464	1
3	8067	12.01954272	1
3	8077	12.01958368	1
3	8083	12.01962464	1
3	8139	12.11954272	1
3	8149	12.11958368	1
3	8155	12.11962464	1
3	8211	12.21954272	1
3	8221	12.21958368	1
3	8227	12.21962464	1
3	8283	12.31954272	1
3	8293	12.31958368	1
3	8299	12.31962464	1
3	8355	12.41954272	1
3	8365	12.41958368	1
3	8371	12.41962464	1
3	8427	12.51954272	1
3	8437	12.51958368	1
3	8443	12.51962464	1
3	8499	12.61954272	1
3	8509	12.61958368	1
3	8515	12.61962464	1
3	8571	12.71954272	1
3	8581	12.71958368	1
3	8587	12.71962464	1
3	8643	12.81954272	1
3	8653	12.81958368	1
3	8659	12.81962464	1
3	8715	12.91954272	1
3	8725	12.91958368	1
3	8731	12.91962464	1
3	8787	13.01954272	1
3	8797	13.01958368	1
3	8803	13.01962464	1
3	8859	13.11954272	1
3	8869	13.11958368	1
3	8875	13.11962464	1
3	8931	13.21954272	1
3	8941	13.21958368	1
3	8947	13.21962464	1
3	9003	13.31954272	1
3	9013	13.31958368	1
3	9019	13.31962464	1
3	9075	13.41954272	1
3	9085	13.41958368	1
3	9091	13.41962464	1
3	9147	13.51954272	1
3	9157	13.51958368	1
3	9163	13.51962464	1
3	9219	13.61954272	1
3	9229	13.61958368	1
3	9235	13.61962464	1
3	9291	13.71954272	1
3	9301	13.71958368	1
3	9307	13.71962464	1
3	9363	13.81954272	1
3	9373	13.81958368	1
3	9379	13.81962464	1
3	9435	13.91954272	1
3	9445	13.91958368	1
3	9451	13.91962464	1
3	9507	14.01954272	1
3	9517	14.01958368	1
3	9523	14.01962464	1
3	9579	14.11954272	1
3	9589	14.11958368	1
3	9595	14.11962464	1
3	9651	14.21954272	1
3	9661	14.21958368	1
3	9667	14.21962464	1
3	9723	14.31954272	1
3	9733	14.31958368	1
3	9739	14.31962464	1
3	9795	14.41954272	1
3	9805	14.41958368	1
3	9811	14.41962464	1
3	9867	14.51954272	1
3	9877	14.51958368	1
3	9883	14.51962464	1
3	9939	14.61954272	1
3	9949	14.61958368	1
3	9955	14.61962464	1
3	10011	14.71954272	1
3	10021	14.71958368	1
3	10027	14.71962464	1
3	10083	14.81954272	1
3	10093	14.81958368	1
3	10099	14.81962464	1
3	10155	14.91954272	1
3	10165	14.91958368	1
3	10171	14.91962464	1
3	10227	15.01954272	1
3	10237	15.01958368	1
3	10243	15.01962464	1
3	10299	15.11954272	1
3	10309	15.11958368	1
3	10315	15.11962464	1
3	10371	15.21954272	1
3	10381	15.21958368	1
3	10387	15.21962464	1
3	10443	15.31954272	1
3	10453	15.31958368	1
3	10459	15.31962464	1
3	10515	15.41954272	1
3	10525	15.41958368	1
3	10531	15.41962464	1
3	10587	15.51954272	1
3	10597	15.51958368	1
3	10603	15.51962464	1
3	10659	15.61954272	1
3	10669	15.61958368	1
3	10675	15.61962464	1
3	10731	15.71954272	1
3	10741	15.71958368	1
3	10747	15.71962464	1
3	10803	15.81954272	1
3	10813	15.81958368	1
3	10819	15.81962464	1
3	10875	15.91954272	1
3	10885	15.91958368	1
3	10891	15.91962464	1
3	10947	16.01954272	1
3	10957	16.01958368	1
3	10963	16.01962464	1
3	11019	16.11954272	1
3	11029	16.11958368	1
3	11035	16.11962464	1
3	11091	16.21954272	1
3	11101	16.21958368	1
3	11107	16.21962464	1
3	11163	16.31954272	1
3	11173	16.31958368	1
3	11179	16.31962464	1
3	11235	16.41954272	1
3	11245	16.41958368	1
3	11251	16.41962464	1
3	11307	16.51954272	1
3	11317	16.51958368	1
3	11323	16.51962464	1
3	11379	16.61954272	1
3	11389	16.61958368	1
3	11395	16.61962464	1
3	11451	16.71954272	1
3	11461	16.71958368	1
3	11467	16.71962464	1
3	11523	16.81954272	1
3	11533	16.81958368	1
3	11539	16.81962464	1
3	11595	16.91954272	1
3	11605	16.91958368	1
3	11611	16.91962464	1
3	11667	17.01954272	1
3	11677	17.01958368	1
3	11683	17.01962464	1
3	11739	17.11954272	1
3	11749	17.11958368	1
3	11755	17.11962464	1
3	11811	17.21954272	1
3	11821	17.21958368	1
3	11827	17.21962464	1
3	11883	17.31954272	1
3	11893	17.31958368	1
3	11899	17.31962464	1
3	11955	17.41954272	1
3	11965	17.41958368	1
3	11971	17.41962464	1
3	12027	17.51954272	1
3	12037	17.51958368	1
3	12043	17.51962464	1
3	12099	17.61954272	1
3	12109	17.61958368	1
3	12115	17.61962464	1
3	12171	17.71954272	1
3	12181	17.71958368	1
3	12187	17.71962464	1
3	12243	17.81954272	1
3	12253	17.81958368	1
3	12259	17.81962464	1
3	12315	17.91954272	1
3	12325	17.91958368	1
3	12331	17.91962464	1
3	12387	18.01954272	1
3	12397	18.01958368	1
3	12403	18.01962464	1
3	12459	18.11954272	1
3	12469	18.11958368	1
3	12475	18.11962464	1
3	12531	18.21954272	1
3	12541	18.21958368	1
3	12547	18.21962464	1
3	12603	18.31954272	1
3	12613	18.31958368	1
3	12619	18.31962464	1
3	12675	18.41954272	1
3	12685	18.41958368	1
3	12691	18.41962464	1
3	12747	18.51954272	1
3	12757	18.51958368	1
3	12763	18.51962464	1
3	12819	18.61954272	1
3	12829	18.61958368	1
3	12835	18.61962464	1
3	12891	18.71954272	1
3	12901	18.71958368	1
3	12907	18.71962464	1
3	12963	18.81954272	1
3	12973	18.81958368	1
3	12979	18.81962464	1
3	13035	18.91954272	1
3	13045	18.91958368	1
3	13051	18.91962464	1
3	13107	19.01954272	1
3	13117	19.01958368	1
3	13123	19.01962464	1
3	13179	19.11954272	1
3	13189	19.11958368	1
3	13195	19.11962464	1
3	13251	19.21954272	1
3	13261	19.21958368	1
3	13267	19.21962464	1
3	13323	19.31954272	1
3	13333	19.31958368	1
3	13339	19.31962464	1
3	13395	19.41954272	1
3	13405	19.41958368	1
3	13411	19.41962464	1
3	13467	19.51954272	1
3	13477	19.51958368	1
3	13483	19.51962464	1
3	13539	19.61954272	1
3	13549	19.61958368	1
3	13555	19.61962464	1
3	13611	19.71954272	1
3	13621	19.71958368	1
3	13627	19.71962464	1
3	13683	19.81954272	1
3	13693	19.81958368	1
3	13699	19.81962464	1
3	13755	19.91954272	1
3	13765	19.91958368	1
3	13771	19.91962464	1
3	13827	20.01954272	1
3	13837	20.01958368	1
3	13843	20.01962464	1
3	13899	20.11954272	1
3	13909	20.11958368	1
3	13915	20.11962464	1
3	13971	20.21954272	1
3	13981	20.21958368	1
3	13987	20.21962464	1
3	14043	20.31954272	1
3	14053	20.31958368	1
3	14059	20.31962464	1
3	14115	20.41954272	1
3	14125	20.41958368	1
3	14131	20.41962464	1
3	14187	20.51954272	1
3	14197	20.51958368	1
3	14203	20.51962464	1
3	14259	20.61954272	1
3	14269	20.61958368	1
3	14275	20.61962464	1
3	14331	20.71954272	1
3	14341	20.71958368	1
3	14347	20.71962464	1
3	14403	20.81954272	1
3	14413	20.81958368	1
3	14419	20.81962464	1
3	14475	20.91954272	1
3	14485	20.91958368	1
3	14491	20.91962464	1
3	14547	21.01954272	1
3	14557	21.01958368	1
3	14563	21.01962464	1
3	14619	21.11954272	1
3	14629	21.11958368	1
3	14635	21.11962464	1
3	14691	21.21954272	1
3	14701	21.21958368	1
3	14707	21.21962464	1
3	14763	21.31954272	1
3	14773	21.31958368	1
3	14779	21.31962464	1
3	14835	21.41954272	1
3	14845	21.41958368	1
3	14851	21.41962464	1
3	14907	21.51954272	1
3	14917	21.51958368	1
3	14923	21.51962464	1
3	14979	21.61954272	1
3	14989	21.61958368	1
3	14995	21.61962464	1
3	15051	21.71954272	1
3	15061	21.71958368	1
3	15067	21.71962464	1
3	15123	21.81954272	1
3	15133	21.81958368	1
3	15139	21.81962464	1
3	15195	21.91954272	1
3	15205	21.91958368	1
3	15211	21.91962464	1
3	15267	22.01954272	1
3	15277	22.01958368	1
3	15283	22.01962464	1
3	15339	22.11954272	1
3	15349	22.11958368	1
3	15355	22.11962464	1
3	15411	22.21954272	1
3	15421	22.21958368	1
3	15427	22.21962464	1
3	15483	22.31954272	1
3	15493	22.31958368	1
3	15499	22.31962464	1
3	15555	22.41954272	1
3	15565	22.41958368	1
3	15571	22.41962464	1
3	15627	22.51954272	1
3	15637	22.51958368	1
3	15643	22.51962464	1
3	15699	22.61954272	1
3	15709	22.61958368	1
3	15715	22.61962464	1
3	15771	22.71954272	1
3	15781	22.71958368	1
3	15787	22.71962464	1
3	15843	22.81954272	1
3	15853	22.81958368	1
3	15859	22.81962464	1
3	15915	22.91954272	1
3	15925	22.91958368	1
3	15931	22.91962464	1
3	15987	23.01954272	1
3	15997	23.01958368	1
3	16003	23.01962464	1
3	16059	23.11954272	1
3	16069	23.11958368	1
3	16075	23.11962464	1
3	16131	23.21954272	1
3	16141	23.21958368	1
3	16147	23.21962464	1
3	16203	23.31954272	1
3	16213	23.31958368	1
3	16219	23.31962464	1
3	16275	23.41954272	1
3	16285	23.41958368	1
3	16291	23.41962464	1
3	16347	23.51954272	1
3	16357	23.51958368	1
3	16363	23.51962464	1
3	16419	23.61954272	1
3	16429	23.61958368	1
3	16435	23.61962464	1
3	16491	23.71954272	1
3	16501	23.71958368	1
3	16507	23.71962464	1
3	16563	23.81954272	1
3	16573	23.81958368	1
3	16579	23.81962464	1
3	16635	23.91954272	1
3	16645	23.91958368	1
3	16651	23.91962464	1
3	16707	24.01954272	1
3	16717	24.01958368	1
3	16723	24.01962464	1
3	16779	24.11954272	1
3	16789	24.11958368	1
3	16795	24.11962464	1
3	16851	24.21954272	1
3	16861	24.21958368	1
3	16867	24.21962464	1
3	16923	24.31954272	1
3	16933	24.31958368	1
3	16939	24.31962464	1
3	16995	24.41954272	1
3	17005	24.41958368	1
3	17011	24.41962464	1
3	17067	24.51954272	1
3	17077	24.51958368	1
3	17083	24.51962464	1
3	17139	24.61954272	1
3	17149	24.61958368	1
3	17155	24.61962464	1
3	17211	24.71954272	1
3	17221	24.71958368	1
3	17227	24.71962464	1
3	17283	24.81954272	1
3	17293	24.81958368	1
3	17299	24.81962464	1
3	17355	24.91954272	1
3	17365	24.91958368	1
3	17371	24.91962464	1
3	17427	25.01954272	1
3	17437	25.01958368	1
3	17443	25.01962464	1
3	17499	25.11954272	1
3	17509	25.11958368	1
3	17515	25.11962464	1
3	17571	25.21954272	1
3	17581	25.21958368	1
3	17587	25.21962464	1
3	17643	25.31954272	1
3	17653	25.31958368	1
3	17659	25.31962464	1
3	17715	25.41954272	1
3	17725	25.41958368	1
3	17731	25.41962464	1
3	17787	25.51954272	1
3	17797	25.51958368	1
3	17803	25.51962464	1
3	17859	25.61954272	1
3	17869	25.61958368	1
3	17875	25.61962464	1
3	17931	25.71954272	1
3	17941	25.71958368	1
3	17947	25.71962464	1
3	18003	25.81954272	1
3	18013	25.81958368	1
3	18019	25.81962464	1
3	18075	25.91954272	1
3	18085	25.91958368	1
3	18091	25.91962464	1
3	18147	26.01954272	1
3	18157	26.01958368	1
3	18163	26.01962464	1
3	18219	26.11954272	1
3	18229	26.11958368	1
3	18235	26.11962464	1
3	18291	26.21954272	1
3	18301	26.21958368	1
3	18307	26.21962464	1
3	18363	26.31954272	1
3	18373	26.31958368	1
3	18379	26.31962464	1
3	18435	26.41954272	1
3	18445	26.41958368	1
3	18451	26.41962464	1
3	18507	26.51954272	1
3	18517	26.51958368	1
3	18523	26.51962464	1
3	18579	26.61954272	1
3	18589	26.61958368	1
3	18595	26.61962464	1
3	18651	26.71954272	1
3	18661	26.71958368	1
3	18667	26.71962464	1
3	18723	26.81954272	1
3	18733	26.81958368	1
3	18739	26.81962464	1
3	18795	26.91954272	1
3	18805	26.91958368	1
3	18811	26.91962464	1
3	18867	27.01954272	1
3	18877	27.01958368	1
3	18883	27.01962464	1
3	18939	27.11954272	1
3	18949	27.11958368	1
3	18955	27.11962464	1
3	19011	27.21954272	1
3	19021	27.21958368	1
3	19027	27.21962464	1
3	19083	27.31954272	1
3	19093	27.31958368	1
3	19099	27.31962464	1
3	19155	27.41954272	1
3	19165	27.41958368	1
3	19171	27.41962464	1
3	19227	27.51954272	1
3	19237	27.51958368	1
3	19243	27.51962464	1
3	19299	27.61954272	1
3	19309	27.61958368	1
3	19315	27.61962464	1
3	19371	27.71954272	1
3	19381	27.71958368	1
3	19387	27.71962464	1
3	19443	27.81954272	1
3	19453	27.81958368	1
3	19459	27.81962464	1
3	19515	27.91954272	1
3	19525	27.91958368	1
3	19531	27.91962464	1
3	19587	28.01954272	1
3	19597	28.01958368	1
3	19603	28.01962464	1
3	19659	28.11954272	1
3	19669	28.11958368	1
3	19675	28.11962464	1
3	19731	28.21954272	1
3	19741	28.21958368	1
3	19747	28.21962464	1
3	19803	28.31954272	1
3	19813	28.31958368	1
3	19819	28.31962464	1
3	19875	28.41954272	1
3	19885	28.41958368	1
3	19891	28.41962464	1
3	19947	28.51954272	1
3	19957	28.51958368	1
3	19963	28.51962464	1
3	20019	28.61954272	1
3	20029	28.61958368	1
3	20035	28.61962464	1
3	20091	28.71954272	1
3	20101	28.71958368	1
3	20107	28.71962464	1
3	20163	28.81954272	1
3	20173	28.81958368	1
3	20179	28.81962464	1
3	20235	28.91954272	1
3	20245	28.91958368	1
3	20251	28.91962464	1
3	20307	29.01954272	1
3	20317	29.01958368	1
3	20323	29.01962464	1
3	20379	29.11954272	1
3	20389	29.11958368	1
3	20395	29.11962464	1
3	20451	29.21954272	1
3	20461	29.21958368	1
3	20467	29.21962464	1
3	20523	29.31954272	1
3	20533	29.31958368	1
3	20539	29.31962464	1
3	20595	29.41954272	1
3	20605	29.41958368	1
3	20611	29.41962464	1
3	20667	29.51954272	1
3	20677	29.51958368	1
3	20683	29.51962464	1
3	20739	29.61954272	1
3	20749	29.61958368	1
3	20755	29.61962464	1
3	20811	29.71954272	1
3	20821	29.71958368	1
3	20827	29.71962464	1
3	20883	29.81954272	1
3	20893	29.81958368	1
3	20899	29.81962464	1
3	20955	29.91954272	1
3	20965	29.91958368	1
3	20971	29.91962464	1
3	21027	30.01954272	1
3	21037	30.01958368	1
3	21043	30.01962464	1
3	21099	30.11954272	1
3	21109	30.11958368	1
3	21115	30.11962464	1
3	21171	30.21954272	1
3	21181	30.21958368	1
3	21187	30.21962464	1
3	21243	30.31954272	1
3	21253	30.31958368	1
3	21259	30.31962464	1
3	21315	30.41954272	1
3	21325	30.41958368	1
3	21331	30.41962464	1
3	21387	30.51954272	1
3	21397	30.51958368	1
3	21403	30.51962464	1
3	21459	30.61954272	1
3	21469	30.61958368	1
3	21475	30.61962464	1
3	21531	30.71954272	1
3	21541	30.71958368	1
3	21547	30.71962464	1
3	21603	30.81954272	1
3	21613	30.81958368	1
3	21619	30.81962464	1
3	21675	30.91954272	1
3	21685	30.91958368	1
3	21691	30.91962464	1
3	21747	31.01954272	1
3	21757	31.01958368	1
3	21763	31.01962464	1
3	21819	31.11954272	1
3	21829	31.11958368	1
3	21835	31.11962464	1
3	21891	31.21954272	1
3	21901	31.21958368	1
3	21907	31.21962464	1
3	21963	31.31954272	1
3	21973	31.31958368	1
3	21979	31.31962464	1
3	22035	31.41954272	1
3	22045	31.41958368	1
3	22051	31.41962464	1
3	22107	31.51954272	1
3	22117	31.51958368	1
3	22123	31.51962464	1
3	22179	31.61954272	1
3	22189	31.61958368	1
3	22195	31.61962464	1
3	22251	31.71954272	1
3	22261	31.71958368	1
3	22267	31.71962464	1
3	22323	31.81954272	1
3	22333	31.81958368	1
3	22339	31.81962464	1
3	22395	31.91954272	1
3	22405	31.91958368	1
3	22411	31.91962464	1
3	22467	32.01954272	1
3	22477	32.01958368	1
3	22483	32.01962464	1
3	22539	32.11954272	1
3	22549	32.11958368	1
3	22555	32.11962464	1
3	22611	32.21954272	1
3	22621	32.21958368	1
3	22627	32.21962464	1
3	22683	32.31954272	1
3	22693	32.31958368	1
3	22699	32.31962464	1
3	22755	32.41954272	1
3	22765	32.41958368	1
3	22771	32.41962464	1
3	22827	32.51954272	1
3	22837	32.51958368	1
3	22843	32.51962464	1
3	22899	32.61954272	1
3	22909	32.61958368	1
3	22915	32.61962464	1
3	22971	32.71954272	1
3	22981	32.71958368	1
3	22987	32.71962464	1
3	23043	32.81954272	1
3	23053	32.81958368	1
3	23059	32.81962464	1
3	23115	32.91954272	1
3	23125	32.91958368	1
3	23131	32.91962464	1
3	23187	33.01954272	1
3	23197	33.01958368	1
3	23203	33.01962464	1
3	23259	33.11954272	1
3	23269	33.11958368	1
3	23275	33.11962464	1
3	23331	33.21954272	1
3	23341	33.21958368	1
3	23347	33.21962464	1
3	23403	33.31954272	1
3	23413	33.31958368	1
3	23419	33.31962464	1
3	23475	33.41954272	1
3	23485	33.41958368	1
3	23491	33.41962464	1
3	23547	33.51954272	1
3	23557	33.51958368	1
3	23563	33.51962464	1
3	23619	33.61954272	1
3	23629	33.61958368	1
3	23635	33.61962464	1
3	23691	33.71954272	1
3	23701	33.71958368	1
3	23707	33.71962464	1
3	23763	33.81954272	1
3	23773	33.81958368	1
3	23779	33.81962464	1
3	23835	33.91954272	1
3	23845	33.91958368	1
3	23851	33.91962464	1
3	23907	34.01954272	1
3	23917	34.01958368	1
3	23923	34.01962464	1
3	23979	34.11954272	1
3	23989	34.11958368	1
3	23995	34.11962464	1
3	24051	34.21954272	1
3	24061	34.21958368	1
3	24067	34.21962464	1
3	24123	34.31954272	1
3	24133	34.31958368	1
3	24139	34.31962464	1
3	24195	34.41954272	1
3	24205	34.41958368	1
3	24211	34.41962464	1
3	24267	34.51954272	1
3	24277	34.51958368	1
3	24283	34.51962464	1
3	24339	34.61954272	1
3	24349	34.61958368	1
3	24355	34.61962464	1
3	24411	34.71954272	1
3	24421	34.71958368	1
3	24427	34.71962464	1
3	24483	34.81954272	1
3	24493	34.81958368	1
3	24499	34.81962464	1
3	24555	34.91954272	1
3	24565	34.91958368	1
3	24571	34.91962464	1
3	24627	35.01954272	1
3	24637	35.01958368	1
3	24643	35.01962464	1
3	24699	35.11954272	1
3	24709	35.11958368	1
3	24715	35.11962464	1
3	24771	35.21954272	1
3	24781	35.21958368	1
3	24787	35.21962464	1
3	24843	35.31954272	1
3	24853	35.31958368	1
3	24859	35.31962464	1
3	24915	35.41954272	1
3	24925	35.41958368	1
3	24931	35.41962464	1
3	24987	35.51954272	1
3	24997	35.51958368	1
3	25003	35.51962464	1
3	25059	35.61954272	1
3	25069	35.61958368	1
3	25075	35.61962464	1
3	25131	35.71954272	1
3	25141	35.71958368	1
3	25147	35.71962464	1
3	25203	35.81954272	1
3	25213	35.81958368	1
3	25219	35.81962464	1
3	25275	35.91954272	1
3	25285	35.91958368	1
3	25291	35.91962464	1
3	25347	36.01954272	1
3	25357	36.01958368	1
3	25363	36.01962464	1
3	25419	36.11954272	1
3	25429	36.11958368	1
3	25435	36.11962464	1
3	25491	36.21954272	1
3	25501	36.21958368	1
3	25507	36.21962464	1
3	25563	36.31954272	1
3	25573	36.31958368	1
3	25579	36.31962464	1
3	25635	36.41954272	1
3	25645	36.41958368	1
3	25651	36.41962464	1
3	25707	36.51954272	1
3	25717	36.51958368	1
3	25723	36.51962464	1
3	25779	36.61954272	1
3	25789	36.61958368	1
3	25795	36.61962464	1
3	25851	36.71954272	1
3	25861	36.71958368	1
3	25867	36.71962464	1
3	25923	36.81954272	1
3	25933	36.81958368	1
3	25939	36.81962464	1
3	25995	36.91954272	1
3	26005	36.91958368	1
3	26011	36.91962464	1
3	26067	37.01954272	1
3	26077	37.01958368	1
3	26083	37.01962464	1
3	26139	37.11954272	1
3	26149	37.11958368	1
3	26155	37.11962464	1
3	26211	37.21954272	1
3	26221	37.21958368	1
3	26227	37.21962464	1
3	26283	37.31954272	1
3	26293	37.31958368	1
3	26299	37.31962464	1
3	26355	37.41954272	1
3	26365	37.41958368	1
3	26371	37.41962464	1
3	26427	37.51954272	1
3	26437	37.51958368	1
3	26443	37.51962464	1
3	26499	37.61954272	1
3	26509	37.61958368	1
3	26515	37.61962464	1
3	26571	37.71954272	1
3	26581	37.71958368	1
3	26587	37.71962464	1
3	26643	37.81954272	1
3	26653	37.81958368	1
3	26659	37.81962464	1
3	26715	37.91954272	1
3	26725	37.91958368	1
3	26731	37.91962464	1
3	26787	38.01954272	1
3	26797	38.01958368	1
3	26803	38.01962464	1
3	26859	38.11954272	1
3	26869	38.11958368	1
3	26875	38.11962464	1
3	26931	38.21954272	1
3	26941	38.21958368	1
3	26947	38.21962464	1
3	27003	38.31954272	1
3	27013	38.31958368	1
3	27019	38.31962464	1
3	27075	38.41954272	1
3	27085	38.41958368	1
3	27091	38.41962464	1
3	27147	38.51954272	1
3	27157	38.51958368	1
3	27163	38.51962464	1
3	27219	38.61954272	1
3	27229	38.61958368	1
3	27235	38.61962464	1
3	27291	38.71954272	1
3	27301	38.71958368	1
3	27307	38.71962464	1
3	27363	38.81954272	1
3	27373	38.81958368	1
3	27379	38.81962464	1
3	27435	38.91954272	1
3	27445	38.91958368	1
3	27451	38.91962464	1
3	27507	39.01954272	1
3	27517	39.01958368	1
3	27523	39.01962464	1
3	27579	39.11954272	1
3	27589	39.11958368	1
3	27595	39.11962464	1
3	27651	39.21954272	1
3	27661	39.21958368	1
3	27667	39.21962464	1
3	27723	39.31954272	1
3	27733	39.31958368	1
3	27739	39.31962464	1
3	27795	39.41954272	1
3	27805	39.41958368	1
3	27811	39.41962464	1
3	27867	39.51954272	1
3	27877	39.51958368	1
3	27883	39.51962464	1
3	27939	39.61954272	1
3	27949	39.61958368	1
3	27955	39.61962464	1
3	28011	39.71954272	1
3	28021	39.71958368	1
3	28027	39.71962464	1
3	28083	39.81954272	1
3	28093	39.81958368	1
3	28099	39.81962464	1
3	28155	39.91954272	1
3	28165	39.91958368	1
3	28171	39.91962464	1
3	28227	40.01954272	1
3	28237	40.01958368	1
3	28243	40.01962464	1
3	28299	40.11954272	1
3	28309	40.11958368	1
3	28315	40.11962464	1
3	28371	40.21954272	1
3	28381	40.21958368	1
3	28387	40.21962464	1
3	28443	40.31954272	1
3	28453	40.31958368	1
3	28459	40.31962464	1
3	28515	40.41954272	1
3	28525	40.41958368	1
3	28531	40.41962464	1
3	28587	40.51954272	1
3	28597	40.51958368	1
3	28603	40.51962464	1
3	28659	40.61954272	1
3	28669	40.61958368	1
3	28675	40.61962464	1
3	28731	40.71954272	1
3	28741	40.71958368	1
3	28747	40.71962464	1
3	28803	40.81954272	1
3	28813	40.81958368	1
3	28819	40.81962464	1
3	28875	40.91954272	1
3	28885	40.91958368	1
3	28891	40.91962464	1
3	28947	41.01954272	1
3	28957	41.01958368	1
3	28963	41.01962464	1
3	29019	41.11954272	1
3	29029	41.11958368	1
3	29035	41.11962464	1
3	29091	41.21954272	1
3	29101	41.21958368	1
3	29107	41.21962464	1
3	29163	41.31954272	1
3	29173	41.31958368	1
3	29179	41.31962464	1
3	29235	41.41954272	1
3	29245	41.41958368	1
3	29251	41.41962464	1
3	29307	41.51954272	1
3	29317	41.51958368	1
3	29323	41.51962464	1
3	29379	41.61954272	1
3	29389	41.61958368	1
3	29395	41.61962464	1
3	29451	41.71954272	1
3	29461	41.71958368	1
3	29467	41.71962464	1
3	29523	41.81954272	1
3	29533	41.81958368	1
3	29539	41.81962464	1
3	29595	41.91954272	1
3	29605	41.91958368	1
3	29611	41.91962464	1
3	29667	42.01954272	1
3	29677	42.01958368	1
3	29683	42.01962464	1
3	29739	42.11954272	1
3	29749	42.11958368	1
3	29755	42.11962464	1
3	29811	42.21954272	1
3	29821	42.21958368	1
3	29827	42.21962464	1
3	29883	42.31954272	1
3	29893	42.31958368	1
3	29899	42.31962464	1
3	29955	42.41954272	1
3	29965	42.41958368	1
3	29971	42.41962464	1
3	30027	42.51954272	1
3	30037	42.51958368	1
3	30043	42.51962464	1
3	30099	42.61954272	1
3	30109	42.61958368	1
3	30115	42.61962464	1
3	30171	42.71954272	1
3	30181	42.71958368	1
3	30187	42.71962464	1
3	30243	42.81954272	1
3	30253	42.81958368	1
3	30259	42.81962464	1
3	30315	42.91954272	1
3	30325	42.91958368	1
3	30331	42.91962464	1
3	30387	43.01954272	1
3	30397	43.01958368	1
3	30403	43.01962464	1
3	30459	43.11954272	1
3	30469	43.11958368	1
3	30475	43.11962464	1
3	30531	43.21954272	1
3	30541	43.21958368	1
3	30547	43.21962464	1
3	30603	43.31954272	1
3	30613	43.31958368	1
3	30619	43.31962464	1
3	30675	43.41954272	1
3	30685	43.41958368	1
3	30691	43.41962464	1
3	30747	43.51954272	1
3	30757	43.51958368	1
3	30763	43.51962464	1
3	30819	43.61954272	1
3	30829	43.61958368	1
3	30835	43.61962464	1
3	30891	43.71954272	1
3	30901	43.71958368	1
3	30907	43.71962464	1
3	30963	43.81954272	1
3	30973	43.81958368	1
3	30979	43.81962464	1
3	31035	43.91954272	1
3	31045	43.91958368	1
3	31051	43.91962464	1
3	31107	44.01954272	1
3	31117	44.01958368	1
3	31123	44.01962464	1
3	31179	44.11954272	1
3	31189	44.11958368	1
3	31195	44.11962464	1
3	31251	44.21954272	1
3	31261	44.21958368	1
3	31267	44.21962464	1
3	31323	44.31954272	1
3	31333	44.31958368	1
3	31339	44.31962464	1
3	31395	44.41954272	1
3	31405	44.41958368	1
3	31411	44.41962464	1
3	31467	44.51954272	1
3	31477	44.51958368	1
3	31483	44.51962464	1
3	31539	44.61954272	1
3	31549	44.61958368	1
3	31555	44.61962464	1
3	31611	44.71954272	1
3	31621	44.71958368	1
3	31627	44.71962464	1
3	31683	44.81954272	1
3	31693	44.81958368	1
3	31699	44.81962464	1
3	31755	44.91954272	1
3	31765	44.91958368	1
3	31771	44.91962464	1
3	31827	45.01954272	1
3	31837	45.01958368	1
3	31843	45.01962464	1
3	31899	45.11954272	1
3	31909	45.11958368	1
3	31915	45.11962464	1
3	31971	45.21954272	1
3	31981	45.21958368	1
3	31987	45.21962464	1
3	32043	45.31954272	1
3	32053	45.31958368	1
3	32059	45.31962464	1
3	32115	45.41954272	1
3	32125	45.41958368	1
3	32131	45.41962464	1
3	32187	45.51954272	1
3	32197	45.51958368	1
3	32203	45.51962464	1
3	32259	45.61954272	1
3	32269	45.61958368	1
3	32275	45.61962464	1
3	32331	45.71954272	1
3	32341	45.71958368	1
3	32347	45.71962464	1
3	32403	45.81954272	1
3	32413	45.81958368	1
3	32419	45.81962464	1
3	32475	45.91954272	1
3	32485	45.91958368	1
3	32491	45.91962464	1
3	32547	46.01954272	1
3	32557	46.01958368	1
3	32563	46.01962464	1
3	32619	46.11954272	1
3	32629	46.11958368	1
3	32635	46.11962464	1
3	32691	46.21954272	1
3	32701	46.21958368	1
3	32707	46.21962464	1
3	32763	46.31954272	1
3	32773	46.31958368	1
3	32779	46.31962464	1
3	32835	46.41954272	1
3	32845	46.41958368	1
3	32851	46.41962464	1
3	32907	46.51954272	1
3	32917	46.51958368	1
3	32923	46.51962464	1
3	32979	46.61954272	1
3	32989	46.61958368	1
3	32995	46.61962464	1
3	33051	46.71954272	1
3	33061	46.71958368	1
3	33067	46.71962464	1
3	33123	46.81954272	1
3	33133	46.81958368	1
3	33139	46.81962464	1
3	33195	46.91954272	1
3	33205	46.91958368	1
3	33211	46.91962464	1
3	33267	47.01954272	1
3	33277	47.01958368	1
3	33283	47.01962464	1
3	33339	47.11954272	1
3	33349	47.11958368	1
3	33355	47.11962464	1
3	33411	47.21954272	1
3	33421	47.21958368	1
3	33427	47.21962464	1
3	33483	47.31954272	1
3	33493	47.31958368	1
3	33499	47.31962464	1
3	33555	47.41954272	1
3	33565	47.41958368	1
3	33571	47.41962464	1
3	33627	47.51954272	1
3	33637	47.51958368	1
3	33643	47.51962464	1
3	33699	47.61954272	1
3	33709	47.61958368	1
3	33715	47.61962464	1
3	33771	47.71954272	1
3	33781	47.71958368	1
3	33787	47.71962464	1
3	33843	47.81954272	1
3	33853	47.81958368	1
3	33859	47.81962464	1
3	33915	47.91954272	1
3	33925	47.91958368	1
3	33931	47.91962464	1
3	33987	48.01954272	1
3	33997	48.01958368	1
3	34003	48.01962464	1
3	34059	48.11954272	1
3	34069	48.11958368	1
3	34075	48.11962464	1
3	34131	48.21954272	1
3	34141	48.21958368	1
3	34147	48.21962464	1
3	34203	48.31954272	1
3	34213	48.31958368	1
3	34219	48.31962464	1
3	34275	48.41954272	1
3	34285	48.41958368	1
3	34291	48.41962464	1
3	34347	48.51954272	1
3	34357	48.51958368	1
3	34363	48.51962464	1
3	34419	48.61954272	1
3	34429	48.61958368	1
3	34435	48.61962464	1
3	34491	48.71954272	1
3	34501	48.71958368	1
3	34507	48.71962464	1
3	34563	48.81954272	1
3	34573	48.81958368	1
3	34579	48.81962464	1
3	34635	48.91954272	1
3	34645	48.91958368	1
3	34651	48.91962464	1
3	34707	49.01954272	1
3	34717	49.01958368	1
3	34723	49.01962464	1
3	34779	49.11954272	1
3	34789	49.11958368	1
3	34795	49.11962464	1
3	34851	49.21954272	1
3	34861	49.21958368	1
3	34867	49.21962464	1
3	34923	49.31954272	1
3	34933	49.31958368	1
3	34939	49.31962464	1
3	34995	49.41954272	1
3	35005	49.41958368	1
3	35011	49.41962464	1
3	35067	49.51954272	1
3	35077	49.51958368	1
3	35083	49.51962464	1
3	35139	49.61954272	1
3	35149	49.61958368	1
3	35155	49.61962464	1
3	35211	49.71954272	1
3	35221	49.71958368	1
3	35227	49.71962464	1
3	35283	49.81954272	1
3	35293	49.81958368	1
3	35299	49.81962464	1
3	35355	49.91954272	1
3	35365	49.91958368	1
3	35371	49.91962464	1
3	35427	50.01954272	1
3	35437	50.01958368	1
3	35443	50.01962464	1
3	35499	50.11954272	1
3	35509	50.11958368	1
3	35515	50.11962464	1
3	35571	50.21954272	1
3	35581	50.21958368	1
3	35587	50.21962464	1
3	35643	50.31954272	1
3	35653	50.31958368	1
3	35659	50.31962464	1
3	35715	50.41954272	1
3	35725	50.41958368	1
3	35731	50.41962464	1
3	35787	50.51954272	1
3	35797	50.51958368	1
3	35803	50.51962464	1
3	35859	50.61954272	1
3	35869	50.61958368	1
3	35875	50.61962464	1
3	35931	50.71954272	1
3	35941	50.71958368	1
3	35947	50.71962464	1
3	36003	50.81954272	1
3	36013	50.81958368	1
3	36019	50.81962464	1
3	36075	50.91954272	1
3	36085	50.91958368	1
3	36091	50.91962464	1
3	36147	51.01954272	1
3	36157	51.01958368	1
3	36163	51.01962464	1
3	36219	51.11954272	1
3	36229	51.11958368	1
3	36235	51.11962464	1
3	36291	51.21954272	1
3	36301	51.21958368	1
3	36307	51.21962464	1
3	36363	51.31954272	1
3	36373	51.31958368	1
3	36379	51.31962464	1
3	36435	51.41954272	1
3	36445	51.41958368	1
3	36451	51.41962464	1
3	36507	51.51954272	1
3	36517	51.51958368	1
3	36523	51.51962464	1
3	36579	51.61954272	1
3	36589	51.61958368	1
3	36595	51.61962464	1
3	36651	51.71954272	1
3	36661	51.71958368	1
3	36667	51.71962464	1
3	36723	51.81954272	1
3	36733	51.81958368	1
3	36739	51.81962464	1
3	36795	51.91954272	1
3	36805	51.91958368	1
3	36811	51.91962464	1
3	36867	52.01954272	1
3	36877	52.01958368	1
3	36883	52.01962464	1
3	36939	52.11954272	1
3	36949	52.11958368	1
3	36955	52.11962464	1
3	37011	52.21954272	1
3	37021	52.21958368	1
3	37027	52.21962464	1
3	37083	52.31954272	1
3	37093	52.31958368	1
3	37099	52.31962464	1
3	37155	52.41954272	1
3	37165	52.41958368	1
3	37171	52.41962464	1
3	37227	52.51954272	1
3	37237	52.51958368	1
3	37243	52.51962464	1
3	37299	52.61954272	1
3	37309	52.61958368	1
3	37315	52.61962464	1
3	37371	52.71954272	1
3	37381	52.71958368	1
3	37387	52.71962464	1
3	37443	52.81954272	1
3	37453	52.81958368	1
3	37459	52.81962464	1
3	37515	52.91954272	1
3	37525	52.91958368	1
3	37531	52.91962464	1
3	37587	53.01954272	1
3	37597	53.01958368	1
3	37603	53.01962464	1
3	37659	53.11954272	1
3	37669	53.11958368	1
3	37675	53.11962464	1
3	37731	53.21954272	1
3	37741	53.21958368	1
3	37747	53.21962464	1
3	37803	53.31954272	1
3	37813	53.31958368	1
3	37819	53.31962464	1
3	37875	53.41954272	1
3	37885	53.41958368	1
3	37891	53.41962464	1
3	37947	53.51954272	1
3	37957	53.51958368	1
3	37963	53.51962464	1
3	38019	53.61954272	1
3	38029	53.61958368	1
3	38035	53.61962464	1
3	38091	53.71954272	1
3	38101	53.71958368	1
3	38107	53.71962464	1
3	38163	53.81954272	1
3	38173	53.81958368	1
3	38179	53.81962464	1
3	38235	53.91954272	1
3	38245	53.91958368	1
3	38251	53.91962464	1
3	38307	54.01954272	1
3	38317	54.01958368	1
3	38323	54.01962464	1
3	38379	54.11954272	1
3	38389	54.11958368	1
3	38395	54.11962464	1
3	38451	54.21954272	1
3	38461	54.21958368	1
3	38467	54.21962464	1
3	38523	54.31954272	1
3	38533	54.31958368	1
3	38539	54.31962464	1
3	38595	54.41954272	1
3	38605	54.41958368	1
3	38611	54.41962464	1
3	38667	54.51954272	1
3	38677	54.51958368	1
3	38683	54.51962464	1
3	38739	54.61954272	1
3	38749	54.61958368	1
3	38755	54.61962464	1
3	38811	54.71954272	1
3	38821	54.71958368	1
3	38827	54.71962464	1
3	38883	54.81954272	1
3	38893	54.81958368	1
3	38899	54.81962464	1
3	38955	54.91954272	1
3	38965	54.91958368	1
3	38971	54.91962464	1
3	39027	55.01954272	1
3	39037	55.01958368	1
3	39043	55.01962464	1
3	39099	55.11954272	1
3	39109	55.11958368	1
3	39115	55.11962464	1
3	39171	55.21954272	1
3	39181	55.21958368	1
3	39187	55.21962464	1
3	39243	55.31954272	1
3	39253	55.31958368	1
3	39259	55.31962464	1
3	39315	55.41954272	1
3	39325	55.41958368	1
3	39331	55.41962464	1
3	39387	55.51954272	1
3	39397	55.51958368	1
3	39403	55.51962464	1
3	39459	55.61954272	1
3	39469	55.61958368	1
3	39475	55.61962464	1
3	39531	55.71954272	1
3	39541	55.71958368	1
3	39547	55.71962464	1
3	39603	55.81954272	1
3	39613	55.81958368	1
3	39619	55.81962464	1
3	39675	55.91954272	1
3	39685	55.91958368	1
3	39691	55.91962464	1
3	39747	56.01954272	1
3	39757	56.01958368	1
3	39763	56.01962464	1
3	39819	56.11954272	1
3	39829	56.11958368	1
3	39835	56.11962464	1
3	39891	56.21954272	1
3	39901	56.21958368	1
3	39907	56.21962464	1
3	39963	56.31954272	1
3	39973	56.31958368	1
3	39979	56.31962464	1
3	40035	56.41954272	1
3	40045	56.41958368	1
3	40051	56.41962464	1
3	40107	56.51954272	1
3	40117	56.51958368	1
3	40123	56.51962464	1
3	40179	56.61954272	1
3	40189	56.61958368	1
3	40195	56.61962464	1
3	40251	56.71954272	1
3	40261	56.71958368	1
3	40267	56.71962464	1
3	40323	56.81954272	1
3	40333	56.81958368	1
3	40339	56.81962464	1
3	40395	56.91954272	1
3	40405	56.91958368	1
3	40411	56.91962464	1
3	40467	57.01954272	1
3	40477	57.01958368	1
3	40483	57.01962464	1
3	40539	57.11954272	1
3	40549	57.11958368	1
3	40555	57.11962464	1
3	40611	57.21954272	1
3	40621	57.21958368	1
3	40627	57.21962464	1
3	40683	57.31954272	1
3	40693	57.31958368	1
3	40699	57.31962464	1
3	40755	57.41954272	1
3	40765	57.41958368	1
3	40771	57.41962464	1
3	40827	57.51954272	1
3	40837	57.51958368	1
3	40843	57.51962464	1
3	40899	57.61954272	1
3	40909	57.61958368	1
3	40915	57.61962464	1
3	40971	57.71954272	1
3	40981	57.71958368	1
3	40987	57.71962464	1
3	41043	57.81954272	1
3	41053	57.81958368	1
3	41059	57.81962464	1
3	41115	57.91954272	1
3	41125	57.91958368	1
3	41131	57.91962464	1
3	41187	58.01954272	1
3	41197	58.01958368	1
3	41203	58.01962464	1
3	41259	58.11954272	1
3	41269	58.11958368	1
3	41275	58.11962464	1
3	41331	58.21954272	1
3	41341	58.21958368	1
3	41347	58.21962464	1
3	41403	58.31954272	1
3	41413	58.31958368	1
3	41419	58.31962464	1
3	41475	58.41954272	1
3	41485	58.41958368	1
3	41491	58.41962464	1
3	41547	58.51954272	1
3	41557	58.51958368	1
3	41563	58.51962464	1
3	41619	58.61954272	1
3	41629	58.61958368	1
3	41635	58.61962464	1
3	41691	58.71954272	1
3	41701	58.71958368	1
3	41707	58.71962464	1
3	41763	58.81954272	1
3	41773	58.81958368	1
3	41779	58.81962464	1
3	41835	58.91954272	1
3	41845	58.91958368	1
3	41851	58.91962464	1
3	41907	59.01954272	1
3	41917	59.01958368	1
3	41923	59.01962464	1
3	41979	59.11954272	1
3	41989	59.11958368	1
3	41995	59.11962464	1
3	42051	59.21954272	1
3	42061	59.21958368	1
3	42067	59.21962464	1
3	42123	59.31954272	1
3	42133	59.31958368	1
3	42139	59.31962464	1
3	42195	59.41954272	1
3	42205	59.41958368	1
3	42211	59.41962464	1
3	42267	59.51954272	1
3	42277	59.51958368	1
3	42283	59.51962464	1
3	42339	59.61954272	1
3	42349	59.61958368	1
3	42355	59.61962464	1
3	42411	59.71954272	1
3	42421	59.71958368	1
3	42427	59.71962464	1
3	42483	59.81954272	1
3	42493	59.81958368	1
3	42499	59.81962464	1
3	42555	59.91954272	1
3	42565	59.91958368	1
3	42571	59.91962464	1
3	42629	60.01954272	1
3	42638	60.01958368	1
3	42643	60.01962464	1
3	42689	60.11954272	1
3	42698	60.11958368	1
3	42703	60.11962464	1
3	42749	60.21954272	1
3	42758	60.21958368	1
3	42763	60.21962464	1
3	42809	60.31954272	1
3	42818	60.31958368	1
3	42823	60.31962464	1
3	42869	60.41954272	1
3	42878	60.41958368	1
3	42883	60.41962464	1
3	42929	60.51954272	1
3	42938	60.51958368	1
3	42943	60.51962464	1
3	42989	60.61954272	1
3	42998	60.61958368	1
3	43003	60.61962464	1
3	43049	60.71954272	1
3	43058	60.71958368	1
3	43063	60.71962464	1
3	43109	60.81954272	1
3	43118	60.81958368	1
3	43123	60.81962464	1
3	43169	60.91954272	1
3	43178	60.91958368	1
3	43183	60.91962464	1
3	43229	61.01954272	1
3	43238	61.01958368	1
3	43243	61.01962464	1
3	43289	61.11954272	1
3	43298	61.11958368	1
3	43303	61.11962464	1
3	43349	61.21954272	1
3	43358	61.21958368	1
3	43363	61.21962464	1
3	43409	61.31954272	1
3	43418	61.31958368	1
3	43423	61.31962464	1
3	43469	61.41954272	1
3	43478	61.41958368	1
3	43483	61.41962464	1
3	43529	61.51954272	1
3	43538	61.51958368	1
3	43543	61.51962464	1
3	43589	61.61954272	1
3	43598	61.61958368	1
3	43603	61.61962464	1
3	43649	61.71954272	1
3	43658	61.71958368	1
3	43663	61.71962464	1
3	43709	61.81954272	1
3	43718	61.81958368	1
3	43723	61.81962464	1
3	43769	61.91954272	1
3	43778	61.91958368	1
3	43783	61.91962464	1
3	43829	62.01954272	1
3	43838	62.01958368	1
3	43843	62.01962464	1
3	43889	62.11954272	1
3	43898	62.11958368	1
3	43903	62.11962464	1
3	43949	62.21954272	1
3	43958	62.21958368	1
3	43963	62.21962464	1
3	44009	62.31954272	1
3	44018	62.31958368	1
3	44023	62.31962464	1
3	44069	62.41954272	1
3	44078	62.41958368	1
3	44083	62.41962464	1
3	44129	62.51954272	1
3	44138	62.51958368	1
3	44143	62.51962464	1
3	44189	62.61954272	1
3	44198	62.61958368	1
3	44203	62.61962464	1
3	44249	62.71954272	1
3	44258	62.71958368	1
3	44263	62.71962464	1
3	44309	62.81954272	1
3	44318	62.81958368	1
3	44323	62.81962464	1
3	44369	62.91954272	1
3	44378	62.91958368	1
3	44383	62.91962464	1
3	44429	63.01954272	1
3	44438	63.01958368	1
3	44443	63.01962464	1
3	44489	63.11954272	1
3	44498	63.11958368	1
3	44503	63.11962464	1
3	44549	63.21954272	1
3	44558	63.21958368	1
3	44563	63.21962464	1
3	44609	63.31954272	1
3	44618	63.31958368	1
3	44623	63.31962464	1
3	44669	63.41954272	1
3	44678	63.41958368	1
3	44683	63.41962464	1
3	44729	63.51954272	1
3	44738	63.51958368	1
3	44743	63.51962464	1
3	44789	63.61954272	1
3	44798	63.61958368	1
3	44803	63.61962464	1
3	44849	63.71954272	1
3	44858	63.71958368	1
3	44863	63.71962464	1
3	44909	63.81954272	1
3	44918	63.81958368	1
3	44923	63.81962464	1
3	44969	63.91954272	1
3	44978	63.91958368	1
3	44983	63.91962464	1
3	45029	64.01954272	1
3	45038	64.01958368	1
3	45043	64.01962464	1
3	45089	64.11954272	1
3	45098	64.11958368	1
3	45103	64.11962464	1
3	45149	64.21954272	1
3	45158	64.21958368	1
3	45163	64.21962464	1
3	45209	64.31954272	1
3	45218	64.31958368	1
3	45223	64.31962464	1
3	45269	64.41954272	1
3	45278	64.41958368	1
3	45283	64.41962464	1
3	45329	64.51954272	1
3	45338	64.51958368	1
3	45343	64.51962464	1
3	45389	64.61954272	1
3	45398	64.61958368	1
3	45403	64.61962464	1
3	45449	64.71954272	1
3	45458	64.71958368	1
3	45463	64.71962464	1
3	45509	64.81954272	1
3	45518	64.81958368	1
3	45523	64.81962464	1
3	45569	64.91954272	1
3	45578	64.91958368	1
3	45583	64.91962464	1
3	45629	65.01954272	1
3	45638	65.01958368	1
3	45643	65.01962464	1
3	45689	65.11954272	1
3	45698	65.11958368	1
3	45703	65.11962464	1
3	45749	65.21954272	1
3	45758	65.21958368	1
3	45763	65.21962464	1
3	45809	65.31954272	1
3	45818	65.31958368	1
3	45823	65.31962464	1
3	45869	65.41954272	1
3	45878	65.41958368	1
3	45883	65.41962464	1
3	45929	65.51954272	1
3	45938	65.51958368	1
3	45943	65.51962464	1
3	45989	65.61954272	1
3	45998	65.61958368	1
3	46003	65.61962464	1
3	46049	65.71954272	1
3	46058	65.71958368	1
3	46063	65.71962464	1
3	46109	65.81954272	1
3	46118	65.81958368	1
3	46123	65.81962464	1
3	46169	65.91954272	1
3	46178	65.91958368	1
3	46183	65.91962464	1
3	46229	66.01954272	1
3	46238	66.01958368	1
3	46243	66.01962464	1
3	46289	66.11954272	1
3	46298	66.11958368	1
3	46303	66.11962464	1
3	46349	66.21954272	1
3	46358	66.21958368	1
3	46363	66.21962464	1
3	46409	66.31954272	1
3	46418	66.31958368	1
3	46423	66.31962464	1
3	46469	66.41954272	1
3	46478	66.41958368	1
3	46483	66.41962464	1
3	46529	66.51954272	1
3	46538	66.51958368	1
3	46543	66.51962464	1
3	46589	66.61954272	1
3	46598	66.61958368	1
3	46603	66.61962464	1
3	46649	66.71954272	1
3	46658	66.71958368	1
3	46663	66.71962464	1
3	46709	66.81954272	1
3	46718	66.81958368	1
3	46723	66.81962464	1
3	46769	66.91954272	1
3	46778	66.91958368	1
3	46783	66.91962464	1
3	46829	67.01954272	1
3	46838	67.01958368	1
3	46843	67.01962464	1
3	46889	67.11954272	1
3	46898	67.11958368	1
3	46903	67.11962464	1
3	46949	67.21954272	1
3	46958	67.21958368	1
3	46963	67.21962464	1
3	47009	67.31954272	1
3	47018	67.31958368	1
3	47023	67.31962464	1
3	47069	67.41954272	1
3	47078	67.41958368	1
3	47083	67.41962464	1
3	47129	67.51954272	1
3	47138	67.51958368	1
3	47143	67.51962464	1
3	47189	67.61954272	1
3	47198	67.61958368	1
3	47203	67.61962464	1
3	47249	67.71954272	1
3	47258	67.71958368	1
3	47263	67.71962464	1
3	47309	67.81954272	1
3	47318	67.81958368	1
3	47323	67.81962464	1
3	47369	67.91954272	1
3	47378	67.91958368	1
3	47383	67.91962464	1
3	47429	68.01954272	1
3	47438	68.01958368	1
3	47443	68.01962464	1
3	47489	68.11954272	1
3	47498	68.11958368	1
3	47503	68.11962464	1
3	47549	68.21954272	1
3	47558	68.21958368	1
3	47563	68.21962464	1
3	47609	68.31954272	1
3	47618	68.31958368	1
3	47623	68.31962464	1
3	47669	68.41954272	1
3	47678	68.41958368	1
3	47683	68.41962464	1
3	47729	68.51954272	1
3	47738	68.51958368	1
3	47743	68.51962464	1
3	47789	68.61954272	1
3	47798	68.61958368	1
3	47803	68.61962464	1
3	47849	68.71954272	1
3	47858	68.71958368	1
3	47863	68.71962464	1
3	47909	68.81954272	1
3	47918	68.81958368	1
3	47923	68.81962464	1
3	47969	68.91954272	1
3	47978	68.91958368	1
3	47983	68.91962464	1
3	48029	69.01954272	1
3	48038	69.01958368	1
3	48043	69.01962464	1
3	48089	69.11954272	1
3	48098	69.11958368	1
3	48103	69.11962464	1
3	48149	69.21954272	1
3	48158	69.21958368	1
3	48163	69.21962464	1
3	48209	69.31954272	1
3	48218	69.31958368	1
3	48223	69.31962464	1
3	48269	69.41954272	1
3	48278	69.41958368	1
3	48283	69.41962464	1
3	48329	69.51954272	1
3	48338	69.51958368	1
3	48343	69.51962464	1
3	48389	69.61954272	1
3	48398	69.61958368	1
3	48403	69.61962464	1
3	48449	69.71954272	1
3	48458	69.71958368	1
3	48463	69.71962464	1
3	48509	69.81954272	1
3	48518	69.81958368	1
3	48523	69.81962464	1
3	48569	69.91954272	1
3	48578	69.91958368	1
3	48583	69.91962464	1
3	48629	70.01954272	1
3	48638	70.01958368	1
3	48643	70.01962464	1
3	48689	70.11954272	1
3	48698	70.11958368	1
3	48703	70.11962464	1
3	48749	70.21954272	1
3	48758	70.21958368	1
3	48763	70.21962464	1
3	48809	70.31954272	1
3	48818	70.31958368	1
3	48823	70.31962464	1
3	48869	70.41954272	1
3	48878	70.41958368	1
3	48883	70.41962464	1
3	48929	70.51954272	1
3	48938	70.51958368	1
3	48943	70.51962464	1
3	48989	70.61954272	1
3	48998	70.61958368	1
3	49003	70.61962464	1
3	49049	70.71954272	1
3	49058	70.71958368	1
3	49063	70.71962464	1
3	49109	70.81954272	1
3	49118	70.81958368	1
3	49123	70.81962464	1
3	49169	70.91954272	1
3	49178	70.91958368	1
3	49183	70.91962464	1
3	49229	71.01954272	1
3	49238	71.01958368	1
3	49243	71.01962464	1
3	49289	71.11954272	1
3	49298	71.11958368	1
3	49303	71.11962464	1
3	49349	71.21954272	1
3	49358	71.21958368	1
3	49363	71.21962464	1
3	49409	71.31954272	1
3	49418	71.31958368	1
3	49423	71.31962464	1
3	49469	71.41954272	1
3	49478	71.41958368	1
3	49483	71.41962464	1
3	49529	71.51954272	1
3	49538	71.51958368	1
3	49543	71.51962464	1
3	49589	71.61954272	1
3	49598	71.61958368	1
3	49603	71.61962464	1
3	49649	71.71954272	1
3	49658	71.71958368	1
3	49663	71.71962464	1
3	49709	71.81954272	1
3	49718	71.81958368	1
3	49723	71.81962464	1
3	49769	71.91954272	1
3	49778	71.91958368	1
3	49783	71.91962464	1
3	49829	72.01954272	1
3	49838	72.01958368	1
3	49843	72.01962464	1
3	49889	72.11954272	1
3	49898	72.11958368	1
3	49903	72.11962464	1
3	49949	72.21954272	1
3	49958	72.21958368	1
3	49963	72.21962464	1
3	50009	72.31954272	1
3	50018	72.31958368	1
3	50023	72.31962464	1
3	50069	72.41954272	1
3	50078	72.41958368	1
3	50083	72.41962464	1
3	50129	72.51954272	1
3	50138	72.51958368	1
3	50143	72.51962464	1
3	50189	72.61954272	1
3	50198	72.61958368	1
3	50203	72.61962464	1
3	50249	72.71954272	1
3	50258	72.71958368	1
3	50263	72.71962464	1
3	50309	72.81954272	1
3	50318	72.81958368	1
3	50323	72.81962464	1
3	50369	72.91954272	1
3	50378	72.91958368	1
3	50383	72.91962464	1
3	50429	73.01954272	1
3	50438	73.01958368	1
3	50443	73.01962464	1
3	50489	73.11954272	1
3	50498	73.11958368	1
3	50503	73.11962464	1
3	50549	73.21954272	1
3	50558	73.21958368	1
3	50563	73.21962464	1
3	50609	73.31954272	1
3	50618	73.31958368	1
3	50623	73.31962464	1
3	50669	73.41954272	1
3	50678	73.41958368	1
3	50683	73.41962464	1
3	50729	73.51954272	1
3	50738	73.51958368	1
3	50743	73.51962464	1
3	50789	73.61954272	1
3	50798	73.61958368	1
3	50803	73.61962464	1
3	50849	73.71954272	1
3	50858	73.71958368	1
3	50863	73.71962464	1
3	50909	73.81954272	1
3	50918	73.81958368	1
3	50923	73.81962464	1
3	50969	73.91954272	1
3	50978	73.91958368	1
3	50983	73.91962464	1
3	51029	74.01954272	1
3	51038	74.01958368	1
3	51043	74.01962464	1
3	51089	74.11954272	1
3	51098	74.11958368	1
3	51103	74.11962464	1
3	51149	74.21954272	1
3	51158	74.21958368	1
3	51163	74.21962464	1
3	51209	74.31954272	1
3	51218	74.31958368	1
3	51223	74.31962464	1
3	51269	74.41954272	1
3	51278	74.41958368	1
3	51283	74.41962464	1
3	51329	74.51954272	1
3	51338	74.51958368	1
3	51343	74.51962464	1
3	51389	74.61954272	1
3	51398	74.61958368	1
3	51403	74.61962464	1
3	51449	74.71954272	1
3	51458	74.71958368	1
3	51463	74.71962464	1
3	51509	74.81954272	1
3	51518	74.81958368	1
3	51523	74.81962464	1
3	51569	74.91954272	1
3	51578	74.91958368	1
3	51583	74.91962464	1
3	51629	75.01954272	1
3	51638	75.01958368	1
3	51643	75.01962464	1
3	51689	75.11954272	1
3	51698	75.11958368	1
3	51703	75.11962464	1
3	51749	75.21954272	1
3	51758	75.21958368	1
3	51763	75.21962464	1
3	51809	75.31954272	1
3	51818	75.31958368	1
3	51823	75.31962464	1
3	51869	75.41954272	1
3	51878	75.41958368	1
3	51883	75.41962464	1
3	51929	75.51954272	1
3	51938	75.51958368	1
3	51943	75.51962464	1
3	51989	75.61954272	1
3	51998	75.61958368	1
3	52003	75.61962464	1
3	52049	75.71954272	1
3	52058	75.71958368	1
3	52063	75.71962464	1
3	52109	75.81954272	1
3	52118	75.81958368	1
3	52123	75.81962464	1
3	52169	75.91954272	1
3	52178	75.91958368	1
3	52183	75.91962464	1
3	52229	76.01954272	1
3	52238	76.01958368	1
3	52243	76.01962464	1
3	52289	76.11954272	1
3	52298	76.11958368	1
3	52303	76.11962464	1
3	52349	76.21954272	1
3	52358	76.21958368	1
3	52363	76.21962464	1
3	52409	76.31954272	1
3	52418	76.31958368	1
3	52423	76.31962464	1
3	52469	76.41954272	1
3	52478	76.41958368	1
3	52483	76.41962464	1
3	52529	76.51954272	1
3	52538	76.51958368	1
3	52543	76.51962464	1
3	52589	76.61954272	1
3	52598	76.61958368	1
3	52603	76.61962464	1
3	52649	76.71954272	1
3	52658	76.71958368	1
3	52663	76.71962464	1
3	52709	76.81954272	1
3	52718	76.81958368	1
3	52723	76.81962464	1
3	52769	76.91954272	1
3	52778	76.91958368	1
3	52783	76.91962464	1
3	52829	77.01954272	1
3	52838	77.01958368	1
3	52843	77.01962464	1
3	52889	77.11954272	1
3	52898	77.11958368	1
3	52903	77.11962464	1
3	52949	77.21954272	1
3	52958	77.21958368	1
3	52963	77.21962464	1
3	53009	77.31954272	1
3	53018	77.31958368	1
3	53023	77.31962464	1
3	53069	77.41954272	1
3	53078	77.41958368	1
3	53083	77.41962464	1
3	53129	77.51954272	1
3	53138	77.51958368	1
3	53143	77.51962464	1
3	53189	77.61954272	1
3	53198	77.61958368	1
3	53203	77.61962464	1
3	53249	77.71954272	1
3	53258	77.71958368	1
3	53263	77.71962464	1
3	53309	77.81954272	1
3	53318	77.81958368	1
3	53323	77.81962464	1
3	53369	77.91954272	1
3	53378	77.91958368	1
3	53383	77.91962464	1
3	53429	78.01954272	1
3	53438	78.01958368	1
3	53443	78.01962464	1
3	53489	78.11954272	1
3	53498	78.11958368	1
3	53503	78.11962464	1
3	53549	78.21954272	1
3	53558	78.21958368	1
3	53563	78.21962464	1
3	53609	78.31954272	1
3	53618	78.31958368	1
3	53623	78.31962464	1
3	53669	78.41954272	1
3	53678	78.41958368	1
3	53683	78.41962464	1
3	53729	78.51954272	1
3	53738	78.51958368	1
3	53743	78.51962464	1
3	53789	78.61954272	1
3	53798	78.61958368	1
3	53803	78.61962464	1
3	53849	78.71954272	1
3	53858	78.71958368	1
3	53863	78.71962464	1
3	53909	78.81954272	1
3	53918	78.81958368	1
3	53923	78.81962464	1
3	53969	78.91954272	1
3	53978	78.91958368	1
3	53983	78.91962464	1
3	54029	79.01954272	1
3	54038	79.01958368	1
3	54043	79.01962464	1
3	54089	79.11954272	1
3	54098	79.11958368	1
3	54103	79.11962464	1
3	54149	79.21954272	1
3	54158	79.21958368	1
3	54163	79.21962464	1
3	54209	79.31954272	1
3	54218	79.31958368	1
3	54223	79.31962464	1
3	54269	79.41954272	1
3	54278	79.41958368	1
3	54283	79.41962464	1
3	54329	79.51954272	1
3	54338	79.51958368	1
3	54343	79.51962464	1
3	54389	79.61954272	1
3	54398	79.61958368	1
3	54403	79.61962464	1
3	54449	79.71954272	1
3	54458	79.71958368	1
3	54463	79.71962464	1
3	54509	79.81954272	1
3	54518	79.81958368	1
3	54523	79.81962464	1
3	54569	79.91954272	1
3	54578	79.91958368	1
3	54583	79.91962464	1
3	54629	80.01954272	1
3	54638	80.01958368	1
3	54643	80.01962464	1
3	54689	80.11954272	1
3	54698	80.11958368	1
3	54703	80.11962464	1
3	54749	80.21954272	1
3	54758	80.21958368	1
3	54763	80.21962464	1
3	54809	80.31954272	1
3	54818	80.31958368	1
3	54823	80.31962464	1
3	54869	80.41954272	1
3	54878	80.41958368	1
3	54883	80.41962464	1
3	54929	80.51954272	1
3	54938	80.51958368	1
3	54943	80.51962464	1
3	54989	80.61954272	1
3	54998	80.61958368	1
3	55003	80.61962464	1
3	55049	80.71954272	1
3	55058	80.71958368	1
3	55063	80.71962464	1
3	55109	80.81954272	1
3	55118	80.81958368	1
3	55123	80.81962464	1
3	55169	80.91954272	1
3	55178	80.91958368	1
3	55183	80.91962464	1
3	55229	81.01954272	1
3	55238	81.01958368	1
3	55243	81.01962464	1
3	55289	81.11954272	1
3	55298	81.11958368	1
3	55303	81.11962464	1
3	55349	81.21954272	1
3	55358	81.21958368	1
3	55363	81.21962464	1
3	55409	81.31954272	1
3	55418	81.31958368	1
3	55423	81.31962464	1
3	55469	81.41954272	1
3	55478	81.41958368	1
3	55483	81.41962464	1
3	55529	81.51954272	1
3	55538	81.51958368	1
3	55543	81.51962464	1
3	55589	81.61954272	1
3	55598	81.61958368	1
3	55603	81.61962464	1
3	55649	81.71954272	1
3	55658	81.71958368	1
3	55663	81.71962464	1
3	55709	81.81954272	1
3	55718	81.81958368	1
3	55723	81.81962464	1
3	55769	81.91954272	1
3	55778	81.91958368	1
3	55783	81.91962464	1
3	55829	82.01954272	1
3	55838	82.01958368	1
3	55843	82.01962464	1
3	55889	82.11954272	1
3	55898	82.11958368	1
3	55903	82.11962464	1
3	55949	82.21954272	1
3	55958	82.21958368	1
3	55963	82.21962464	1
3	56009	82.31954272	1
3	56018	82.31958368	1
3	56023	82.31962464	1
3	56069	82.41954272	1
3	56078	82.41958368	1
3	56083	82.41962464	1
3	56129	82.51954272	1
3	56138	82.51958368	1
3	56143	82.51962464	1
3	56189	82.61954272	1
3	56198	82.61958368	1
3	56203	82.61962464	1
3	56249	82.71954272	1
3	56258	82.71958368	1
3	56263	82.71962464	1
3	56309	82.81954272	1
3	56318	82.81958368	1
3	56323	82.81962464	1
3	56369	82.91954272	1
3	56378	82.91958368	1
3	56383	82.91962464	1
3	56429	83.01954272	1
3	56438	83.01958368	1
3	56443	83.01962464	1
3	56489	83.11954272	1
3	56498	83.11958368	1
3	56503	83.11962464	1
3	56549	83.21954272	1
3	56558	83.21958368	1
3	56563	83.21962464	1
3	56609	83.31954272	1
3	56618	83.31958368	1
3	56623	83.31962464	1
3	56669	83.41954272	1
3	56678	83.41958368	1
3	56683	83.41962464	1
3	56729	83.51954272	1
3	56738	83.51958368	1
3	56743	83.51962464	1
3	56789	83.61954272	1
3	56798	83.61958368	1
3	56803	83.61962464	1
3	56849	83.71954272	1
3	56858	83.71958368	1
3	56863	83.71962464	1
3	56909	83.81954272	1
3	56918	83.81958368	1
3	56923	83.81962464	1
3	56969	83.91954272	1
3	56978	83.91958368	1
3	56983	83.91962464	1
3	57029	84.01954272	1
3	57038	84.01958368	1
3	57043	84.01962464	1
3	57089	84.11954272	1
3	57098	84.11958368	1
3	57103	84.11962464	1
3	57149	84.21954272	1
3	57158	84.21958368	1
3	57163	84.21962464	1
3	57209	84.31954272	1
3	57218	84.31958368	1
3	57223	84.31962464	1
3	57269	84.41954272	1
3	57278	84.41958368	1
3	57283	84.41962464	1
3	57329	84.51954272	1
3	57338	84.51958368	1
3	57343	84.51962464	1
3	57389	84.61954272	1
3	57398	84.61958368	1
3	57403	84.61962464	1
3	57449	84.71954272	1
3	57458	84.71958368	1
3	57463	84.71962464	1
3	57509	84.81954272	1
3	57518	84.81958368	1
3	57523	84.81962464	1
3	57569	84.91954272	1
3	57578	84.91958368	1
3	57583	84.91962464	1
3	57629	85.01954272	1
3	57638	85.01958368	1
3	57643	85.01962464	1
3	57689	85.11954272	1
3	57698	85.11958368	1
3	57703	85.11962464	1
3	57749	85.21954272	1
3	57758	85.21958368	1
3	57763	85.21962464	1
3	57809	85.31954272	1
3	57818	85.31958368	1
3	57823	85.31962464	1
3	57869	85.41954272	1
3	57878	85.41958368	1
3	57883	85.41962464	1
3	57929	85.51954272	1
3	57938	85.51958368	1
3	57943	85.51962464	1
3	57989	85.61954272	1
3	57998	85.61958368	1
3	58003	85.61962464	1
3	58049	85.71954272	1
3	58058	85.71958368	1
3	58063	85.71962464	1
3	58109	85.81954272	1
3	58118	85.81958368	1
3	58123	85.81962464	1
3	58169	85.91954272	1
3	58178	85.91958368	1
3	58183	85.91962464	1
3	58229	86.01954272	1
3	58238	86.01958368	1
3	58243	86.01962464	1
3	58289	86.11954272	1
3	58298	86.11958368	1
3	58303	86.11962464	1
3	58349	86.21954272	1
3	58358	86.21958368	1
3	58363	86.21962464	1
3	58409	86.31954272	1
3	58418	86.31958368	1
3	58423	86.31962464	1
3	58469	86.41954272	1
3	58478	86.41958368	1
3	58483	86.41962464	1
3	58529	86.51954272	1
3	58538	86.51958368	1
3	58543	86.51962464	1
3	58589	86.61954272	1
3	58598	86.61958368	1
3	58603	86.61962464	1
3	58649	86.71954272	1
3	58658	86.71958368	1
3	58663	86.71962464	1
3	58709	86.81954272	1
3	58718	86.81958368	1
3	58723	86.81962464	1
3	58769	86.91954272	1
3	58778	86.91958368	1
3	58783	86.91962464	1
3	58829	87.01954272	1
3	58838	87.01958368	1
3	58843	87.01962464	1
3	58889	87.11954272	1
3	58898	87.11958368	1
3	58903	87.11962464	1
3	58949	87.21954272	1
3	58958	87.21958368	1
3	58963	87.21962464	1
3	59009	87.31954272	1
3	59018	87.31958368	1
3	59023	87.31962464	1
3	59069	87.41954272	1
3	59078	87.41958368	1
3	59083	87.41962464	1
3	59129	87.51954272	1
3	59138	87.51958368	1
3	59143	87.51962464	1
3	59189	87.61954272	1
3	59198	87.61958368	1
3	59203	87.61962464	1
3	59249	87.71954272	1
3	59258	87.71958368	1
3	59263	87.71962464	1
3	59309	87.81954272	1
3	59318	87.81958368	1
3	59323	87.81962464	1
3	59369	87.91954272	1
3	59378	87.91958368	1
3	59383	87.91962464	1
3	59429	88.01954272	1
3	59438	88.01958368	1
3	59443	88.01962464	1
3	59489	88.11954272	1
3	59498	88.11958368	1
3	59503	88.11962464	1
3	59549	88.21954272	1
3	59558	88.21958368	1
3	59563	88.21962464	1
3	59609	88.31954272	1
3	59618	88.31958368	1
3	59623	88.31962464	1
3	59669	88.41954272	1
3	59678	88.41958368	1
3	59683	88.41962464	1
3	59729	88.51954272	1
3	59738	88.51958368	1
3	59743	88.51962464	1
3	59789	88.61954272	1
3	59798	88.61958368	1
3	59803	88.61962464	1
3	59849	88.71954272	1
3	59858	88.71958368	1
3	59863	88.71962464	1
3	59909	88.81954272	1
3	59918	88.81958368	1
3	59923	88.81962464	1
3	59969	88.91954272	1
3	59978	88.91958368	1
3	59983	88.91962464	1
3	60029	89.01954272	1
3	60038	89.01958368	1
3	60043	89.01962464	1
3	60089	89.11954272	1
3	60098	89.11958368	1
3	60103	89.11962464	1
3	60149	89.21954272	1
3	60158	89.21958368	1
3	60163	89.21962464	1
3	60209	89.31954272	1
3	60218	89.31958368	1
3	60223	89.31962464	1
3	60269	89.41954272	1
3	60278	89.41958368	1
3	60283	89.41962464	1
3	60329	89.51954272	1
3	60338	89.51958368	1
3	60343	89.51962464	1
3	60389	89.61954272	1
3	60398	89.61958368	1
3	60403	89.61962464	1
3	60449	89.71954272	1
3	60458	89.71958368	1
3	60463	89.71962464	1
3	60509	89.81954272	1
3	60518	89.81958368	1
3	60523	89.81962464	1
3	60569	89.91954272	1
3	60578	89.91958368	1
3	60583	89.91962464	1
3	60629	90.01954272	1
3	60638	90.01958368	1
3	60643	90.01962464	1
3	60689	90.11954272	1
3	60698	90.11958368	1
3	60703	90.11962464	1
3	60749	90.21954272	1
3	60758	90.21958368	1
3	60763	90.21962464	1
3	60809	90.31954272	1
3	60818	90.31958368	1
3	60823	90.31962464	1
3	60869	90.41954272	1
3	60878	90.41958368	1
3	60883	90.41962464	1
3	60929	90.51954272	1
3	60938	90.51958368	1
3	60943	90.51962464	1
3	60989	90.61954272	1
3	60998	90.61958368	1
3	61003	90.61962464	1
3	61049	90.71954272	1
3	61058	90.71958368	1
3	61063	90.71962464	1
3	61109	90.81954272	1
3	61118	90.81958368	1
3	61123	90.81962464	1
3	61169	90.91954272	1
3	61178	90.91958368	1
3	61183	90.91962464	1
3	61229	91.01954272	1
3	61238	91.01958368	1
3	61243	91.01962464	1
3	61289	91.11954272	1
3	61298	91.11958368	1
3	61303	91.11962464	1
3	61349	91.21954272	1
3	61358	91.21958368	1
3	61363	91.21962464	1
3	61409	91.31954272	1
3	61418	91.31958368	1
3	61423	91.31962464	1
3	61469	91.41954272	1
3	61478	91.41958368	1
3	61483	91.41962464	1
3	61529	91.51954272	1
3	61538	91.51958368	1
3	61543	91.51962464	1
3	61589	91.61954272	1
3	61598	91.61958368	1
3	61603	91.61962464	1
3	61649	91.71954272	1
3	61658	91.71958368	1
3	61663	91.71962464	1
3	61709	91.81954272	1
3	61718	91.81958368	1
3	61723	91.81962464	1
3	61769	91.91954272	1
3	61778	91.91958368	1
3	61783	91.91962464	1
3	61829	92.01954272	1
3	61838	92.01958368	1
3	61843	92.01962464	1
3	61889	92.11954272	1
3	61898	92.11958368	1
3	61903	92.11962464	1
3	61949	92.21954272	1
3	61958	92.21958368	1
3	61963	92.21962464	1
3	62009	92.31954272	1
3	62018	92.31958368	1
3	62023	92.31962464	1
3	62069	92.41954272	1
3	62078	92.41958368	1
3	62083	92.41962464	1
3	62129	92.51954272	1
3	62138	92.51958368	1
3	62143	92.51962464	1
3	62189	92.61954272	1
3	62198	92.61958368	1
3	62203	92.61962464	1
3	62249	92.71954272	1
3	62258	92.71958368	1
3	62263	92.71962464	1
3	62309	92.81954272	1
3	62318	92.81958368	1
3	62323	92.81962464	1
3	62369	92.91954272	1
3	62378	92.91958368	1
3	62383	92.91962464	1
3	62429	93.01954272	1
3	62438	93.01958368	1
3	62443	93.01962464	1
3	62489	93.11954272	1
3	62498	93.11958368	1
3	62503	93.11962464	1
3	62549	93.21954272	1
3	62558	93.21958368	1
3	62563	93.21962464	1
3	62609	93.31954272	1
3	62618	93.31958368	1
3	62623	93.31962464	1
3	62669	93.41954272	1
3	62678	93.41958368	1
3	62683	93.41962464	1
3	62729	93.51954272	1
3	62738	93.51958368	1
3	62743	93.51962464	1
3	62789	93.61954272	1
3	62798	93.61958368	1
3	62803	93.61962464	1
3	62849	93.71954272	1
3	62858	93.71958368	1
3	62863	93.71962464	1
3	62909	93.81954272	1
3	62918	93.81958368	1
3	62923	93.81962464	1
3	62969	93.91954272	1
3	62978	93.91958368	1
3	62983	93.91962464	1
3	63029	94.01954272	1
3	63038	94.01958368	1
3	63043	94.01962464	1
3	63089	94.11954272	1
3	63098	94.11958368	1
3	63103	94.11962464	1
3	63149	94.21954272	1
3	63158	94.21958368	1
3	63163	94.21962464	1
3	63209	94.31954272	1
3	63218	94.31958368	1
3	63223	94.31962464	1
3	63269	94.41954272	1
3	63278	94.41958368	1
3	63283	94.41962464	1
3	63329	94.51954272	1
3	63338	94.51958368	1
3	63343	94.51962464	1
3	63389	94.61954272	1
3	63398	94.61958368	1
3	63403	94.61962464	1
3	63449	94.71954272	1
3	63458	94.71958368	1
3	63463	94.71962464	1
3	63509	94.81954272	1
3	63518	94.81958368	1
3	63523	94.81962464	1
3	63569	94.91954272	1
3	63578	94.91958368	1
3	63583	94.91962464	1
3	63629	95.01954272	1
3	63638	95.01958368	1
3	63643	95.01962464	1
3	63689	95.11954272	1
3	63698	95.11958368	1
3	63703	95.11962464	1
3	63749	95.21954272	1
3	63758	95.21958368	1
3	63763	95.21962464	1
3	63809	95.31954272	1
3	63818	95.31958368	1
3	63823	95.31962464	1
3	63869	95.41954272	1
3	63878	95.41958368	1
3	63883	95.41962464	1
3	63929	95.51954272	1
3	63938	95.51958368	1
3	63943	95.51962464	1
3	63989	95.61954272	1
3	63998	95.61958368	1
3	64003	95.61962464	1
3	64049	95.71954272	1
3	64058	95.71958368	1
3	64063	95.71962464	1
3	64109	95.81954272	1
3	64118	95.81958368	1
3	64123	95.81962464	1
3	64169	95.91954272	1
3	64178	95.91958368	1
3	64183	95.91962464	1
3	64229	96.01954272	1
3	64238	96.01958368	1
3	64243	96.01962464	1
3	64289	96.11954272	1
3	64298	96.11958368	1
3	64303	96.11962464	1
3	64349	96.21954272	1
3	64358	96.21958368	1
3	64363	96.21962464	1
3	64409	96.31954272	1
3	64418	96.31958368	1
3	64423	96.31962464	1
3	64469	96.41954272	1
3	64478	96.41958368	1
3	64483	96.41962464	1
3	64529	96.51954272	1
3	64538	96.51958368	1
3	64543	96.51962464	1
3	64589	96.61954272	1
3	64598	96.61958368	1
3	64603	96.61962464	1
3	64649	96.71954272	1
3	64658	96.71958368	1
3	64663	96.71962464	1
3	64709	96.81954272	1
3	64718	96.81958368	1
3	64723	96.81962464	1
3	64769	96.91954272	1
3	64778	96.91958368	1
3	64783	96.91962464	1
3	64829	97.01954272	1
3	64838	97.01958368	1
3	64843	97.01962464	1
3	64889	97.11954272	1
3	64898	97.11958368	1
3	64903	97.11962464	1
3	64949	97.21954272	1
3	64958	97.21958368	1
3	64963	97.21962464	1
3	65009	97.31954272	1
3	65018	97.31958368	1
3	65023	97.31962464	1
3	65069	97.41954272	1
3	65078	97.41958368	1
3	65083	97.41962464	1
3	65129	97.51954272	1
3	65138	97.51958368	1
3	65143	97.51962464	1
3	65189	97.61954272	1
3	65198	97.61958368	1
3	65203	97.61962464	1
3	65249	97.71954272	1
3	65258	97.71958368	1
3	65263	97.71962464	1
3	65309	97.81954272	1
3	65318	97.81958368	1
3	65323	97.81962464	1
3	65369	97.91954272	1
3	65378	97.91958368	1
3	65383	97.91962464	1
3	65429	98.01954272	1
3	65438	98.01958368	1
3	65443	98.01962464	1
3	65489	98.11954272	1
3	65498	98.11958368	1
3	65503	98.11962464	1
3	65549	98.21954272	1
3	65558	98.21958368	1
3	65563	98.21962464	1
3	65609	98.31954272	1
3	65618	98.31958368	1
3	65623	98.31962464	1
3	65669	98.41954272	1
3	65678	98.41958368	1
3	65683	98.41962464	1
3	65729	98.51954272	1
3	65738	98.51958368	1
3	65743	98.51962464	1
3	65789	98.61954272	1
3	65798	98.61958368	1
3	65803	98.61962464	1
3	65849	98.71954272	1
3	65858	98.71958368	1
3	65863	98.71962464	1
3	65909	98.81954272	1
3	65918	98.81958368	1
3	65923	98.81962464	1
3	65969	98.91954272	1
3	65978	98.91958368	1
3	65983	98.91962464	1
3	66029	99.01954272	1
3	66038	99.01958368	1
3	66043	99.01962464	1
3	66089	99.11954272	1
3	66098	99.11958368	1
3	66103	99.11962464	1
3	66149	99.21954272	1
3	66158	99.21958368	1
3	66163	99.21962464	1
3	66209	99.31954272	1
3	66218	99.31958368	1
3	66223	99.31962464	1
3	66269	99.41954272	1
3	66278	99.41958368	1
3	66283	99.41962464	1
3	66329	99.51954272	1
3	66338	99.51958368	1
3	66343	99.51962464	1
3	66389	99.61954272	1
3	66398	99.61958368	1
3	66403	99.61962464	1
3	66449	99.71954272	1
3	66458	99.71958368	1
3	66463	99.71962464	1
3	66509	99.81954272	1
3	66518	99.81958368	1
3	66523	99.81962464	1
3	66569	99.91954272	1
3	66578	99.91958368	1
3	66583	99.91962464	1
3	66629	100.01954272	1
3	66638	100.01958368	1
3	66643	100.01962464	1
3	66689	100.11954272	1
3	66698	100.11958368	1
3	66703	100.11962464	1
3	66749	100.21954272	1
3	66758	100.21958368	1
3	66763	100.21962464	1
3	66809	100.31954272	1
3	66818	100.31958368	1
3	66823	100.31962464	1
3	66869	100.41954272	1
3	66878	100.41958368	1
3	66883	100.41962464	1
3	66929	100.51954272	1
3	66938	100.51958368	1
3	66943	100.51962464	1
3	66989	100.61954272	1
3	66998	100.61958368	1
3	67003	100.61962464	1
3	67049	100.71954272	1
3	67058	100.71958368	1
3	67063	100.71962464	1
3	67109	100.81954272	1
3	67118	100.81958368	1
3	67123	100.81962464	1
3	67169	100.91954272	1
3	67178	100.91958368	1
3	67183	100.91962464	1
3	67229	101.01954272	1
3	67238	101.01958368	1
3	67243	101.01962464	1
3	67289	101.11954272	1
3	67298	101.11958368	1
3	67303	101.11962464	1
3	67349	101.21954272	1
3	67358	101.21958368	1
3	67363	101.21962464	1
3	67409	101.31954272	1
3	67418	101.31958368	1
3	67423	101.31962464	1
3	67469	101.41954272	1
3	67478	101.41958368	1
3	67483	101.41962464	1
3	67529	101.51954272	1
3	67538	101.51958368	1
3	67543	101.51962464	1
3	67589	101.61954272	1
3	67598	101.61958368	1
3	67603	101.61962464	1
3	67649	101.71954272	1
3	67658	101.71958368	1
3	67663	101.71962464	1
3	67709	101.81954272	1
3	67718	101.81958368	1
3	67723	101.81962464	1
3	67769	101.91954272	1
3	67778	101.91958368	1
3	67783	101.91962464	1
3	67829	102.01954272	1
3	67838	102.01958368	1
3	67843	102.01962464	1
3	67889	102.11954272	1
3	67898	102.11958368	1
3	67903	102.11962464	1
3	67949	102.21954272	1
3	67958	102.21958368	1
3	67963	102.21962464	1
3	68009	102.31954272	1
3	68018	102.31958368	1
3	68023	102.31962464	1
3	68069	102.41954272	1
3	68078	102.41958368	1
3	68083	102.41962464	1
3	68129	102.51954272	1
3	68138	102.51958368	1
3	68143	102.51962464	1
3	68189	102.61954272	1
3	68198	102.61958368	1
3	68203	102.61962464	1
3	68249	102.71954272	1
3	68258	102.71958368	1
3	68263	102.71962464	1
3	68309	102.81954272	1
3	68318	102.81958368	1
3	68323	102.81962464	1
3	68369	102.91954272	1
3	68378	102.91958368	1
3	68383	102.91962464	1
3	68429	103.01954272	1
3	68438	103.01958368	1
3	68443	103.01962464	1
3	68489	103.11954272	1
3	68498	103.11958368	1
3	68503	103.11962464	1
3	68549	103.21954272	1
3	68558	103.21958368	1
3	68563	103.21962464	1
3	68609	103.31954272	1
3	68618	103.31958368	1
3	68623	103.31962464	1
3	68669	103.41954272	1
3	68678	103.41958368	1
3	68683	103.41962464	1
3	68729	103.51954272	1
3	68738	103.51958368	1
3	68743	103.51962464	1
3	68789	103.61954272	1
3	68798	103.61958368	1
3	68803	103.61962464	1
3	68849	103.71954272	1
3	68858	103.71958368	1
3	68863	103.71962464	1
3	68909	103.81954272	1
3	68918	103.81958368	1
3	68923	103.81962464	1
3	68969	103.91954272	1
3	68978	103.91958368	1
3	68983	103.91962464	1
3	69029	104.01954272	1
3	69038	104.01958368	1
3	69043	104.01962464	1
3	69089	104.11954272	1
3	69098	104.11958368	1
3	69103	104.11962464	1
3	69149	104.21954272	1
3	69158	104.21958368	1
3	69163	104.21962464	1
3	69209	104.31954272	1
3	69218	104.31958368	1
3	69223	104.31962464	1
3	69269	104.41954272	1
3	69278	104.41958368	1
3	69283	104.41962464	1
3	69329	104.51954272	1
3	69338	104.51958368	1
3	69343	104.51962464	1
3	69389	104.61954272	1
3	69398	104.61958368	1
3	69403	104.61962464	1
3	69449	104.71954272	1
3	69458	104.71958368	1
3	69463	104.71962464	1
3	69509	104.81954272	1
3	69518	104.81958368	1
3	69523	104.81962464	1
3	69569	104.91954272	1
3	69578	104.91958368	1
3	69583	104.91962464	1
3	69629	105.01954272	1
3	69638	105.01958368	1
3	69643	105.01962464	1
3	69689	105.11954272	1
3	69698	105.11958368	1
3	69703	105.11962464	1
3	69749	105.21954272	1
3	69758	105.21958368	1
3	69763	105.21962464	1
3	69809	105.31954272	1
3	69818	105.31958368	1
3	69823	105.31962464	1
3	69869	105.41954272	1
3	69878	105.41958368	1
3	69883	105.41962464	1
3	69929	105.51954272	1
3	69938	105.51958368	1
3	69943	105.51962464	1
3	69989	105.61954272	1
3	69998	105.61958368	1
3	70003	105.61962464	1
3	70049	105.71954272	1
3	70058	105.71958368	1
3	70063	105.71962464	1
3	70109	105.81954272	1
3	70118	105.81958368	1
3	70123	105.81962464	1
3	70169	105.91954272	1
3	70178	105.91958368	1
3	70183	105.91962464	1
3	70229	106.01954272	1
3	70238	106.01958368	1
3	70243	106.01962464	1
3	70289	106.11954272	1
3	70298	106.11958368	1
3	70303	106.11962464	1
3	70349	106.21954272	1
3	70358	106.21958368	1
3	70363	106.21962464	1
3	70409	106.31954272	1
3	70418	106.31958368	1
3	70423	106.31962464	1
3	70469	106.41954272	1
3	70478	106.41958368	1
3	70483	106.41962464	1
3	70529	106.51954272	1
3	70538	106.51958368	1
3	70543	106.51962464	1
3	70589	106.61954272	1
3	70598	106.61958368	1
3	70603	106.61962464	1
3	70649	106.71954272	1
3	70658	106.71958368	1
3	70663	106.71962464	1
3	70709	106.81954272	1
3	70718	106.81958368	1
3	70723	106.81962464	1
3	70769	106.91954272	1
3	70778	106.91958368	1
3	70783	106.91962464	1
3	70829	107.01954272	1
3	70838	107.01958368	1
3	70843	107.01962464	1
3	70889	107.11954272	1
3	70898	107.11958368	1
3	70903	107.11962464	1
3	70949	107.21954272	1
3	70958	107.21958368	1
3	70963	107.21962464	1
3	71009	107.31954272	1
3	71018	107.31958368	1
3	71023	107.31962464	1
3	71069	107.41954272	1
3	71078	107.41958368	1
3	71083	107.41962464	1
3	71129	107.51954272	1
3	71138	107.51958368	1
3	71143	107.51962464	1
3	71189	107.61954272	1
3	71198	107.61958368	1
3	71203	107.61962464	1
3	71249	107.71954272	1
3	71258	107.71958368	1
3	71263	107.71962464	1
3	71309	107.81954272	1
3	71318	107.81958368	1
3	71323	107.81962464	1
3	71369	107.91954272	1
3	71378	107.91958368	1
3	71383	107.91962464	1
3	71429	108.01954272	1
3	71438	108.01958368	1
3	71443	108.01962464	1
3	71489	108.11954272	1
3	71498	108.11958368	1
3	71503	108.11962464	1
3	71549	108.21954272	1
3	71558	108.21958368	1
3	71563	108.21962464	1
3	71609	108.31954272	1
3	71618	108.31958368	1
3	71623	108.31962464	1
3	71669	108.41954272	1
3	71678	108.41958368	1
3	71683	108.41962464	1
3	71729	108.51954272	1
3	71738	108.51958368	1
3	71743	108.51962464	1
3	71789	108.61954272	1
3	71798	108.61958368	1
3	71803	108.61962464	1
3	71849	108.71954272	1
3	71858	108.71958368	1
3	71863	108.71962464	1
3	71909	108.81954272	1
3	71918	108.81958368	1
3	71923	108.81962464	1
3	71969	108.91954272	1
3	71978	108.91958368	1
3	71983	108.91962464	1
3	72029	109.01954272	1
3	72038	109.01958368	1
3	72043	109.01962464	1
3	72089	109.11954272	1
3	72098	109.11958368	1
3	72103	109.11962464	1
3	72149	109.21954272	1
3	72158	109.21958368	1
3	72163	109.21962464	1
3	72209	109.31954272	1
3	72218	109.31958368	1
3	72223	109.31962464	1
3	72269	109.41954272	1
3	72278	109.41958368	1
3	72283	109.41962464	1
3	72329	109.51954272	1
3	72338	109.51958368	1
3	72343	109.51962464	1
3	72389	109.61954272	1
3	72398	109.61958368	1
3	72403	109.61962464	1
3	72449	109.71954272	1
3	72458	109.71958368	1
3	72463	109.71962464	1
3	72509	109.81954272	1
3	72518	109.81958368	1
3	72523	109.81962464	1
3	72569	109.91954272	1
3	72578	109.91958368	1
3	72583	109.91962464	1
3	72629	110.01954272	1
3	72638	110.01958368	1
3	72643	110.01962464	1
3	72689	110.11954272	1
3	72698	110.11958368	1
3	72703	110.11962464	1
3	72749	110.21954272	1
3	72758	110.21958368	1
3	72763	110.21962464	1
3	72809	110.31954272	1
3	72818	110.31958368	1
3	72823	110.31962464	1
3	72869	110.41954272	1
3	72878	110.41958368	1
3	72883	110.41962464	1
3	72929	110.51954272	1
3	72938	110.51958368	1
3	72943	110.51962464	1
3	72989	110.61954272	1
3	72998	110.61958368	1
3	73003	110.61962464	1
3	73049	110.71954272	1
3	73058	110.71958368	1
3	73063	110.71962464	1
3	73109	110.81954272	1
3	73118	110.81958368	1
3	73123	110.81962464	1
3	73169	110.91954272	1
3	73178	110.91958368	1
3	73183	110.91962464	1
3	73229	111.01954272	1
3	73238	111.01958368	1
3	73243	111.01962464	1
3	73289	111.11954272	1
3	73298	111.11958368	1
3	73303	111.11962464	1
3	73349	111.21954272	1
3	73358	111.21958368	1
3	73363	111.21962464	1
3	73409	111.31954272	1
3	73418	111.31958368	1
3	73423	111.31962464	1
3	73469	111.41954272	1
3	73478	111.41958368	1
3	73483	111.41962464	1
3	73529	111.51954272	1
3	73538	111.51958368	1
3	73543	111.51962464	1
3	73589	111.61954272	1
3	73598	111.61958368	1
3	73603	111.61962464	1
3	73649	111.71954272	1
3	73658	111.71958368	1
3	73663	111.71962464	1
3	73709	111.81954272	1
3	73718	111.81958368	1
3	73723	111.81962464	1
3	73769	111.91954272	1
3	73778	111.91958368	1
3	73783	111.91962464	1
3	73829	112.01954272	1
3	73838	112.01958368	1
3	73843	112.01962464	1
3	73889	112.11954272	1
3	73898	112.11958368	1
3	73903	112.11962464	1
3	73949	112.21954272	1
3	73958	112.21958368	1
3	73963	112.21962464	1
3	74009	112.31954272	1
3	74018	112.31958368	1
3	74023	112.31962464	1
3	74069	112.41954272	1
3	74078	112.41958368	1
3	74083	112.41962464	1
3	74129	112.51954272	1
3	74138	112.51958368	1
3	74143	112.51962464	1
3	74189	112.61954272	1
3	74198	112.61958368	1
3	74203	112.61962464	1
3	74249	112.71954272	1
3	74258	112.71958368	1
3	74263	112.71962464	1
3	74309	112.81954272	1
3	74318	112.81958368	1
3	74323	112.81962464	1
3	74369	112.91954272	1
3	74378	112.91958368	1
3	74383	112.91962464	1
3	74429	113.01954272	1
3	74438	113.01958368	1
3	74443	113.01962464	1
3	74489	113.11954272	1
3	74498	113.11958368	1
3	74503	113.11962464	1
3	74549	113.21954272	1
3	74558	113.21958368	1
3	74563	113.21962464	1
3	74609	113.31954272	1
3	74618	113.31958368	1
3	74623	113.31962464	1
3	74669	113.41954272	1
3	74678	113.41958368	1
3	74683	113.41962464	1
3	74729	113.51954272	1
3	74738	113.51958368	1
3	74743	113.51962464	1
3	74789	113.61954272	1
3	74798	113.61958368	1
3	74803	113.61962464	1
3	74849	113.71954272	1
3	74858	113.71958368	1
3	74863	113.71962464	1
3	74909	113.81954272	1
3	74918	113.81958368	1
3	74923	113.81962464	1
3	74969	113.91954272	1
3	74978	113.91958368	1
3	74983	113.91962464	1
3	75029	114.01954272	1
3	75038	114.01958368	1
3	75043	114.01962464	1
3	75089	114.11954272	1
3	75098	114.11958368	1
3	75103	114.11962464	1
3	75149	114.21954272	1
3	75158	114.21958368	1
3	75163	114.21962464	1
3	75209	114.31954272	1
3	75218	114.31958368	1
3	75223	114.31962464	1
3	75269	114.41954272	1
3	75278	114.41958368	1
3	75283	114.41962464	1
3	75329	114.51954272	1
3	75338	114.51958368	1
3	75343	114.51962464	1
3	75389	114.61954272	1
3	75398	114.61958368	1
3	75403	114.61962464	1
3	75449	114.71954272	1
3	75458	114.71958368	1
3	75463	114.71962464	1
3	75509	114.81954272	1
3	75518	114.81958368	1
3	75523	114.81962464	1
3	75569	114.91954272	1
3	75578	114.91958368	1
3	75583	114.91962464	1
3	75629	115.01954272	1
3	75638	115.01958368	1
3	75643	115.01962464	1
3	75689	115.11954272	1
3	75698	115.11958368	1
3	75703	115.11962464	1
3	75749	115.21954272	1
3	75758	115.21958368	1
3	75763	115.21962464	1
3	75809	115.31954272	1
3	75818	115.31958368	1
3	75823	115.31962464	1
3	75869	115.41954272	1
3	75878	115.41958368	1
3	75883	115.41962464	1
3	75929	115.51954272	1
3	75938	115.51958368	1
3	75943	115.51962464	1
3	75989	115.61954272	1
3	75998	115.61958368	1
3	76003	115.61962464	1
3	76049	115.71954272	1
3	76058	115.71958368	1
3	76063	115.71962464	1
3	76109	115.81954272	1
3	76118	115.81958368	1
3	76123	115.81962464	1
3	76169	115.91954272	1
3	76178	115.91958368	1
3	76183	115.91962464	1
3	76229	116.01954272	1
3	76238	116.01958368	1
3	76243	116.01962464	1
3	76289	116.11954272	1
3	76298	116.11958368	1
3	76303	116.11962464	1
3	76349	116.21954272	1
3	76358	116.21958368	1
3	76363	116.21962464	1
3	76409	116.31954272	1
3	76418	116.31958368	1
3	76423	116.31962464	1
3	76469	116.41954272	1
3	76478	116.41958368	1
3	76483	116.41962464	1
3	76529	116.51954272	1
3	76538	116.51958368	1
3	76543	116.51962464	1
3	76589	116.61954272	1
3	76598	116.61958368	1
3	76603	116.61962464	1
3	76649	116.71954272	1
3	76658	116.71958368	1
3	76663	116.71962464	1
3	76709	116.81954272	1
3	76718	116.81958368	1
3	76723	116.81962464	1
3	76769	116.91954272	1
3	76778	116.91958368	1
3	76783	116.91962464	1
3	76829	117.01954272	1
3	76838	117.01958368	1
3	76843	117.01962464	1
3	76889	117.11954272	1
3	76898	117.11958368	1
3	76903	117.11962464	1
3	76949	117.21954272	1
3	76958	117.21958368	1
3	76963	117.21962464	1
3	77009	117.31954272	1
3	77018	117.31958368	1
3	77023	117.31962464	1
3	77069	117.41954272	1
3	77078	117.41958368	1
3	77083	117.41962464	1
3	77129	117.51954272	1
3	77138	117.51958368	1
3	77143	117.51962464	1
3	77189	117.61954272	1
3	77198	117.61958368	1
3	77203	117.61962464	1
3	77249	117.71954272	1
3	77258	117.71958368	1
3	77263	117.71962464	1
3	77309	117.81954272	1
3	77318	117.81958368	1
3	77323	117.81962464	1
3	77369	117.91954272	1
3	77378	117.91958368	1
3	77383	117.91962464	1
3	77429	118.01954272	1
3	77438	118.01958368	1
3	77443	118.01962464	1
3	77489	118.11954272	1
3	77498	118.11958368	1
3	77503	118.11962464	1
3	77549	118.21954272	1
3	77558	118.21958368	1
3	77563	118.21962464	1
3	77609	118.31954272	1
3	77618	118.31958368	1
3	77623	118.31962464	1
3	77669	118.41954272	1
3	77678	118.41958368	1
3	77683	118.41962464	1
3	77729	118.51954272	1
3	77738	118.51958368	1
3	77743	118.51962464	1
3	77789	118.61954272	1
3	77798	118.61958368	1
3	77803	118.61962464	1
3	77849	118.71954272	1
3	77858	118.71958368	1
3	77863	118.71962464	1
3	77909	118.81954272	1
3	77918	118.81958368	1
3	77923	118.81962464	1
3	77969	118.91954272	1
3	77978	118.91958368	1
3	77983	118.91962464	1
3	78029	119.01954272	1
3	78038	119.01958368	1
3	78043	119.01962464	1
3	78089	119.11954272	1
3	78098	119.11958368	1
3	78103	119.11962464	1
3	78149	119.21954272	1
3	78158	119.21958368	1
3	78163	119.21962464	1
3	78209	119.31954272	1
3	78218	119.31958368	1
3	78223	119.31962464	1
3	78269	119.41954272	1
3	78278	119.41958368	1
3	78283	119.41962464	1
3	78329	119.51954272	1
3	78338	119.51958368	1
3	78343	119.51962464	1
3	78389	119.61954272	1
3	78398	119.61958368	1
3	78403	119.61962464	1
3	78449	119.71954272	1
3	78458	119.71958368	1
3	78463	119.71962464	1
3	78509	119.81954272	1
3	78518	119.81958368	1
3	78523	119.81962464	1
3	78569	119.91954272	1
3	78578	119.91958368	1
3	78583	119.91962464	1
3	78631	120.01954272	1
3	78641	120.01958368	1
3	78647	120.01962464	1
3	78703	120.11954272	1
3	78713	120.11958368	1
3	78719	120.11962464	1
3	78775	120.21954272	1
3	78785	120.21958368	1
3	78791	120.21962464	1
3	78847	120.31954272	1
3	78857	120.31958368	1
3	78863	120.31962464	1
3	78919	120.41954272	1
3	78929	120.41958368	1
3	78935	120.41962464	1
3	78991	120.51954272	1
3	79001	120.51958368	1
3	79007	120.51962464	1
3	79063	120.61954272	1
3	79073	120.61958368	1
3	79079	120.61962464	1
3	79135	120.71954272	1
3	79145	120.71958368	1
3	79151	120.71962464	1
3	79207	120.81954272	1
3	79217	120.81958368	1
3	79223	120.81962464	1
3	79279	120.91954272	1
3	79289	120.91958368	1
3	79295	120.91962464	1
3	79351	121.01954272	1
3	79361	121.01958368	1
3	79367	121.01962464	1
3	79423	121.11954272	1
3	79433	121.11958368	1
3	79439	121.11962464	1
3	79495	121.21954272	1
3	79505	121.21958368	1
3	79511	121.21962464	1
3	79567	121.31954272	1
3	79577	121.31958368	1
3	79583	121.31962464	1
3	79639	121.41954272	1
3	79649	121.41958368	1
3	79655	121.41962464	1
3	79711	121.51954272	1
3	79721	121.51958368	1
3	79727	121.51962464	1
3	79783	121.61954272	1
3	79793	121.61958368	1
3	79799	121.61962464	1
3	79855	121.71954272	1
3	79865	121.71958368	1
3	79871	121.71962464	1
3	79927	121.81954272	1
3	79937	121.81958368	1
3	79943	121.81962464	1
3	79999	121.91954272	1
3	80009	121.91958368	1
3	80015	121.91962464	1
3	80071	122.01954272	1
3	80081	122.01958368	1
3	80087	122.01962464	1
3	80143	122.11954272	1
3	80153	122.11958368	1
3	80159	122.11962464	1
3	80215	122.21954272	1
3	80225	122.21958368	1
3	80231	122.21962464	1
3	80287	122.31954272	1
3	80297	122.31958368	1
3	80303	122.31962464	1
3	80359	122.41954272	1
3	80369	122.41958368	1
3	80375	122.41962464	1
3	80431	122.51954272	1
3	80441	122.51958368	1
3	80447	122.51962464	1
3	80503	122.61954272	1
3	80513	122.61958368	1
3	80519	122.61962464	1
3	80575	122.71954272	1
3	80585	122.71958368	1
3	80591	122.71962464	1
3	80647	122.81954272	1
3	80657	122.81958368	1
3	80663	122.81962464	1
3	80719	122.91954272	1
3	80729	122.91958368	1
3	80735	122.91962464	1
3	80791	123.01954272	1
3	80801	123.01958368	1
3	80807	123.01962464	1
3	80863	123.11954272	1
3	80873	123.11958368	1
3	80879	123.11962464	1
3	80935	123.21954272	1
3	80945	123.21958368	1
3	80951	123.21962464	1
3	81007	123.31954272	1
3	81017	123.31958368	1
3	81023	123.31962464	1
3	81079	123.41954272	1
3	81089	123.41958368	1
3	81095	123.41962464	1
3	81151	123.51954272	1
3	81161	123.51958368	1
3	81167	123.51962464	1
3	81223	123.61954272	1
3	81233	123.61958368	1
3	81239	123.61962464	1
3	81295	123.71954272	1
3	81305	123.71958368	1
3	81311	123.71962464	1
3	81367	123.81954272	1
3	81377	123.81958368	1
3	81383	123.81962464	1
3	81439	123.91954272	1
3	81449	123.91958368	1
3	81455	123.91962464	1
3	81511	124.01954272	1
3	81521	124.01958368	1
3	81527	124.01962464	1
3	81583	124.11954272	1
3	81593	124.11958368	1
3	81599	124.11962464	1
3	81655	124.21954272	1
3	81665	124.21958368	1
3	81671	124.21962464	1
3	81727	124.31954272	1
3	81737	124.31958368	1
3	81743	124.31962464	1
3	81799	124.41954272	1
3	81809	124.41958368	1
3	81815	124.41962464	1
3	81871	124.51954272	1
3	81881	124.51958368	1
3	81887	124.51962464	1
3	81943	124.61954272	1
3	81953	124.61958368	1
3	81959	124.61962464	1
3	82015	124.71954272	1
3	82025	124.71958368	1
3	82031	124.71962464	1
3	82087	124.81954272	1
3	82097	124.81958368	1
3	82103	124.81962464	1
3	82159	124.91954272	1
3	82169	124.91958368	1
3	82175	124.91962464	1
3	82231	125.01954272	1
3	82241	125.01958368	1
3	82247	125.01962464	1
3	82303	125.11954272	1
3	82313	125.11958368	1
3	82319	125.11962464	1
3	82375	125.21954272	1
3	82385	125.21958368	1
3	82391	125.21962464	1
3	82447	125.31954272	1
3	82457	125.31958368	1
3	82463	125.31962464	1
3	82519	125.41954272	1
3	82529	125.41958368	1
3	82535	125.41962464	1
3	82591	125.51954272	1
3	82601	125.51958368	1
3	82607	125.51962464	1
3	82663	125.61954272	1
3	82673	125.61958368	1
3	82679	125.61962464	1
3	82735	125.71954272	1
3	82745	125.71958368	1
3	82751	125.71962464	1
3	82807	125.81954272	1
3	82817	125.81958368	1
3	82823	125.81962464	1
3	82879	125.91954272	1
3	82889	125.91958368	1
3	82895	125.91962464	1
3	82951	126.01954272	1
3	82961	126.01958368	1
3	82967	126.01962464	1
3	83023	126.11954272	1
3	83033	126.11958368	1
3	83039	126.11962464	1
3	83095	126.21954272	1
3	83105	126.21958368	1
3	83111	126.21962464	1
3	83167	126.31954272	1
3	83177	126.31958368	1
3	83183	126.31962464	1
3	83239	126.41954272	1
3	83249	126.41958368	1
3	83255	126.41962464	1
3	83311	126.51954272	1
3	83321	126.51958368	1
3	83327	126.51962464	1
3	83383	126.61954272	1
3	83393	126.61958368	1
3	83399	126.61962464	1
3	83455	126.71954272	1
3	83465	126.71958368	1
3	83471	126.71962464	1
3	83527	126.81954272	1
3	83537	126.81958368	1
3	83543	126.81962464	1
3	83599	126.91954272	1
3	83609	126.91958368	1
3	83615	126.91962464	1
3	83671	127.01954272	1
3	83681	127.01958368	1
3	83687	127.01962464	1
3	83743	127.11954272	1
3	83753	127.11958368	1
3	83759	127.11962464	1
3	83815	127.21954272	1
3	83825	127.21958368	1
3	83831	127.21962464	1
3	83887	127.31954272	1
3	83897	127.31958368	1
3	83903	127.31962464	1
3	83959	127.41954272	1
3	83969	127.41958368	1
3	83975	127.41962464	1
3	84031	127.51954272	1
3	84041	127.51958368	1
3	84047	127.51962464	1
3	84103	127.61954272	1
3	84113	127.61958368	1
3	84119	127.61962464	1
3	84175	127.71954272	1
3	84185	127.71958368	1
3	84191	127.71962464	1
3	84247	127.81954272	1
3	84257	127.81958368	1
3	84263	127.81962464	1
3	84319	127.91954272	1
3	84329	127.91958368	1
3	84335	127.91962464	1
3	84391	128.01954272	1
3	84401	128.01958368	1
3	84407	128.01962464	1
3	84463	128.11954272	1
3	84473	128.11958368	1
3	84479	128.11962464	1
3	84535	128.21954272	1
3	84545	128.21958368	1
3	84551	128.21962464	1
3	84607	128.31954272	1
3	84617	128.31958368	1
3	84623	128.31962464	1
3	84679	128.41954272	1
3	84689	128.41958368	1
3	84695	128.41962464	1
3	84751	128.51954272	1
3	84761	128.51958368	1
3	84767	128.51962464	1
3	84823	128.61954272	1
3	84833	128.61958368	1
3	84839	128.61962464	1
3	84895	128.71954272	1
3	84905	128.71958368	1
3	84911	128.71962464	1
3	84967	128.81954272	1
3	84977	128.81958368	1
3	84983	128.81962464	1
3	85039	128.91954272	1
3	85049	128.91958368	1
3	85055	128.91962464	1
3	85111	129.01954272	1
3	85121	129.01958368	1
3	85127	129.01962464	1
3	85183	129.11954272	1
3	85193	129.11958368	1
3	85199	129.11962464	1
3	85255	129.21954272	1
3	85265	129.21958368	1
3	85271	129.21962464	1
3	85327	129.31954272	1
3	85337	129.31958368	1
3	85343	129.31962464	1
3	85399	129.41954272	1
3	85409	129.41958368	1
3	85415	129.41962464	1
3	85471	129.51954272	1
3	85481	129.51958368	1
3	85487	129.51962464	1
3	85543	129.61954272	1
3	85553	129.61958368	1
3	85559	129.61962464	1
3	85615	129.71954272	1
3	85625	129.71958368	1
3	85631	129.71962464	1
3	85687	129.81954272	1
3	85697	129.81958368	1
3	85703	129.81962464	1
3	85759	129.91954272	1
3	85769	129.91958368	1
3	85775	129.91962464	1
3	85831	130.01954272	1
3	85841	130.01958368	1
3	85847	130.01962464	1
3	85903	130.11954272	1
3	85913	130.11958368	1
3	85919	130.11962464	1
3	85975	130.21954272	1
3	85985	130.21958368	1
3	85991	130.21962464	1
3	86047	130.31954272	1
3	86057	130.31958368	1
3	86063	130.31962464	1
3	86119	130.41954272	1
3	86129	130.41958368	1
3	86135	130.41962464	1
3	86191	130.51954272	1
3	86201	130.51958368	1
3	86207	130.51962464	1
3	86263	130.61954272	1
3	86273	130.61958368	1
3	86279	130.61962464	1
3	86335	130.71954272	1
3	86345	130.71958368	1
3	86351	130.71962464	1
3	86407	130.81954272	1
3	86417	130.81958368	1
3	86423	130.81962464	1
3	86479	130.91954272	1
3	86489	130.91958368	1
3	86495	130.91962464	1
3	86551	131.01954272	1
3	86561	131.01958368	1
3	86567	131.01962464	1
3	86623	131.11954272	1
3	86633	131.11958368	1
3	86639	131.11962464	1
3	86695	131.21954272	1
3	86705	131.21958368	1
3	86711	131.21962464	1
3	86767	131.31954272	1
3	86777	131.31958368	1
3	86783	131.31962464	1
3	86839	131.41954272	1
3	86849	131.41958368	1
3	86855	131.41962464	1
3	86911	131.51954272	1
3	86921	131.51958368	1
3	86927	131.51962464	1
3	86983	131.61954272	1
3	86993	131.61958368	1
3	86999	131.61962464	1
3	87055	131.71954272	1
3	87065	131.71958368	1
3	87071	131.71962464	1
3	87127	131.81954272	1
3	87137	131.81958368	1
3	87143	131.81962464	1
3	87199	131.91954272	1
3	87209	131.91958368	1
3	87215	131.91962464	1
3	87271	132.01954272	1
3	87281	132.01958368	1
3	87287	132.01962464	1
3	87343	132.11954272	1
3	87353	132.11958368	1
3	87359	132.11962464	1
3	87415	132.21954272	1
3	87425	132.21958368	1
3	87431	132.21962464	1
3	87487	132.31954272	1
3	87497	132.31958368	1
3	87503	132.31962464	1
3	87559	132.41954272	1
3	87569	132.41958368	1
3	87575	132.41962464	1
3	87631	132.51954272	1
3	87641	132.51958368	1
3	87647	132.51962464	1
3	87703	132.61954272	1
3	87713	132.61958368	1
3	87719	132.61962464	1
3	87775	132.71954272	1
3	87785	132.71958368	1
3	87791	132.71962464	1
3	87847	132.81954272	1
3	87857	132.81958368	1
3	87863	132.81962464	1
3	87919	132.91954272	1
3	87929	132.91958368	1
3	87935	132.91962464	1
3	87991	133.01954272	1
3	88001	133.01958368	1
3	88007	133.01962464	1
3	88063	133.11954272	1
3	88073	133.11958368	1
3	88079	133.11962464	1
3	88135	133.21954272	1
3	88145	133.21958368	1
3	88151	133.21962464	1
3	88207	133.31954272	1
3	88217	133.31958368	1
3	88223	133.31962464	1
3	88279	133.41954272	1
3	88289	133.41958368	1
3	88295	133.41962464	1
3	88351	133.51954272	1
3	88361	133.51958368	1
3	88367	133.51962464	1
3	88423	133.61954272	1
3	88433	133.61958368	1
3	88439	133.61962464	1
3	88495	133.71954272	1
3	88505	133.71958368	1
3	88511	133.71962464	1
3	88567	133.81954272	1
3	88577	133.81958368	1
3	88583	133.81962464	1
3	88639	133.91954272	1
3	88649	133.91958368	1
3	88655	133.91962464	1
3	88711	134.01954272	1
3	88721	134.01958368	1
3	88727	134.01962464	1
3	88783	134.11954272	1
3	88793	134.11958368	1
3	88799	134.11962464	1
3	88855	134.21954272	1
3	88865	134.21958368	1
3	88871	134.21962464	1
3	88927	134.31954272	1
3	88937	134.31958368	1
3	88943	134.31962464	1
3	88999	134.41954272	1
3	89009	134.41958368	1
3	89015	134.41962464	1
3	89071	134.51954272	1
3	89081	134.51958368	1
3	89087	134.51962464	1
3	89143	134.61954272	1
3	89153	134.61958368	1
3	89159	134.61962464	1
3	89215	134.71954272	1
3	89225	134.71958368	1
3	89231	134.71962464	1
3	89287	134.81954272	1
3	89297	134.81958368	1
3	89303	134.81962464	1
3	89359	134.91954272	1
3	89369	134.91958368	1
3	89375	134.91962464	1
3	89431	135.01954272	1
3	89441	135.01958368	1
3	89447	135.01962464	1
3	89503	135.11954272	1
3	89513	135.11958368	1
3	89519	135.11962464	1
3	89575	135.21954272	1
3	89585	135.21958368	1
3	89591	135.21962464	1
3	89647	135.31954272	1
3	89657	135.31958368	1
3	89663	135.31962464	1
3	89719	135.41954272	1
3	89729	135.41958368	1
3	89735	135.41962464	1
3	89791	135.51954272	1
3	89801	135.51958368	1
3	89807	135.51962464	1
3	89863	135.61954272	1
3	89873	135.61958368	1
3	89879	135.61962464	1
3	89935	135.71954272	1
3	89945	135.71958368	1
3	89951	135.71962464	1
3	90007	135.81954272	1
3	90017	135.81958368	1
3	90023	135.81962464	1
3	90079	135.91954272	1
3	90089	135.91958368	1
3	90095	135.91962464	1
3	90151	136.01954272	1
3	90161	136.01958368	1
3	90167	136.01962464	1
3	90223	136.11954272	1
3	90233	136.11958368	1
3	90239	136.11962464	1
3	90295	136.21954272	1
3	90305	136.21958368	1
3	90311	136.21962464	1
3	90367	136.31954272	1
3	90377	136.31958368	1
3	90383	136.31962464	1
3	90439	136.41954272	1
3	90449	136.41958368	1
3	90455	136.41962464	1
3	90511	136.51954272	1
3	90521	136.51958368	1
3	90527	136.51962464	1
3	90583	136.61954272	1
3	90593	136.61958368	1
3	90599	136.61962464	1
3	90655	136.71954272	1
3	90665	136.71958368	1
3	90671	136.71962464	1
3	90727	136.81954272	1
3	90737	136.81958368	1
3	90743	136.81962464	1
3	90799	136.91954272	1
3	90809	136.91958368	1
3	90815	136.91962464	1
3	90871	137.01954272	1
3	90881	137.01958368	1
3	90887	137.01962464	1
3	90943	137.11954272	1
3	90953	137.11958368	1
3	90959	137.11962464	1
3	91015	137.21954272	1
3	91025	137.21958368	1
3	91031	137.21962464	1
3	91087	137.31954272	1
3	91097	137.31958368	1
3	91103	137.31962464	1
3	91159	137.41954272	1
3	91169	137.41958368	1
3	91175	137.41962464	1
3	91231	137.51954272	1
3	91241	137.51958368	1
3	91247	137.51962464	1
3	91303	137.61954272	1
3	91313	137.61958368	1
3	91319	137.61962464	1
3	91375	137.71954272	1
3	91385	137.71958368	1
3	91391	137.71962464	1
3	91447	137.81954272	1
3	91457	137.81958368	1
3	91463	137.81962464	1
3	91519	137.91954272	1
3	91529	137.91958368	1
3	91535	137.91962464	1
3	91591	138.01954272	1
3	91601	138.01958368	1
3	91607	138.01962464	1
3	91663	138.11954272	1
3	91673	138.11958368	1
3	91679	138.11962464	1
3	91735	138.21954272	1
3	91745	138.21958368	1
3	91751	138.21962464	1
3	91807	138.31954272	1
3	91817	138.31958368	1
3	91823	138.31962464	1
3	91879	138.41954272	1
3	91889	138.41958368	1
3	91895	138.41962464	1
3	91951	138.51954272	1
3	91961	138.51958368	1
3	91967	138.51962464	1
3	92023	138.61954272	1
3	92033	138.61958368	1
3	92039	138.61962464	1
3	92095	138.71954272	1
3	92105	138.71958368	1
3	92111	138.71962464	1
3	92167	138.81954272	1
3	92177	138.81958368	1
3	92183	138.81962464	1
3	92239	138.91954272	1
3	92249	138.91958368	1
3	92255	138.91962464	1
3	92311	139.01954272	1
3	92321	139.01958368	1
3	92327	139.01962464	1
3	92383	139.11954272	1
3	92393	139.11958368	1
3	92399	139.11962464	1
3	92455	139.21954272	1
3	92465	139.21958368	1
3	92471	139.21962464	1
3	92527	139.31954272	1
3	92537	139.31958368	1
3	92543	139.31962464	1
3	92599	139.41954272	1
3	92609	139.41958368	1
3	92615	139.41962464	1
3	92671	139.51954272	1
3	92681	139.51958368	1
3	92687	139.51962464	1
3	92743	139.61954272	1
3	92753	139.61958368	1
3	92759	139.61962464	1
3	92815	139.71954272	1
3	92825	139.71958368	1
3	92831	139.71962464	1
3	92887	139.81954272	1
3	92897	139.81958368	1
3	92903	139.81962464	1
3	92959	139.91954272	1
3	92969	139.91958368	1
3	92975	139.91962464	1
3	93031	140.01954272	1
3	93041	140.01958368	1
3	93047	140.01962464	1
3	93103	140.11954272	1
3	93113	140.11958368	1
3	93119	140.11962464	1
3	93175	140.21954272	1
3	93185	140.21958368	1
3	93191	140.21962464	1
3	93247	140.31954272	1
3	93257	140.31958368	1
3	93263	140.31962464	1
3	93319	140.41954272	1
3	93329	140.41958368	1
3	93335	140.41962464	1
3	93391	140.51954272	1
3	93401	140.51958368	1
3	93407	140.51962464	1
3	93463	140.61954272	1
3	93473	140.61958368	1
3	93479	140.61962464	1
3	93535	140.71954272	1
3	93545	140.71958368	1
3	93551	140.71962464	1
3	93607	140.81954272	1
3	93617	140.81958368	1
3	93623	140.81962464	1
3	93679	140.91954272	1
3	93689	140.91958368	1
3	93695	140.91962464	1
3	93751	141.01954272	1
3	93761	141.01958368	1
3	93767	141.01962464	1
3	93823	141.11954272	1
3	93833	141.11958368	1
3	93839	141.11962464	1
3	93895	141.21954272	1
3	93905	141.21958368	1
3	93911	141.21962464	1
3	93967	141.31954272	1
3	93977	141.31958368	1
3	93983	141.31962464	1
3	94039	141.41954272	1
3	94049	141.41958368	1
3	94055	141.41962464	1
3	94111	141.51954272	1
3	94121	141.51958368	1
3	94127	141.51962464	1
3	94183	141.61954272	1
3	94193	141.61958368	1
3	94199	141.61962464	1
3	94255	141.71954272	1
3	94265	141.71958368	1
3	94271	141.71962464	1
3	94327	141.81954272	1
3	94337	141.81958368	1
3	94343	141.81962464	1
3	94399	141.91954272	1
3	94409	141.91958368	1
3	94415	141.91962464	1
3	94471	142.01954272	1
3	94481	142.01958368	1
3	94487	142.01962464	1
3	94543	142.11954272	1
3	94553	142.11958368	1
3	94559	142.11962464	1
3	94615	142.21954272	1
3	94625	142.21958368	1
3	94631	142.21962464	1
3	94687	142.31954272	1
3	94697	142.31958368	1
3	94703	142.31962464	1
3	94759	142.41954272	1
3	94769	142.41958368	1
3	94775	142.41962464	1
3	94831	142.51954272	1
3	94841	142.51958368	1
3	94847	142.51962464	1
3	94903	142.61954272	1
3	94913	142.61958368	1
3	94919	142.61962464	1
3	94975	142.71954272	1
3	94985	142.71958368	1
3	94991	142.71962464	1
3	95047	142.81954272	1
3	95057	142.81958368	1
3	95063	142.81962464	1
3	95119	142.91954272	1
3	95129	142.91958368	1
3	95135	142.91962464	1
3	95191	143.01954272	1
3	95201	143.01958368	1
3	95207	143.01962464	1
3	95263	143.11954272	1
3	95273	143.11958368	1
3	95279	143.11962464	1
3	95335	143.21954272	1
3	95345	143.21958368	1
3	95351	143.21962464	1
3	95407	143.31954272	1
3	95417	143.31958368	1
3	95423	143.31962464	1
3	95479	143.41954272	1
3	95489	143.41958368	1
3	95495	143.41962464	1
3	95551	143.51954272	1
3	95561	143.51958368	1
3	95567	143.51962464	1
3	95623	143.61954272	1
3	95633	143.61958368	1
3	95639	143.61962464	1
3	95695	143.71954272	1
3	95705	143.71958368	1
3	95711	143.71962464	1
3	95767	143.81954272	1
3	95777	143.81958368	1
3	95783	143.81962464	1
3	95839	143.91954272	1
3	95849	143.91958368	1
3	95855	143.91962464	1
3	95911	144.01954272	1
3	95921	144.01958368	1
3	95927	144.01962464	1
3	95983	144.11954272	1
3	95993	144.11958368	1
3	95999	144.11962464	1
3	96055	144.21954272	1
3	96065	144.21958368	1
3	96071	144.21962464	1
3	96127	144.31954272	1
3	96137	144.31958368	1
3	96143	144.31962464	1
3	96199	144.41954272	1
3	96209	144.41958368	1
3	96215	144.41962464	1
3	96271	144.51954272	1
3	96281	144.51958368	1
3	96287	144.51962464	1
3	96343	144.61954272	1
3	96353	144.61958368	1
3	96359	144.61962464	1
3	96415	144.71954272	1
3	96425	144.71958368	1
3	96431	144.71962464	1
3	96487	144.81954272	1
3	96497	144.81958368	1
3	96503	144.81962464	1
3	96559	144.91954272	1
3	96569	144.91958368	1
3	96575	144.91962464	1
3	96631	145.01954272	1
3	96641	145.01958368	1
3	96647	145.01962464	1
3	96703	145.11954272	1
3	96713	145.11958368	1
3	96719	145.11962464	1
3	96775	145.21954272	1
3	96785	145.21958368	1
3	96791	145.21962464	1
3	96847	145.31954272	1
3	96857	145.31958368	1
3	96863	145.31962464	1
3	96919	145.41954272	1
3	96929	145.41958368	1
3	96935	145.41962464	1
3	96991	145.51954272	1
3	97001	145.51958368	1
3	97007	145.51962464	1
3	97063	145.61954272	1
3	97073	145.61958368	1
3	97079	145.61962464	1
3	97135	145.71954272	1
3	97145	145.71958368	1
3	97151	145.71962464	1
3	97207	145.81954272	1
3	97217	145.81958368	1
3	97223	145.81962464	1
3	97279	145.91954272	1
3	97289	145.91958368	1
3	97295	145.91962464	1
3	97351	146.01954272	1
3	97361	146.01958368	1
3	97367	146.01962464	1
3	97423	146.11954272	1
3	97433	146.11958368	1
3	97439	146.11962464	1
3	97495	146.21954272	1
3	97505	146.21958368	1
3	97511	146.21962464	1
3	97567	146.31954272	1
3	97577	146.31958368	1
3	97583	146.31962464	1
3	97639	146.41954272	1
3	97649	146.41958368	1
3	97655	146.41962464	1
3	97711	146.51954272	1
3	97721	146.51958368	1
3	97727	146.51962464	1
3	97783	146.61954272	1
3	97793	146.61958368	1
3	97799	146.61962464	1
3	97855	146.71954272	1
3	97865	146.71958368	1
3	97871	146.71962464	1
3	97927	146.81954272	1
3	97937	146.81958368	1
3	97943	146.81962464	1
3	97999	146.91954272	1
3	98009	146.91958368	1
3	98015	146.91962464	1
3	98071	147.01954272	1
3	98081	147.01958368	1
3	98087	147.01962464	1
3	98143	147.11954272	1
3	98153	147.11958368	1
3	98159	147.11962464	1
3	98215	147.21954272	1
3	98225	147.21958368	1
3	98231	147.21962464	1
3	98287	147.31954272	1
3	98297	147.31958368	1
3	98303	147.31962464	1
3	98359	147.41954272	1
3	98369	147.41958368	1
3	98375	147.41962464	1
3	98431	147.51954272	1
3	98441	147.51958368	1
3	98447	147.51962464	1
3	98503	147.61954272	1
3	98513	147.61958368	1
3	98519	147.61962464	1
3	98575	147.71954272	1
3	98585	147.71958368	1
3	98591	147.71962464	1
3	98647	147.81954272	1
3	98657	147.81958368	1
3	98663	147.81962464	1
3	98719	147.91954272	1
3	98729	147.91958368	1
3	98735	147.91962464	1
3	98791	148.01954272	1
3	98801	148.01958368	1
3	98807	148.01962464	1
3	98863	148.11954272	1
3	98873	148.11958368	1
3	98879	148.11962464	1
3	98935	148.21954272	1
3	98945	148.21958368	1
3	98951	148.21962464	1
3	99007	148.31954272	1
3	99017	148.31958368	1
3	99023	148.31962464	1
3	99079	148.41954272	1
3	99089	148.41958368	1
3	99095	148.41962464	1
3	99151	148.51954272	1
3	99161	148.51958368	1
3	99167	148.51962464	1
3	99223	148.61954272	1
3	99233	148.61958368	1
3	99239	148.61962464	1
3	99295	148.71954272	1
3	99305	148.71958368	1
3	99311	148.71962464	1
3	99367	148.81954272	1
3	99377	148.81958368	1
3	99383	148.81962464	1
3	99439	148.91954272	1
3	99449	148.91958368	1
3	99455	148.91962464	1
3	99511	149.01954272	1
3	99521	149.01958368	1
3	99527	149.01962464	1
3	99583	149.11954272	1
3	99593	149.11958368	1
3	99599	149.11962464	1
3	99655	149.21954272	1
3	99665	149.21958368	1
3	99671	149.21962464	1
3	99727	149.31954272	1
3	99737	149.31958368	1
3	99743	149.31962464	1
3	99799	149.41954272	1
3	99809	149.41958368	1
3	99815	149.41962464	1
3	99871	149.51954272	1
3	99881	149.51958368	1
3	99887	149.51962464	1
3	99943	149.61954272	1
3	99953	149.61958368	1
3	99959	149.61962464	1
3	100015	149.71954272	1
3	100025	149.71958368	1
3	100031	149.71962464	1
3	100087	149.81954272	1
3	100097	149.81958368	1
3	100103	149.81962464	1
3	100159	149.91954272	1
3	100169	149.91958368	1
3	100175	149.91962464	1
3	100231	150.01954272	1
3	100241	150.01958368	1
3	100247	150.01962464	1
3	100303	150.11954272	1
3	100313	150.11958368	1
3	100319	150.11962464	1
3	100375	150.21954272	1
3	100385	150.21958368	1
3	100391	150.21962464	1
3	100447	150.31954272	1
3	100457	150.31958368	1
3	100463	150.31962464	1
3	100519	150.41954272	1
3	100529	150.41958368	1
3	100535	150.41962464	1
3	100591	150.51954272	1
3	100601	150.51958368	1
3	100607	150.51962464	1
3	100663	150.61954272	1
3	100673	150.61958368	1
3	100679	150.61962464	1
3	100735	150.71954272	1
3	100745	150.71958368	1
3	100751	150.71962464	1
3	100807	150.81954272	1
3	100817	150.81958368	1
3	100823	150.81962464	1
3	100879	150.91954272	1
3	100889	150.91958368	1
3	100895	150.91962464	1
3	100951	151.01954272	1
3	100961	151.01958368	1
3	100967	151.01962464	1
3	101023	151.11954272	1
3	101033	151.11958368	1
3	101039	151.11962464	1
3	101095	151.21954272	1
3	101105	151.21958368	1
3	101111	151.21962464	1
3	101167	151.31954272	1
3	101177	151.31958368	1
3	101183	151.31962464	1
3	101239	151.41954272	1
3	101249	151.41958368	1
3	101255	151.41962464	1
3	101311	151.51954272	1
3	101321	151.51958368	1
3	101327	151.51962464	1
3	101383	151.61954272	1
3	101393	151.61958368	1
3	101399	151.61962464	1
3	101455	151.71954272	1
3	101465	151.71958368	1
3	101471	151.71962464	1
3	101527	151.81954272	1
3	101537	151.81958368	1
3	101543	151.81962464	1
3	101599	151.91954272	1
3	101609	151.91958368	1
3	101615	151.91962464	1
3	101671	152.01954272	1
3	101681	152.01958368	1
3	101687	152.01962464	1
3	101743	152.11954272	1
3	101753	152.11958368	1
3	101759	152.11962464	1
3	101815	152.21954272	1
3	101825	152.21958368	1
3	101831	152.21962464	1
3	101887	152.31954272	1
3	101897	152.31958368	1
3	101903	152.31962464	1
3	101959	152.41954272	1
3	101969	152.41958368	1
3	101975	152.41962464	1
3	102031	152.51954272	1
3	102041	152.51958368	1
3	102047	152.51962464	1
3	102103	152.61954272	1
3	102113	152.61958368	1
3	102119	152.61962464	1
3	102175	152.71954272	1
3	102185	152.71958368	1
3	102191	152.71962464	1
3	102247	152.81954272	1
3	102257	152.81958368	1
3	102263	152.81962464	1
3	102319	152.91954272	1
3	102329	152.91958368	1
3	102335	152.91962464	1
3	102391	153.01954272	1
3	102401	153.01958368	1
3	102407	153.01962464	1
3	102463	153.11954272	1
3	102473	153.11958368	1
3	102479	153.11962464	1
3	102535	153.21954272	1
3	102545	153.21958368	1
3	102551	153.21962464	1
3	102607	153.31954272	1
3	102617	153.31958368	1
3	102623	153.31962464	1
3	102679	153.41954272	1
3	102689	153.41958368	1
3	102695	153.41962464	1
3	102751	153.51954272	1
3	102761	153.51958368	1
3	102767	153.51962464	1
3	102823	153.61954272	1
3	102833	153.61958368	1
3	102839	153.61962464	1
3	102895	153.71954272	1
3	102905	153.71958368	1
3	102911	153.71962464	1
3	102967	153.81954272	1
3	102977	153.81958368	1
3	102983	153.81962464	1
3	103039	153.91954272	1
3	103049	153.91958368	1
3	103055	153.91962464	1
3	103111	154.01954272	1
3	103121	154.01958368	1
3	103127	154.01962464	1
3	103183	154.11954272	1
3	103193	154.11958368	1
3	103199	154.11962464	1
3	103255	154.21954272	1
3	103265	154.21958368	1
3	103271	154.21962464	1
3	103327	154.31954272	1
3	103337	154.31958368	1
3	103343	154.31962464	1
3	103399	154.41954272	1
3	103409	154.41958368	1
3	103415	154.41962464	1
3	103471	154.51954272	1
3	103481	154.51958368	1
3	103487	154.51962464	1
3	103543	154.61954272	1
3	103553	154.61958368	1
3	103559	154.61962464	1
3	103615	154.71954272	1
3	103625	154.71958368	1
3	103631	154.71962464	1
3	103687	154.81954272	1
3	103697	154.81958368	1
3	103703	154.81962464	1
3	103759	154.91954272	1
3	103769	154.91958368	1
3	103775	154.91962464	1
3	103831	155.01954272	1
3	103841	155.01958368	1
3	103847	155.01962464	1
3	103903	155.11954272	1
3	103913	155.11958368	1
3	103919	155.11962464	1
3	103975	155.21954272	1
3	103985	155.21958368	1
3	103991	155.21962464	1
3	104047	155.31954272	1
3	104057	155.31958368	1
3	104063	155.31962464	1
3	104119	155.41954272	1
3	104129	155.41958368	1
3	104135	155.41962464	1
3	104191	155.51954272	1
3	104201	155.51958368	1
3	104207	155.51962464	1
3	104263	155.61954272	1
3	104273	155.61958368	1
3	104279	155.61962464	1
3	104335	155.71954272	1
3	104345	155.71958368	1
3	104351	155.71962464	1
3	104407	155.81954272	1
3	104417	155.81958368	1
3	104423	155.81962464	1
3	104479	155.91954272	1
3	104489	155.91958368	1
3	104495	155.91962464	1
3	104551	156.01954272	1
3	104561	156.01958368	1
3	104567	156.01962464	1
3	104623	156.11954272	1
3	104633	156.11958368	1
3	104639	156.11962464	1
3	104695	156.21954272	1
3	104705	156.21958368	1
3	104711	156.21962464	1
3	104767	156.31954272	1
3	104777	156.31958368	1
3	104783	156.31962464	1
3	104839	156.41954272	1
3	104849	156.41958368	1
3	104855	156.41962464	1
3	104911	156.51954272	1
3	104921	156.51958368	1
3	104927	156.51962464	1
3	104983	156.61954272	1
3	104993	156.61958368	1
3	104999	156.61962464	1
3	105055	156.71954272	1
3	105065	156.71958368	1
3	105071	156.71962464	1
3	105127	156.81954272	1
3	105137	156.81958368	1
3	105143	156.81962464	1
3	105199	156.91954272	1
3	105209	156.91958368	1
3	105215	156.91962464	1
3	105271	157.01954272	1
3	105281	157.01958368	1
3	105287	157.01962464	1
3	105343	157.11954272	1
3	105353	157.11958368	1
3	105359	157.11962464	1
3	105415	157.21954272	1
3	105425	157.21958368	1
3	105431	157.21962464	1
3	105487	157.31954272	1
3	105497	157.31958368	1
3	105503	157.31962464	1
3	105559	157.41954272	1
3	105569	157.41958368	1
3	105575	157.41962464	1
3	105631	157.51954272	1
3	105641	157.51958368	1
3	105647	157.51962464	1
3	105703	157.61954272	1
3	105713	157.61958368	1
3	105719	157.61962464	1
3	105775	157.71954272	1
3	105785	157.71958368	1
3	105791	157.71962464	1
3	105847	157.81954272	1
3	105857	157.81958368	1
3	105863	157.81962464	1
3	105919	157.91954272	1
3	105929	157.91958368	1
3	105935	157.91962464	1
3	105991	158.01954272	1
3	106001	158.01958368	1
3	106007	158.01962464	1
3	106063	158.11954272	1
3	106073	158.11958368	1
3	106079	158.11962464	1
3	106135	158.21954272	1
3	106145	158.21958368	1
3	106151	158.21962464	1
3	106207	158.31954272	1
3	106217	158.31958368	1
3	106223	158.31962464	1
3	106279	158.41954272	1
3	106289	158.41958368	1
3	106295	158.41962464	1
3	106351	158.51954272	1
3	106361	158.51958368	1
3	106367	158.51962464	1
3	106423	158.61954272	1
3	106433	158.61958368	1
3	106439	158.61962464	1
3	106495	158.71954272	1
3	106505	158.71958368	1
3	106511	158.71962464	1
3	106567	158.81954272	1
3	106577	158.81958368	1
3	106583	158.81962464	1
3	106639	158.91954272	1
3	106649	158.91958368	1
3	106655	158.91962464	1
3	106711	159.01954272	1
3	106721	159.01958368	1
3	106727	159.01962464	1
3	106783	159.11954272	1
3	106793	159.11958368	1
3	106799	159.11962464	1
3	106855	159.21954272	1
3	106865	159.21958368	1
3	106871	159.21962464	1
3	106927	159.31954272	1
3	106937	159.31958368	1
3	106943	159.31962464	1
3	106999	159.41954272	1
3	107009	159.41958368	1
3	107015	159.41962464	1
3	107071	159.51954272	1
3	107081	159.51958368	1
3	107087	159.51962464	1
3	107143	159.61954272	1
3	107153	159.61958368	1
3	107159	159.61962464	1
3	107215	159.71954272	1
3	107225	159.71958368	1
3	107231	159.71962464	1
3	107287	159.81954272	1
3	107297	159.81958368	1
3	107303	159.81962464	1
3	107359	159.91954272	1
3	107369	159.91958368	1
3	107375	159.91962464	1
3	107431	160.01954272	1
3	107441	160.01958368	1
3	107447	160.01962464	1
3	107503	160.11954272	1
3	107513	160.11958368	1
3	107519	160.11962464	1
3	107575	160.21954272	1
3	107585	160.21958368	1
3	107591	160.21962464	1
3	107647	160.31954272	1
3	107657	160.31958368	1
3	107663	160.31962464	1
3	107719	160.41954272	1
3	107729	160.41958368	1
3	107735	160.41962464	1
3	107791	160.51954272	1
3	107801	160.51958368	1
3	107807	160.51962464	1
3	107863	160.61954272	1
3	107873	160.61958368	1
3	107879	160.61962464	1
3	107935	160.71954272	1
3	107945	160.71958368	1
3	107951	160.71962464	1
3	108007	160.81954272	1
3	108017	160.81958368	1
3	108023	160.81962464	1
3	108079	160.91954272	1
3	108089	160.91958368	1
3	108095	160.91962464	1
3	108151	161.01954272	1
3	108161	161.01958368	1
3	108167	161.01962464	1
3	108223	161.11954272	1
3	108233	161.11958368	1
3	108239	161.11962464	1
3	108295	161.21954272	1
3	108305	161.21958368	1
3	108311	161.21962464	1
3	108367	161.31954272	1
3	108377	161.31958368	1
3	108383	161.31962464	1
3	108439	161.41954272	1
3	108449	161.41958368	1
3	108455	161.41962464	1
3	108511	161.51954272	1
3	108521	161.51958368	1
3	108527	161.51962464	1
3	108583	161.61954272	1
3	108593	161.61958368	1
3	108599	161.61962464	1
3	108655	161.71954272	1
3	108665	161.71958368	1
3	108671	161.71962464	1
3	108727	161.81954272	1
3	108737	161.81958368	1
3	108743	161.81962464	1
3	108799	161.91954272	1
3	108809	161.91958368	1
3	108815	161.91962464	1
3	108871	162.01954272	1
3	108881	162.01958368	1
3	108887	162.01962464	1
3	108943	162.11954272	1
3	108953	162.11958368	1
3	108959	162.11962464	1
3	109015	162.21954272	1
3	109025	162.21958368	1
3	109031	162.21962464	1
3	109087	162.31954272	1
3	109097	162.31958368	1
3	109103	162.31962464	1
3	109159	162.41954272	1
3	109169	162.41958368	1
3	109175	162.41962464	1
3	109231	162.51954272	1
3	109241	162.51958368	1
3	109247	162.51962464	1
3	109303	162.61954272	1
3	109313	162.61958368	1
3	109319	162.61962464	1
3	109375	162.71954272	1
3	109385	162.71958368	1
3	109391	162.71962464	1
3	109447	162.81954272	1
3	109457	162.81958368	1
3	109463	162.81962464	1
3	109519	162.91954272	1
3	109529	162.91958368	1
3	109535	162.91962464	1
3	109591	163.01954272	1
3	109601	163.01958368	1
3	109607	163.01962464	1
3	109663	163.11954272	1
3	109673	163.11958368	1
3	109679	163.11962464	1
3	109735	163.21954272	1
3	109745	163.21958368	1
3	109751	163.21962464	1
3	109807	163.31954272	1
3	109817	163.31958368	1
3	109823	163.31962464	1
3	109879	163.41954272	1
3	109889	163.41958368	1
3	109895	163.41962464	1
3	109951	163.51954272	1
3	109961	163.51958368	1
3	109967	163.51962464	1
3	110023	163.61954272	1
3	110033	163.61958368	1
3	110039	163.61962464	1
3	110095	163.71954272	1
3	110105	163.71958368	1
3	110111	163.71962464	1
3	110167	163.81954272	1
3	110177	163.81958368	1
3	110183	163.81962464	1
3	110239	163.91954272	1
3	110249	163.91958368	1
3	110255	163.91962464	1
3	110311	164.01954272	1
3	110321	164.01958368	1
3	110327	164.01962464	1
3	110383	164.11954272	1
3	110393	164.11958368	1
3	110399	164.11962464	1
3	110455	164.21954272	1
3	110465	164.21958368	1
3	110471	164.21962464	1
3	110527	164.31954272	1
3	110537	164.31958368	1
3	110543	164.31962464	1
3	110599	164.41954272	1
3	110609	164.41958368	1
3	110615	164.41962464	1
3	110671	164.51954272	1
3	110681	164.51958368	1
3	110687	164.51962464	1
3	110743	164.61954272	1
3	110753	164.61958368	1
3	110759	164.61962464	1
3	110815	164.71954272	1
3	110825	164.71958368	1
3	110831	164.71962464	1
3	110887	164.81954272	1
3	110897	164.81958368	1
3	110903	164.81962464	1
3	110959	164.91954272	1
3	110969	164.91958368	1
3	110975	164.91962464	1
3	111031	165.01954272	1
3	111041	165.01958368	1
3	111047	165.01962464	1
3	111103	165.11954272	1
3	111113	165.11958368	1
3	111119	165.11962464	1
3	111175	165.21954272	1
3	111185	165.21958368	1
3	111191	165.21962464	1
3	111247	165.31954272	1
3	111257	165.31958368	1
3	111263	165.31962464	1
3	111319	165.41954272	1
3	111329	165.41958368	1
3	111335	165.41962464	1
3	111391	165.51954272	1
3	111401	165.51958368	1
3	111407	165.51962464	1
3	111463	165.61954272	1
3	111473	165.61958368	1
3	111479	165.61962464	1
3	111535	165.71954272	1
3	111545	165.71958368	1
3	111551	165.71962464	1
3	111607	165.81954272	1
3	111617	165.81958368	1
3	111623	165.81962464	1
3	111679	165.91954272	1
3	111689	165.91958368	1
3	111695	165.91962464	1
3	111751	166.01954272	1
3	111761	166.01958368	1
3	111767	166.01962464	1
3	111823	166.11954272	1
3	111833	166.11958368	1
3	111839	166.11962464	1
3	111895	166.21954272	1
3	111905	166.21958368	1
3	111911	166.21962464	1
3	111967	166.31954272	1
3	111977	166.31958368	1
3	111983	166.31962464	1
3	112039	166.41954272	1
3	112049	166.41958368	1
3	112055	166.41962464	1
3	112111	166.51954272	1
3	112121	166.51958368	1
3	112127	166.51962464	1
3	112183	166.61954272	1
3	112193	166.61958368	1
3	112199	166.61962464	1
3	112255	166.71954272	1
3	112265	166.71958368	1
3	112271	166.71962464	1
3	112327	166.81954272	1
3	112337	166.81958368	1
3	112343	166.81962464	1
3	112399	166.91954272	1
3	112409	166.91958368	1
3	112415	166.91962464	1
3	112471	167.01954272	1
3	112481	167.01958368	1
3	112487	167.01962464	1
3	112543	167.11954272	1
3	112553	167.11958368	1
3	112559	167.11962464	1
3	112615	167.21954272	1
3	112625	167.21958368	1
3	112631	167.21962464	1
3	112687	167.31954272	1
3	112697	167.31958368	1
3	112703	167.31962464	1
3	112759	167.41954272	1
3	112769	167.41958368	1
3	112775	167.41962464	1
3	112831	167.51954272	1
3	112841	167.51958368	1
3	112847	167.51962464	1
3	112903	167.61954272	1
3	112913	167.61958368	1
3	112919	167.61962464	1
3	112975	167.71954272	1
3	112985	167.71958368	1
3	112991	167.71962464	1
3	113047	167.81954272	1
3	113057	167.81958368	1
3	113063	167.81962464	1
3	113119	167.91954272	1
3	113129	167.91958368	1
3	113135	167.91962464	1
3	113191	168.01954272	1
3	113201	168.01958368	1
3	113207	168.01962464	1
3	113263	168.11954272	1
3	113273	168.11958368	1
3	113279	168.11962464	1
3	113335	168.21954272	1
3	113345	168.21958368	1
3	113351	168.21962464	1
3	113407	168.31954272	1
3	113417	168.31958368	1
3	113423	168.31962464	1
3	113479	168.41954272	1
3	113489	168.41958368	1
3	113495	168.41962464	1
3	113551	168.51954272	1
3	113561	168.51958368	1
3	113567	168.51962464	1
3	113623	168.61954272	1
3	113633	168.61958368	1
3	113639	168.61962464	1
3	113695	168.71954272	1
3	113705	168.71958368	1
3	113711	168.71962464	1
3	113767	168.81954272	1
3	113777	168.81958368	1
3	113783	168.81962464	1
3	113839	168.91954272	1
3	113849	168.91958368	1
3	113855	168.91962464	1
3	113911	169.01954272	1
3	113921	169.01958368	1
3	113927	169.01962464	1
3	113983	169.11954272	1
3	113993	169.11958368	1
3	113999	169.11962464	1
3	114055	169.21954272	1
3	114065	169.21958368	1
3	114071	169.21962464	1
3	114127	169.31954272	1
3	114137	169.31958368	1
3	114143	169.31962464	1
3	114199	169.41954272	1
3	114209	169.41958368	1
3	114215	169.41962464	1
3	114271	169.51954272	1
3	114281	169.51958368	1
3	114287	169.51962464	1
3	114343	169.61954272	1
3	114353	169.61958368	1
3	114359	169.61962464	1
3	114415	169.71954272	1
3	114425	169.71958368	1
3	114431	169.71962464	1
3	114487	169.81954272	1
3	114497	169.81958368	1
3	114503	169.81962464	1
3	114559	169.91954272	1
3	114569	169.91958368	1
3	114575	169.91962464	1
3	114631	170.01954272	1
3	114641	170.01958368	1
3	114647	170.01962464	1
3	114703	170.11954272	1
3	114713	170.11958368	1
3	114719	170.11962464	1
3	114775	170.21954272	1
3	114785	170.21958368	1
3	114791	170.21962464	1
3	114847	170.31954272	1
3	114857	170.31958368	1
3	114863	170.31962464	1
3	114919	170.41954272	1
3	114929	170.41958368	1
3	114935	170.41962464	1
3	114991	170.51954272	1
3	115001	170.51958368	1
3	115007	170.51962464	1
3	115063	170.61954272	1
3	115073	170.61958368	1
3	115079	170.61962464	1
3	115135	170.71954272	1
3	115145	170.71958368	1
3	115151	170.71962464	1
3	115207	170.81954272	1
3	115217	170.81958368	1
3	115223	170.81962464	1
3	115279	170.91954272	1
3	115289	170.91958368	1
3	115295	170.91962464	1
3	115351	171.01954272	1
3	115361	171.01958368	1
3	115367	171.01962464	1
3	115423	171.11954272	1
3	115433	171.11958368	1
3	115439	171.11962464	1
3	115495	171.21954272	1
3	115505	171.21958368	1
3	115511	171.21962464	1
3	115567	171.31954272	1
3	115577	171.31958368	1
3	115583	171.31962464	1
3	115639	171.41954272	1
3	115649	171.41958368	1
3	115655	171.41962464	1
3	115711	171.51954272	1
3	115721	171.51958368	1
3	115727	171.51962464	1
3	115783	171.61954272	1
3	115793	171.61958368	1
3	115799	171.61962464	1
3	115855	171.71954272	1
3	115865	171.71958368	1
3	115871	171.71962464	1
3	115927	171.81954272	1
3	115937	171.81958368	1
3	115943	171.81962464	1
3	115999	171.91954272	1
3	116009	171.91958368	1
3	116015	171.91962464	1
3	116071	172.01954272	1
3	116081	172.01958368	1
3	116087	172.01962464	1
3	116143	172.11954272	1
3	116153	172.11958368	1
3	116159	172.11962464	1
3	116215	172.21954272	1
3	116225	172.21958368	1
3	116231	172.21962464	1
3	116287	172.31954272	1
3	116297	172.31958368	1
3	116303	172.31962464	1
3	116359	172.41954272	1
3	116369	172.41958368	1
3	116375	172.41962464	1
3	116431	172.51954272	1
3	116441	172.51958368	1
3	116447	172.51962464	1
3	116503	172.61954272	1
3	116513	172.61958368	1
3	116519	172.61962464	1
3	116575	172.71954272	1
3	116585	172.71958368	1
3	116591	172.71962464	1
3	116647	172.81954272	1
3	116657	172.81958368	1
3	116663	172.81962464	1
3	116719	172.91954272	1
3	116729	172.91958368	1
3	116735	172.91962464	1
3	116791	173.01954272	1
3	116801	173.01958368	1
3	116807	173.01962464	1
3	116863	173.11954272	1
3	116873	173.11958368	1
3	116879	173.11962464	1
3	116935	173.21954272	1
3	116945	173.21958368	1
3	116951	173.21962464	1
3	117007	173.31954272	1
3	117017	173.31958368	1
3	117023	173.31962464	1
3	117079	173.41954272	1
3	117089	173.41958368	1
3	117095	173.41962464	1
3	117151	173.51954272	1
3	117161	173.51958368	1
3	117167	173.51962464	1
3	117223	173.61954272	1
3	117233	173.61958368	1
3	117239	173.61962464	1
3	117295	173.71954272	1
3	117305	173.71958368	1
3	117311	173.71962464	1
3	117367	173.81954272	1
3	117377	173.81958368	1
3	117383	173.81962464	1
3	117439	173.91954272	1
3	117449	173.91958368	1
3	117455	173.91962464	1
3	117511	174.01954272	1
3	117521	174.01958368	1
3	117527	174.01962464	1
3	117583	174.11954272	1
3	117593	174.11958368	1
3	117599	174.11962464	1
3	117655	174.21954272	1
3	117665	174.21958368	1
3	117671	174.21962464	1
3	117727	174.31954272	1
3	117737	174.31958368	1
3	117743	174.31962464	1
3	117799	174.41954272	1
3	117809	174.41958368	1
3	117815	174.41962464	1
3	117871	174.51954272	1
3	117881	174.51958368	1
3	117887	174.51962464	1
3	117943	174.61954272	1
3	117953	174.61958368	1
3	117959	174.61962464	1
3	118015	174.71954272	1
3	118025	174.71958368	1
3	118031	174.71962464	1
3	118087	174.81954272	1
3	118097	174.81958368	1
3	118103	174.81962464	1
3	118159	174.91954272	1
3	118169	174.91958368	1
3	118175	174.91962464	1
4	22	1.0010512	1
4	28	1.00105632	1
4	32	1.00106144	1
4	100	1.00708704	1
4	104	1.00710752	1
4	109	1.007128	1
4	148	1.01954784	1
4	159	1.0195888	1
4	164	1.01962976	1
4	220	1.11954784	1
4	231	1.1195888	1
4	236	1.11962976	1
4	292	1.21954784	1
4	303	1.2195888	1
4	308	1.21962976	1
4	364	1.31954784	1
4	375	1.3195888	1
4	380	1.31962976	1
4	436	1.41954784	1
4	447	1.4195888	1
4	452	1.41962976	1
4	508	1.51954784	1
4	519	1.5195888	1
4	524	1.51962976	1
4	580	1.61954784	1
4	591	1.6195888	1
4	596	1.61962976	1
4	652	1.71954784	1
4	663	1.7195888	1
4	668	1.71962976	1
4	724	1.81954784	1
4	735	1.8195888	1
4	740	1.81962976	1
4	796	1.91954784	1
4	807	1.9195888	1
4	812	1.91962976	1
4	868	2.01954784	1
4	879	2.0195888	1
4	884	2.01962976	1
4	940	2.11954784	1
4	951	2.1195888	1
4	956	2.11962976	1
4	1012	2.21954784	1
4	1023	2.2195888	1
4	1028	2.21962976	1
4	1084	2.31954784	1
4	1095	2.3195888	1
4	1100	2.31962976	1
4	1156	2.41954784	1
4	1167	2.4195888	1
4	1172	2.41962976	1
4	1228	2.51954784	1
4	1239	2.5195888	1
4	1244	2.51962976	1
4	1300	2.61954784	1
4	1311	2.6195888	1
4	1316	2.61962976	1
4	1372	2.71954784	1
4	1383	2.7195888	1
4	1388	2.71962976	1
4	1444	2.81954784	1
4	1455	2.8195888	1
4	1460	2.81962976	1
4	1516	2.91954784	1
4	1527	2.9195888	1
4	1532	2.91962976	1
4	1588	3.01954784	1
4	1599	3.0195888	1
4	1604	3.01962976	1
4	1660	3.11954784	1
4	1671	3.1195888	1
4	1676	3.11962976	1
4	1732	3.21954784	1
4	1743	3.2195888	1
4	1748	3.21962976	1
4	1804	3.31954784	1
4	1815	3.3195888	1
4	1820	3.31962976	1
4	1876	3.41954784	1
4	1887	3.4195888	1
4	1892	3.41962976	1
4	1948	3.51954784	1
4	1959	3.5195888	1
4	1964	3.51962976	1
4	2020	3.61954784	1
4	2031	3.6195888	1
4	2036	3.61962976	1
4	2092	3.71954784	1
4	2103	3.7195888	1
4	2108	3.71962976	1
4	2164	3.81954784	1
4	2175	3.8195888	1
4	2180	3.81962976	1
4	2236	3.91954784	1
4	2247	3.9195888	1
4	2252	3.91962976	1
4	2308	4.01954784	1
4	2319	4.0195888	1
4	2324	4.01962976	1
4	2380	4.11954784	1
4	2391	4.1195888	1
4	2396	4.11962976	1
4	2452	4.21954784	1
4	2463	4.2195888	1
4	2468	4.21962976	1
4	2524	4.31954784	1
4	2535	4.3195888	1
4	2540	4.31962976	1
4	2596	4.41954784	1
4	2607	4.4195888	1
4	2612	4.41962976	1
4	2668	4.51954784	1
4	2679	4.5195888	1
4	2684	4.51962976	1
4	2740	4.61954784	1
4	2751	4.6195888	1
4	2756	4.61962976	1
4	2812	4.71954784	1
4	2823	4.7195888	1
4	2828	4.71962976	1
4	2884	4.81954784	1
4	2895	4.8195888	1
4	2900	4.81962976	1
4	2956	4.91954784	1
4	2967	4.9195888	1
4	2972	4.91962976	1
4	3028	5.01954784	1
4	3039	5.0195888	1
4	3044	5.01962976	1
4	3100	5.11954784	1
4	3111	5.1195888	1
4	3116	5.11962976	1
4	3172	5.21954784	1
4	3183	5.2195888	1
4	3188	5.21962976	1
4	3244	5.31954784	1
4	3255	5.3195888	1
4	3260	5.31962976	1
4	3316	5.41954784	1
4	3327	5.4195888	1
4	3332	5.41962976	1
4	3388	5.51954784	1
4	3399	5.5195888	1
4	3404	5.51962976	1
4	3460	5.61954784	1
4	3471	5.6195888	1
4	3476	5.61962976	1
4	3532	5.71954784	1
4	3543	5.7195888	1
4	3548	5.71962976	1
4	3604	5.81954784	1
4	3615	5.8195888	1
4	3620	5.81962976	1
4	3676	5.91954784	1
4	3687	5.9195888	1
4	3692	5.91962976	1
4	3748	6.01954784	1
4	3759	6.0195888	1
4	3764	6.01962976	1
4	3820	6.11954784	1
4	3831	6.1195888	1
4	3836	6.11962976	1
4	3892	6.21954784	1
4	3903	6.2195888	1
4	3908	6.21962976	1
4	3964	6.31954784	1
4	3975	6.3195888	1
4	3980	6.31962976	1
4	4036	6.41954784	1
4	4047	6.4195888	1
4	4052	6.41962976	1
4	4108	6.51954784	1
4	4119	6.5195888	1
4	4124	6.51962976	1
4	4180	6.61954784	1
4	4191	6.6195888	1
4	4196	6.61962976	1
4	4252	6.71954784	1
4	4263	6.7195888	1
4	4268	6.71962976	1
4	4324	6.81954784	1
4	4335	6.8195888	1
4	4340	6.81962976	1
4	4396	6.91954784	1
4	4407	6.9195888	1
4	4412	6.91962976	1
4	4468	7.01954784	1
4	4479	7.0195888	1
4	4484	7.01962976	1
4	4540	7.11954784	1
4	4551	7.1195888	1
4	4556	7.11962976	1
4	4612	7.21954784	1
4	4623	7.2195888	1
4	4628	7.21962976	1
4	4684	7.31954784	1
4	4695	7.3195888	1
4	4700	7.31962976	1
4	4756	7.41954784	1
4	4767	7.4195888	1
4	4772	7.41962976	1
4	4828	7.51954784	1
4	4839	7.5195888	1
4	4844	7.51962976	1
4	4900	7.61954784	1
4	4911	7.6195888	1
4	4916	7.61962976	1
4	4972	7.71954784	1
4	4983	7.7195888	1
4	4988	7.71962976	1
4	5044	7.81954784	1
4	5055	7.8195888	1
4	5060	7.81962976	1
4	5116	7.91954784	1
4	5127	7.9195888	1
4	5132	7.91962976	1
4	5188	8.01954784	1
4	5199	8.0195888	1
4	5204	8.01962976	1
4	5260	8.11954784	1
4	5271	8.1195888	1
4	5276	8.11962976	1
4	5332	8.21954784	1
4	5343	8.2195888	1
4	5348	8.21962976	1
4	5404	8.31954784	1
4	5415	8.3195888	1
4	5420	8.31962976	1
4	5476	8.41954784	1
4	5487	8.4195888	1
4	5492	8.41962976	1
4	5548	8.51954784	1
4	5559	8.5195888	1
4	5564	8.51962976	1
4	5620	8.61954784	1
4	5631	8.6195888	1
4	5636	8.61962976	1
4	5692	8.71954784	1
4	5703	8.7195888	1
4	5708	8.71962976	1
4	5764	8.81954784	1
4	5775	8.8195888	1
4	5780	8.81962976	1
4	5836	8.91954784	1
4	5847	8.9195888	1
4	5852	8.91962976	1
4	5908	9.01954784	1
4	5919	9.0195888	1
4	5924	9.01962976	1
4	5980	9.11954784	1
4	5991	9.1195888	1
4	5996	9.11962976	1
4	6052	9.21954784	1
4	6063	9.2195888	1
4	6068	9.21962976	1
4	6124	9.31954784	1
4	6135	9.3195888	1
4	6140	9.31962976	1
4	6196	9.41954784	1
4	6207	9.4195888	1
4	6212	9.41962976	1
4	6268	9.51954784	1
4	6279	9.5195888	1
4	6284	9.51962976	1
4	6340	9.61954784	1
4	6351	9.6195888	1
4	6356	9.61962976	1
4	6412	9.71954784	1
4	6423	9.7195888	1
4	6428	9.71962976	1
4	6484	9.81954784	1
4	6495	9.8195888	1
4	6500	9.81962976	1
4	6556	9.91954784	1
4	6567	9.9195888	1
4	6572	9.91962976	1
4	6628	10.01954784	1
4	6639	10.0195888	1
4	6644	10.01962976	1
4	6700	10.11954784	1
4	6711	10.1195888	1
4	6716	10.11962976	1
4	6772	10.21954784	1
4	6783	10.2195888	1
4	6788	10.21962976	1
4	6844	10.31954784	1
4	6855	10.3195888	1
4	6860	10.31962976	1
4	6916	10.41954784	1
4	6927	10.4195888	1
4	6932	10.41962976	1
4	6988	10.51954784	1
4	6999	10.5195888	1
4	7004	10.51962976	1
4	7060	10.61954784	1
4	7071	10.6195888	1
4	7076	10.61962976	1
4	7132	10.71954784	1
4	7143	10.7195888	1
4	7148	10.71962976	1
4	7204	10.81954784	1
4	7215	10.8195888	1
4	7220	10.81962976	1
4	7276	10.91954784	1
4	7287	10.9195888	1
4	7292	10.91962976	1
4	7348	11.01954784	1
4	7359	11.0195888	1
4	7364	11.01962976	1
4	7420	11.11954784	1
4	7431	11.1195888	1
4	7436	11.11962976	1
4	7492	11.21954784	1
4	7503	11.2195888	1
4	7508	11.21962976	1
4	7564	11.31954784	1
4	7575	11.3195888	1
4	7580	11.31962976	1
4	7636	11.41954784	1
4	7647	11.4195888	1
4	7652	11.41962976	1
4	7708	11.51954784	1
4	7719	11.5195888	1
4	7724	11.51962976	1
4	7780	11.61954784	1
4	7791	11.6195888	1
4	7796	11.61962976	1
4	7852	11.71954784	1
4	7863	11.7195888	1
4	7868	11.71962976	1
4	7924	11.81954784	1
4	7935	11.8195888	1
4	7940	11.81962976	1
4	7996	11.91954784	1
4	8007	11.9195888	1
4	8012	11.91962976	1
4	8068	12.01954784	1
4	8079	12.0195888	1
4	8084	12.01962976	1
4	8140	12.11954784	1
4	8151	12.1195888	1
4	8156	12.11962976	1
4	8212	12.21954784	1
4	8223	12.2195888	1
4	8228	12.21962976	1
4	8284	12.31954784	1
4	8295	12.3195888	1
4	8300	12.31962976	1
4	8356	12.41954784	1
4	8367	12.4195888	1
4	8372	12.41962976	1
4	8428	12.51954784	1
4	8439	12.5195888	1
4	8444	12.51962976	1
4	8500	12.61954784	1
4	8511	12.6195888	1
4	8516	12.61962976	1
4	8572	12.71954784	1
4	8583	12.7195888	1
4	8588	12.71962976	1
4	8644	12.81954784	1
4	8655	12.8195888	1
4	8660	12.81962976	1
4	8716	12.91954784	1
4	8727	12.9195888	1
4	8732	12.91962976	1
4	8788	13.01954784	1
4	8799	13.0195888	1
4	8804	13.01962976	1
4	8860	13.11954784	1
4	8871	13.1195888	1
4	8876	13.11962976	1
4	8932	13.21954784	1
4	8943	13.2195888	1
4	8948	13.21962976	1
4	9004	13.31954784	1
4	9015	13.3195888	1
4	9020	13.31962976	1
4	9076	13.41954784	1
4	9087	13.4195888	1
4	9092	13.41962976	1
4	9148	13.51954784	1
4	9159	13.5195888	1
4	9164	13.51962976	1
4	9220	13.61954784	1
4	9231	13.6195888	1
4	9236	13.61962976	1
4	9292	13.71954784	1
4	9303	13.7195888	1
4	9308	13.71962976	1
4	9364	13.81954784	1
4	9375	13.8195888	1
4	9380	13.81962976	1
4	9436	13.91954784	1
4	9447	13.9195888	1
4	9452	13.91962976	1
4	9508	14.01954784	1
4	9519	14.0195888	1
4	9524	14.01962976	1
4	9580	14.11954784	1
4	9591	14.1195888	1
4	9596	14.11962976	1
4	9652	14.21954784	1
4	9663	14.2195888	1
4	9668	14.21962976	1
4	9724	14.31954784	1
4	9735	14.3195888	1
4	9740	14.31962976	1
4	9796	14.41954784	1
4	9807	14.4195888	1
4	9812	14.41962976	1
4	9868	14.51954784	1
4	9879	14.5195888	1
4	9884	14.51962976	1
4	9940	14.61954784	1
4	9951	14.6195888	1
4	9956	14.61962976	1
4	10012	14.71954784	1
4	10023	14.7195888	1
4	10028	14.71962976	1
4	10084	14.81954784	1
4	10095	14.8195888	1
4	10100	14.81962976	1
4	10156	14.91954784	1
4	10167	14.9195888	1
4	10172	14.91962976	1
4	10228	15.01954784	1
4	10239	15.0195888	1
4	10244	15.01962976	1
4	10300	15.11954784	1
4	10311	15.1195888	1
4	10316	15.11962976	1
4	10372	15.21954784	1
4	10383	15.2195888	1
4	10388	15.21962976	1
4	10444	15.31954784	1
4	10455	15.3195888	1
4	10460	15.31962976	1
4	10516	15.41954784	1
4	10527	15.4195888	1
4	10532	15.41962976	1
4	10588	15.51954784	1
4	10599	15.5195888	1
4	10604	15.51962976	1
4	10660	15.61954784	1
4	10671	15.6195888	1
4	10676	15.61962976	1
4	10732	15.71954784	1
4	10743	15.7195888	1
4	10748	15.71962976	1
4	10804	15.81954784	1
4	10815	15.8195888	1
4	10820	15.81962976	1
4	10876	15.91954784	1
4	10887	15.9195888	1
4	10892	15.91962976	1
4	10948	16.01954784	1
4	10959	16.0195888	1
4	10964	16.01962976	1
4	11020	16.11954784	1
4	11031	16.1195888	1
4	11036	16.11962976	1
4	11092	16.21954784	1
4	11103	16.2195888	1
4	11108	16.21962976	1
4	11164	16.31954784	1
4	11175	16.3195888	1
4	11180	16.31962976	1
4	11236	16.41954784	1
4	11247	16.4195888	1
4	11252	16.41962976	1
4	11308	16.51954784	1
4	11319	16.5195888	1
4	11324	16.51962976	1
4	11380	16.61954784	1
4	11391	16.6195888	1
4	11396	16.61962976	1
4	11452	16.71954784	1
4	11463	16.7195888	1
4	11468	16.71962976	1
4	11524	16.81954784	1
4	11535	16.8195888	1
4	11540	16.81962976	1
4	11596	16.91954784	1
4	11607	16.9195888	1
4	11612	16.91962976	1
4	11668	17.01954784	1
4	11679	17.0195888	1
4	11684	17.01962976	1
4	11740	17.11954784	1
4	11751	17.1195888	1
4	11756	17.11962976	1
4	11812	17.21954784	1
4	11823	17.2195888	1
4	11828	17.21962976	1
4	11884	17.31954784	1
4	11895	17.3195888	1
4	11900	17.31962976	1
4	11956	17.41954784	1
4	11967	17.4195888	1
4	11972	17.41962976	1
4	12028	17.51954784	1
4	12039	17.5195888	1
4	12044	17.51962976	1
4	12100	17.61954784	1
4	12111	17.6195888	1
4	12116	17.61962976	1
4	12172	17.71954784	1
4	12183	17.7195888	1
4	12188	17.71962976	1
4	12244	17.81954784	1
4	12255	17.8195888	1
4	12260	17.81962976	1
4	12316	17.91954784	1
4	12327	17.9195888	1
4	12332	17.91962976	1
4	12388	18.01954784	1
4	12399	18.0195888	1
4	12404	18.01962976	1
4	12460	18.11954784	1
4	12471	18.1195888	1
4	12476	18.11962976	1
4	12532	18.21954784	1
4	12543	18.2195888	1
4	12548	18.21962976	1
4	12604	18.31954784	1
4	12615	18.3195888	1
4	12620	18.31962976	1
4	12676	18.41954784	1
4	12687	18.4195888	1
4	12692	18.41962976	1
4	12748	18.51954784	1
4	12759	18.5195888	1
4	12764	18.51962976	1
4	12820	18.61954784	1
4	12831	18.6195888	1
4	12836	18.61962976	1
4	12892	18.71954784	1
4	12903	18.7195888	1
4	12908	18.71962976	1
4	12964	18.81954784	1
4	12975	18.8195888	1
4	12980	18.81962976	1
4	13036	18.91954784	1
4	13047	18.9195888	1
4	13052	18.91962976	1
4	13108	19.01954784	1
4	13119	19.0195888	1
4	13124	19.01962976	1
4	13180	19.11954784	1
4	13191	19.1195888	1
4	13196	19.11962976	1
4	13252	19.21954784	1
4	13263	19.2195888	1
4	13268	19.21962976	1
4	13324	19.31954784	1
4	13335	19.3195888	1
4	13340	19.31962976	1
4	13396	19.41954784	1
4	13407	19.4195888	1
4	13412	19.41962976	1
4	13468	19.51954784	1
4	13479	19.5195888	1
4	13484	19.51962976	1
4	13540	19.61954784	1
4	13551	19.6195888	1
4	13556	19.61962976	1
4	13612	19.71954784	1
4	13623	19.7195888	1
4	13628	19.71962976	1
4	13684	19.81954784	1
4	13695	19.8195888	1
4	13700	19.81962976	1
4	13756	19.91954784	1
4	13767	19.9195888	1
4	13772	19.91962976	1
4	13828	20.01954784	1
4	13839	20.0195888	1
4	13844	20.01962976	1
4	13900	20.11954784	1
4	13911	20.1195888	1
4	13916	20.11962976	1
4	13972	20.21954784	1
4	13983	20.2195888	1
4	13988	20.21962976	1
4	14044	20.31954784	1
4	14055	20.3195888	1
4	14060	20.31962976	1
4	14116	20.41954784	1
4	14127	20.4195888	1
4	14132	20.41962976	1
4	14188	20.51954784	1
4	14199	20.5195888	1
4	14204	20.51962976	1
4	14260	20.61954784	1
4	14271	20.6195888	1
4	14276	20.61962976	1
4	14332	20.71954784	1
4	14343	20.7195888	1
4	14348	20.71962976	1
4	14404	20.81954784	1
4	14415	20.8195888	1
4	14420	20.81962976	1
4	14476	20.91954784	1
4	14487	20.9195888	1
4	14492	20.91962976	1
4	14548	21.01954784	1
4	14559	21.0195888	1
4	14564	21.01962976	1
4	14620	21.11954784	1
4	14631	21.1195888	1
4	14636	21.11962976	1
4	14692	21.21954784	1
4	14703	21.2195888	1
4	14708	21.21962976	1
4	14764	21.31954784	1
4	14775	21.3195888	1
4	14780	21.31962976	1
4	14836	21.41954784	1
4	14847	21.4195888	1
4	14852	21.41962976	1
4	14908	21.51954784	1
4	14919	21.5195888	1
4	14924	21.51962976	1
4	14980	21.61954784	1
4	14991	21.6195888	1
4	14996	21.61962976	1
4	15052	21.71954784	1
4	15063	21.7195888	1
4	15068	21.71962976	1
4	15124	21.81954784	1
4	15135	21.8195888	1
4	15140	21.81962976	1
4	15196	21.91954784	1
4	15207	21.9195888	1
4	15212	21.91962976	1
4	15268	22.01954784	1
4	15279	22.0195888	1
4	15284	22.01962976	1
4	15340	22.11954784	1
4	15351	22.1195888	1
4	15356	22.11962976	1
4	15412	22.21954784	1
4	15423	22.2195888	1
4	15428	22.21962976	1
4	15484	22.31954784	1
4	15495	22.3195888	1
4	15500	22.31962976	1
4	15556	22.41954784	1
4	15567	22.4195888	1
4	15572	22.41962976	1
4	15628	22.51954784	1
4	15639	22.5195888	1
4	15644	22.51962976	1
4	15700	22.61954784	1
4	15711	22.6195888	1
4	15716	22.61962976	1
4	15772	22.71954784	1
4	15783	22.7195888	1
4	15788	22.71962976	1
4	15844	22.81954784	1
4	15855	22.8195888	1
4	15860	22.81962976	1
4	15916	22.91954784	1
4	15927	22.9195888	1
4	15932	22.91962976	1
4	15988	23.01954784	1
4	15999	23.0195888	1
4	16004	23.01962976	1
4	16060	23.11954784	1
4	16071	23.1195888	1
4	16076	23.11962976	1
4	16132	23.21954784	1
4	16143	23.2195888	1
4	16148	23.21962976	1
4	16204	23.31954784	1
4	16215	23.3195888	1
4	16220	23.31962976	1
4	16276	23.41954784	1
4	16287	23.4195888	1
4	16292	23.41962976	1
4	16348	23.51954784	1
4	16359	23.5195888	1
4	16364	23.51962976	1
4	16420	23.61954784	1
4	16431	23.6195888	1
4	16436	23.61962976	1
4	16492	23.71954784	1
4	16503	23.7195888	1
4	16508	23.71962976	1
4	16564	23.81954784	1
4	16575	23.8195888	1
4	16580	23.81962976	1
4	16636	23.91954784	1
4	16647	23.9195888	1
4	16652	23.91962976	1
4	16708	24.01954784	1
4	16719	24.0195888	1
4	16724	24.01962976	1
4	16780	24.11954784	1
4	16791	24.1195888	1
4	16796	24.11962976	1
4	16852	24.21954784	1
4	16863	24.2195888	1
4	16868	24.21962976	1
4	16924	24.31954784	1
4	16935	24.3195888	1
4	16940	24.31962976	1
4	16996	24.41954784	1
4	17007	24.4195888	1
4	17012	24.41962976	1
4	17068	24.51954784	1
4	17079	24.5195888	1
4	17084	24.51962976	1
4	17140	24.61954784	1
4	17151	24.6195888	1
4	17156	24.61962976	1
4	17212	24.71954784	1
4	17223	24.7195888	1
4	17228	24.71962976	1
4	17284	24.81954784	1
4	17295	24.8195888	1
4	17300	24.81962976	1
4	17356	24.91954784	1
4	17367	24.9195888	1
4	17372	24.91962976	1
4	17428	25.01954784	1
4	17439	25.0195888	1
4	17444	25.01962976	1
4	17500	25.11954784	1
4	17511	25.1195888	1
4	17516	25.11962976	1
4	17572	25.21954784	1
4	17583	25.2195888	1
4	17588	25.21962976	1
4	17644	25.31954784	1
4	17655	25.3195888	1
4	17660	25.31962976	1
4	17716	25.41954784	1
4	17727	25.4195888	1
4	17732	25.41962976	1
4	17788	25.51954784	1
4	17799	25.5195888	1
4	17804	25.51962976	1
4	17860	25.61954784	1
4	17871	25.6195888	1
4	17876	25.61962976	1
4	17932	25.71954784	1
4	17943	25.7195888	1
4	17948	25.71962976	1
4	18004	25.81954784	1
4	18015	25.8195888	1
4	18020	25.81962976	1
4	18076	25.91954784	1
4	18087	25.9195888	1
4	18092	25.91962976	1
4	18148	26.01954784	1
4	18159	26.0195888	1
4	18164	26.01962976	1
4	18220	26.11954784	1
4	18231	26.1195888	1
4	18236	26.11962976	1
4	18292	26.21954784	1
4	18303	26.2195888	1
4	18308	26.21962976	1
4	18364	26.31954784	1
4	18375	26.3195888	1
4	18380	26.31962976	1
4	18436	26.41954784	1
4	18447	26.4195888	1
4	18452	26.41962976	1
4	18508	26.51954784	1
4	18519	26.5195888	1
4	18524	26.51962976	1
4	18580	26.61954784	1
4	18591	26.6195888	1
4	18596	26.61962976	1
4	18652	26.71954784	1
4	18663	26.7195888	1
4	18668	26.71962976	1
4	18724	26.81954784	1
4	18735	26.8195888	1
4	18740	26.81962976	1
4	18796	26.91954784	1
4	18807	26.9195888	1
4	18812	26.91962976	1
4	18868	27.01954784	1
4	18879	27.0195888	1
4	18884	27.01962976	1
4	18940	27.11954784	1
4	18951	27.1195888	1
4	18956	27.11962976	1
4	19012	27.21954784	1
4	19023	27.2195888	1
4	19028	27.21962976	1
4	19084	27.31954784	1
4	19095	27.3195888	1
4	19100	27.31962976	1
4	19156	27.41954784	1
4	19167	27.4195888	1
4	19172	27.41962976	1
4	19228	27.51954784	1
4	19239	27.5195888	1
4	19244	27.51962976	1
4	19300	27.61954784	1
4	19311	27.6195888	1
4	19316	27.61962976	1
4	19372	27.71954784	1
4	19383	27.7195888	1
4	19388	27.71962976	1
4	19444	27.81954784	1
4	19455	27.8195888	1
4	19460	27.81962976	1
4	19516	27.91954784	1
4	19527	27.9195888	1
4	19532	27.91962976	1
4	19588	28.01954784	1
4	19599	28.0195888	1
4	19604	28.01962976	1
4	19660	28.11954784	1
4	19671	28.1195888	1
4	19676	28.11962976	1
4	19732	28.21954784	1
4	19743	28.2195888	1
4	19748	28.21962976	1
4	19804	28.31954784	1
4	19815	28.3195888	1
4	19820	28.31962976	1
4	19876	28.41954784	1
4	19887	28.4195888	1
4	19892	28.41962976	1
4	19948	28.51954784	1
4	19959	28.5195888	1
4	19964	28.51962976	1
4	20020	28.61954784	1
4	20031	28.6195888	1
4	20036	28.61962976	1
4	20092	28.71954784	1
4	20103	28.7195888	1
4	20108	28.71962976	1
4	20164	28.81954784	1
4	20175	28.8195888	1
4	20180	28.81962976	1
4	20236	28.91954784	1
4	20247	28.9195888	1
4	20252	28.91962976	1
4	20308	29.01954784	1
4	20319	29.0195888	1
4	20324	29.01962976	1
4	20380	29.11954784	1
4	20391	29.1195888	1
4	20396	29.11962976	1
4	20452	29.21954784	1
4	20463	29.2195888	1
4	20468	29.21962976	1
4	20524	29.31954784	1
4	20535	29.3195888	1
4	20540	29.31962976	1
4	20596	29.41954784	1
4	20607	29.4195888	1
4	20612	29.41962976	1
4	20668	29.51954784	1
4	20679	29.5195888	1
4	20684	29.51962976	1
4	20740	29.61954784	1
4	20751	29.6195888	1
4	20756	29.61962976	1
4	20812	29.71954784	1
4	20823	29.7195888	1
4	20828	29.71962976	1
4	20884	29.81954784	1
4	20895	29.8195888	1
4	20900	29.81962976	1
4	20956	29.91954784	1
4	20967	29.9195888	1
4	20972	29.91962976	1
4	21028	30.01954784	1
4	21039	30.0195888	1
4	21044	30.01962976	1
4	21100	30.11954784	1
4	21111	30.1195888	1
4	21116	30.11962976	1
4	21172	30.21954784	1
4	21183	30.2195888	1
4	21188	30.21962976	1
4	21244	30.31954784	1
4	21255	30.3195888	1
4	21260	30.31962976	1
4	21316	30.41954784	1
4	21327	30.4195888	1
4	21332	30.41962976	1
4	21388	30.51954784	1
4	21399	30.5195888	1
4	21404	30.51962976	1
4	21460	30.61954784	1
4	21471	30.6195888	1
4	21476	30.61962976	1
4	21532	30.71954784	1
4	21543	30.7195888	1
4	21548	30.71962976	1
4	21604	30.81954784	1
4	21615	30.8195888	1
4	21620	30.81962976	1
4	21676	30.91954784	1
4	21687	30.9195888	1
4	21692	30.91962976	1
4	21748	31.01954784	1
4	21759	31.0195888	1
4	21764	31.01962976	1
4	21820	31.11954784	1
4	21831	31.1195888	1
4	21836	31.11962976	1
4	21892	31.21954784	1
4	21903	31.2195888	1
4	21908	31.21962976	1
4	21964	31.31954784	1
4	21975	31.3195888	1
4	21980	31.31962976	1
4	22036	31.41954784	1
4	22047	31.4195888	1
4	22052	31.41962976	1
4	22108	31.51954784	1
4	22119	31.5195888	1
4	22124	31.51962976	1
4	22180	31.61954784	1
4	22191	31.6195888	1
4	22196	31.61962976	1
4	22252	31.71954784	1
4	22263	31.7195888	1
4	22268	31.71962976	1
4	22324	31.81954784	1
4	22335	31.8195888	1
4	22340	31.81962976	1
4	22396	31.91954784	1
4	22407	31.9195888	1
4	22412	31.91962976	1
4	22468	32.01954784	1
4	22479	32.0195888	1
4	22484	32.01962976	1
4	22540	32.11954784	1
4	22551	32.1195888	1
4	22556	32.11962976	1
4	22612	32.21954784	1
4	22623	32.2195888	1
4	22628	32.21962976	1
4	22684	32.31954784	1
4	22695	32.3195888	1
4	22700	32.31962976	1
4	22756	32.41954784	1
4	22767	32.4195888	1
4	22772	32.41962976	1
4	22828	32.51954784	1
4	22839	32.5195888	1
4	22844	32.51962976	1
4	22900	32.61954784	1
4	22911	32.6195888	1
4	22916	32.61962976	1
4	22972	32.71954784	1
4	22983	32.7195888	1
4	22988	32.71962976	1
4	23044	32.81954784	1
4	23055	32.8195888	1
4	23060	32.81962976	1
4	23116	32.91954784	1
4	23127	32.9195888	1
4	23132	32.91962976	1
4	23188	33.01954784	1
4	23199	33.0195888	1
4	23204	33.01962976	1
4	23260	33.11954784	1
4	23271	33.1195888	1
4	23276	33.11962976	1
4	23332	33.21954784	1
4	23343	33.2195888	1
4	23348	33.21962976	1
4	23404	33.31954784	1
4	23415	33.3195888	1
4	23420	33.31962976	1
4	23476	33.41954784	1
4	23487	33.4195888	1
4	23492	33.41962976	1
4	23548	33.51954784	1
4	23559	33.5195888	1
4	23564	33.51962976	1
4	23620	33.61954784	1
4	23631	33.6195888	1
4	23636	33.61962976	1
4	23692	33.71954784	1
4	23703	33.7195888	1
4	23708	33.71962976	1
4	23764	33.81954784	1
4	23775	33.8195888	1
4	23780	33.81962976	1
4	23836	33.91954784	1
4	23847	33.9195888	1
4	23852	33.91962976	1
4	23908	34.01954784	1
4	23919	34.0195888	1
4	23924	34.01962976	1
4	23980	34.11954784	1
4	23991	34.1195888	1
4	23996	34.11962976	1
4	24052	34.21954784	1
4	24063	34.2195888	1
4	24068	34.21962976	1
4	24124	34.31954784	1
4	24135	34.3195888	1
4	24140	34.31962976	1
4	24196	34.41954784	1
4	24207	34.4195888	1
4	24212	34.41962976	1
4	24268	34.51954784	1
4	24279	34.5195888	1
4	24284	34.51962976	1
4	24340	34.61954784	1
4	24351	34.6195888	1
4	24356	34.61962976	1
4	24412	34.71954784	1
4	24423	34.7195888	1
4	24428	34.71962976	1
4	24484	34.81954784	1
4	24495	34.8195888	1
4	24500	34.81962976	1
4	24556	34.91954784	1
4	24567	34.9195888	1
4	24572	34.91962976	1
4	24628	35.01954784	1
4	24639	35.0195888	1
4	24644	35.01962976	1
4	24700	35.11954784	1
4	24711	35.1195888	1
4	24716	35.11962976	1
4	24772	35.21954784	1
4	24783	35.2195888	1
4	24788	35.21962976	1
4	24844	35.31954784	1
4	24855	35.3195888	1
4	24860	35.31962976	1
4	24916	35.41954784	1
4	24927	35.4195888	1
4	24932	35.41962976	1
4	24988	35.51954784	1
4	24999	35.5195888	1
4	25004	35.51962976	1
4	25060	35.61954784	1
4	25071	35.6195888	1
4	25076	35.61962976	1
4	25132	35.71954784	1
4	25143	35.7195888	1
4	25148	35.71962976	1
4	25204	35.81954784	1
4	25215	35.8195888	1
4	25220	35.81962976	1
4	25276	35.91954784	1
4	25287	35.9195888	1
4	25292	35.91962976	1
4	25348	36.01954784	1
4	25359	36.0195888	1
4	25364	36.01962976	1
4	25420	36.11954784	1
4	25431	36.1195888	1
4	25436	36.11962976	1
4	25492	36.21954784	1
4	25503	36.2195888	1
4	25508	36.21962976	1
4	25564	36.31954784	1
4	25575	36.3195888	1
4	25580	36.31962976	1
4	25636	36.41954784	1
4	25647	36.4195888	1
4	25652	36.41962976	1
4	25708	36.51954784	1
4	25719	36.5195888	1
4	25724	36.51962976	1
4	25780	36.61954784	1
4	25791	36.6195888	1
4	25796	36.61962976	1
4	25852	36.71954784	1
4	25863	36.7195888	1
4	25868	36.71962976	1
4	25924	36.81954784	1
4	25935	36.8195888	1
4	25940	36.81962976	1
4	25996	36.91954784	1
4	26007	36.9195888	1
4	26012	36.91962976	1
4	26068	37.01954784	1
4	26079	37.0195888	1
4	26084	37.01962976	1
4	26140	37.11954784	1
4	26151	37.1195888	1
4	26156	37.11962976	1
4	26212	37.21954784	1
4	26223	37.2195888	1
4	26228	37.21962976	1
4	26284	37.31954784	1
4	26295	37.3195888	1
4	26300	37.31962976	1
4	26356	37.41954784	1
4	26367	37.4195888	1
4	26372	37.41962976	1
4	26428	37.51954784	1
4	26439	37.5195888	1
4	26444	37.51962976	1
4	26500	37.61954784	1
4	26511	37.6195888	1
4	26516	37.61962976	1
4	26572	37.71954784	1
4	26583	37.7195888	1
4	26588	37.71962976	1
4	26644	37.81954784	1
4	26655	37.8195888	1
4	26660	37.81962976	1
4	26716	37.91954784	1
4	26727	37.9195888	1
4	26732	37.91962976	1
4	26788	38.01954784	1
4	26799	38.0195888	1
4	26804	38.01962976	1
4	26860	38.11954784	1
4	26871	38.1195888	1
4	26876	38.11962976	1
4	26932	38.21954784	1
4	26943	38.2195888	1
4	26948	38.21962976	1
4	27004	38.31954784	1
4	27015	38.3195888	1
4	27020	38.31962976	1
4	27076	38.41954784	1
4	27087	38.4195888	1
4	27092	38.41962976	1
4	27148	38.51954784	1
4	27159	38.5195888	1
4	27164	38.51962976	1
4	27220	38.61954784	1
4	27231	38.6195888	1
4	27236	38.61962976	1
4	27292	38.71954784	1
4	27303	38.7195888	1
4	27308	38.71962976	1
4	27364	38.81954784	1
4	27375	38.8195888	1
4	27380	38.81962976	1
4	27436	38.91954784	1
4	27447	38.9195888	1
4	27452	38.91962976	1
4	27508	39.01954784	1
4	27519	39.0195888	1
4	27524	39.01962976	1
4	27580	39.11954784	1
4	27591	39.1195888	1
4	27596	39.11962976	1
4	27652	39.21954784	1
4	27663	39.2195888	1
4	27668	39.21962976	1
4	27724	39.31954784	1
4	27735	39.3195888	1
4	27740	39.31962976	1
4	27796	39.41954784	1
4	27807	39.4195888	1
4	27812	39.41962976	1
4	27868	39.51954784	1
4	27879	39.5195888	1
4	27884	39.51962976	1
4	27940	39.61954784	1
4	27951	39.6195888	1
4	27956	39.61962976	1
4	28012	39.71954784	1
4	28023	39.7195888	1
4	28028	39.71962976	1
4	28084	39.81954784	1
4	28095	39.8195888	1
4	28100	39.81962976	1
4	28156	39.91954784	1
4	28167	39.9195888	1
4	28172	39.91962976	1
4	28228	40.01954784	1
4	28239	40.0195888	1
4	28244	40.01962976	1
4	28300	40.11954784	1
4	28311	40.1195888	1
4	28316	40.11962976	1
4	28372	40.21954784	1
4	28383	40.2195888	1
4	28388	40.21962976	1
4	28444	40.31954784	1
4	28455	40.3195888	1
4	28460	40.31962976	1
4	28516	40.41954784	1
4	28527	40.4195888	1
4	28532	40.41962976	1
4	28588	40.51954784	1
4	28599	40.5195888	1
4	28604	40.51962976	1
4	28660	40.61954784	1
4	28671	40.6195888	1
4	28676	40.61962976	1
4	28732	40.71954784	1
4	28743	40.7195888	1
4	28748	40.71962976	1
4	28804	40.81954784	1
4	28815	40.8195888	1
4	28820	40.81962976	1
4	28876	40.91954784	1
4	28887	40.9195888	1
4	28892	40.91962976	1
4	28948	41.01954784	1
4	28959	41.0195888	1
4	28964	41.01962976	1
4	29020	41.11954784	1
4	29031	41.1195888	1
4	29036	41.11962976	1
4	29092	41.21954784	1
4	29103	41.2195888	1
4	29108	41.21962976	1
4	29164	41.31954784	1
4	29175	41.3195888	1
4	29180	41.31962976	1
4	29236	41.41954784	1
4	29247	41.4195888	1
4	29252	41.41962976	1
4	29308	41.51954784	1
4	29319	41.5195888	1
4	29324	41.51962976	1
4	29380	41.61954784	1
4	29391	41.6195888	1
4	29396	41.61962976	1
4	29452	41.71954784	1
4	29463	41.7195888	1
4	29468	41.71962976	1
4	29524	41.81954784	1
4	29535	41.8195888	1
4	29540	41.81962976	1
4	29596	41.91954784	1
4	29607	41.9195888	1
4	29612	41.91962976	1
4	29668	42.01954784	1
4	29679	42.0195888	1
4	29684	42.01962976	1
4	29740	42.11954784	1
4	29751	42.1195888	1
4	29756	42.11962976	1
4	29812	42.21954784	1
4	29823	42.2195888	1
4	29828	42.21962976	1
4	29884	42.31954784	1
4	29895	42.3195888	1
4	29900	42.31962976	1
4	29956	42.41954784	1
4	29967	42.4195888	1
4	29972	42.41962976	1
4	30028	42.51954784	1
4	30039	42.5195888	1
4	30044	42.51962976	1
4	30100	42.61954784	1
4	30111	42.6195888	1
4	30116	42.61962976	1
4	30172	42.71954784	1
4	30183	42.7195888	1
4	30188	42.71962976	1
4	30244	42.81954784	1
4	30255	42.8195888	1
4	30260	42.81962976	1
4	30316	42.91954784	1
4	30327	42.9195888	1
4	30332	42.91962976	1
4	30388	43.01954784	1
4	30399	43.0195888	1
4	30404	43.01962976	1
4	30460	43.11954784	1
4	30471	43.1195888	1
4	30476	43.11962976	1
4	30532	43.21954784	1
4	30543	43.2195888	1
4	30548	43.21962976	1
4	30604	43.31954784	1
4	30615	43.3195888	1
4	30620	43.31962976	1
4	30676	43.41954784	1
4	30687	43.4195888	1
4	30692	43.41962976	1
4	30748	43.51954784	1
4	30759	43.5195888	1
4	30764	43.51962976	1
4	30820	43.61954784	1
4	30831	43.6195888	1
4	30836	43.61962976	1
4	30892	43.71954784	1
4	30903	43.7195888	1
4	30908	43.71962976	1
4	30964	43.81954784	1
4	30975	43.8195888	1
4	30980	43.81962976	1
4	31036	43.91954784	1
4	31047	43.9195888	1
4	31052	43.91962976	1
4	31108	44.01954784	1
4	31119	44.0195888	1
4	31124	44.01962976	1
4	31180	44.11954784	1
4	31191	44.1195888	1
4	31196	44.11962976	1
4	31252	44.21954784	1
4	31263	44.2195888	1
4	31268	44.21962976	1
4	31324	44.31954784	1
4	31335	44.3195888	1
4	31340	44.31962976	1
4	31396	44.41954784	1
4	31407	44.4195888	1
4	31412	44.41962976	1
4	31468	44.51954784	1
4	31479	44.5195888	1
4	31484	44.51962976	1
4	31540	44.61954784	1
4	31551	44.6195888	1
4	31556	44.61962976	1
4	31612	44.71954784	1
4	31623	44.7195888	1
4	31628	44.71962976	1
4	31684	44.81954784	1
4	31695	44.8195888	1
4	31700	44.81962976	1
4	31756	44.91954784	1
4	31767	44.9195888	1
4	31772	44.91962976	1
4	31828	45.01954784	1
4	31839	45.0195888	1
4	31844	45.01962976	1
4	31900	45.11954784	1
4	31911	45.1195888	1
4	31916	45.11962976	1
4	31972	45.21954784	1
4	31983	45.2195888	1
4	31988	45.21962976	1
4	32044	45.31954784	1
4	32055	45.3195888	1
4	32060	45.31962976	1
4	32116	45.41954784	1
4	32127	45.4195888	1
4	32132	45.41962976	1
4	32188	45.51954784	1
4	32199	45.5195888	1
4	32204	45.51962976	1
4	32260	45.61954784	1
4	32271	45.6195888	1
4	32276	45.61962976	1
4	32332	45.71954784	1
4	32343	45.7195888	1
4	32348	45.71962976	1
4	32404	45.81954784	1
4	32415	45.8195888	1
4	32420	45.81962976	1
4	32476	45.91954784	1
4	32487	45.9195888	1
4	32492	45.91962976	1
4	32548	46.01954784	1
4	32559	46.0195888	1
4	32564	46.01962976	1
4	32620	46.11954784	1
4	32631	46.1195888	1
4	32636	46.11962976	1
4	32692	46.21954784	1
4	32703	46.2195888	1
4	32708	46.21962976	1
4	32764	46.31954784	1
4	32775	46.3195888	1
4	32780	46.31962976	1
4	32836	46.41954784	1
4	32847	46.4195888	1
4	32852	46.41962976	1
4	32908	46.51954784	1
4	32919	46.5195888	1
4	32924	46.51962976	1
4	32980	46.61954784	1
4	32991	46.6195888	1
4	32996	46.61962976	1
4	33052	46.71954784	1
4	33063	46.7195888	1
4	33068	46.71962976	1
4	33124	46.81954784	1
4	33135	46.8195888	1
4	33140	46.81962976	1
4	33196	46.91954784	1
4	33207	46.9195888	1
4	33212	46.91962976	1
4	33268	47.01954784	1
4	33279	47.0195888	1
4	33284	47.01962976	1
4	33340	47.11954784	1
4	33351	47.1195888	1
4	33356	47.11962976	1
4	33412	47.21954784	1
4	33423	47.2195888	1
4	33428	47.21962976	1
4	33484	47.31954784	1
4	33495	47.3195888	1
4	33500	47.31962976	1
4	33556	47.41954784	1
4	33567	47.4195888	1
4	33572	47.41962976	1
4	33628	47.51954784	1
4	33639	47.5195888	1
4	33644	47.51962976	1
4	33700	47.61954784	1
4	33711	47.6195888	1
4	33716	47.61962976	1
4	33772	47.71954784	1
4	33783	47.7195888	1
4	33788	47.71962976	1
4	33844	47.81954784	1
4	33855	47.8195888	1
4	33860	47.81962976	1
4	33916	47.91954784	1
4	33927	47.9195888	1
4	33932	47.91962976	1
4	33988	48.01954784	1
4	33999	48.0195888	1
4	34004	48.01962976	1
4	34060	48.11954784	1
4	34071	48.1195888	1
4	34076	48.11962976	1
4	34132	48.21954784	1
4	34143	48.2195888	1
4	34148	48.21962976	1
4	34204	48.31954784	1
4	34215	48.3195888	1
4	34220	48.31962976	1
4	34276	48.41954784	1
4	34287	48.4195888	1
4	34292	48.41962976	1
4	34348	48.51954784	1
4	34359	48.5195888	1
4	34364	48.51962976	1
4	34420	48.61954784	1
4	34431	48.6195888	1
4	34436	48.61962976	1
4	34492	48.71954784	1
4	34503	48.7195888	1
4	34508	48.71962976	1
4	34564	48.81954784	1
4	34575	48.8195888	1
4	34580	48.81962976	1
4	34636	48.91954784	1
4	34647	48.9195888	1
4	34652	48.91962976	1
4	34708	49.01954784	1
4	34719	49.0195888	1
4	34724	49.01962976	1
4	34780	49.11954784	1
4	34791	49.1195888	1
4	34796	49.11962976	1
4	34852	49.21954784	1
4	34863	49.2195888	1
4	34868	49.21962976	1
4	34924	49.31954784	1
4	34935	49.3195888	1
4	34940	49.31962976	1
4	34996	49.41954784	1
4	35007	49.4195888	1
4	35012	49.41962976	1
4	35068	49.51954784	1
4	35079	49.5195888	1
4	35084	49.51962976	1
4	35140	49.61954784	1
4	35151	49.6195888	1
4	35156	49.61962976	1
4	35212	49.71954784	1
4	35223	49.7195888	1
4	35228	49.71962976	1
4	35284	49.81954784	1
4	35295	49.8195888	1
4	35300	49.81962976	1
4	35356	49.91954784	1
4	35367	49.9195888	1
4	35372	49.91962976	1
4	35428	50.01954784	1
4	35439	50.0195888	1
4	35444	50.01962976	1
4	35500	50.11954784	1
4	35511	50.1195888	1
4	35516	50.11962976	1
4	35572	50.21954784	1
4	35583	50.2195888	1
4	35588	50.21962976	1
4	35644	50.31954784	1
4	35655	50.3195888	1
4	35660	50.31962976	1
4	35716	50.41954784	1
4	35727	50.4195888	1
4	35732	50.41962976	1
4	35788	50.51954784	1
4	35799	50.5195888	1
4	35804	50.51962976	1
4	35860	50.61954784	1
4	35871	50.6195888	1
4	35876	50.61962976	1
4	35932	50.71954784	1
4	35943	50.7195888	1
4	35948	50.71962976	1
4	36004	50.81954784	1
4	36015	50.8195888	1
4	36020	50.81962976	1
4	36076	50.91954784	1
4	36087	50.9195888	1
4	36092	50.91962976	1
4	36148	51.01954784	1
4	36159	51.0195888	1
4	36164	51.01962976	1
4	36220	51.11954784	1
4	36231	51.1195888	1
4	36236	51.11962976	1
4	36292	51.21954784	1
4	36303	51.2195888	1
4	36308	51.21962976	1
4	36364	51.31954784	1
4	36375	51.3195888	1
4	36380	51.31962976	1
4	36436	51.41954784	1
4	36447	51.4195888	1
4	36452	51.41962976	1
4	36508	51.51954784	1
4	36519	51.5195888	1
4	36524	51.51962976	1
4	36580	51.61954784	1
4	36591	51.6195888	1
4	36596	51.61962976	1
4	36652	51.71954784	1
4	36663	51.7195888	1
4	36668	51.71962976	1
4	36724	51.81954784	1
4	36735	51.8195888	1
4	36740	51.81962976	1
4	36796	51.91954784	1
4	36807	51.9195888	1
4	36812	51.91962976	1
4	36868	52.01954784	1
4	36879	52.0195888	1
4	36884	52.01962976	1
4	36940	52.11954784	1
4	36951	52.1195888	1
4	36956	52.11962976	1
4	37012	52.21954784	1
4	37023	52.2195888	1
4	37028	52.21962976	1
4	37084	52.31954784	1
4	37095	52.3195888	1
4	37100	52.31962976	1
4	37156	52.41954784	1
4	37167	52.4195888	1
4	37172	52.41962976	1
4	37228	52.51954784	1
4	37239	52.5195888	1
4	37244	52.51962976	1
4	37300	52.61954784	1
4	37311	52.6195888	1
4	37316	52.61962976	1
4	37372	52.71954784	1
4	37383	52.7195888	1
4	37388	52.71962976	1
4	37444	52.81954784	1
4	37455	52.8195888	1
4	37460	52.81962976	1
4	37516	52.91954784	1
4	37527	52.9195888	1
4	37532	52.91962976	1
4	37588	53.01954784	1
4	37599	53.0195888	1
4	37604	53.01962976	1
4	37660	53.11954784	1
4	37671	53.1195888	1
4	37676	53.11962976	1
4	37732	53.21954784	1
4	37743	53.2195888	1
4	37748	53.21962976	1
4	37804	53.31954784	1
4	37815	53.3195888	1
4	37820	53.31962976	1
4	37876	53.41954784	1
4	37887	53.4195888	1
4	37892	53.41962976	1
4	37948	53.51954784	1
4	37959	53.5195888	1
4	37964	53.51962976	1
4	38020	53.61954784	1
4	38031	53.6195888	1
4	38036	53.61962976	1
4	38092	53.71954784	1
4	38103	53.7195888	1
4	38108	53.71962976	1
4	38164	53.81954784	1
4	38175	53.8195888	1
4	38180	53.81962976	1
4	38236	53.91954784	1
4	38247	53.9195888	1
4	38252	53.91962976	1
4	38308	54.01954784	1
4	38319	54.0195888	1
4	38324	54.01962976	1
4	38380	54.11954784	1
4	38391	54.1195888	1
4	38396	54.11962976	1
4	38452	54.21954784	1
4	38463	54.2195888	1
4	38468	54.21962976	1
4	38524	54.31954784	1
4	38535	54.3195888	1
4	38540	54.31962976	1
4	38596	54.41954784	1
4	38607	54.4195888	1
4	38612	54.41962976	1
4	38668	54.51954784	1
4	38679	54.5195888	1
4	38684	54.51962976	1
4	38740	54.61954784	1
4	38751	54.6195888	1
4	38756	54.61962976	1
4	38812	54.71954784	1
4	38823	54.7195888	1
4	38828	54.71962976	1
4	38884	54.81954784	1
4	38895	54.8195888	1
4	38900	54.81962976	1
4	38956	54.91954784	1
4	38967	54.9195888	1
4	38972	54.91962976	1
4	39028	55.01954784	1
4	39039	55.0195888	1
4	39044	55.01962976	1
4	39100	55.11954784	1
4	39111	55.1195888	1
4	39116	55.11962976	1
4	39172	55.21954784	1
4	39183	55.2195888	1
4	39188	55.21962976	1
4	39244	55.31954784	1
4	39255	55.3195888	1
4	39260	55.31962976	1
4	39316	55.41954784	1
4	39327	55.4195888	1
4	39332	55.41962976	1
4	39388	55.51954784	1
4	39399	55.5195888	1
4	39404	55.51962976	1
4	39460	55.61954784	1
4	39471	55.6195888	1
4	39476	55.61962976	1
4	39532	55.71954784	1
4	39543	55.7195888	1
4	39548	55.71962976	1
4	39604	55.81954784	1
4	39615	55.8195888	1
4	39620	55.81962976	1
4	39676	55.91954784	1
4	39687	55.9195888	1
4	39692	55.91962976	1
4	39748	56.01954784	1
4	39759	56.0195888	1
4	39764	56.01962976	1
4	39820	56.11954784	1
4	39831	56.1195888	1
4	39836	56.11962976	1
4	39892	56.21954784	1
4	39903	56.2195888	1
4	39908	56.21962976	1
4	39964	56.31954784	1
4	39975	56.3195888	1
4	39980	56.31962976	1
4	40036	56.41954784	1
4	40047	56.4195888	1
4	40052	56.41962976	1
4	40108	56.51954784	1
4	40119	56.5195888	1
4	40124	56.51962976	1
4	40180	56.61954784	1
4	40191	56.6195888	1
4	40196	56.61962976	1
4	40252	56.71954784	1
4	40263	56.7195888	1
4	40268	56.71962976	1
4	40324	56.81954784	1
4	40335	56.8195888	1
4	40340	56.81962976	1
4	40396	56.91954784	1
4	40407	56.9195888	1
4	40412	56.91962976	1
4	40468	57.01954784	1
4	40479	57.0195888	1
4	40484	57.01962976	1
4	40540	57.11954784	1
4	40551	57.1195888	1
4	40556	57.11962976	1
4	40612	57.21954784	1
4	40623	57.2195888	1
4	40628	57.21962976	1
4	40684	57.31954784	1
4	40695	57.3195888	1
4	40700	57.31962976	1
4	40756	57.41954784	1
4	40767	57.4195888	1
4	40772	57.41962976	1
4	40828	57.51954784	1
4	40839	57.5195888	1
4	40844	57.51962976	1
4	40900	57.61954784	1
4	40911	57.6195888	1
4	40916	57.61962976	1
4	40972	57.71954784	1
4	40983	57.7195888	1
4	40988	57.71962976	1
4	41044	57.81954784	1
4	41055	57.8195888	1
4	41060	57.81962976	1
4	41116	57.91954784	1
4	41127	57.9195888	1
4	41132	57.91962976	1
4	41188	58.01954784	1
4	41199	58.0195888	1
4	41204	58.01962976	1
4	41260	58.11954784	1
4	41271	58.1195888	1
4	41276	58.11962976	1
4	41332	58.21954784	1
4	41343	58.2195888	1
4	41348	58.21962976	1
4	41404	58.31954784	1
4	41415	58.3195888	1
4	41420	58.31962976	1
4	41476	58.41954784	1
4	41487	58.4195888	1
4	41492	58.41962976	1
4	41548	58.51954784	1
4	41559	58.5195888	1
4	41564	58.51962976	1
4	41620	58.61954784	1
4	41631	58.6195888	1
4	41636	58.61962976	1
4	41692	58.71954784	1
4	41703	58.7195888	1
4	41708	58.71962976	1
4	41764	58.81954784	1
4	41775	58.8195888	1
4	41780	58.81962976	1
4	41836	58.91954784	1
4	41847	58.9195888	1
4	41852	58.91962976	1
4	41908	59.01954784	1
4	41919	59.0195888	1
4	41924	59.01962976	1
4	41980	59.11954784	1
4	41991	59.1195888	1
4	41996	59.11962976	1
4	42052	59.21954784	1
4	42063	59.2195888	1
4	42068	59.21962976	1
4	42124	59.31954784	1
4	42135	59.3195888	1
4	42140	59.31962976	1
4	42196	59.41954784	1
4	42207	59.4195888	1
4	42212	59.41962976	1
4	42268	59.51954784	1
4	42279	59.5195888	1
4	42284	59.51962976	1
4	42340	59.61954784	1
4	42351	59.6195888	1
4	42356	59.61962976	1
4	42412	59.71954784	1
4	42423	59.7195888	1
4	42428	59.71962976	1
4	42484	59.81954784	1
4	42495	59.8195888	1
4	42500	59.81962976	1
4	42556	59.91954784	1
4	42567	59.9195888	1
4	42572	59.91962976	1
4	42630	60.01954784	1
4	42640	60.0195888	1
4	42644	60.01962976	1
4	42690	60.11954784	1
4	42700	60.1195888	1
4	42704	60.11962976	1
4	42750	60.21954784	1
4	42760	60.2195888	1
4	42764	60.21962976	1
4	42810	60.31954784	1
4	42820	60.3195888	1
4	42824	60.31962976	1
4	42870	60.41954784	1
4	42880	60.4195888	1
4	42884	60.41962976	1
4	42930	60.51954784	1
4	42940	60.5195888	1
4	42944	60.51962976	1
4	42990	60.61954784	1
4	43000	60.6195888	1
4	43004	60.61962976	1
4	43050	60.71954784	1
4	43060	60.7195888	1
4	43064	60.71962976	1
4	43110	60.81954784	1
4	43120	60.8195888	1
4	43124	60.81962976	1
4	43170	60.91954784	1
4	43180	60.9195888	1
4	43184	60.91962976	1
4	43230	61.01954784	1
4	43240	61.0195888	1
4	43244	61.01962976	1
4	43290	61.11954784	1
4	43300	61.1195888	1
4	43304	61.11962976	1
4	43350	61.21954784	1
4	43360	61.2195888	1
4	43364	61.21962976	1
4	43410	61.31954784	1
4	43420	61.3195888	1
4	43424	61.31962976	1
4	43470	61.41954784	1
4	43480	61.4195888	1
4	43484	61.41962976	1
4	43530	61.51954784	1
4	43540	61.5195888	1
4	43544	61.51962976	1
4	43590	61.61954784	1
4	43600	61.6195888	1
4	43604	61.61962976	1
4	43650	61.71954784	1
4	43660	61.7195888	1
4	43664	61.71962976	1
4	43710	61.81954784	1
4	43720	61.8195888	1
4	43724	61.81962976	1
4	43770	61.91954784	1
4	43780	61.9195888	1
4	43784	61.91962976	1
4	43830	62.01954784	1
4	43840	62.0195888	1
4	43844	62.01962976	1
4	43890	62.11954784	1
4	43900	62.1195888	1
4	43904	62.11962976	1
4	43950	62.21954784	1
4	43960	62.2195888	1
4	43964	62.21962976	1
4	44010	62.31954784	1
4	44020	62.3195888	1
4	44024	62.31962976	1
4	44070	62.41954784	1
4	44080	62.4195888	1
4	44084	62.41962976	1
4	44130	62.51954784	1
4	44140	62.5195888	1
4	44144	62.51962976	1
4	44190	62.61954784	1
4	44200	62.6195888	1
4	44204	62.61962976	1
4	44250	62.71954784	1
4	44260	62.7195888	1
4	44264	62.71962976	1
4	44310	62.81954784	1
4	44320	62.8195888	1
4	44324	62.81962976	1
4	44370	62.91954784	1
4	44380	62.9195888	1
4	44384	62.91962976	1
4	44430	63.01954784	1
4	44440	63.0195888	1
4	44444	63.01962976	1
4	44490	63.11954784	1
4	44500	63.1195888	1
4	44504	63.11962976	1
4	44550	63.21954784	1
4	44560	63.2195888	1
4	44564	63.21962976	1
4	44610	63.31954784	1
4	44620	63.3195888	1
4	44624	63.31962976	1
4	44670	63.41954784	1
4	44680	63.4195888	1
4	44684	63.41962976	1
4	44730	63.51954784	1
4	44740	63.5195888	1
4	44744	63.51962976	1
4	44790	63.61954784	1
4	44800	63.6195888	1
4	44804	63.61962976	1
4	44850	63.71954784	1
4	44860	63.7195888	1
4	44864	63.71962976	1
4	44910	63.81954784	1
4	44920	63.8195888	1
4	44924	63.81962976	1
4	44970	63.91954784	1
4	44980	63.9195888	1
4	44984	63.91962976	1
4	45030	64.01954784	1
4	45040	64.0195888	1
4	45044	64.01962976	1
4	45090	64.11954784	1
4	45100	64.1195888	1
4	45104	64.11962976	1
4	45150	64.21954784	1
4	45160	64.2195888	1
4	45164	64.21962976	1
4	45210	64.31954784	1
4	45220	64.3195888	1
4	45224	64.31962976	1
4	45270	64.41954784	1
4	45280	64.4195888	1
4	45284	64.41962976	1
4	45330	64.51954784	1
4	45340	64.5195888	1
4	45344	64.51962976	1
4	45390	64.61954784	1
4	45400	64.6195888	1
4	45404	64.61962976	1
4	45450	64.71954784	1
4	45460	64.7195888	1
4	45464	64.71962976	1
4	45510	64.81954784	1
4	45520	64.8195888	1
4	45524	64.81962976	1
4	45570	64.91954784	1
4	45580	64.9195888	1
4	45584	64.91962976	1
4	45630	65.01954784	1
4	45640	65.0195888	1
4	45644	65.01962976	1
4	45690	65.11954784	1
4	45700	65.1195888	1
4	45704	65.11962976	1
4	45750	65.21954784	1
4	45760	65.2195888	1
4	45764	65.21962976	1
4	45810	65.31954784	1
4	45820	65.3195888	1
4	45824	65.31962976	1
4	45870	65.41954784	1
4	45880	65.4195888	1
4	45884	65.41962976	1
4	45930	65.51954784	1
4	45940	65.5195888	1
4	45944	65.51962976	1
4	45990	65.61954784	1
4	46000	65.6195888	1
4	46004	65.61962976	1
4	46050	65.71954784	1
4	46060	65.7195888	1
4	46064	65.71962976	1
4	46110	65.81954784	1
4	46120	65.8195888	1
4	46124	65.81962976	1
4	46170	65.91954784	1
4	46180	65.9195888	1
4	46184	65.91962976	1
4	46230	66.01954784	1
4	46240	66.0195888	1
4	46244	66.01962976	1
4	46290	66.11954784	1
4	46300	66.1195888	1
4	46304	66.11962976	1
4	46350	66.21954784	1
4	46360	66.2195888	1
4	46364	66.21962976	1
4	46410	66.31954784	1
4	46420	66.3195888	1
4	46424	66.31962976	1
4	46470	66.41954784	1
4	46480	66.4195888	1
4	46484	66.41962976	1
4	46530	66.51954784	1
4	46540	66.5195888	1
4	46544	66.51962976	1
4	46590	66.61954784	1
4	46600	66.6195888	1
4	46604	66.61962976	1
4	46650	66.71954784	1
4	46660	66.7195888	1
4	46664	66.71962976	1
4	46710	66.81954784	1
4	46720	66.8195888	1
4	46724	66.81962976	1
4	46770	66.91954784	1
4	46780	66.9195888	1
4	46784	66.91962976	1
4	46830	67.01954784	1
4	46840	67.0195888	1
4	46844	67.01962976	1
4	46890	67.11954784	1
4	46900	67.1195888	1
4	46904	67.11962976	1
4	46950	67.21954784	1
4	46960	67.2195888	1
4	46964	67.21962976	1
4	47010	67.31954784	1
4	47020	67.3195888	1
4	47024	67.31962976	1
4	47070	67.41954784	1
4	47080	67.4195888	1
4	47084	67.41962976	1
4	47130	67.51954784	1
4	47140	67.5195888	1
4	47144	67.51962976	1
4	47190	67.61954784	1
4	47200	67.6195888	1
4	47204	67.61962976	1
4	47250	67.71954784	1
4	47260	67.7195888	1
4	47264	67.71962976	1
4	47310	67.81954784	1
4	47320	67.8195888	1
4	47324	67.81962976	1
4	47370	67.91954784	1
4	47380	67.9195888	1
4	47384	67.91962976	1
4	47430	68.01954784	1
4	47440	68.0195888	1
4	47444	68.01962976	1
4	47490	68.11954784	1
4	47500	68.1195888	1
4	47504	68.11962976	1
4	47550	68.21954784	1
4	47560	68.2195888	1
4	47564	68.21962976	1
4	47610	68.31954784	1
4	47620	68.3195888	1
4	47624	68.31962976	1
4	47670	68.41954784	1
4	47680	68.4195888	1
4	47684	68.41962976	1
4	47730	68.51954784	1
4	47740	68.5195888	1
4	47744	68.51962976	1
4	47790	68.61954784	1
4	47800	68.6195888	1
4	47804	68.61962976	1
4	47850	68.71954784	1
4	47860	68.7195888	1
4	47864	68.71962976	1
4	47910	68.81954784	1
4	47920	68.8195888	1
4	47924	68.81962976	1
4	47970	68.91954784	1
4	47980	68.9195888	1
4	47984	68.91962976	1
4	48030	69.01954784	1
4	48040	69.0195888	1
4	48044	69.01962976	1
4	48090	69.11954784	1
4	48100	69.1195888	1
4	48104	69.11962976	1
4	48150	69.21954784	1
4	48160	69.2195888	1
4	48164	69.21962976	1
4	48210	69.31954784	1
4	48220	69.3195888	1
4	48224	69.31962976	1
4	48270	69.41954784	1
4	48280	69.4195888	1
4	48284	69.41962976	1
4	48330	69.51954784	1
4	48340	69.5195888	1
4	48344	69.51962976	1
4	48390	69.61954784	1
4	48400	69.6195888	1
4	48404	69.61962976	1
4	48450	69.71954784	1
4	48460	69.7195888	1
4	48464	69.71962976	1
4	48510	69.81954784	1
4	48520	69.8195888	1
4	48524	69.81962976	1
4	48570	69.91954784	1
4	48580	69.9195888	1
4	48584	69.91962976	1
4	48630	70.01954784	1
4	48640	70.0195888	1
4	48644	70.01962976	1
4	48690	70.11954784	1
4	48700	70.1195888	1
4	48704	70.11962976	1
4	48750	70.21954784	1
4	48760	70.2195888	1
4	48764	70.21962976	1
4	48810	70.31954784	1
4	48820	70.3195888	1
4	48824	70.31962976	1
4	48870	70.41954784	1
4	48880	70.4195888	1
4	48884	70.41962976	1
4	48930	70.51954784	1
4	48940	70.5195888	1
4	48944	70.51962976	1
4	48990	70.61954784	1
4	49000	70.6195888	1
4	49004	70.61962976	1
4	49050	70.71954784	1
4	49060	70.7195888	1
4	49064	70.71962976	1
4	49110	70.81954784	1
4	49120	70.8195888	1
4	49124	70.81962976	1
4	49170	70.91954784	1
4	49180	70.9195888	1
4	49184	70.91962976	1
4	49230	71.01954784	1
4	49240	71.0195888	1
4	49244	71.01962976	1
4	49290	71.11954784	1
4	49300	71.1195888	1
4	49304	71.11962976	1
4	49350	71.21954784	1
4	49360	71.2195888	1
4	49364	71.21962976	1
4	49410	71.31954784	1
4	49420	71.3195888	1
4	49424	71.31962976	1
4	49470	71.41954784	1
4	49480	71.4195888	1
4	49484	71.41962976	1
4	49530	71.51954784	1
4	49540	71.5195888	1
4	49544	71.51962976	1
4	49590	71.61954784	1
4	49600	71.6195888	1
4	49604	71.61962976	1
4	49650	71.71954784	1
4	49660	71.7195888	1
4	49664	71.71962976	1
4	49710	71.81954784	1
4	49720	71.8195888	1
4	49724	71.81962976	1
4	49770	71.91954784	1
4	49780	71.9195888	1
4	49784	71.91962976	1
4	49830	72.01954784	1
4	49840	72.0195888	1
4	49844	72.01962976	1
4	49890	72.11954784	1
4	49900	72.1195888	1
4	49904	72.11962976	1
4	49950	72.21954784	1
4	49960	72.2195888	1
4	49964	72.21962976	1
4	50010	72.31954784	1
4	50020	72.3195888	1
4	50024	72.31962976	1
4	50070	72.41954784	1
4	50080	72.4195888	1
4	50084	72.41962976	1
4	50130	72.51954784	1
4	50140	72.5195888	1
4	50144	72.51962976	1
4	50190	72.61954784	1
4	50200	72.6195888	1
4	50204	72.61962976	1
4	50250	72.71954784	1
4	50260	72.7195888	1
4	50264	72.71962976	1
4	50310	72.81954784	1
4	50320	72.8195888	1
4	50324	72.81962976	1
4	50370	72.91954784	1
4	50380	72.9195888	1
4	50384	72.91962976	1
4	50430	73.01954784	1
4	50440	73.0195888	1
4	50444	73.01962976	1
4	50490	73.11954784	1
4	50500	73.1195888	1
4	50504	73.11962976	1
4	50550	73.21954784	1
4	50560	73.2195888	1
4	50564	73.21962976	1
4	50610	73.31954784	1
4	50620	73.3195888	1
4	50624	73.31962976	1
4	50670	73.41954784	1
4	50680	73.4195888	1
4	50684	73.41962976	1
4	50730	73.51954784	1
4	50740	73.5195888	1
4	50744	73.51962976	1
4	50790	73.61954784	1
4	50800	73.6195888	1
4	50804	73.61962976	1
4	50850	73.71954784	1
4	50860	73.7195888	1
4	50864	73.71962976	1
4	50910	73.81954784	1
4	50920	73.8195888	1
4	50924	73.81962976	1
4	50970	73.91954784	1
4	50980	73.9195888	1
4	50984	73.91962976	1
4	51030	74.01954784	1
4	51040	74.0195888	1
4	51044	74.01962976	1
4	51090	74.11954784	1
4	51100	74.1195888	1
4	51104	74.11962976	1
4	51150	74.21954784	1
4	51160	74.2195888	1
4	51164	74.21962976	1
4	51210	74.31954784	1
4	51220	74.3195888	1
4	51224	74.31962976	1
4	51270	74.41954784	1
4	51280	74.4195888	1
4	51284	74.41962976	1
4	51330	74.51954784	1
4	51340	74.5195888	1
4	51344	74.51962976	1
4	51390	74.61954784	1
4	51400	74.6195888	1
4	51404	74.61962976	1
4	51450	74.71954784	1
4	51460	74.7195888	1
4	51464	74.71962976	1
4	51510	74.81954784	1
4	51520	74.8195888	1
4	51524	74.81962976	1
4	51570	74.91954784	1
4	51580	74.9195888	1
4	51584	74.91962976	1
4	51630	75.01954784	1
4	51640	75.0195888	1
4	51644	75.01962976	1
4	51690	75.11954784	1
4	51700	75.1195888	1
4	51704	75.11962976	1
4	51750	75.21954784	1
4	51760	75.2195888	1
4	51764	75.21962976	1
4	51810	75.31954784	1
4	51820	75.3195888	1
4	51824	75.31962976	1
4	51870	75.41954784	1
4	51880	75.4195888	1
4	51884	75.41962976	1
4	51930	75.51954784	1
4	51940	75.5195888	1
4	51944	75.51962976	1
4	51990	75.61954784	1
4	52000	75.6195888	1
4	52004	75.61962976	1
4	52050	75.71954784	1
4	52060	75.7195888	1
4	52064	75.71962976	1
4	52110	75.81954784	1
4	52120	75.8195888	1
4	52124	75.81962976	1
4	52170	75.91954784	1
4	52180	75.9195888	1
4	52184	75.91962976	1
4	52230	76.01954784	1
4	52240	76.0195888	1
4	52244	76.01962976	1
4	52290	76.11954784	1
4	52300	76.1195888	1
4	52304	76.11962976	1
4	52350	76.21954784	1
4	52360	76.2195888	1
4	52364	76.21962976	1
4	52410	76.31954784	1
4	52420	76.3195888	1
4	52424	76.31962976	1
4	52470	76.41954784	1
4	52480	76.4195888	1
4	52484	76.41962976	1
4	52530	76.51954784	1
4	52540	76.5195888	1
4	52544	76.51962976	1
4	52590	76.61954784	1
4	52600	76.6195888	1
4	52604	76.61962976	1
4	52650	76.71954784	1
4	52660	76.7195888	1
4	52664	76.71962976	1
4	52710	76.81954784	1
4	52720	76.8195888	1
4	52724	76.81962976	1
4	52770	76.91954784	1
4	52780	76.9195888	1
4	52784	76.91962976	1
4	52830	77.01954784	1
4	52840	77.0195888	1
4	52844	77.01962976	1
4	52890	77.11954784	1
4	52900	77.1195888	1
4	52904	77.11962976	1
4	52950	77.21954784	1
4	52960	77.2195888	1
4	52964	77.21962976	1
4	53010	77.31954784	1
4	53020	77.3195888	1
4	53024	77.31962976	1
4	53070	77.41954784	1
4	53080	77.4195888	1
4	53084	77.41962976	1
4	53130	77.51954784	1
4	53140	77.5195888	1
4	53144	77.51962976	1
4	53190	77.61954784	1
4	53200	77.6195888	1
4	53204	77.61962976	1
4	53250	77.71954784	1
4	53260	77.7195888	1
4	53264	77.71962976	1
4	53310	77.81954784	1
4	53320	77.8195888	1
4	53324	77.81962976	1
4	53370	77.91954784	1
4	53380	77.9195888	1
4	53384	77.91962976	1
4	53430	78.01954784	1
4	53440	78.0195888	1
4	53444	78.01962976	1
4	53490	78.11954784	1
4	53500	78.1195888	1
4	53504	78.11962976	1
4	53550	78.21954784	1
4	53560	78.2195888	1
4	53564	78.21962976	1
4	53610	78.31954784	1
4	53620	78.3195888	1
4	53624	78.31962976	1
4	53670	78.41954784	1
4	53680	78.4195888	1
4	53684	78.41962976	1
4	53730	78.51954784	1
4	53740	78.5195888	1
4	53744	78.51962976	1
4	53790	78.61954784	1
4	53800	78.6195888	1
4	53804	78.61962976	1
4	53850	78.71954784	1
4	53860	78.7195888	1
4	53864	78.71962976	1
4	53910	78.81954784	1
4	53920	78.8195888	1
4	53924	78.81962976	1
4	53970	78.91954784	1
4	53980	78.9195888	1
4	53984	78.91962976	1
4	54030	79.01954784	1
4	54040	79.0195888	1
4	54044	79.01962976	1
4	54090	79.11954784	1
4	54100	79.1195888	1
4	54104	79.11962976	1
4	54150	79.21954784	1
4	54160	79.2195888	1
4	54164	79.21962976	1
4	54210	79.31954784	1
4	54220	79.3195888	1
4	54224	79.31962976	1
4	54270	79.41954784	1
4	54280	79.4195888	1
4	54284	79.41962976	1
4	54330	79.51954784	1
4	54340	79.5195888	1
4	54344	79.51962976	1
4	54390	79.61954784	1
4	54400	79.6195888	1
4	54404	79.61962976	1
4	54450	79.71954784	1
4	54460	79.7195888	1
4	54464	79.71962976	1
4	54510	79.81954784	1
4	54520	79.8195888	1
4	54524	79.81962976	1
4	54570	79.91954784	1
4	54580	79.9195888	1
4	54584	79.91962976	1
4	54630	80.01954784	1
4	54640	80.0195888	1
4	54644	80.01962976	1
4	54690	80.11954784	1
4	54700	80.1195888	1
4	54704	80.11962976	1
4	54750	80.21954784	1
4	54760	80.2195888	1
4	54764	80.21962976	1
4	54810	80.31954784	1
4	54820	80.3195888	1
4	54824	80.31962976	1
4	54870	80.41954784	1
4	54880	80.4195888	1
4	54884	80.41962976	1
4	54930	80.51954784	1
4	54940	80.5195888	1
4	54944	80.51962976	1
4	54990	80.61954784	1
4	55000	80.6195888	1
4	55004	80.61962976	1
4	55050	80.71954784	1
4	55060	80.7195888	1
4	55064	80.71962976	1
4	55110	80.81954784	1
4	55120	80.8195888	1
4	55124	80.81962976	1
4	55170	80.91954784	1
4	55180	80.9195888	1
4	55184	80.91962976	1
4	55230	81.01954784	1
4	55240	81.0195888	1
4	55244	81.01962976	1
4	55290	81.11954784	1
4	55300	81.1195888	1
4	55304	81.11962976	1
4	55350	81.21954784	1
4	55360	81.2195888	1
4	55364	81.21962976	1
4	55410	81.31954784	1
4	55420	81.3195888	1
4	55424	81.31962976	1
4	55470	81.41954784	1
4	55480	81.4195888	1
4	55484	81.41962976	1
4	55530	81.51954784	1
4	55540	81.5195888	1
4	55544	81.51962976	1
4	55590	81.61954784	1
4	55600	81.6195888	1
4	55604	81.61962976	1
4	55650	81.71954784	1
4	55660	81.7195888	1
4	55664	81.71962976	1
4	55710	81.81954784	1
4	55720	81.8195888	1
4	55724	81.81962976	1
4	55770	81.91954784	1
4	55780	81.9195888	1
4	55784	81.91962976	1
4	55830	82.01954784	1
4	55840	82.0195888	1
4	55844	82.01962976	1
4	55890	82.11954784	1
4	55900	82.1195888	1
4	55904	82.11962976	1
4	55950	82.21954784	1
4	55960	82.2195888	1
4	55964	82.21962976	1
4	56010	82.31954784	1
4	56020	82.3195888	1
4	56024	82.31962976	1
4	56070	82.41954784	1
4	56080	82.4195888	1
4	56084	82.41962976	1
4	56130	82.51954784	1
4	56140	82.5195888	1
4	56144	82.51962976	1
4	56190	82.61954784	1
4	56200	82.6195888	1
4	56204	82.61962976	1
4	56250	82.71954784	1
4	56260	82.7195888	1
4	56264	82.71962976	1
4	56310	82.81954784	1
4	56320	82.8195888	1
4	56324	82.81962976	1
4	56370	82.91954784	1
4	56380	82.9195888	1
4	56384	82.91962976	1
4	56430	83.01954784	1
4	56440	83.0195888	1
4	56444	83.01962976	1
4	56490	83.11954784	1
4	56500	83.1195888	1
4	56504	83.11962976	1
4	56550	83.21954784	1
4	56560	83.2195888	1
4	56564	83.21962976	1
4	56610	83.31954784	1
4	56620	83.3195888	1
4	56624	83.31962976	1
4	56670	83.41954784	1
4	56680	83.4195888	1
4	56684	83.41962976	1
4	56730	83.51954784	1
4	56740	83.5195888	1
4	56744	83.51962976	1
4	56790	83.61954784	1
4	56800	83.6195888	1
4	56804	83.61962976	1
4	56850	83.71954784	1
4	56860	83.7195888	1
4	56864	83.71962976	1
4	56910	83.81954784	1
4	56920	83.8195888	1
4	56924	83.81962976	1
4	56970	83.91954784	1
4	56980	83.9195888	1
4	56984	83.91962976	1
4	57030	84.01954784	1
4	57040	84.0195888	1
4	57044	84.01962976	1
4	57090	84.11954784	1
4	57100	84.1195888	1
4	57104	84.11962976	1
4	57150	84.21954784	1
4	57160	84.2195888	1
4	57164	84.21962976	1
4	57210	84.31954784	1
4	57220	84.3195888	1
4	57224	84.31962976	1
4	57270	84.41954784	1
4	57280	84.4195888	1
4	57284	84.41962976	1
4	57330	84.51954784	1
4	57340	84.5195888	1
4	57344	84.51962976	1
4	57390	84.61954784	1
4	57400	84.6195888	1
4	57404	84.61962976	1
4	57450	84.71954784	1
4	57460	84.7195888	1
4	57464	84.71962976	1
4	57510	84.81954784	1
4	57520	84.8195888	1
4	57524	84.81962976	1
4	57570	84.91954784	1
4	57580	84.9195888	1
4	57584	84.91962976	1
4	57630	85.01954784	1
4	57640	85.0195888	1
4	57644	85.01962976	1
4	57690	85.11954784	1
4	57700	85.1195888	1
4	57704	85.11962976	1
4	57750	85.21954784	1
4	57760	85.2195888	1
4	57764	85.21962976	1
4	57810	85.31954784	1
4	57820	85.3195888	1
4	57824	85.31962976	1
4	57870	85.41954784	1
4	57880	85.4195888	1
4	57884	85.41962976	1
4	57930	85.51954784	1
4	57940	85.5195888	1
4	57944	85.51962976	1
4	57990	85.61954784	1
4	58000	85.6195888	1
4	58004	85.61962976	1
4	58050	85.71954784	1
4	58060	85.7195888	1
4	58064	85.71962976	1
4	58110	85.81954784	1
4	58120	85.8195888	1
4	58124	85.81962976	1
4	58170	85.91954784	1
4	58180	85.9195888	1
4	58184	85.91962976	1
4	58230	86.01954784	1
4	58240	86.0195888	1
4	58244	86.01962976	1
4	58290	86.11954784	1
4	58300	86.1195888	1
4	58304	86.11962976	1
4	58350	86.21954784	1
4	58360	86.2195888	1
4	58364	86.21962976	1
4	58410	86.31954784	1
4	58420	86.3195888	1
4	58424	86.31962976	1
4	58470	86.41954784	1
4	58480	86.4195888	1
4	58484	86.41962976	1
4	58530	86.51954784	1
4	58540	86.5195888	1
4	58544	86.51962976	1
4	58590	86.61954784	1
4	58600	86.6195888	1
4	58604	86.61962976	1
4	58650	86.71954784	1
4	58660	86.7195888	1
4	58664	86.71962976	1
4	58710	86.81954784	1
4	58720	86.8195888	1
4	58724	86.81962976	1
4	58770	86.91954784	1
4	58780	86.9195888	1
4	58784	86.91962976	1
4	58830	87.01954784	1
4	58840	87.0195888	1
4	58844	87.01962976	1
4	58890	87.11954784	1
4	58900	87.1195888	1
4	58904	87.11962976	1
4	58950	87.21954784	1
4	58960	87.2195888	1
4	58964	87.21962976	1
4	59010	87.31954784	1
4	59020	87.3195888	1
4	59024	87.31962976	1
4	59070	87.41954784	1
4	59080	87.4195888	1
4	59084	87.41962976	1
4	59130	87.51954784	1
4	59140	87.5195888	1
4	59144	87.51962976	1
4	59190	87.61954784	1
4	59200	87.6195888	1
4	59204	87.61962976	1
4	59250	87.71954784	1
4	59260	87.7195888	1
4	59264	87.71962976	1
4	59310	87.81954784	1
4	59320	87.8195888	1
4	59324	87.81962976	1
4	59370	87.91954784	1
4	59380	87.9195888	1
4	59384	87.91962976	1
4	59430	88.01954784	1
4	59440	88.0195888	1
4	59444	88.01962976	1
4	59490	88.11954784	1
4	59500	88.1195888	1
4	59504	88.11962976	1
4	59550	88.21954784	1
4	59560	88.2195888	1
4	59564	88.21962976	1
4	59610	88.31954784	1
4	59620	88.3195888	1
4	59624	88.31962976	1
4	59670	88.41954784	1
4	59680	88.4195888	1
4	59684	88.41962976	1
4	59730	88.51954784	1
4	59740	88.5195888	1
4	59744	88.51962976	1
4	59790	88.61954784	1
4	59800	88.6195888	1
4	59804	88.61962976	1
4	59850	88.71954784	1
4	59860	88.7195888	1
4	59864	88.71962976	1
4	59910	88.81954784	1
4	59920	88.8195888	1
4	59924	88.81962976	1
4	59970	88.91954784	1
4	59980	88.9195888	1
4	59984	88.91962976	1
4	60030	89.01954784	1
4	60040	89.0195888	1
4	60044	89.01962976	1
4	60090	89.11954784	1
4	60100	89.1195888	1
4	60104	89.11962976	1
4	60150	89.21954784	1
4	60160	89.2195888	1
4	60164	89.21962976	1
4	60210	89.31954784	1
4	60220	89.3195888	1
4	60224	89.31962976	1
4	60270	89.41954784	1
4	60280	89.4195888	1
4	60284	89.41962976	1
4	60330	89.51954784	1
4	60340	89.5195888	1
4	60344	89.51962976	1
4	60390	89.61954784	1
4	60400	89.6195888	1
4	60404	89.61962976	1
4	60450	89.71954784	1
4	60460	89.7195888	1
4	60464	89.71962976	1
4	60510	89.81954784	1
4	60520	89.8195888	1
4	60524	89.81962976	1
4	60570	89.91954784	1
4	60580	89.9195888	1
4	60584	89.91962976	1
4	60630	90.01954784	1
4	60640	90.0195888	1
4	60644	90.01962976	1
4	60690	90.11954784	1
4	60700	90.1195888	1
4	60704	90.11962976	1
4	60750	90.21954784	1
4	60760	90.2195888	1
4	60764	90.21962976	1
4	60810	90.31954784	1
4	60820	90.3195888	1
4	60824	90.31962976	1
4	60870	90.41954784	1
4	60880	90.4195888	1
4	60884	90.41962976	1
4	60930	90.51954784	1
4	60940	90.5195888	1
4	60944	90.51962976	1
4	60990	90.61954784	1
4	61000	90.6195888	1
4	61004	90.61962976	1
4	61050	90.71954784	1
4	61060	90.7195888	1
4	61064	90.71962976	1
4	61110	90.81954784	1
4	61120	90.8195888	1
4	61124	90.81962976	1
4	61170	90.91954784	1
4	61180	90.9195888	1
4	61184	90.91962976	1
4	61230	91.01954784	1
4	61240	91.0195888	1
4	61244	91.01962976	1
4	61290	91.11954784	1
4	61300	91.1195888	1
4	61304	91.11962976	1
4	61350	91.21954784	1
4	61360	91.2195888	1
4	61364	91.21962976	1
4	61410	91.31954784	1
4	61420	91.3195888	1
4	61424	91.31962976	1
4	61470	91.41954784	1
4	61480	91.4195888	1
4	61484	91.41962976	1
4	61530	91.51954784	1
4	61540	91.5195888	1
4	61544	91.51962976	1
4	61590	91.61954784	1
4	61600	91.6195888	1
4	61604	91.61962976	1
4	61650	91.71954784	1
4	61660	91.7195888	1
4	61664	91.71962976	1
4	61710	91.81954784	1
4	61720	91.8195888	1
4	61724	91.81962976	1
4	61770	91.91954784	1
4	61780	91.9195888	1
4	61784	91.91962976	1
4	61830	92.01954784	1
4	61840	92.0195888	1
4	61844	92.01962976	1
4	61890	92.11954784	1
4	61900	92.1195888	1
4	61904	92.11962976	1
4	61950	92.21954784	1
4	61960	92.2195888	1
4	61964	92.21962976	1
4	62010	92.31954784	1
4	62020	92.3195888	1
4	62024	92.31962976	1
4	62070	92.41954784	1
4	62080	92.4195888	1
4	62084	92.41962976	1
4	62130	92.51954784	1
4	62140	92.5195888	1
4	62144	92.51962976	1
4	62190	92.61954784	1
4	62200	92.6195888	1
4	62204	92.61962976	1
4	62250	92.71954784	1
4	62260	92.7195888	1
4	62264	92.71962976	1
4	62310	92.81954784	1
4	62320	92.8195888	1
4	62324	92.81962976	1
4	62370	92.91954784	1
4	62380	92.9195888	1
4	62384	92.91962976	1
4	62430	93.01954784	1
4	62440	93.0195888	1
4	62444	93.01962976	1
4	62490	93.11954784	1
4	62500	93.1195888	1
4	62504	93.11962976	1
4	62550	93.21954784	1
4	62560	93.2195888	1
4	62564	93.21962976	1
4	62610	93.31954784	1
4	62620	93.3195888	1
4	62624	93.31962976	1
4	62670	93.41954784	1
4	62680	93.4195888	1
4	62684	93.41962976	1
4	62730	93.51954784	1
4	62740	93.5195888	1
4	62744	93.51962976	1
4	62790	93.61954784	1
4	62800	93.6195888	1
4	62804	93.61962976	1
4	62850	93.71954784	1
4	62860	93.7195888	1
4	62864	93.71962976	1
4	62910	93.81954784	1
4	62920	93.8195888	1
4	62924	93.81962976	1
4	62970	93.91954784	1
4	62980	93.9195888	1
4	62984	93.91962976	1
4	63030	94.01954784	1
4	63040	94.0195888	1
4	63044	94.01962976	1
4	63090	94.11954784	1
4	63100	94.1195888	1
4	63104	94.11962976	1
4	63150	94.21954784	1
4	63160	94.2195888	1
4	63164	94.21962976	1
4	63210	94.31954784	1
4	63220	94.3195888	1
4	63224	94.31962976	1
4	63270	94.41954784	1
4	63280	94.4195888	1
4	63284	94.41962976	1
4	63330	94.51954784	1
4	63340	94.5195888	1
4	63344	94.51962976	1
4	63390	94.61954784	1
4	63400	94.6195888	1
4	63404	94.61962976	1
4	63450	94.71954784	1
4	63460	94.7195888	1
4	63464	94.71962976	1
4	63510	94.81954784	1
4	63520	94.8195888	1
4	63524	94.81962976	1
4	63570	94.91954784	1
4	63580	94.9195888	1
4	63584	94.91962976	1
4	63630	95.01954784	1
4	63640	95.0195888	1
4	63644	95.01962976	1
4	63690	95.11954784	1
4	63700	95.1195888	1
4	63704	95.11962976	1
4	63750	95.21954784	1
4	63760	95.2195888	1
4	63764	95.21962976	1
4	63810	95.31954784	1
4	63820	95.3195888	1
4	63824	95.31962976	1
4	63870	95.41954784	1
4	63880	95.4195888	1
4	63884	95.41962976	1
4	63930	95.51954784	1
4	63940	95.5195888	1
4	63944	95.51962976	1
4	63990	95.61954784	1
4	64000	95.6195888	1
4	64004	95.61962976	1
4	64050	95.71954784	1
4	64060	95.7195888	1
4	64064	95.71962976	1
4	64110	95.81954784	1
4	64120	95.8195888	1
4	64124	95.81962976	1
4	64170	95.91954784	1
4	64180	95.9195888	1
4	64184	95.91962976	1
4	64230	96.01954784	1
4	64240	96.0195888	1
4	64244	96.01962976	1
4	64290	96.11954784	1
4	64300	96.1195888	1
4	64304	96.11962976	1
4	64350	96.21954784	1
4	64360	96.2195888	1
4	64364	96.21962976	1
4	64410	96.31954784	1
4	64420	96.3195888	1
4	64424	96.31962976	1
4	64470	96.41954784	1
4	64480	96.4195888	1
4	64484	96.41962976	1
4	64530	96.51954784	1
4	64540	96.5195888	1
4	64544	96.51962976	1
4	64590	96.61954784	1
4	64600	96.6195888	1
4	64604	96.61962976	1
4	64650	96.71954784	1
4	64660	96.7195888	1
4	64664	96.71962976	1
4	64710	96.81954784	1
4	64720	96.8195888	1
4	64724	96.81962976	1
4	64770	96.91954784	1
4	64780	96.9195888	1
4	64784	96.91962976	1
4	64830	97.01954784	1
4	64840	97.0195888	1
4	64844	97.01962976	1
4	64890	97.11954784	1
4	64900	97.1195888	1
4	64904	97.11962976	1
4	64950	97.21954784	1
4	64960	97.2195888	1
4	64964	97.21962976	1
4	65010	97.31954784	1
4	65020	97.3195888	1
4	65024	97.31962976	1
4	65070	97.41954784	1
4	65080	97.4195888	1
4	65084	97.41962976	1
4	65130	97.51954784	1
4	65140	97.5195888	1
4	65144	97.51962976	1
4	65190	97.61954784	1
4	65200	97.6195888	1
4	65204	97.61962976	1
4	65250	97.71954784	1
4	65260	97.7195888	1
4	65264	97.71962976	1
4	65310	97.81954784	1
4	65320	97.8195888	1
4	65324	97.81962976	1
4	65370	97.91954784	1
4	65380	97.9195888	1
4	65384	97.91962976	1
4	65430	98.01954784	1
4	65440	98.0195888	1
4	65444	98.01962976	1
4	65490	98.11954784	1
4	65500	98.1195888	1
4	65504	98.11962976	1
4	65550	98.21954784	1
4	65560	98.2195888	1
4	65564	98.21962976	1
4	65610	98.31954784	1
4	65620	98.3195888	1
4	65624	98.31962976	1
4	65670	98.41954784	1
4	65680	98.4195888	1
4	65684	98.41962976	1
4	65730	98.51954784	1
4	65740	98.5195888	1
4	65744	98.51962976	1
4	65790	98.61954784	1
4	65800	98.6195888	1
4	65804	98.61962976	1
4	65850	98.71954784	1
4	65860	98.7195888	1
4	65864	98.71962976	1
4	65910	98.81954784	1
4	65920	98.8195888	1
4	65924	98.81962976	1
4	65970	98.91954784	1
4	65980	98.9195888	1
4	65984	98.91962976	1
4	66030	99.01954784	1
4	66040	99.0195888	1
4	66044	99.01962976	1
4	66090	99.11954784	1
4	66100	99.1195888	1
4	66104	99.11962976	1
4	66150	99.21954784	1
4	66160	99.2195888	1
4	66164	99.21962976	1
4	66210	99.31954784	1
4	66220	99.3195888	1
4	66224	99.31962976	1
4	66270	99.41954784	1
4	66280	99.4195888	1
4	66284	99.41962976	1
4	66330	99.51954784	1
4	66340	99.5195888	1
4	66344	99.51962976	1
4	66390	99.61954784	1
4	66400	99.6195888	1
4	66404	99.61962976	1
4	66450	99.71954784	1
4	66460	99.7195888	1
4	66464	99.71962976	1
4	66510	99.81954784	1
4	66520	99.8195888	1
4	66524	99.81962976	1
4	66570	99.91954784	1
4	66580	99.9195888	1
4	66584	99.91962976	1
4	66630	100.01954784	1
4	66640	100.0195888	1
4	66644	100.01962976	1
4	66690	100.11954784	1
4	66700	100.1195888	1
4	66704	100.11962976	1
4	66750	100.21954784	1
4	66760	100.2195888	1
4	66764	100.21962976	1
4	66810	100.31954784	1
4	66820	100.3195888	1
4	66824	100.31962976	1
4	66870	100.41954784	1
4	66880	100.4195888	1
4	66884	100.41962976	1
4	66930	100.51954784	1
4	66940	100.5195888	1
4	66944	100.51962976	1
4	66990	100.61954784	1
4	67000	100.6195888	1
4	67004	100.61962976	1
4	67050	100.71954784	1
4	67060	100.7195888	1
4	67064	100.71962976	1
4	67110	100.81954784	1
4	67120	100.8195888	1
4	67124	100.81962976	1
4	67170	100.91954784	1
4	67180	100.9195888	1
4	67184	100.91962976	1
4	67230	101.01954784	1
4	67240	101.0195888	1
4	67244	101.01962976	1
4	67290	101.11954784	1
4	67300	101.1195888	1
4	67304	101.11962976	1
4	67350	101.21954784	1
4	67360	101.2195888	1
4	67364	101.21962976	1
4	67410	101.31954784	1
4	67420	101.3195888	1
4	67424	101.31962976	1
4	67470	101.41954784	1
4	67480	101.4195888	1
4	67484	101.41962976	1
4	67530	101.51954784	1
4	67540	101.5195888	1
4	67544	101.51962976	1
4	67590	101.61954784	1
4	67600	101.6195888	1
4	67604	101.61962976	1
4	67650	101.71954784	1
4	67660	101.7195888	1
4	67664	101.71962976	1
4	67710	101.81954784	1
4	67720	101.8195888	1
4	67724	101.81962976	1
4	67770	101.91954784	1
4	67780	101.9195888	1
4	67784	101.91962976	1
4	67830	102.01954784	1
4	67840	102.0195888	1
4	67844	102.01962976	1
4	67890	102.11954784	1
4	67900	102.1195888	1
4	67904	102.11962976	1
4	67950	102.21954784	1
4	67960	102.2195888	1
4	67964	102.21962976	1
4	68010	102.31954784	1
4	68020	102.3195888	1
4	68024	102.31962976	1
4	68070	102.41954784	1
4	68080	102.4195888	1
4	68084	102.41962976	1
4	68130	102.51954784	1
4	68140	102.5195888	1
4	68144	102.51962976	1
4	68190	102.61954784	1
4	68200	102.6195888	1
4	68204	102.61962976	1
4	68250	102.71954784	1
4	68260	102.7195888	1
4	68264	102.71962976	1
4	68310	102.81954784	1
4	68320	102.8195888	1
4	68324	102.81962976	1
4	68370	102.91954784	1
4	68380	102.9195888	1
4	68384	102.91962976	1
4	68430	103.01954784	1
4	68440	103.0195888	1
4	68444	103.01962976	1
4	68490	103.11954784	1
4	68500	103.1195888	1
4	68504	103.11962976	1
4	68550	103.21954784	1
4	68560	103.2195888	1
4	68564	103.21962976	1
4	68610	103.31954784	1
4	68620	103.3195888	1
4	68624	103.31962976	1
4	68670	103.41954784	1
4	68680	103.4195888	1
4	68684	103.41962976	1
4	68730	103.51954784	1
4	68740	103.5195888	1
4	68744	103.51962976	1
4	68790	103.61954784	1
4	68800	103.6195888	1
4	68804	103.61962976	1
4	68850	103.71954784	1
4	68860	103.7195888	1
4	68864	103.71962976	1
4	68910	103.81954784	1
4	68920	103.8195888	1
4	68924	103.81962976	1
4	68970	103.91954784	1
4	68980	103.9195888	1
4	68984	103.91962976	1
4	69030	104.01954784	1
4	69040	104.0195888	1
4	69044	104.01962976	1
4	69090	104.11954784	1
4	69100	104.1195888	1
4	69104	104.11962976	1
4	69150	104.21954784	1
4	69160	104.2195888	1
4	69164	104.21962976	1
4	69210	104.31954784	1
4	69220	104.3195888	1
4	69224	104.31962976	1
4	69270	104.41954784	1
4	69280	104.4195888	1
4	69284	104.41962976	1
4	69330	104.51954784	1
4	69340	104.5195888	1
4	69344	104.51962976	1
4	69390	104.61954784	1
4	69400	104.6195888	1
4	69404	104.61962976	1
4	69450	104.71954784	1
4	69460	104.7195888	1
4	69464	104.71962976	1
4	69510	104.81954784	1
4	69520	104.8195888	1
4	69524	104.81962976	1
4	69570	104.91954784	1
4	69580	104.9195888	1
4	69584	104.91962976	1
4	69630	105.01954784	1
4	69640	105.0195888	1
4	69644	105.01962976	1
4	69690	105.11954784	1
4	69700	105.1195888	1
4	69704	105.11962976	1
4	69750	105.21954784	1
4	69760	105.2195888	1
4	69764	105.21962976	1
4	69810	105.31954784	1
4	69820	105.3195888	1
4	69824	105.31962976	1
4	69870	105.41954784	1
4	69880	105.4195888	1
4	69884	105.41962976	1
4	69930	105.51954784	1
4	69940	105.5195888	1
4	69944	105.51962976	1
4	69990	105.61954784	1
4	70000	105.6195888	1
4	70004	105.61962976	1
4	70050	105.71954784	1
4	70060	105.7195888	1
4	70064	105.71962976	1
4	70110	105.81954784	1
4	70120	105.8195888	1
4	70124	105.81962976	1
4	70170	105.91954784	1
4	70180	105.9195888	1
4	70184	105.91962976	1
4	70230	106.01954784	1
4	70240	106.0195888	1
4	70244	106.01962976	1
4	70290	106.11954784	1
4	70300	106.1195888	1
4	70304	106.11962976	1
4	70350	106.21954784	1
4	70360	106.2195888	1
4	70364	106.21962976	1
4	70410	106.31954784	1
4	70420	106.3195888	1
4	70424	106.31962976	1
4	70470	106.41954784	1
4	70480	106.4195888	1
4	70484	106.41962976	1
4	70530	106.51954784	1
4	70540	106.5195888	1
4	70544	106.51962976	1
4	70590	106.61954784	1
4	70600	106.6195888	1
4	70604	106.61962976	1
4	70650	106.71954784	1
4	70660	106.7195888	1
4	70664	106.71962976	1
4	70710	106.81954784	1
4	70720	106.8195888	1
4	70724	106.81962976	1
4	70770	106.91954784	1
4	70780	106.9195888	1
4	70784	106.91962976	1
4	70830	107.01954784	1
4	70840	107.0195888	1
4	70844	107.01962976	1
4	70890	107.11954784	1
4	70900	107.1195888	1
4	70904	107.11962976	1
4	70950	107.21954784	1
4	70960	107.2195888	1
4	70964	107.21962976	1
4	71010	107.31954784	1
4	71020	107.3195888	1
4	71024	107.31962976	1
4	71070	107.41954784	1
4	71080	107.4195888	1
4	71084	107.41962976	1
4	71130	107.51954784	1
4	71140	107.5195888	1
4	71144	107.51962976	1
4	71190	107.61954784	1
4	71200	107.6195888	1
4	71204	107.61962976	1
4	71250	107.71954784	1
4	71260	107.7195888	1
4	71264	107.71962976	1
4	71310	107.81954784	1
4	71320	107.8195888	1
4	71324	107.81962976	1
4	71370	107.91954784	1
4	71380	107.9195888	1
4	71384	107.91962976	1
4	71430	108.01954784	1
4	71440	108.0195888	1
4	71444	108.01962976	1
4	71490	108.11954784	1
4	71500	108.1195888	1
4	71504	108.11962976	1
4	71550	108.21954784	1
4	71560	108.2195888	1
4	71564	108.21962976	1
4	71610	108.31954784	1
4	71620	108.3195888	1
4	71624	108.31962976	1
4	71670	108.41954784	1
4	71680	108.4195888	1
4	71684	108.41962976	1
4	71730	108.51954784	1
4	71740	108.5195888	1
4	71744	108.51962976	1
4	71790	108.61954784	1
4	71800	108.6195888	1
4	71804	108.61962976	1
4	71850	108.71954784	1
4	71860	108.7195888	1
4	71864	108.71962976	1
4	71910	108.81954784	1
4	71920	108.8195888	1
4	71924	108.81962976	1
4	71970	108.91954784	1
4	71980	108.9195888	1
4	71984	108.91962976	1
4	72030	109.01954784	1
4	72040	109.0195888	1
4	72044	109.01962976	1
4	72090	109.11954784	1
4	72100	109.1195888	1
4	72104	109.11962976	1
4	72150	109.21954784	1
4	72160	109.2195888	1
4	72164	109.21962976	1
4	72210	109.31954784	1
4	72220	109.3195888	1
4	72224	109.31962976	1
4	72270	109.41954784	1
4	72280	109.4195888	1
4	72284	109.41962976	1
4	72330	109.51954784	1
4	72340	109.5195888	1
4	72344	109.51962976	1
4	72390	109.61954784	1
4	72400	109.6195888	1
4	72404	109.61962976	1
4	72450	109.71954784	1
4	72460	109.7195888	1
4	72464	109.71962976	1
4	72510	109.81954784	1
4	72520	109.8195888	1
4	72524	109.81962976	1
4	72570	109.91954784	1
4	72580	109.9195888	1
4	72584	109.91962976	1
4	72630	110.01954784	1
4	72640	110.0195888	1
4	72644	110.01962976	1
4	72690	110.11954784	1
4	72700	110.1195888	1
4	72704	110.11962976	1
4	72750	110.21954784	1
4	72760	110.2195888	1
4	72764	110.21962976	1
4	72810	110.31954784	1
4	72820	110.3195888	1
4	72824	110.31962976	1
4	72870	110.41954784	1
4	72880	110.4195888	1
4	72884	110.41962976	1
4	72930	110.51954784	1
4	72940	110.5195888	1
4	72944	110.51962976	1
4	72990	110.61954784	1
4	73000	110.6195888	1
4	73004	110.61962976	1
4	73050	110.71954784	1
4	73060	110.7195888	1
4	73064	110.71962976	1
4	73110	110.81954784	1
4	73120	110.8195888	1
4	73124	110.81962976	1
4	73170	110.91954784	1
4	73180	110.9195888	1
4	73184	110.91962976	1
4	73230	111.01954784	1
4	73240	111.0195888	1
4	73244	111.01962976	1
4	73290	111.11954784	1
4	73300	111.1195888	1
4	73304	111.11962976	1
4	73350	111.21954784	1
4	73360	111.2195888	1
4	73364	111.21962976	1
4	73410	111.31954784	1
4	73420	111.3195888	1
4	73424	111.31962976	1
4	73470	111.41954784	1
4	73480	111.4195888	1
4	73484	111.41962976	1
4	73530	111.51954784	1
4	73540	111.5195888	1
4	73544	111.51962976	1
4	73590	111.61954784	1
4	73600	111.6195888	1
4	73604	111.61962976	1
4	73650	111.71954784	1
4	73660	111.7195888	1
4	73664	111.71962976	1
4	73710	111.81954784	1
4	73720	111.8195888	1
4	73724	111.81962976	1
4	73770	111.91954784	1
4	73780	111.9195888	1
4	73784	111.91962976	1
4	73830	112.01954784	1
4	73840	112.0195888	1
4	73844	112.01962976	1
4	73890	112.11954784	1
4	73900	112.1195888	1
4	73904	112.11962976	1
4	73950	112.21954784	1
4	73960	112.2195888	1
4	73964	112.21962976	1
4	74010	112.31954784	1
4	74020	112.3195888	1
4	74024	112.31962976	1
4	74070	112.41954784	1
4	74080	112.4195888	1
4	74084	112.41962976	1
4	74130	112.51954784	1
4	74140	112.5195888	1
4	74144	112.51962976	1
4	74190	112.61954784	1
4	74200	112.6195888	1
4	74204	112.61962976	1
4	74250	112.71954784	1
4	74260	112.7195888	1
4	74264	112.71962976	1
4	74310	112.81954784	1
4	74320	112.8195888	1
4	74324	112.81962976	1
4	74370	112.91954784	1
4	74380	112.9195888	1
4	74384	112.91962976	1
4	74430	113.01954784	1
4	74440	113.0195888	1
4	74444	113.01962976	1
4	74490	113.11954784	1
4	74500	113.1195888	1
4	74504	113.11962976	1
4	74550	113.21954784	1
4	74560	113.2195888	1
4	74564	113.21962976	1
4	74610	113.31954784	1
4	74620	113.3195888	1
4	74624	113.31962976	1
4	74670	113.41954784	1
4	74680	113.4195888	1
4	74684	113.41962976	1
4	74730	113.51954784	1
4	74740	113.5195888	1
4	74744	113.51962976	1
4	74790	113.61954784	1
4	74800	113.6195888	1
4	74804	113.61962976	1
4	74850	113.71954784	1
4	74860	113.7195888	1
4	74864	113.71962976	1
4	74910	113.81954784	1
4	74920	113.8195888	1
4	74924	113.81962976	1
4	74970	113.91954784	1
4	74980	113.9195888	1
4	74984	113.91962976	1
4	75030	114.01954784	1
4	75040	114.0195888	1
4	75044	114.01962976	1
4	75090	114.11954784	1
4	75100	114.1195888	1
4	75104	114.11962976	1
4	75150	114.21954784	1
4	75160	114.2195888	1
4	75164	114.21962976	1
4	75210	114.31954784	1
4	75220	114.3195888	1
4	75224	114.31962976	1
4	75270	114.41954784	1
4	75280	114.4195888	1
4	75284	114.41962976	1
4	75330	114.51954784	1
4	75340	114.5195888	1
4	75344	114.51962976	1
4	75390	114.61954784	1
4	75400	114.6195888	1
4	75404	114.61962976	1
4	75450	114.71954784	1
4	75460	114.7195888	1
4	75464	114.71962976	1
4	75510	114.81954784	1
4	75520	114.8195888	1
4	75524	114.81962976	1
4	75570	114.91954784	1
4	75580	114.9195888	1
4	75584	114.91962976	1
4	75630	115.01954784	1
4	75640	115.0195888	1
4	75644	115.01962976	1
4	75690	115.11954784	1
4	75700	115.1195888	1
4	75704	115.11962976	1
4	75750	115.21954784	1
4	75760	115.2195888	1
4	75764	115.21962976	1
4	75810	115.31954784	1
4	75820	115.3195888	1
4	75824	115.31962976	1
4	75870	115.41954784	1
4	75880	115.4195888	1
4	75884	115.41962976	1
4	75930	115.51954784	1
4	75940	115.5195888	1
4	75944	115.51962976	1
4	75990	115.61954784	1
4	76000	115.6195888	1
4	76004	115.61962976	1
4	76050	115.71954784	1
4	76060	115.7195888	1
4	76064	115.71962976	1
4	76110	115.81954784	1
4	76120	115.8195888	1
4	76124	115.81962976	1
4	76170	115.91954784	1
4	76180	115.9195888	1
4	76184	115.91962976	1
4	76230	116.01954784	1
4	76240	116.0195888	1
4	76244	116.01962976	1
4	76290	116.11954784	1
4	76300	116.1195888	1
4	76304	116.11962976	1
4	76350	116.21954784	1
4	76360	116.2195888	1
4	76364	116.21962976	1
4	76410	116.31954784	1
4	76420	116.3195888	1
4	76424	116.31962976	1
4	76470	116.41954784	1
4	76480	116.4195888	1
4	76484	116.41962976	1
4	76530	116.51954784	1
4	76540	116.5195888	1
4	76544	116.51962976	1
4	76590	116.61954784	1
4	76600	116.6195888	1
4	76604	116.61962976	1
4	76650	116.71954784	1
4	76660	116.7195888	1
4	76664	116.71962976	1
4	76710	116.81954784	1
4	76720	116.8195888	1
4	76724	116.81962976	1
4	76770	116.91954784	1
4	76780	116.9195888	1
4	76784	116.91962976	1
4	76830	117.01954784	1
4	76840	117.0195888	1
4	76844	117.01962976	1
4	76890	117.11954784	1
4	76900	117.1195888	1
4	76904	117.11962976	1
4	76950	117.21954784	1
4	76960	117.2195888	1
4	76964	117.21962976	1
4	77010	117.31954784	1
4	77020	117.3195888	1
4	77024	117.31962976	1
4	77070	117.41954784	1
4	77080	117.4195888	1
4	77084	117.41962976	1
4	77130	117.51954784	1
4	77140	117.5195888	1
4	77144	117.51962976	1
4	77190	117.61954784	1
4	77200	117.6195888	1
4	77204	117.61962976	1
4	77250	117.71954784	1
4	77260	117.7195888	1
4	77264	117.71962976	1
4	77310	117.81954784	1
4	77320	117.8195888	1
4	77324	117.81962976	1
4	77370	117.91954784	1
4	77380	117.9195888	1
4	77384	117.91962976	1
4	77430	118.01954784	1
4	77440	118.0195888	1
4	77444	118.01962976	1
4	77490	118.11954784	1
4	77500	118.1195888	1
4	77504	118.11962976	1
4	77550	118.21954784	1
4	77560	118.2195888	1
4	77564	118.21962976	1
4	77610	118.31954784	1
4	77620	118.3195888	1
4	77624	118.31962976	1
4	77670	118.41954784	1
4	77680	118.4195888	1
4	77684	118.41962976	1
4	77730	118.51954784	1
4	77740	118.5195888	1
4	77744	118.51962976	1
4	77790	118.61954784	1
4	77800	118.6195888	1
4	77804	118.61962976	1
4	77850	118.71954784	1
4	77860	118.7195888	1
4	77864	118.71962976	1
4	77910	118.81954784	1
4	77920	118.8195888	1
4	77924	118.81962976	1
4	77970	118.91954784	1
4	77980	118.9195888	1
4	77984	118.91962976	1
4	78030	119.01954784	1
4	78040	119.0195888	1
4	78044	119.01962976	1
4	78090	119.11954784	1
4	78100	119.1195888	1
4	78104	119.11962976	1
4	78150	119.21954784	1
4	78160	119.2195888	1
4	78164	119.21962976	1
4	78210	119.31954784	1
4	78220	119.3195888	1
4	78224	119.31962976	1
4	78270	119.41954784	1
4	78280	119.4195888	1
4	78284	119.41962976	1
4	78330	119.51954784	1
4	78340	119.5195888	1
4	78344	119.51962976	1
4	78390	119.61954784	1
4	78400	119.6195888	1
4	78404	119.61962976	1
4	78450	119.71954784	1
4	78460	119.7195888	1
4	78464	119.71962976	1
4	78510	119.81954784	1
4	78520	119.8195888	1
4	78524	119.81962976	1
4	78570	119.91954784	1
4	78580	119.9195888	1
4	78584	119.91962976	1
4	78632	120.01954784	1
4	78643	120.0195888	1
4	78648	120.01962976	1
4	78704	120.11954784	1
4	78715	120.1195888	1
4	78720	120.11962976	1
4	78776	120.21954784	1
4	78787	120.2195888	1
4	78792	120.21962976	1
4	78848	120.31954784	1
4	78859	120.3195888	1
4	78864	120.31962976	1
4	78920	120.41954784	1
4	78931	120.4195888	1
4	78936	120.41962976	1
4	78992	120.51954784	1
4	79003	120.5195888	1
4	79008	120.51962976	1
4	79064	120.61954784	1
4	79075	120.6195888	1
4	79080	120.61962976	1
4	79136	120.71954784	1
4	79147	120.7195888	1
4	79152	120.71962976	1
4	79208	120.81954784	1
4	79219	120.8195888	1
4	79224	120.81962976	1
4	79280	120.91954784	1
4	79291	120.9195888	1
4	79296	120.91962976	1
4	79352	121.01954784	1
4	79363	121.0195888	1
4	79368	121.01962976	1
4	79424	121.11954784	1
4	79435	121.1195888	1
4	79440	121.11962976	1
4	79496	121.21954784	1
4	79507	121.2195888	1
4	79512	121.21962976	1
4	79568	121.31954784	1
4	79579	121.3195888	1
4	79584	121.31962976	1
4	79640	121.41954784	1
4	79651	121.4195888	1
4	79656	121.41962976	1
4	79712	121.51954784	1
4	79723	121.5195888	1
4	79728	121.51962976	1
4	79784	121.61954784	1
4	79795	121.6195888	1
4	79800	121.61962976	1
4	79856	121.71954784	1
4	79867	121.7195888	1
4	79872	121.71962976	1
4	79928	121.81954784	1
4	79939	121.8195888	1
4	79944	121.81962976	1
4	80000	121.91954784	1
4	80011	121.9195888	1
4	80016	121.91962976	1
4	80072	122.01954784	1
4	80083	122.0195888	1
4	80088	122.01962976	1
4	80144	122.11954784	1
4	80155	122.1195888	1
4	80160	122.11962976	1
4	80216	122.21954784	1
4	80227	122.2195888	1
4	80232	122.21962976	1
4	80288	122.31954784	1
4	80299	122.3195888	1
4	80304	122.31962976	1
4	80360	122.41954784	1
4	80371	122.4195888	1
4	80376	122.41962976	1
4	80432	122.51954784	1
4	80443	122.5195888	1
4	80448	122.51962976	1
4	80504	122.61954784	1
4	80515	122.6195888	1
4	80520	122.61962976	1
4	80576	122.71954784	1
4	80587	122.7195888	1
4	80592	122.71962976	1
4	80648	122.81954784	1
4	80659	122.8195888	1
4	80664	122.81962976	1
4	80720	122.91954784	1
4	80731	122.9195888	1
4	80736	122.91962976	1
4	80792	123.01954784	1
4	80803	123.0195888	1
4	80808	123.01962976	1
4	80864	123.11954784	1
4	80875	123.1195888	1
4	80880	123.11962976	1
4	80936	123.21954784	1
4	80947	123.2195888	1
4	80952	123.21962976	1
4	81008	123.31954784	1
4	81019	123.3195888	1
4	81024	123.31962976	1
4	81080	123.41954784	1
4	81091	123.4195888	1
4	81096	123.41962976	1
4	81152	123.51954784	1
4	81163	123.5195888	1
4	81168	123.51962976	1
4	81224	123.61954784	1
4	81235	123.6195888	1
4	81240	123.61962976	1
4	81296	123.71954784	1
4	81307	123.7195888	1
4	81312	123.71962976	1
4	81368	123.81954784	1
4	81379	123.8195888	1
4	81384	123.81962976	1
4	81440	123.91954784	1
4	81451	123.9195888	1
4	81456	123.91962976	1
4	81512	124.01954784	1
4	81523	124.0195888	1
4	81528	124.01962976	1
4	81584	124.11954784	1
4	81595	124.1195888	1
4	81600	124.11962976	1
4	81656	124.21954784	1
4	81667	124.2195888	1
4	81672	124.21962976	1
4	81728	124.31954784	1
4	81739	124.3195888	1
4	81744	124.31962976	1
4	81800	124.41954784	1
4	81811	124.4195888	1
4	81816	124.41962976	1
4	81872	124.51954784	1
4	81883	124.5195888	1
4	81888	124.51962976	1
4	81944	124.61954784	1
4	81955	124.6195888	1
4	81960	124.61962976	1
4	82016	124.71954784	1
4	82027	124.7195888	1
4	82032	124.71962976	1
4	82088	124.81954784	1
4	82099	124.8195888	1
4	82104	124.81962976	1
4	82160	124.91954784	1
4	82171	124.9195888	1
4	82176	124.91962976	1
4	82232	125.01954784	1
4	82243	125.0195888	1
4	82248	125.01962976	1
4	82304	125.11954784	1
4	82315	125.1195888	1
4	82320	125.11962976	1
4	82376	125.21954784	1
4	82387	125.2195888	1
4	82392	125.21962976	1
4	82448	125.31954784	1
4	82459	125.3195888	1
4	82464	125.31962976	1
4	82520	125.41954784	1
4	82531	125.4195888	1
4	82536	125.41962976	1
4	82592	125.51954784	1
4	82603	125.5195888	1
4	82608	125.51962976	1
4	82664	125.61954784	1
4	82675	125.6195888	1
4	82680	125.61962976	1
4	82736	125.71954784	1
4	82747	125.7195888	1
4	82752	125.71962976	1
4	82808	125.81954784	1
4	82819	125.8195888	1
4	82824	125.81962976	1
4	82880	125.91954784	1
4	82891	125.9195888	1
4	82896	125.91962976	1
4	82952	126.01954784	1
4	82963	126.0195888	1
4	82968	126.01962976	1
4	83024	126.11954784	1
4	83035	126.1195888	1
4	83040	126.11962976	1
4	83096	126.21954784	1
4	83107	126.2195888	1
4	83112	126.21962976	1
4	83168	126.31954784	1
4	83179	126.3195888	1
4	83184	126.31962976	1
4	83240	126.41954784	1
4	83251	126.4195888	1
4	83256	126.41962976	1
4	83312	126.51954784	1
4	83323	126.5195888	1
4	83328	126.51962976	1
4	83384	126.61954784	1
4	83395	126.6195888	1
4	83400	126.61962976	1
4	83456	126.71954784	1
4	83467	126.7195888	1
4	83472	126.71962976	1
4	83528	126.81954784	1
4	83539	126.8195888	1
4	83544	126.81962976	1
4	83600	126.91954784	1
4	83611	126.9195888	1
4	83616	126.91962976	1
4	83672	127.01954784	1
4	83683	127.0195888	1
4	83688	127.01962976	1
4	83744	127.11954784	1
4	83755	127.1195888	1
4	83760	127.11962976	1
4	83816	127.21954784	1
4	83827	127.2195888	1
4	83832	127.21962976	1
4	83888	127.31954784	1
4	83899	127.3195888	1
4	83904	127.31962976	1
4	83960	127.41954784	1
4	83971	127.4195888	1
4	83976	127.41962976	1
4	84032	127.51954784	1
4	84043	127.5195888	1
4	84048	127.51962976	1
4	84104	127.61954784	1
4	84115	127.6195888	1
4	84120	127.61962976	1
4	84176	127.71954784	1
4	84187	127.7195888	1
4	84192	127.71962976	1
4	84248	127.81954784	1
4	84259	127.8195888	1
4	84264	127.81962976	1
4	84320	127.91954784	1
4	84331	127.9195888	1
4	84336	127.91962976	1
4	84392	128.01954784	1
4	84403	128.0195888	1
4	84408	128.01962976	1
4	84464	128.11954784	1
4	84475	128.1195888	1
4	84480	128.11962976	1
4	84536	128.21954784	1
4	84547	128.2195888	1
4	84552	128.21962976	1
4	84608	128.31954784	1
4	84619	128.3195888	1
4	84624	128.31962976	1
4	84680	128.41954784	1
4	84691	128.4195888	1
4	84696	128.41962976	1
4	84752	128.51954784	1
4	84763	128.5195888	1
4	84768	128.51962976	1
4	84824	128.61954784	1
4	84835	128.6195888	1
4	84840	128.61962976	1
4	84896	128.71954784	1
4	84907	128.7195888	1
4	84912	128.71962976	1
4	84968	128.81954784	1
4	84979	128.8195888	1
4	84984	128.81962976	1
4	85040	128.91954784	1
4	85051	128.9195888	1
4	85056	128.91962976	1
4	85112	129.01954784	1
4	85123	129.0195888	1
4	85128	129.01962976	1
4	85184	129.11954784	1
4	85195	129.1195888	1
4	85200	129.11962976	1
4	85256	129.21954784	1
4	85267	129.2195888	1
4	85272	129.21962976	1
4	85328	129.31954784	1
4	85339	129.3195888	1
4	85344	129.31962976	1
4	85400	129.41954784	1
4	85411	129.4195888	1
4	85416	129.41962976	1
4	85472	129.51954784	1
4	85483	129.5195888	1
4	85488	129.51962976	1
4	85544	129.61954784	1
4	85555	129.6195888	1
4	85560	129.61962976	1
4	85616	129.71954784	1
4	85627	129.7195888	1
4	85632	129.71962976	1
4	85688	129.81954784	1
4	85699	129.8195888	1
4	85704	129.81962976	1
4	85760	129.91954784	1
4	85771	129.9195888	1
4	85776	129.91962976	1
4	85832	130.01954784	1
4	85843	130.0195888	1
4	85848	130.01962976	1
4	85904	130.11954784	1
4	85915	130.1195888	1
4	85920	130.11962976	1
4	85976	130.21954784	1
4	85987	130.2195888	1
4	85992	130.21962976	1
4	86048	130.31954784	1
4	86059	130.3195888	1
4	86064	130.31962976	1
4	86120	130.41954784	1
4	86131	130.4195888	1
4	86136	130.41962976	1
4	86192	130.51954784	1
4	86203	130.5195888	1
4	86208	130.51962976	1
4	86264	130.61954784	1
4	86275	130.6195888	1
4	86280	130.61962976	1
4	86336	130.71954784	1
4	86347	130.7195888	1
4	86352	130.71962976	1
4	86408	130.81954784	1
4	86419	130.8195888	1
4	86424	130.81962976	1
4	86480	130.91954784	1
4	86491	130.9195888	1
4	86496	130.91962976	1
4	86552	131.01954784	1
4	86563	131.0195888	1
4	86568	131.01962976	1
4	86624	131.11954784	1
4	86635	131.1195888	1
4	86640	131.11962976	1
4	86696	131.21954784	1
4	86707	131.2195888	1
4	86712	131.21962976	1
4	86768	131.31954784	1
4	86779	131.3195888	1
4	86784	131.31962976	1
4	86840	131.41954784	1
4	86851	131.4195888	1
4	86856	131.41962976	1
4	86912	131.51954784	1
4	86923	131.5195888	1
4	86928	131.51962976	1
4	86984	131.61954784	1
4	86995	131.6195888	1
4	87000	131.61962976	1
4	87056	131.71954784	1
4	87067	131.7195888	1
4	87072	131.71962976	1
4	87128	131.81954784	1
4	87139	131.8195888	1
4	87144	131.81962976	1
4	87200	131.91954784	1
4	87211	131.9195888	1
4	87216	131.91962976	1
4	87272	132.01954784	1
4	87283	132.0195888	1
4	87288	132.01962976	1
4	87344	132.11954784	1
4	87355	132.1195888	1
4	87360	132.11962976	1
4	87416	132.21954784	1
4	87427	132.2195888	1
4	87432	132.21962976	1
4	87488	132.31954784	1
4	87499	132.3195888	1
4	87504	132.31962976	1
4	87560	132.41954784	1
4	87571	132.4195888	1
4	87576	132.41962976	1
4	87632	132.51954784	1
4	87643	132.5195888	1
4	87648	132.51962976	1
4	87704	132.61954784	1
4	87715	132.6195888	1
4	87720	132.61962976	1
4	87776	132.71954784	1
4	87787	132.7195888	1
4	87792	132.71962976	1
4	87848	132.81954784	1
4	87859	132.8195888	1
4	87864	132.81962976	1
4	87920	132.91954784	1
4	87931	132.9195888	1
4	87936	132.91962976	1
4	87992	133.01954784	1
4	88003	133.0195888	1
4	88008	133.01962976	1
4	88064	133.11954784	1
4	88075	133.1195888	1
4	88080	133.11962976	1
4	88136	133.21954784	1
4	88147	133.2195888	1
4	88152	133.21962976	1
4	88208	133.31954784	1
4	88219	133.3195888	1
4	88224	133.31962976	1
4	88280	133.41954784	1
4	88291	133.4195888	1
4	88296	133.41962976	1
4	88352	133.51954784	1
4	88363	133.5195888	1
4	88368	133.51962976	1
4	88424	133.61954784	1
4	88435	133.6195888	1
4	88440	133.61962976	1
4	88496	133.71954784	1
4	88507	133.7195888	1
4	88512	133.71962976	1
4	88568	133.81954784	1
4	88579	133.8195888	1
4	88584	133.81962976	1
4	88640	133.91954784	1
4	88651	133.9195888	1
4	88656	133.91962976	1
4	88712	134.01954784	1
4	88723	134.0195888	1
4	88728	134.01962976	1
4	88784	134.11954784	1
4	88795	134.1195888	1
4	88800	134.11962976	1
4	88856	134.21954784	1
4	88867	134.2195888	1
4	88872	134.21962976	1
4	88928	134.31954784	1
4	88939	134.3195888	1
4	88944	134.31962976	1
4	89000	134.41954784	1
4	89011	134.4195888	1
4	89016	134.41962976	1
4	89072	134.51954784	1
4	89083	134.5195888	1
4	89088	134.51962976	1
4	89144	134.61954784	1
4	89155	134.6195888	1
4	89160	134.61962976	1
4	89216	134.71954784	1
4	89227	134.7195888	1
4	89232	134.71962976	1
4	89288	134.81954784	1
4	89299	134.8195888	1
4	89304	134.81962976	1
4	89360	134.91954784	1
4	89371	134.9195888	1
4	89376	134.91962976	1
4	89432	135.01954784	1
4	89443	135.0195888	1
4	89448	135.01962976	1
4	89504	135.11954784	1
4	89515	135.1195888	1
4	89520	135.11962976	1
4	89576	135.21954784	1
4	89587	135.2195888	1
4	89592	135.21962976	1
4	89648	135.31954784	1
4	89659	135.3195888	1
4	89664	135.31962976	1
4	89720	135.41954784	1
4	89731	135.4195888	1
4	89736	135.41962976	1
4	89792	135.51954784	1
4	89803	135.5195888	1
4	89808	135.51962976	1
4	89864	135.61954784	1
4	89875	135.6195888	1
4	89880	135.61962976	1
4	89936	135.71954784	1
4	89947	135.7195888	1
4	89952	135.71962976	1
4	90008	135.81954784	1
4	90019	135.8195888	1
4	90024	135.81962976	1
4	90080	135.91954784	1
4	90091	135.9195888	1
4	90096	135.91962976	1
4	90152	136.01954784	1
4	90163	136.0195888	1
4	90168	136.01962976	1
4	90224	136.11954784	1
4	90235	136.1195888	1
4	90240	136.11962976	1
4	90296	136.21954784	1
4	90307	136.2195888	1
4	90312	136.21962976	1
4	90368	136.31954784	1
4	90379	136.3195888	1
4	90384	136.31962976	1
4	90440	136.41954784	1
4	90451	136.4195888	1
4	90456	136.41962976	1
4	90512	136.51954784	1
4	90523	136.5195888	1
4	90528	136.51962976	1
4	90584	136.61954784	1
4	90595	136.6195888	1
4	90600	136.61962976	1
4	90656	136.71954784	1
4	90667	136.7195888	1
4	90672	136.71962976	1
4	90728	136.81954784	1
4	90739	136.8195888	1
4	90744	136.81962976	1
4	90800	136.91954784	1
4	90811	136.9195888	1
4	90816	136.91962976	1
4	90872	137.01954784	1
4	90883	137.0195888	1
4	90888	137.01962976	1
4	90944	137.11954784	1
4	90955	137.1195888	1
4	90960	137.11962976	1
4	91016	137.21954784	1
4	91027	137.2195888	1
4	91032	137.21962976	1
4	91088	137.31954784	1
4	91099	137.3195888	1
4	91104	137.31962976	1
4	91160	137.41954784	1
4	91171	137.4195888	1
4	91176	137.41962976	1
4	91232	137.51954784	1
4	91243	137.5195888	1
4	91248	137.51962976	1
4	91304	137.61954784	1
4	91315	137.6195888	1
4	91320	137.61962976	1
4	91376	137.71954784	1
4	91387	137.7195888	1
4	91392	137.71962976	1
4	91448	137.81954784	1
4	91459	137.8195888	1
4	91464	137.81962976	1
4	91520	137.91954784	1
4	91531	137.9195888	1
4	91536	137.91962976	1
4	91592	138.01954784	1
4	91603	138.0195888	1
4	91608	138.01962976	1
4	91664	138.11954784	1
4	91675	138.1195888	1
4	91680	138.11962976	1
4	91736	138.21954784	1
4	91747	138.2195888	1
4	91752	138.21962976	1
4	91808	138.31954784	1
4	91819	138.3195888	1
4	91824	138.31962976	1
4	91880	138.41954784	1
4	91891	138.4195888	1
4	91896	138.41962976	1
4	91952	138.51954784	1
4	91963	138.5195888	1
4	91968	138.51962976	1
4	92024	138.61954784	1
4	92035	138.6195888	1
4	92040	138.61962976	1
4	92096	138.71954784	1
4	92107	138.7195888	1
4	92112	138.71962976	1
4	92168	138.81954784	1
4	92179	138.8195888	1
4	92184	138.81962976	1
4	92240	138.91954784	1
4	92251	138.9195888	1
4	92256	138.91962976	1
4	92312	139.01954784	1
4	92323	139.0195888	1
4	92328	139.01962976	1
4	92384	139.11954784	1
4	92395	139.1195888	1
4	92400	139.11962976	1
4	92456	139.21954784	1
4	92467	139.2195888	1
4	92472	139.21962976	1
4	92528	139.31954784	1
4	92539	139.3195888	1
4	92544	139.31962976	1
4	92600	139.41954784	1
4	92611	139.4195888	1
4	92616	139.41962976	1
4	92672	139.51954784	1
4	92683	139.5195888	1
4	92688	139.51962976	1
4	92744	139.61954784	1
4	92755	139.6195888	1
4	92760	139.61962976	1
4	92816	139.71954784	1
4	92827	139.7195888	1
4	92832	139.71962976	1
4	92888	139.81954784	1
4	92899	139.8195888	1
4	92904	139.81962976	1
4	92960	139.91954784	1
4	92971	139.9195888	1
4	92976	139.91962976	1
4	93032	140.01954784	1
4	93043	140.0195888	1
4	93048	140.01962976	1
4	93104	140.11954784	1
4	93115	140.1195888	1
4	93120	140.11962976	1
4	93176	140.21954784	1
4	93187	140.2195888	1
4	93192	140.21962976	1
4	93248	140.31954784	1
4	93259	140.3195888	1
4	93264	140.31962976	1
4	93320	140.41954784	1
4	93331	140.4195888	1
4	93336	140.41962976	1
4	93392	140.51954784	1
4	93403	140.5195888	1
4	93408	140.51962976	1
4	93464	140.61954784	1
4	93475	140.6195888	1
4	93480	140.61962976	1
4	93536	140.71954784	1
4	93547	140.7195888	1
4	93552	140.71962976	1
4	93608	140.81954784	1
4	93619	140.8195888	1
4	93624	140.81962976	1
4	93680	140.91954784	1
4	93691	140.9195888	1
4	93696	140.91962976	1
4	93752	141.01954784	1
4	93763	141.0195888	1
4	93768	141.01962976	1
4	93824	141.11954784	1
4	93835	141.1195888	1
4	93840	141.11962976	1
4	93896	141.21954784	1
4	93907	141.2195888	1
4	93912	141.21962976	1
4	93968	141.31954784	1
4	93979	141.3195888	1
4	93984	141.31962976	1
4	94040	141.41954784	1
4	94051	141.4195888	1
4	94056	141.41962976	1
4	94112	141.51954784	1
4	94123	141.5195888	1
4	94128	141.51962976	1
4	94184	141.61954784	1
4	94195	141.6195888	1
4	94200	141.61962976	1
4	94256	141.71954784	1
4	94267	141.7195888	1
4	94272	141.71962976	1
4	94328	141.81954784	1
4	94339	141.8195888	1
4	94344	141.81962976	1
4	94400	141.91954784	1
4	94411	141.9195888	1
4	94416	141.91962976	1
4	94472	142.01954784	1
4	94483	142.0195888	1
4	94488	142.01962976	1
4	94544	142.11954784	1
4	94555	142.1195888	1
4	94560	142.11962976	1
4	94616	142.21954784	1
4	94627	142.2195888	1
4	94632	142.21962976	1
4	94688	142.31954784	1
4	94699	142.3195888	1
4	94704	142.31962976	1
4	94760	142.41954784	1
4	94771	142.4195888	1
4	94776	142.41962976	1
4	94832	142.51954784	1
4	94843	142.5195888	1
4	94848	142.51962976	1
4	94904	142.61954784	1
4	94915	142.6195888	1
4	94920	142.61962976	1
4	94976	142.71954784	1
4	94987	142.7195888	1
4	94992	142.71962976	1
4	95048	142.81954784	1
4	95059	142.8195888	1
4	95064	142.81962976	1
4	95120	142.91954784	1
4	95131	142.9195888	1
4	95136	142.91962976	1
4	95192	143.01954784	1
4	95203	143.0195888	1
4	95208	143.01962976	1
4	95264	143.11954784	1
4	95275	143.1195888	1
4	95280	143.11962976	1
4	95336	143.21954784	1
4	95347	143.2195888	1
4	95352	143.21962976	1
4	95408	143.31954784	1
4	95419	143.3195888	1
4	95424	143.31962976	1
4	95480	143.41954784	1
4	95491	143.4195888	1
4	95496	143.41962976	1
4	95552	143.51954784	1
4	95563	143.5195888	1
4	95568	143.51962976	1
4	95624	143.61954784	1
4	95635	143.6195888	1
4	95640	143.61962976	1
4	95696	143.71954784	1
4	95707	143.7195888	1
4	95712	143.71962976	1
4	95768	143.81954784	1
4	95779	143.8195888	1
4	95784	143.81962976	1
4	95840	143.91954784	1
4	95851	143.9195888	1
4	95856	143.91962976	1
4	95912	144.01954784	1
4	95923	144.0195888	1
4	95928	144.01962976	1
4	95984	144.11954784	1
4	95995	144.1195888	1
4	96000	144.11962976	1
4	96056	144.21954784	1
4	96067	144.2195888	1
4	96072	144.21962976	1
4	96128	144.31954784	1
4	96139	144.3195888	1
4	96144	144.31962976	1
4	96200	144.41954784	1
4	96211	144.4195888	1
4	96216	144.41962976	1
4	96272	144.51954784	1
4	96283	144.5195888	1
4	96288	144.51962976	1
4	96344	144.61954784	1
4	96355	144.6195888	1
4	96360	144.61962976	1
4	96416	144.71954784	1
4	96427	144.7195888	1
4	96432	144.71962976	1
4	96488	144.81954784	1
4	96499	144.8195888	1
4	96504	144.81962976	1
4	96560	144.91954784	1
4	96571	144.9195888	1
4	96576	144.91962976	1
4	96632	145.01954784	1
4	96643	145.0195888	1
4	96648	145.01962976	1
4	96704	145.11954784	1
4	96715	145.1195888	1
4	96720	145.11962976	1
4	96776	145.21954784	1
4	96787	145.2195888	1
4	96792	145.21962976	1
4	96848	145.31954784	1
4	96859	145.3195888	1
4	96864	145.31962976	1
4	96920	145.41954784	1
4	96931	145.4195888	1
4	96936	145.41962976	1
4	96992	145.51954784	1
4	97003	145.5195888	1
4	97008	145.51962976	1
4	97064	145.61954784	1
4	97075	145.6195888	1
4	97080	145.61962976	1
4	97136	145.71954784	1
4	97147	145.7195888	1
4	97152	145.71962976	1
4	97208	145.81954784	1
4	97219	145.8195888	1
4	97224	145.81962976	1
4	97280	145.91954784	1
4	97291	145.9195888	1
4	97296	145.91962976	1
4	97352	146.01954784	1
4	97363	146.0195888	1
4	97368	146.01962976	1
4	97424	146.11954784	1
4	97435	146.1195888	1
4	97440	146.11962976	1
4	97496	146.21954784	1
4	97507	146.2195888	1
4	97512	146.21962976	1
4	97568	146.31954784	1
4	97579	146.3195888	1
4	97584	146.31962976	1
4	97640	146.41954784	1
4	97651	146.4195888	1
4	97656	146.41962976	1
4	97712	146.51954784	1
4	97723	146.5195888	1
4	97728	146.51962976	1
4	97784	146.61954784	1
4	97795	146.6195888	1
4	97800	146.61962976	1
4	97856	146.71954784	1
4	97867	146.7195888	1
4	97872	146.71962976	1
4	97928	146.81954784	1
4	97939	146.8195888	1
4	97944	146.81962976	1
4	98000	146.91954784	1
4	98011	146.9195888	1
4	98016	146.91962976	1
4	98072	147.01954784	1
4	98083	147.0195888	1
4	98088	147.01962976	1
4	98144	147.11954784	1
4	98155	147.1195888	1
4	98160	147.11962976	1
4	98216	147.21954784	1
4	98227	147.2195888	1
4	98232	147.21962976	1
4	98288	147.31954784	1
4	98299	147.3195888	1
4	98304	147.31962976	1
4	98360	147.41954784	1
4	98371	147.4195888	1
4	98376	147.41962976	1
4	98432	147.51954784	1
4	98443	147.5195888	1
4	98448	147.51962976	1
4	98504	147.61954784	1
4	98515	147.6195888	1
4	98520	147.61962976	1
4	98576	147.71954784	1
4	98587	147.7195888	1
4	98592	147.71962976	1
4	98648	147.81954784	1
4	98659	147.8195888	1
4	98664	147.81962976	1
4	98720	147.91954784	1
4	98731	147.9195888	1
4	98736	147.91962976	1
4	98792	148.01954784	1
4	98803	148.0195888	1
4	98808	148.01962976	1
4	98864	148.11954784	1
4	98875	148.1195888	1
4	98880	148.11962976	1
4	98936	148.21954784	1
4	98947	148.2195888	1
4	98952	148.21962976	1
4	99008	148.31954784	1
4	99019	148.3195888	1
4	99024	148.31962976	1
4	99080	148.41954784	1
4	99091	148.4195888	1
4	99096	148.41962976	1
4	99152	148.51954784	1
4	99163	148.5195888	1
4	99168	148.51962976	1
4	99224	148.61954784	1
4	99235	148.6195888	1
4	99240	148.61962976	1
4	99296	148.71954784	1
4	99307	148.7195888	1
4	99312	148.71962976	1
4	99368	148.81954784	1
4	99379	148.8195888	1
4	99384	148.81962976	1
4	99440	148.91954784	1
4	99451	148.9195888	1
4	99456	148.91962976	1
4	99512	149.01954784	1
4	99523	149.0195888	1
4	99528	149.01962976	1
4	99584	149.11954784	1
4	99595	149.1195888	1
4	99600	149.11962976	1
4	99656	149.21954784	1
4	99667	149.2195888	1
4	99672	149.21962976	1
4	99728	149.31954784	1
4	99739	149.3195888	1
4	99744	149.31962976	1
4	99800	149.41954784	1
4	99811	149.4195888	1
4	99816	149.41962976	1
4	99872	149.51954784	1
4	99883	149.5195888	1
4	99888	149.51962976	1
4	99944	149.61954784	1
4	99955	149.6195888	1
4	99960	149.61962976	1
4	100016	149.71954784	1
4	100027	149.7195888	1
4	100032	149.71962976	1
4	100088	149.81954784	1
4	100099	149.8195888	1
4	100104	149.81962976	1
4	100160	149.91954784	1
4	100171	149.9195888	1
4	100176	149.91962976	1
4	100232	150.01954784	1
4	100243	150.0195888	1
4	100248	150.01962976	1
4	100304	150.11954784	1
4	100315	150.1195888	1
4	100320	150.11962976	1
4	100376	150.21954784	1
4	100387	150.2195888	1
4	100392	150.21962976	1
4	100448	150.31954784	1
4	100459	150.3195888	1
4	100464	150.31962976	1
4	100520	150.41954784	1
4	100531	150.4195888	1
4	100536	150.41962976	1
4	100592	150.51954784	1
4	100603	150.5195888	1
4	100608	150.51962976	1
4	100664	150.61954784	1
4	100675	150.6195888	1
4	100680	150.61962976	1
4	100736	150.71954784	1
4	100747	150.7195888	1
4	100752	150.71962976	1
4	100808	150.81954784	1
4	100819	150.8195888	1
4	100824	150.81962976	1
4	100880	150.91954784	1
4	100891	150.9195888	1
4	100896	150.91962976	1
4	100952	151.01954784	1
4	100963	151.0195888	1
4	100968	151.01962976	1
4	101024	151.11954784	1
4	101035	151.1195888	1
4	101040	151.11962976	1
4	101096	151.21954784	1
4	101107	151.2195888	1
4	101112	151.21962976	1
4	101168	151.31954784	1
4	101179	151.3195888	1
4	101184	151.31962976	1
4	101240	151.41954784	1
4	101251	151.4195888	1
4	101256	151.41962976	1
4	101312	151.51954784	1
4	101323	151.5195888	1
4	101328	151.51962976	1
4	101384	151.61954784	1
4	101395	151.6195888	1
4	101400	151.61962976	1
4	101456	151.71954784	1
4	101467	151.7195888	1
4	101472	151.71962976	1
4	101528	151.81954784	1
4	101539	151.8195888	1
4	101544	151.81962976	1
4	101600	151.91954784	1
4	101611	151.9195888	1
4	101616	151.91962976	1
4	101672	152.01954784	1
4	101683	152.0195888	1
4	101688	152.01962976	1
4	101744	152.11954784	1
4	101755	152.1195888	1
4	101760	152.11962976	1
4	101816	152.21954784	1
4	101827	152.2195888	1
4	101832	152.21962976	1
4	101888	152.31954784	1
4	101899	152.3195888	1
4	101904	152.31962976	1
4	101960	152.41954784	1
4	101971	152.4195888	1
4	101976	152.41962976	1
4	102032	152.51954784	1
4	102043	152.5195888	1
4	102048	152.51962976	1
4	102104	152.61954784	1
4	102115	152.6195888	1
4	102120	152.61962976	1
4	102176	152.71954784	1
4	102187	152.7195888	1
4	102192	152.71962976	1
4	102248	152.81954784	1
4	102259	152.8195888	1
4	102264	152.81962976	1
4	102320	152.91954784	1
4	102331	152.9195888	1
4	102336	152.91962976	1
4	102392	153.01954784	1
4	102403	153.0195888	1
4	102408	153.01962976	1
4	102464	153.11954784	1
4	102475	153.1195888	1
4	102480	153.11962976	1
4	102536	153.21954784	1
4	102547	153.2195888	1
4	102552	153.21962976	1
4	102608	153.31954784	1
4	102619	153.3195888	1
4	102624	153.31962976	1
4	102680	153.41954784	1
4	102691	153.4195888	1
4	102696	153.41962976	1
4	102752	153.51954784	1
4	102763	153.5195888	1
4	102768	153.51962976	1
4	102824	153.61954784	1
4	102835	153.6195888	1
4	102840	153.61962976	1
4	102896	153.71954784	1
4	102907	153.7195888	1
4	102912	153.71962976	1
4	102968	153.81954784	1
4	102979	153.8195888	1
4	102984	153.81962976	1
4	103040	153.91954784	1
4	103051	153.9195888	1
4	103056	153.91962976	1
4	103112	154.01954784	1
4	103123	154.0195888	1
4	103128	154.01962976	1
4	103184	154.11954784	1
4	103195	154.1195888	1
4	103200	154.11962976	1
4	103256	154.21954784	1
4	103267	154.2195888	1
4	103272	154.21962976	1
4	103328	154.31954784	1
4	103339	154.3195888	1
4	103344	154.31962976	1
4	103400	154.41954784	1
4	103411	154.4195888	1
4	103416	154.41962976	1
4	103472	154.51954784	1
4	103483	154.5195888	1
4	103488	154.51962976	1
4	103544	154.61954784	1
4	103555	154.6195888	1
4	103560	154.61962976	1
4	103616	154.71954784	1
4	103627	154.7195888	1
4	103632	154.71962976	1
4	103688	154.81954784	1
4	103699	154.8195888	1
4	103704	154.81962976	1
4	103760	154.91954784	1
4	103771	154.9195888	1
4	103776	154.91962976	1
4	103832	155.01954784	1
4	103843	155.0195888	1
4	103848	155.01962976	1
4	103904	155.11954784	1
4	103915	155.1195888	1
4	103920	155.11962976	1
4	103976	155.21954784	1
4	103987	155.2195888	1
4	103992	155.21962976	1
4	104048	155.31954784	1
4	104059	155.3195888	1
4	104064	155.31962976	1
4	104120	155.41954784	1
4	104131	155.4195888	1
4	104136	155.41962976	1
4	104192	155.51954784	1
4	104203	155.5195888	1
4	104208	155.51962976	1
4	104264	155.61954784	1
4	104275	155.6195888	1
4	104280	155.61962976	1
4	104336	155.71954784	1
4	104347	155.7195888	1
4	104352	155.71962976	1
4	104408	155.81954784	1
4	104419	155.8195888	1
4	104424	155.81962976	1
4	104480	155.91954784	1
4	104491	155.9195888	1
4	104496	155.91962976	1
4	104552	156.01954784	1
4	104563	156.0195888	1
4	104568	156.01962976	1
4	104624	156.11954784	1
4	104635	156.1195888	1
4	104640	156.11962976	1
4	104696	156.21954784	1
4	104707	156.2195888	1
4	104712	156.21962976	1
4	104768	156.31954784	1
4	104779	156.3195888	1
4	104784	156.31962976	1
4	104840	156.41954784	1
4	104851	156.4195888	1
4	104856	156.41962976	1
4	104912	156.51954784	1
4	104923	156.5195888	1
4	104928	156.51962976	1
4	104984	156.61954784	1
4	104995	156.6195888	1
4	105000	156.61962976	1
4	105056	156.71954784	1
4	105067	156.7195888	1
4	105072	156.71962976	1
4	105128	156.81954784	1
4	105139	156.8195888	1
4	105144	156.81962976	1
4	105200	156.91954784	1
4	105211	156.9195888	1
4	105216	156.91962976	1
4	105272	157.01954784	1
4	105283	157.0195888	1
4	105288	157.01962976	1
4	105344	157.11954784	1
4	105355	157.1195888	1
4	105360	157.11962976	1
4	105416	157.21954784	1
4	105427	157.2195888	1
4	105432	157.21962976	1
4	105488	157.31954784	1
4	105499	157.3195888	1
4	105504	157.31962976	1
4	105560	157.41954784	1
4	105571	157.4195888	1
4	105576	157.41962976	1
4	105632	157.51954784	1
4	105643	157.5195888	1
4	105648	157.51962976	1
4	105704	157.61954784	1
4	105715	157.6195888	1
4	105720	157.61962976	1
4	105776	157.71954784	1
4	105787	157.7195888	1
4	105792	157.71962976	1
4	105848	157.81954784	1
4	105859	157.8195888	1
4	105864	157.81962976	1
4	105920	157.91954784	1
4	105931	157.9195888	1
4	105936	157.91962976	1
4	105992	158.01954784	1
4	106003	158.0195888	1
4	106008	158.01962976	1
4	106064	158.11954784	1
4	106075	158.1195888	1
4	106080	158.11962976	1
4	106136	158.21954784	1
4	106147	158.2195888	1
4	106152	158.21962976	1
4	106208	158.31954784	1
4	106219	158.3195888	1
4	106224	158.31962976	1
4	106280	158.41954784	1
4	106291	158.4195888	1
4	106296	158.41962976	1
4	106352	158.51954784	1
4	106363	158.5195888	1
4	106368	158.51962976	1
4	106424	158.61954784	1
4	106435	158.6195888	1
4	106440	158.61962976	1
4	106496	158.71954784	1
4	106507	158.7195888	1
4	106512	158.71962976	1
4	106568	158.81954784	1
4	106579	158.8195888	1
4	106584	158.81962976	1
4	106640	158.91954784	1
4	106651	158.9195888	1
4	106656	158.91962976	1
4	106712	159.01954784	1
4	106723	159.0195888	1
4	106728	159.01962976	1
4	106784	159.11954784	1
4	106795	159.1195888	1
4	106800	159.11962976	1
4	106856	159.21954784	1
4	106867	159.2195888	1
4	106872	159.21962976	1
4	106928	159.31954784	1
4	106939	159.3195888	1
4	106944	159.31962976	1
4	107000	159.41954784	1
4	107011	159.4195888	1
4	107016	159.41962976	1
4	107072	159.51954784	1
4	107083	159.5195888	1
4	107088	159.51962976	1
4	107144	159.61954784	1
4	107155	159.6195888	1
4	107160	159.61962976	1
4	107216	159.71954784	1
4	107227	159.7195888	1
4	107232	159.71962976	1
4	107288	159.81954784	1
4	107299	159.8195888	1
4	107304	159.81962976	1
4	107360	159.91954784	1
4	107371	159.9195888	1
4	107376	159.91962976	1
4	107432	160.01954784	1
4	107443	160.0195888	1
4	107448	160.01962976	1
4	107504	160.11954784	1
4	107515	160.1195888	1
4	107520	160.11962976	1
4	107576	160.21954784	1
4	107587	160.2195888	1
4	107592	160.21962976	1
4	107648	160.31954784	1
4	107659	160.3195888	1
4	107664	160.31962976	1
4	107720	160.41954784	1
4	107731	160.4195888	1
4	107736	160.41962976	1
4	107792	160.51954784	1
4	107803	160.5195888	1
4	107808	160.51962976	1
4	107864	160.61954784	1
4	107875	160.6195888	1
4	107880	160.61962976	1
4	107936	160.71954784	1
4	107947	160.7195888	1
4	107952	160.71962976	1
4	108008	160.81954784	1
4	108019	160.8195888	1
4	108024	160.81962976	1
4	108080	160.91954784	1
4	108091	160.9195888	1
4	108096	160.91962976	1
4	108152	161.01954784	1
4	108163	161.0195888	1
4	108168	161.01962976	1
4	108224	161.11954784	1
4	108235	161.1195888	1
4	108240	161.11962976	1
4	108296	161.21954784	1
4	108307	161.2195888	1
4	108312	161.21962976	1
4	108368	161.31954784	1
4	108379	161.3195888	1
4	108384	161.31962976	1
4	108440	161.41954784	1
4	108451	161.4195888	1
4	108456	161.41962976	1
4	108512	161.51954784	1
4	108523	161.5195888	1
4	108528	161.51962976	1
4	108584	161.61954784	1
4	108595	161.6195888	1
4	108600	161.61962976	1
4	108656	161.71954784	1
4	108667	161.7195888	1
4	108672	161.71962976	1
4	108728	161.81954784	1
4	108739	161.8195888	1
4	108744	161.81962976	1
4	108800	161.91954784	1
4	108811	161.9195888	1
4	108816	161.91962976	1
4	108872	162.01954784	1
4	108883	162.0195888	1
4	108888	162.01962976	1
4	108944	162.11954784	1
4	108955	162.1195888	1
4	108960	162.11962976	1
4	109016	162.21954784	1
4	109027	162.2195888	1
4	109032	162.21962976	1
4	109088	162.31954784	1
4	109099	162.3195888	1
4	109104	162.31962976	1
4	109160	162.41954784	1
4	109171	162.4195888	1
4	109176	162.41962976	1
4	109232	162.51954784	1
4	109243	162.5195888	1
4	109248	162.51962976	1
4	109304	162.61954784	1
4	109315	162.6195888	1
4	109320	162.61962976	1
4	109376	162.71954784	1
4	109387	162.7195888	1
4	109392	162.71962976	1
4	109448	162.81954784	1
4	109459	162.8195888	1
4	109464	162.81962976	1
4	109520	162.91954784	1
4	109531	162.9195888	1
4	109536	162.91962976	1
4	109592	163.01954784	1
4	109603	163.0195888	1
4	109608	163.01962976	1
4	109664	163.11954784	1
4	109675	163.1195888	1
4	109680	163.11962976	1
4	109736	163.21954784	1
4	109747	163.2195888	1
4	109752	163.21962976	1
4	109808	163.31954784	1
4	109819	163.3195888	1
4	109824	163.31962976	1
4	109880	163.41954784	1
4	109891	163.4195888	1
4	109896	163.41962976	1
4	109952	163.51954784	1
4	109963	163.5195888	1
4	109968	163.51962976	1
4	110024	163.61954784	1
4	110035	163.6195888	1
4	110040	163.61962976	1
4	110096	163.71954784	1
4	110107	163.7195888	1
4	110112	163.71962976	1
4	110168	163.81954784	1
4	110179	163.8195888	1
4	110184	163.81962976	1
4	110240	163.91954784	1
4	110251	163.9195888	1
4	110256	163.91962976	1
4	110312	164.01954784	1
4	110323	164.0195888	1
4	110328	164.01962976	1
4	110384	164.11954784	1
4	110395	164.1195888	1
4	110400	164.11962976	1
4	110456	164.21954784	1
4	110467	164.2195888	1
4	110472	164.21962976	1
4	110528	164.31954784	1
4	110539	164.3195888	1
4	110544	164.31962976	1
4	110600	164.41954784	1
4	110611	164.4195888	1
4	110616	164.41962976	1
4	110672	164.51954784	1
4	110683	164.5195888	1
4	110688	164.51962976	1
4	110744	164.61954784	1
4	110755	164.6195888	1
4	110760	164.61962976	1
4	110816	164.71954784	1
4	110827	164.7195888	1
4	110832	164.71962976	1
4	110888	164.81954784	1
4	110899	164.8195888	1
4	110904	164.81962976	1
4	110960	164.91954784	1
4	110971	164.9195888	1
4	110976	164.91962976	1
4	111032	165.01954784	1
4	111043	165.0195888	1
4	111048	165.01962976	1
4	111104	165.11954784	1
4	111115	165.1195888	1
4	111120	165.11962976	1
4	111176	165.21954784	1
4	111187	165.2195888	1
4	111192	165.21962976	1
4	111248	165.31954784	1
4	111259	165.3195888	1
4	111264	165.31962976	1
4	111320	165.41954784	1
4	111331	165.4195888	1
4	111336	165.41962976	1
4	111392	165.51954784	1
4	111403	165.5195888	1
4	111408	165.51962976	1
4	111464	165.61954784	1
4	111475	165.6195888	1
4	111480	165.61962976	1
4	111536	165.71954784	1
4	111547	165.7195888	1
4	111552	165.71962976	1
4	111608	165.81954784	1
4	111619	165.8195888	1
4	111624	165.81962976	1
4	111680	165.91954784	1
4	111691	165.9195888	1
4	111696	165.91962976	1
4	111752	166.01954784	1
4	111763	166.0195888	1
4	111768	166.01962976	1
4	111824	166.11954784	1
4	111835	166.1195888	1
4	111840	166.11962976	1
4	111896	166.21954784	1
4	111907	166.2195888	1
4	111912	166.21962976	1
4	111968	166.31954784	1
4	111979	166.3195888	1
4	111984	166.31962976	1
4	112040	166.41954784	1
4	112051	166.4195888	1
4	112056	166.41962976	1
4	112112	166.51954784	1
4	112123	166.5195888	1
4	112128	166.51962976	1
4	112184	166.61954784	1
4	112195	166.6195888	1
4	112200	166.61962976	1
4	112256	166.71954784	1
4	112267	166.7195888	1
4	112272	166.71962976	1
4	112328	166.81954784	1
4	112339	166.8195888	1
4	112344	166.81962976	1
4	112400	166.91954784	1
4	112411	166.9195888	1
4	112416	166.91962976	1
4	112472	167.01954784	1
4	112483	167.0195888	1
4	112488	167.01962976	1
4	112544	167.11954784	1
4	112555	167.1195888	1
4	112560	167.11962976	1
4	112616	167.21954784	1
4	112627	167.2195888	1
4	112632	167.21962976	1
4	112688	167.31954784	1
4	112699	167.3195888	1
4	112704	167.31962976	1
4	112760	167.41954784	1
4	112771	167.4195888	1
4	112776	167.41962976	1
4	112832	167.51954784	1
4	112843	167.5195888	1
4	112848	167.51962976	1
4	112904	167.61954784	1
4	112915	167.6195888	1
4	112920	167.61962976	1
4	112976	167.71954784	1
4	112987	167.7195888	1
4	112992	167.71962976	1
4	113048	167.81954784	1
4	113059	167.8195888	1
4	113064	167.81962976	1
4	113120	167.91954784	1
4	113131	167.9195888	1
4	113136	167.91962976	1
4	113192	168.01954784	1
4	113203	168.0195888	1
4	113208	168.01962976	1
4	113264	168.11954784	1
4	113275	168.1195888	1
4	113280	168.11962976	1
4	113336	168.21954784	1
4	113347	168.2195888	1
4	113352	168.21962976	1
4	113408	168.31954784	1
4	113419	168.3195888	1
4	113424	168.31962976	1
4	113480	168.41954784	1
4	113491	168.4195888	1
4	113496	168.41962976	1
4	113552	168.51954784	1
4	113563	168.5195888	1
4	113568	168.51962976	1
4	113624	168.61954784	1
4	113635	168.6195888	1
4	113640	168.61962976	1
4	113696	168.71954784	1
4	113707	168.7195888	1
4	113712	168.71962976	1
4	113768	168.81954784	1
4	113779	168.8195888	1
4	113784	168.81962976	1
4	113840	168.91954784	1
4	113851	168.9195888	1
4	113856	168.91962976	1
4	113912	169.01954784	1
4	113923	169.0195888	1
4	113928	169.01962976	1
4	113984	169.11954784	1
4	113995	169.1195888	1
4	114000	169.11962976	1
4	114056	169.21954784	1
4	114067	169.2195888	1
4	114072	169.21962976	1
4	114128	169.31954784	1
4	114139	169.3195888	1
4	114144	169.31962976	1
4	114200	169.41954784	1
4	114211	169.4195888	1
4	114216	169.41962976	1
4	114272	169.51954784	1
4	114283	169.5195888	1
4	114288	169.51962976	1
4	114344	169.61954784	1
4	114355	169.6195888	1
4	114360	169.61962976	1
4	114416	169.71954784	1
4	114427	169.7195888	1
4	114432	169.71962976	1
4	114488	169.81954784	1
4	114499	169.8195888	1
4	114504	169.81962976	1
4	114560	169.91954784	1
4	114571	169.9195888	1
4	114576	169.91962976	1
4	114632	170.01954784	1
4	114643	170.0195888	1
4	114648	170.01962976	1
4	114704	170.11954784	1
4	114715	170.1195888	1
4	114720	170.11962976	1
4	114776	170.21954784	1
4	114787	170.2195888	1
4	114792	170.21962976	1
4	114848	170.31954784	1
4	114859	170.3195888	1
4	114864	170.31962976	1
4	114920	170.41954784	1
4	114931	170.4195888	1
4	114936	170.41962976	1
4	114992	170.51954784	1
4	115003	170.5195888	1
4	115008	170.51962976	1
4	115064	170.61954784	1
4	115075	170.6195888	1
4	115080	170.61962976	1
4	115136	170.71954784	1
4	115147	170.7195888	1
4	115152	170.71962976	1
4	115208	170.81954784	1
4	115219	170.8195888	1
4	115224	170.81962976	1
4	115280	170.91954784	1
4	115291	170.9195888	1
4	115296	170.91962976	1
4	115352	171.01954784	1
4	115363	171.0195888	1
4	115368	171.01962976	1
4	115424	171.11954784	1
4	115435	171.1195888	1
4	115440	171.11962976	1
4	115496	171.21954784	1
4	115507	171.2195888	1
4	115512	171.21962976	1
4	115568	171.31954784	1
4	115579	171.3195888	1
4	115584	171.31962976	1
4	115640	171.41954784	1
4	115651	171.4195888	1
4	115656	171.41962976	1
4	115712	171.51954784	1
4	115723	171.5195888	1
4	115728	171.51962976	1
4	115784	171.61954784	1
4	115795	171.6195888	1
4	115800	171.61962976	1
4	115856	171.71954784	1
4	115867	171.7195888	1
4	115872	171.71962976	1
4	115928	171.81954784	1
4	115939	171.8195888	1
4	115944	171.81962976	1
4	116000	171.91954784	1
4	116011	171.9195888	1
4	116016	171.91962976	1
4	116072	172.01954784	1
4	116083	172.0195888	1
4	116088	172.01962976	1
4	116144	172.11954784	1
4	116155	172.1195888	1
4	116160	172.11962976	1
4	116216	172.21954784	1
4	116227	172.2195888	1
4	116232	172.21962976	1
4	116288	172.31954784	1
4	116299	172.3195888	1
4	116304	172.31962976	1
4	116360	172.41954784	1
4	116371	172.4195888	1
4	116376	172.41962976	1
4	116432	172.51954784	1
4	116443	172.5195888	1
4	116448	172.51962976	1
4	116504	172.61954784	1
4	116515	172.6195888	1
4	116520	172.61962976	1
4	116576	172.71954784	1
4	116587	172.7195888	1
4	116592	172.71962976	1
4	116648	172.81954784	1
4	116659	172.8195888	1
4	116664	172.81962976	1
4	116720	172.91954784	1
4	116731	172.9195888	1
4	116736	172.91962976	1
4	116792	173.01954784	1
4	116803	173.0195888	1
4	116808	173.01962976	1
4	116864	173.11954784	1
4	116875	173.1195888	1
4	116880	173.11962976	1
4	116936	173.21954784	1
4	116947	173.2195888	1
4	116952	173.21962976	1
4	117008	173.31954784	1
4	117019	173.3195888	1
4	117024	173.31962976	1
4	117080	173.41954784	1
4	117091	173.4195888	1
4	117096	173.41962976	1
4	117152	173.51954784	1
4	117163	173.5195888	1
4	117168	173.51962976	1
4	117224	173.61954784	1
4	117235	173.6195888	1
4	117240	173.61962976	1
4	117296	173.71954784	1
4	117307	173.7195888	1
4	117312	173.71962976	1
4	117368	173.81954784	1
4	117379	173.8195888	1
4	117384	173.81962976	1
4	117440	173.91954784	1
4	117451	173.9195888	1
4	117456	173.91962976	1
4	117512	174.01954784	1
4	117523	174.0195888	1
4	117528	174.01962976	1
4	117584	174.11954784	1
4	117595	174.1195888	1
4	117600	174.11962976	1
4	117656	174.21954784	1
4	117667	174.2195888	1
4	117672	174.21962976	1
4	117728	174.31954784	1
4	117739	174.3195888	1
4	117744	174.31962976	1
4	117800	174.41954784	1
4	117811	174.4195888	1
4	117816	174.41962976	1
4	117872	174.51954784	1
4	117883	174.5195888	1
4	117888	174.51962976	1
4	117944	174.61954784	1
4	117955	174.6195888	1
4	117960	174.61962976	1
4	118016	174.71954784	1
4	118027	174.7195888	1
4	118032	174.71962976	1
4	118088	174.81954784	1
4	118099	174.8195888	1
4	118104	174.81962976	1
4	118160	174.91954784	1
4	118171	174.9195888	1
4	118176	174.91962976	1

